pair,task,kind,method,tau,scale,window,n,score,actual_budget,budget_std,protocol_version,query_sketch_mode,path,coverage_achieved,coverage_satisfied_layer_ratio,ratio,tau_min,tau_max
pair1_llama31_same,hotpotqa,coverage,B-ReKV,0.9,0.65,16,500,0.362,0.1646531959999999,0.012297693765967135,query_sketch_bf16_v1,bf16,/home/xay/KVMergeComm/snapshots/stage3_core_reviewer_query_sketch/pair1_llama31_same/hotpotqa/coverage/cov_t0.90_s0.65_w16_0712_2324,0.870533678,0.24993541400000066,,,
pair1_llama31_same,hotpotqa,coverage,B-ReKV,0.9,0.65,8,500,0.346,0.16290621399999988,0.014614598115595406,query_sketch_bf16_v1,bf16,/home/xay/KVMergeComm/snapshots/stage3_core_reviewer_query_sketch/pair1_llama31_same/hotpotqa/coverage/cov_t0.90_s0.65_w8_0712_2305,0.8657030960000004,0.20832241200000062,,,
pair1_llama31_same,hotpotqa,coverage,B-ReKV,0.9,0.75,16,500,0.368,0.178185142,0.013318323116033867,query_sketch_bf16_v1,bf16,/home/xay/KVMergeComm/snapshots/stage3_core_reviewer_query_sketch/pair1_llama31_same/hotpotqa/coverage/cov_t0.90_s0.75_w16_0712_2327,0.8793640859999992,0.24993541400000066,,,
pair1_llama31_same,hotpotqa,coverage,B-ReKV,0.9,0.75,8,500,0.37,0.1759753120000001,0.015336583101366034,query_sketch_bf16_v1,bf16,/home/xay/KVMergeComm/snapshots/stage3_core_reviewer_query_sketch/pair1_llama31_same/hotpotqa/coverage/cov_t0.90_s0.75_w8_0712_2307,0.8747596680000004,0.20832241200000062,,,
pair1_llama31_same,hotpotqa,coverage,B-ReKV,0.9,0.85,16,500,0.42,0.1922259900000003,0.014845920451423687,query_sketch_bf16_v1,bf16,/home/xay/KVMergeComm/snapshots/stage3_core_reviewer_query_sketch/pair1_llama31_same/hotpotqa/coverage/cov_t0.90_s0.85_w16_0712_2329,0.8873485720000004,0.24993541400000066,,,
pair1_llama31_same,hotpotqa,coverage,B-ReKV,0.9,0.85,8,500,0.378,0.18962274200000012,0.01632802019273202,query_sketch_bf16_v1,bf16,/home/xay/KVMergeComm/snapshots/stage3_core_reviewer_query_sketch/pair1_llama31_same/hotpotqa/coverage/cov_t0.90_s0.85_w8_0712_2310,0.8831500080000002,0.20832241200000062,,,
pair1_llama31_same,hotpotqa,coverage,B-ReKV,0.95,0.65,16,500,0.534,0.24819838799999988,0.019952310905617034,query_sketch_bf16_v1,bf16,/home/xay/KVMergeComm/snapshots/stage3_core_reviewer_query_sketch/pair1_llama31_same/hotpotqa/coverage/cov_t0.95_s0.65_w16_0712_2332,0.9136965319999999,0.010064496,,,
pair1_llama31_same,hotpotqa,coverage,B-ReKV,0.95,0.65,8,500,0.52,0.24429297600000002,0.01725933075352411,query_sketch_bf16_v1,bf16,/home/xay/KVMergeComm/snapshots/stage3_core_reviewer_query_sketch/pair1_llama31_same/hotpotqa/coverage/cov_t0.95_s0.65_w8_0712_2312,0.9132337380000005,0.004709667999999997,,,
pair1_llama31_same,hotpotqa,coverage,B-ReKV,0.95,0.75,16,500,0.574,0.280022014,0.023777621862176326,query_sketch_bf16_v1,bf16,/home/xay/KVMergeComm/snapshots/stage3_core_reviewer_query_sketch/pair1_llama31_same/hotpotqa/coverage/cov_t0.95_s0.75_w16_0712_2334,0.9249063300000001,0.010064496,,,
pair1_llama31_same,hotpotqa,coverage,B-ReKV,0.95,0.75,8,500,0.56,0.2754482219999999,0.020190071576426823,query_sketch_bf16_v1,bf16,/home/xay/KVMergeComm/snapshots/stage3_core_reviewer_query_sketch/pair1_llama31_same/hotpotqa/coverage/cov_t0.95_s0.75_w8_0712_2314,0.9248027939999994,0.004709667999999997,,,
pair1_llama31_same,hotpotqa,coverage,B-ReKV,0.95,0.85,16,500,0.582,0.31217507799999994,0.02754944127617061,query_sketch_bf16_v1,bf16,/home/xay/KVMergeComm/snapshots/stage3_core_reviewer_query_sketch/pair1_llama31_same/hotpotqa/coverage/cov_t0.95_s0.85_w16_0712_2336,0.9345272199999998,0.010064496,,,
pair1_llama31_same,hotpotqa,coverage,B-ReKV,0.95,0.85,8,500,0.57,0.3069724719999999,0.023094171845113646,query_sketch_bf16_v1,bf16,/home/xay/KVMergeComm/snapshots/stage3_core_reviewer_query_sketch/pair1_llama31_same/hotpotqa/coverage/cov_t0.95_s0.85_w8_0712_2316,0.9345591660000006,0.004709667999999997,,,
pair1_llama31_same,hotpotqa,coverage,B-ReKV,0.98,0.65,16,500,0.666,0.3928264559999999,0.02236505993875698,query_sketch_bf16_v1,bf16,/home/xay/KVMergeComm/snapshots/stage3_core_reviewer_query_sketch/pair1_llama31_same/hotpotqa/coverage/cov_t0.98_s0.65_w16_0712_2338,0.950454426,0.0,,,
pair1_llama31_same,hotpotqa,coverage,B-ReKV,0.98,0.65,8,500,0.654,0.3890641500000004,0.019618962329064155,query_sketch_bf16_v1,bf16,/home/xay/KVMergeComm/snapshots/stage3_core_reviewer_query_sketch/pair1_llama31_same/hotpotqa/coverage/cov_t0.98_s0.65_w8_0712_2318,0.9515832079999994,0.0,,,
pair1_llama31_same,hotpotqa,coverage,B-ReKV,0.98,0.75,16,500,0.69,0.44831528999999976,0.02585876697998862,query_sketch_bf16_v1,bf16,/home/xay/KVMergeComm/snapshots/stage3_core_reviewer_query_sketch/pair1_llama31_same/hotpotqa/coverage/cov_t0.98_s0.75_w16_0712_2340,0.9608108680000007,0.0,,,
pair1_llama31_same,hotpotqa,coverage,B-ReKV,0.98,0.75,8,500,0.7,0.4440840400000001,0.02265676501162476,query_sketch_bf16_v1,bf16,/home/xay/KVMergeComm/snapshots/stage3_core_reviewer_query_sketch/pair1_llama31_same/hotpotqa/coverage/cov_t0.98_s0.75_w8_0712_2320,0.9616651559999997,0.0,,,
pair1_llama31_same,hotpotqa,coverage,B-ReKV,0.98,0.85,16,500,0.686,0.5039214799999996,0.029253876632433697,query_sketch_bf16_v1,bf16,/home/xay/KVMergeComm/snapshots/stage3_core_reviewer_query_sketch/pair1_llama31_same/hotpotqa/coverage/cov_t0.98_s0.85_w16_0712_2341,0.9693874359999999,0.0,,,
pair1_llama31_same,hotpotqa,coverage,B-ReKV,0.98,0.85,8,500,0.704,0.4990563619999995,0.025633563099837355,query_sketch_bf16_v1,bf16,/home/xay/KVMergeComm/snapshots/stage3_core_reviewer_query_sketch/pair1_llama31_same/hotpotqa/coverage/cov_t0.98_s0.85_w8_0712_2322,0.969945624000001,0.0,,,
pair1_llama31_same,hotpotqa,fairness_evict,ValueNorm/Evict,,,,500,0.366,0.17648963400000012,0.0021757624365736253,query_agnostic_kv_v1,bf16,/home/xay/KVMergeComm/snapshots/stage3_core_reviewer_query_sketch/pair1_llama31_same/hotpotqa/fairness_evict/evict_r0.15_0712_2223,nan,nan,0.15,,
pair1_llama31_same,hotpotqa,fairness_evict,ValueNorm/Evict,,,,500,0.446,0.22499850799999954,0.002044124704010761,query_agnostic_kv_v1,bf16,/home/xay/KVMergeComm/snapshots/stage3_core_reviewer_query_sketch/pair1_llama31_same/hotpotqa/fairness_evict/evict_r0.20_0712_2225,nan,nan,0.2,,
pair1_llama31_same,hotpotqa,fairness_evict,ValueNorm/Evict,,,,500,0.522,0.2736553139999998,0.0022039953726378817,query_agnostic_kv_v1,bf16,/home/xay/KVMergeComm/snapshots/stage3_core_reviewer_query_sketch/pair1_llama31_same/hotpotqa/fairness_evict/evict_r0.25_0712_2227,nan,nan,0.25,,
pair1_llama31_same,hotpotqa,fairness_evict,ValueNorm/Evict,,,,500,0.558,0.3219835499999998,0.002114029949825103,query_agnostic_kv_v1,bf16,/home/xay/KVMergeComm/snapshots/stage3_core_reviewer_query_sketch/pair1_llama31_same/hotpotqa/fairness_evict/evict_r0.30_0712_2228,nan,nan,0.3,,
pair1_llama31_same,hotpotqa,fairness_evict,ValueNorm/Evict,,,,500,0.606,0.3703660780000002,0.002187033183151188,query_agnostic_kv_v1,bf16,/home/xay/KVMergeComm/snapshots/stage3_core_reviewer_query_sketch/pair1_llama31_same/hotpotqa/fairness_evict/evict_r0.35_0712_2230,nan,nan,0.35,,
pair1_llama31_same,hotpotqa,fairness_evict,ValueNorm/Evict,,,,500,0.652,0.4186180339999993,0.0020998723266953253,query_agnostic_kv_v1,bf16,/home/xay/KVMergeComm/snapshots/stage3_core_reviewer_query_sketch/pair1_llama31_same/hotpotqa/fairness_evict/evict_r0.40_0712_2231,nan,nan,0.4,,
pair1_llama31_same,hotpotqa,fairness_evict,ValueNorm/Evict,,,,500,0.67,0.5157921900000002,0.0026760725098651738,query_agnostic_kv_v1,bf16,/home/xay/KVMergeComm/snapshots/stage3_core_reviewer_query_sketch/pair1_llama31_same/hotpotqa/fairness_evict/evict_r0.50_0712_2233,nan,nan,0.5,,
pair1_llama31_same,hotpotqa,fairness_random,Random,,,,500,0.152,0.17648963400000012,0.0021757624365736253,query_agnostic_kv_v1,bf16,/home/xay/KVMergeComm/snapshots/stage3_core_reviewer_query_sketch/pair1_llama31_same/hotpotqa/fairness_random/random_r0.15_0712_2234,nan,nan,0.15,,
pair1_llama31_same,hotpotqa,fairness_random,Random,,,,500,0.264,0.22499850799999954,0.002044124704010761,query_agnostic_kv_v1,bf16,/home/xay/KVMergeComm/snapshots/stage3_core_reviewer_query_sketch/pair1_llama31_same/hotpotqa/fairness_random/random_r0.20_0712_2238,nan,nan,0.2,,
pair1_llama31_same,hotpotqa,fairness_random,Random,,,,500,0.358,0.2736553139999998,0.0022039953726378817,query_agnostic_kv_v1,bf16,/home/xay/KVMergeComm/snapshots/stage3_core_reviewer_query_sketch/pair1_llama31_same/hotpotqa/fairness_random/random_r0.25_0712_2241,nan,nan,0.25,,
pair1_llama31_same,hotpotqa,fairness_random,Random,,,,500,0.434,0.3219835499999998,0.002114029949825103,query_agnostic_kv_v1,bf16,/home/xay/KVMergeComm/snapshots/stage3_core_reviewer_query_sketch/pair1_llama31_same/hotpotqa/fairness_random/random_r0.30_0712_2244,nan,nan,0.3,,
pair1_llama31_same,hotpotqa,fairness_random,Random,,,,500,0.526,0.3703660780000002,0.002187033183151188,query_agnostic_kv_v1,bf16,/home/xay/KVMergeComm/snapshots/stage3_core_reviewer_query_sketch/pair1_llama31_same/hotpotqa/fairness_random/random_r0.35_0712_2246,nan,nan,0.35,,
pair1_llama31_same,hotpotqa,fairness_random,Random,,,,500,0.59,0.4186180339999993,0.0020998723266953253,query_agnostic_kv_v1,bf16,/home/xay/KVMergeComm/snapshots/stage3_core_reviewer_query_sketch/pair1_llama31_same/hotpotqa/fairness_random/random_r0.40_0712_2248,nan,nan,0.4,,
pair1_llama31_same,hotpotqa,fairness_random,Random,,,,500,0.642,0.5157921900000002,0.0026760725098651738,query_agnostic_kv_v1,bf16,/home/xay/KVMergeComm/snapshots/stage3_core_reviewer_query_sketch/pair1_llama31_same/hotpotqa/fairness_random/random_r0.50_0712_2250,nan,nan,0.5,,
pair1_llama31_same,hotpotqa,fairness_rekv,ReKV,,,8,500,0.408,0.17648963400000012,0.0021757624365736253,query_sketch_bf16_v1,bf16,/home/xay/KVMergeComm/snapshots/stage3_core_reviewer_query_sketch/pair1_llama31_same/hotpotqa/fairness_rekv/rekv_w8_r0.15_0712_2252,nan,nan,0.15,,
pair1_llama31_same,hotpotqa,fairness_rekv,ReKV,,,8,500,0.526,0.22499850799999954,0.002044124704010761,query_sketch_bf16_v1,bf16,/home/xay/KVMergeComm/snapshots/stage3_core_reviewer_query_sketch/pair1_llama31_same/hotpotqa/fairness_rekv/rekv_w8_r0.20_0712_2254,nan,nan,0.2,,
pair1_llama31_same,hotpotqa,fairness_rekv,ReKV,,,8,500,0.57,0.2736553139999998,0.0022039953726378817,query_sketch_bf16_v1,bf16,/home/xay/KVMergeComm/snapshots/stage3_core_reviewer_query_sketch/pair1_llama31_same/hotpotqa/fairness_rekv/rekv_w8_r0.25_0712_2256,nan,nan,0.25,,
pair1_llama31_same,hotpotqa,fairness_rekv,ReKV,,,8,500,0.63,0.3219835499999998,0.002114029949825103,query_sketch_bf16_v1,bf16,/home/xay/KVMergeComm/snapshots/stage3_core_reviewer_query_sketch/pair1_llama31_same/hotpotqa/fairness_rekv/rekv_w8_r0.30_0712_2258,nan,nan,0.3,,
pair1_llama31_same,hotpotqa,fairness_rekv,ReKV,,,8,500,0.65,0.3703660780000002,0.002187033183151188,query_sketch_bf16_v1,bf16,/home/xay/KVMergeComm/snapshots/stage3_core_reviewer_query_sketch/pair1_llama31_same/hotpotqa/fairness_rekv/rekv_w8_r0.35_0712_2259,nan,nan,0.35,,
pair1_llama31_same,hotpotqa,fairness_rekv,ReKV,,,8,500,0.678,0.4186180339999993,0.0020998723266953253,query_sketch_bf16_v1,bf16,/home/xay/KVMergeComm/snapshots/stage3_core_reviewer_query_sketch/pair1_llama31_same/hotpotqa/fairness_rekv/rekv_w8_r0.40_0712_2301,nan,nan,0.4,,
pair1_llama31_same,hotpotqa,fairness_rekv,ReKV,,,8,500,0.708,0.5157921900000002,0.0026760725098651738,query_sketch_bf16_v1,bf16,/home/xay/KVMergeComm/snapshots/stage3_core_reviewer_query_sketch/pair1_llama31_same/hotpotqa/fairness_rekv/rekv_w8_r0.50_0712_2303,nan,nan,0.5,,
pair1_llama31_same,hotpotqa,strict_coverage,Strict Adaptive,,,8,500,0.27,0.136845314,0.01762404456443021,query_sketch_bf16_v1,bf16,/home/xay/KVMergeComm/snapshots/stage3_core_reviewer_query_sketch/pair1_llama31_same/hotpotqa/strict_coverage/strict_adapt_t0.70-0.90_w8_0712_2343,0.8408345479999999,1.0,,0.7,0.9
pair1_llama31_same,hotpotqa,strict_coverage,Strict Adaptive,,,16,500,0.378,0.17047010799999995,0.01656955808604048,query_sketch_bf16_v1,bf16,/home/xay/KVMergeComm/snapshots/stage3_core_reviewer_query_sketch/pair1_llama31_same/hotpotqa/strict_coverage/strict_adapt_t0.80-0.95_w16_0712_2349,0.8743503939999988,1.0,,0.8,0.95
pair1_llama31_same,hotpotqa,strict_coverage,Strict Adaptive,,,8,500,0.342,0.17189581799999976,0.01878882084811607,query_sketch_bf16_v1,bf16,/home/xay/KVMergeComm/snapshots/stage3_core_reviewer_query_sketch/pair1_llama31_same/hotpotqa/strict_coverage/strict_adapt_t0.80-0.95_w8_0712_2346,0.8722421860000001,1.0,,0.8,0.95
pair1_llama31_same,multifieldqa_en,coverage,B-ReKV,0.9,0.65,16,150,0.4866666666666667,0.21001331999999992,0.025900069014528043,query_sketch_bf16_v1,bf16,/home/xay/KVMergeComm/snapshots/stage3_core_reviewer_query_sketch/pair1_llama31_same/multifieldqa_en/coverage/cov_t0.90_s0.65_w16_0713_0245,0.8552121466666666,0.005806440000000001,,,
pair1_llama31_same,multifieldqa_en,coverage,B-ReKV,0.9,0.65,8,150,0.4866666666666667,0.18227032,0.023524990109853924,query_sketch_bf16_v1,bf16,/home/xay/KVMergeComm/snapshots/stage3_core_reviewer_query_sketch/pair1_llama31_same/multifieldqa_en/coverage/cov_t0.90_s0.65_w8_0713_0224,0.8622985866666663,0.03247305999999996,,,
pair1_llama31_same,multifieldqa_en,coverage,B-ReKV,0.9,0.75,16,150,0.4866666666666667,0.23741894000000008,0.030008292484611867,query_sketch_bf16_v1,bf16,/home/xay/KVMergeComm/snapshots/stage3_core_reviewer_query_sketch/pair1_llama31_same/multifieldqa_en/coverage/cov_t0.90_s0.75_w16_0713_0247,0.8700588400000006,0.005806440000000001,,,
pair1_llama31_same,multifieldqa_en,coverage,B-ReKV,0.9,0.75,8,150,0.44666666666666666,0.20506367333333336,0.02750107528501695,query_sketch_bf16_v1,bf16,/home/xay/KVMergeComm/snapshots/stage3_core_reviewer_query_sketch/pair1_llama31_same/multifieldqa_en/coverage/cov_t0.90_s0.75_w8_0713_0226,0.87485824,0.03247305999999996,,,
pair1_llama31_same,multifieldqa_en,coverage,B-ReKV,0.9,0.85,16,150,0.48,0.26484263999999996,0.034102240176427386,query_sketch_bf16_v1,bf16,/home/xay/KVMergeComm/snapshots/stage3_core_reviewer_query_sketch/pair1_llama31_same/multifieldqa_en/coverage/cov_t0.90_s0.85_w16_0713_0249,0.8831327733333334,0.005806440000000001,,,
pair1_llama31_same,multifieldqa_en,coverage,B-ReKV,0.9,0.85,8,150,0.4666666666666667,0.22792911333333332,0.03143056260016528,query_sketch_bf16_v1,bf16,/home/xay/KVMergeComm/snapshots/stage3_core_reviewer_query_sketch/pair1_llama31_same/multifieldqa_en/coverage/cov_t0.90_s0.85_w8_0713_0228,0.8859728466666669,0.03247305999999996,,,
pair1_llama31_same,multifieldqa_en,coverage,B-ReKV,0.95,0.65,16,150,0.48,0.3254647933333335,0.028629034526099533,query_sketch_bf16_v1,bf16,/home/xay/KVMergeComm/snapshots/stage3_core_reviewer_query_sketch/pair1_llama31_same/multifieldqa_en/coverage/cov_t0.95_s0.65_w16_0713_0251,0.9062577333333335,0.0,,,
pair1_llama31_same,multifieldqa_en,coverage,B-ReKV,0.95,0.65,8,150,0.49333333333333335,0.2948276266666668,0.028672107366794212,query_sketch_bf16_v1,bf16,/home/xay/KVMergeComm/snapshots/stage3_core_reviewer_query_sketch/pair1_llama31_same/multifieldqa_en/coverage/cov_t0.95_s0.65_w8_0713_0230,0.9119372866666666,0.00064516,,,
pair1_llama31_same,multifieldqa_en,coverage,B-ReKV,0.95,0.75,16,150,0.5,0.37072986,0.03303152483563007,query_sketch_bf16_v1,bf16,/home/xay/KVMergeComm/snapshots/stage3_core_reviewer_query_sketch/pair1_llama31_same/multifieldqa_en/coverage/cov_t0.95_s0.75_w16_0713_0254,0.9212231733333333,0.0,,,
pair1_llama31_same,multifieldqa_en,coverage,B-ReKV,0.95,0.75,8,150,0.5,0.33536828,0.033103406742123934,query_sketch_bf16_v1,bf16,/home/xay/KVMergeComm/snapshots/stage3_core_reviewer_query_sketch/pair1_llama31_same/multifieldqa_en/coverage/cov_t0.95_s0.75_w8_0713_0233,0.9249110333333332,0.00064516,,,
pair1_llama31_same,multifieldqa_en,coverage,B-ReKV,0.95,0.85,16,150,0.5066666666666667,0.41599002666666657,0.037435285655291105,query_sketch_bf16_v1,bf16,/home/xay/KVMergeComm/snapshots/stage3_core_reviewer_query_sketch/pair1_llama31_same/multifieldqa_en/coverage/cov_t0.95_s0.85_w16_0713_0256,0.934029646666667,0.0,,,
pair1_llama31_same,multifieldqa_en,coverage,B-ReKV,0.95,0.85,8,150,0.5,0.3759138866666666,0.03752814233972007,query_sketch_bf16_v1,bf16,/home/xay/KVMergeComm/snapshots/stage3_core_reviewer_query_sketch/pair1_llama31_same/multifieldqa_en/coverage/cov_t0.95_s0.85_w8_0713_0235,0.9360465000000001,0.00064516,,,
pair1_llama31_same,multifieldqa_en,coverage,B-ReKV,0.98,0.65,16,150,0.5066666666666667,0.45117297999999995,0.025506412795035256,query_sketch_bf16_v1,bf16,/home/xay/KVMergeComm/snapshots/stage3_core_reviewer_query_sketch/pair1_llama31_same/multifieldqa_en/coverage/cov_t0.98_s0.65_w16_0713_0258,0.9413279400000003,0.0,,,
pair1_llama31_same,multifieldqa_en,coverage,B-ReKV,0.98,0.65,8,150,0.49333333333333335,0.4259861533333333,0.026478087868607,query_sketch_bf16_v1,bf16,/home/xay/KVMergeComm/snapshots/stage3_core_reviewer_query_sketch/pair1_llama31_same/multifieldqa_en/coverage/cov_t0.98_s0.65_w8_0713_0237,0.946375446666666,0.0,,,
pair1_llama31_same,multifieldqa_en,coverage,B-ReKV,0.98,0.75,16,150,0.5333333333333333,0.5157758000000002,0.02942709549916163,query_sketch_bf16_v1,bf16,/home/xay/KVMergeComm/snapshots/stage3_core_reviewer_query_sketch/pair1_llama31_same/multifieldqa_en/coverage/cov_t0.98_s0.75_w16_0713_0301,0.955222393333333,0.0,,,
pair1_llama31_same,multifieldqa_en,coverage,B-ReKV,0.98,0.75,8,150,0.49333333333333335,0.48671391999999986,0.030549506543872267,query_sketch_bf16_v1,bf16,/home/xay/KVMergeComm/snapshots/stage3_core_reviewer_query_sketch/pair1_llama31_same/multifieldqa_en/coverage/cov_t0.98_s0.75_w8_0713_0240,0.9583977400000006,0.0,,,
pair1_llama31_same,multifieldqa_en,coverage,B-ReKV,0.98,0.85,16,150,0.5333333333333333,0.5803587466666668,0.033327057013740904,query_sketch_bf16_v1,bf16,/home/xay/KVMergeComm/snapshots/stage3_core_reviewer_query_sketch/pair1_llama31_same/multifieldqa_en/coverage/cov_t0.98_s0.85_w16_0713_0303,0.9666342533333337,0.0,,,
pair1_llama31_same,multifieldqa_en,coverage,B-ReKV,0.98,0.85,8,150,0.52,0.5474400866666667,0.03462476985292866,query_sketch_bf16_v1,bf16,/home/xay/KVMergeComm/snapshots/stage3_core_reviewer_query_sketch/pair1_llama31_same/multifieldqa_en/coverage/cov_t0.98_s0.85_w8_0713_0242,0.968310293333333,0.0,,,
pair1_llama31_same,multifieldqa_en,fairness_evict,ValueNorm/Evict,,,,150,0.22666666666666666,0.1765471733333333,6.068443479507745e-05,query_agnostic_kv_v1,bf16,/home/xay/KVMergeComm/snapshots/stage3_core_reviewer_query_sketch/pair1_llama31_same/multifieldqa_en/fairness_evict/evict_r0.15_0713_0138,nan,nan,0.15,,
pair1_llama31_same,multifieldqa_en,fairness_evict,ValueNorm/Evict,,,,150,0.2866666666666667,0.22501072666666677,6.158465518223637e-05,query_agnostic_kv_v1,bf16,/home/xay/KVMergeComm/snapshots/stage3_core_reviewer_query_sketch/pair1_llama31_same/multifieldqa_en/fairness_evict/evict_r0.20_0713_0140,nan,nan,0.2,,
pair1_llama31_same,multifieldqa_en,fairness_evict,ValueNorm/Evict,,,,150,0.3,0.2734403933333333,8.347276987713588e-05,query_agnostic_kv_v1,bf16,/home/xay/KVMergeComm/snapshots/stage3_core_reviewer_query_sketch/pair1_llama31_same/multifieldqa_en/fairness_evict/evict_r0.25_0713_0142,nan,nan,0.25,,
pair1_llama31_same,multifieldqa_en,fairness_evict,ValueNorm/Evict,,,,150,0.32666666666666666,0.3218667266666666,7.346486140528555e-05,query_agnostic_kv_v1,bf16,/home/xay/KVMergeComm/snapshots/stage3_core_reviewer_query_sketch/pair1_llama31_same/multifieldqa_en/fairness_evict/evict_r0.30_0713_0144,nan,nan,0.3,,
pair1_llama31_same,multifieldqa_en,fairness_evict,ValueNorm/Evict,,,,150,0.3333333333333333,0.37030424666666656,5.7438375108661466e-05,query_agnostic_kv_v1,bf16,/home/xay/KVMergeComm/snapshots/stage3_core_reviewer_query_sketch/pair1_llama31_same/multifieldqa_en/fairness_evict/evict_r0.35_0713_0146,nan,nan,0.35,,
pair1_llama31_same,multifieldqa_en,fairness_evict,ValueNorm/Evict,,,,150,0.4,0.41876210666666697,7.581991616192154e-05,query_agnostic_kv_v1,bf16,/home/xay/KVMergeComm/snapshots/stage3_core_reviewer_query_sketch/pair1_llama31_same/multifieldqa_en/fairness_evict/evict_r0.40_0713_0148,nan,nan,0.4,,
pair1_llama31_same,multifieldqa_en,fairness_evict,ValueNorm/Evict,,,,150,0.38,0.515613286666667,9.367911363316524e-05,query_agnostic_kv_v1,bf16,/home/xay/KVMergeComm/snapshots/stage3_core_reviewer_query_sketch/pair1_llama31_same/multifieldqa_en/fairness_evict/evict_r0.50_0713_0150,nan,nan,0.5,,
pair1_llama31_same,multifieldqa_en,fairness_random,Random,,,,150,0.24,0.1765471733333333,6.068443479507745e-05,query_agnostic_kv_v1,bf16,/home/xay/KVMergeComm/snapshots/stage3_core_reviewer_query_sketch/pair1_llama31_same/multifieldqa_en/fairness_random/random_r0.15_0713_0152,nan,nan,0.15,,
pair1_llama31_same,multifieldqa_en,fairness_random,Random,,,,150,0.32666666666666666,0.22501072666666677,6.158465518223637e-05,query_agnostic_kv_v1,bf16,/home/xay/KVMergeComm/snapshots/stage3_core_reviewer_query_sketch/pair1_llama31_same/multifieldqa_en/fairness_random/random_r0.20_0713_0154,nan,nan,0.2,,
pair1_llama31_same,multifieldqa_en,fairness_random,Random,,,,150,0.38666666666666666,0.2734403933333333,8.347276987713588e-05,query_agnostic_kv_v1,bf16,/home/xay/KVMergeComm/snapshots/stage3_core_reviewer_query_sketch/pair1_llama31_same/multifieldqa_en/fairness_random/random_r0.25_0713_0156,nan,nan,0.25,,
pair1_llama31_same,multifieldqa_en,fairness_random,Random,,,,150,0.38666666666666666,0.3218667266666666,7.346486140528555e-05,query_agnostic_kv_v1,bf16,/home/xay/KVMergeComm/snapshots/stage3_core_reviewer_query_sketch/pair1_llama31_same/multifieldqa_en/fairness_random/random_r0.30_0713_0159,nan,nan,0.3,,
pair1_llama31_same,multifieldqa_en,fairness_random,Random,,,,150,0.43333333333333335,0.37030424666666656,5.7438375108661466e-05,query_agnostic_kv_v1,bf16,/home/xay/KVMergeComm/snapshots/stage3_core_reviewer_query_sketch/pair1_llama31_same/multifieldqa_en/fairness_random/random_r0.35_0713_0201,nan,nan,0.35,,
pair1_llama31_same,multifieldqa_en,fairness_random,Random,,,,150,0.4666666666666667,0.41876210666666697,7.581991616192154e-05,query_agnostic_kv_v1,bf16,/home/xay/KVMergeComm/snapshots/stage3_core_reviewer_query_sketch/pair1_llama31_same/multifieldqa_en/fairness_random/random_r0.40_0713_0203,nan,nan,0.4,,
pair1_llama31_same,multifieldqa_en,fairness_random,Random,,,,150,0.48,0.515613286666667,9.367911363316524e-05,query_agnostic_kv_v1,bf16,/home/xay/KVMergeComm/snapshots/stage3_core_reviewer_query_sketch/pair1_llama31_same/multifieldqa_en/fairness_random/random_r0.50_0713_0205,nan,nan,0.5,,
pair1_llama31_same,multifieldqa_en,fairness_rekv,ReKV,,,8,150,0.44,0.1765471733333333,6.068443479507745e-05,query_sketch_bf16_v1,bf16,/home/xay/KVMergeComm/snapshots/stage3_core_reviewer_query_sketch/pair1_llama31_same/multifieldqa_en/fairness_rekv/rekv_w8_r0.15_0713_0207,nan,nan,0.15,,
pair1_llama31_same,multifieldqa_en,fairness_rekv,ReKV,,,8,150,0.47333333333333333,0.22501072666666677,6.158465518223637e-05,query_sketch_bf16_v1,bf16,/home/xay/KVMergeComm/snapshots/stage3_core_reviewer_query_sketch/pair1_llama31_same/multifieldqa_en/fairness_rekv/rekv_w8_r0.20_0713_0210,nan,nan,0.2,,
pair1_llama31_same,multifieldqa_en,fairness_rekv,ReKV,,,8,150,0.4866666666666667,0.2734403933333333,8.347276987713588e-05,query_sketch_bf16_v1,bf16,/home/xay/KVMergeComm/snapshots/stage3_core_reviewer_query_sketch/pair1_llama31_same/multifieldqa_en/fairness_rekv/rekv_w8_r0.25_0713_0212,nan,nan,0.25,,
pair1_llama31_same,multifieldqa_en,fairness_rekv,ReKV,,,8,150,0.49333333333333335,0.3218667266666666,7.346486140528555e-05,query_sketch_bf16_v1,bf16,/home/xay/KVMergeComm/snapshots/stage3_core_reviewer_query_sketch/pair1_llama31_same/multifieldqa_en/fairness_rekv/rekv_w8_r0.30_0713_0214,nan,nan,0.3,,
pair1_llama31_same,multifieldqa_en,fairness_rekv,ReKV,,,8,150,0.49333333333333335,0.37030424666666656,5.7438375108661466e-05,query_sketch_bf16_v1,bf16,/home/xay/KVMergeComm/snapshots/stage3_core_reviewer_query_sketch/pair1_llama31_same/multifieldqa_en/fairness_rekv/rekv_w8_r0.35_0713_0217,nan,nan,0.35,,
pair1_llama31_same,multifieldqa_en,fairness_rekv,ReKV,,,8,150,0.5133333333333333,0.41876210666666697,7.581991616192154e-05,query_sketch_bf16_v1,bf16,/home/xay/KVMergeComm/snapshots/stage3_core_reviewer_query_sketch/pair1_llama31_same/multifieldqa_en/fairness_rekv/rekv_w8_r0.40_0713_0219,nan,nan,0.4,,
pair1_llama31_same,multifieldqa_en,fairness_rekv,ReKV,,,8,150,0.5,0.515613286666667,9.367911363316524e-05,query_sketch_bf16_v1,bf16,/home/xay/KVMergeComm/snapshots/stage3_core_reviewer_query_sketch/pair1_llama31_same/multifieldqa_en/fairness_rekv/rekv_w8_r0.50_0713_0221,nan,nan,0.5,,
pair1_llama31_same,multifieldqa_en,strict_coverage,Strict Adaptive,,,8,150,0.3,0.10544676666666664,0.024450355562234405,query_sketch_bf16_v1,bf16,/home/xay/KVMergeComm/snapshots/stage3_core_reviewer_query_sketch/pair1_llama31_same/multifieldqa_en/strict_coverage/strict_adapt_t0.70-0.90_w8_0713_0306,0.7946683133333333,1.0,,0.7,0.9
pair1_llama31_same,multifieldqa_en,strict_coverage,Strict Adaptive,,,16,150,0.4866666666666667,0.24379661333333336,0.04616289551271608,query_sketch_bf16_v1,bf16,/home/xay/KVMergeComm/snapshots/stage3_core_reviewer_query_sketch/pair1_llama31_same/multifieldqa_en/strict_coverage/strict_adapt_t0.80-0.95_w16_0713_0310,0.8726921733333332,1.0,,0.8,0.95
pair1_llama31_same,multifieldqa_en,strict_coverage,Strict Adaptive,,,8,150,0.4666666666666667,0.19772716000000004,0.0400532409083562,query_sketch_bf16_v1,bf16,/home/xay/KVMergeComm/snapshots/stage3_core_reviewer_query_sketch/pair1_llama31_same/multifieldqa_en/strict_coverage/strict_adapt_t0.80-0.95_w8_0713_0308,0.8692536266666667,1.0,,0.8,0.95
pair1_llama31_same,musique,coverage,B-ReKV,0.9,0.65,16,500,0.164,0.1565081660000002,0.015609897299785914,query_sketch_bf16_v1,bf16,/home/xay/KVMergeComm/snapshots/stage3_core_reviewer_query_sketch/pair1_llama31_same/musique/coverage/cov_t0.90_s0.65_w16_0713_0105,0.8687665460000003,0.11896756400000015,,,
pair1_llama31_same,musique,coverage,B-ReKV,0.9,0.65,8,500,0.166,0.13969793000000005,0.012681825775301053,query_sketch_bf16_v1,bf16,/home/xay/KVMergeComm/snapshots/stage3_core_reviewer_query_sketch/pair1_llama31_same/musique/coverage/cov_t0.90_s0.65_w8_0713_0042,0.8726253839999999,0.16787080199999976,,,
pair1_llama31_same,musique,coverage,B-ReKV,0.9,0.75,16,500,0.18,0.17380973600000016,0.01859360191557013,query_sketch_bf16_v1,bf16,/home/xay/KVMergeComm/snapshots/stage3_core_reviewer_query_sketch/pair1_llama31_same/musique/coverage/cov_t0.90_s0.75_w16_0713_0108,0.8786616400000002,0.11896756400000015,,,
pair1_llama31_same,musique,coverage,B-ReKV,0.9,0.75,8,500,0.184,0.15360171800000014,0.01473553473377388,query_sketch_bf16_v1,bf16,/home/xay/KVMergeComm/snapshots/stage3_core_reviewer_query_sketch/pair1_llama31_same/musique/coverage/cov_t0.90_s0.75_w8_0713_0045,0.8814369859999993,0.16787080199999976,,,
pair1_llama31_same,musique,coverage,B-ReKV,0.9,0.85,16,500,0.202,0.19134583800000007,0.021529924480220643,query_sketch_bf16_v1,bf16,/home/xay/KVMergeComm/snapshots/stage3_core_reviewer_query_sketch/pair1_llama31_same/musique/coverage/cov_t0.90_s0.85_w16_0713_0111,0.8875128700000006,0.11896756400000015,,,
pair1_llama31_same,musique,coverage,B-ReKV,0.9,0.85,8,500,0.188,0.16780559000000003,0.0168589022172216,query_sketch_bf16_v1,bf16,/home/xay/KVMergeComm/snapshots/stage3_core_reviewer_query_sketch/pair1_llama31_same/musique/coverage/cov_t0.90_s0.85_w8_0713_0048,0.8893551660000003,0.16787080199999976,,,
pair1_llama31_same,musique,coverage,B-ReKV,0.95,0.65,16,500,0.304,0.2711369560000002,0.025426271034965992,query_sketch_bf16_v1,bf16,/home/xay/KVMergeComm/snapshots/stage3_core_reviewer_query_sketch/pair1_llama31_same/musique/coverage/cov_t0.95_s0.65_w16_0713_0114,0.9166131259999996,0.0036774119999999954,,,
pair1_llama31_same,musique,coverage,B-ReKV,0.95,0.65,8,500,0.29,0.24239159799999996,0.021020187473646625,query_sketch_bf16_v1,bf16,/home/xay/KVMergeComm/snapshots/stage3_core_reviewer_query_sketch/pair1_llama31_same/musique/coverage/cov_t0.95_s0.65_w8_0713_0051,0.9202709700000011,0.011225783999999978,,,
pair1_llama31_same,musique,coverage,B-ReKV,0.95,0.75,16,500,0.318,0.3078873659999998,0.029455612957557945,query_sketch_bf16_v1,bf16,/home/xay/KVMergeComm/snapshots/stage3_core_reviewer_query_sketch/pair1_llama31_same/musique/coverage/cov_t0.95_s0.75_w16_0713_0116,0.9276791080000008,0.0036774119999999954,,,
pair1_llama31_same,musique,coverage,B-ReKV,0.95,0.75,8,500,0.304,0.27454659399999964,0.0243468739807482,query_sketch_bf16_v1,bf16,/home/xay/KVMergeComm/snapshots/stage3_core_reviewer_query_sketch/pair1_llama31_same/musique/coverage/cov_t0.95_s0.75_w8_0713_0053,0.9301430079999992,0.011225783999999978,,,
pair1_llama31_same,musique,coverage,B-ReKV,0.95,0.85,16,500,0.334,0.3446597319999999,0.033488702607668536,query_sketch_bf16_v1,bf16,/home/xay/KVMergeComm/snapshots/stage3_core_reviewer_query_sketch/pair1_llama31_same/musique/coverage/cov_t0.95_s0.85_w16_0713_0119,0.9372206499999998,0.0036774119999999954,,,
pair1_llama31_same,musique,coverage,B-ReKV,0.95,0.85,8,500,0.324,0.30674495200000024,0.027668686933914843,query_sketch_bf16_v1,bf16,/home/xay/KVMergeComm/snapshots/stage3_core_reviewer_query_sketch/pair1_llama31_same/musique/coverage/cov_t0.95_s0.85_w8_0713_0056,0.9385947919999998,0.011225783999999978,,,
pair1_llama31_same,musique,coverage,B-ReKV,0.98,0.65,16,500,0.384,0.4192695080000004,0.026231911320240504,query_sketch_bf16_v1,bf16,/home/xay/KVMergeComm/snapshots/stage3_core_reviewer_query_sketch/pair1_llama31_same/musique/coverage/cov_t0.98_s0.65_w16_0713_0121,0.9499756419999998,0.0,,,
pair1_llama31_same,musique,coverage,B-ReKV,0.98,0.65,8,500,0.37,0.3911312959999999,0.02429622776076958,query_sketch_bf16_v1,bf16,/home/xay/KVMergeComm/snapshots/stage3_core_reviewer_query_sketch/pair1_llama31_same/musique/coverage/cov_t0.98_s0.65_w8_0713_0058,0.9537917319999996,0.0,,,
pair1_llama31_same,musique,coverage,B-ReKV,0.98,0.75,16,500,0.386,0.47894378800000054,0.030252845582171155,query_sketch_bf16_v1,bf16,/home/xay/KVMergeComm/snapshots/stage3_core_reviewer_query_sketch/pair1_llama31_same/musique/coverage/cov_t0.98_s0.75_w16_0713_0123,0.9605644160000006,0.0,,,
pair1_llama31_same,musique,coverage,B-ReKV,0.98,0.75,8,500,0.402,0.44646043800000007,0.028040334046459416,query_sketch_bf16_v1,bf16,/home/xay/KVMergeComm/snapshots/stage3_core_reviewer_query_sketch/pair1_llama31_same/musique/coverage/cov_t0.98_s0.75_w8_0713_0101,0.9630248120000002,0.0,,,
pair1_llama31_same,musique,coverage,B-ReKV,0.98,0.85,16,500,0.42,0.5386201260000005,0.034296004608559645,query_sketch_bf16_v1,bf16,/home/xay/KVMergeComm/snapshots/stage3_core_reviewer_query_sketch/pair1_llama31_same/musique/coverage/cov_t0.98_s0.85_w16_0713_0126,0.9693806720000001,0.0,,,
pair1_llama31_same,musique,coverage,B-ReKV,0.98,0.85,8,500,0.428,0.5018262179999994,0.0317774411942211,query_sketch_bf16_v1,bf16,/home/xay/KVMergeComm/snapshots/stage3_core_reviewer_query_sketch/pair1_llama31_same/musique/coverage/cov_t0.98_s0.85_w8_0713_0103,0.9707132240000005,0.0,,,
pair1_llama31_same,musique,fairness_evict,ValueNorm/Evict,,,,500,0.176,0.17657937200000004,0.0009425887612111245,query_agnostic_kv_v1,bf16,/home/xay/KVMergeComm/snapshots/stage3_core_reviewer_query_sketch/pair1_llama31_same/musique/fairness_evict/evict_r0.15_0712_2351,nan,nan,0.15,,
pair1_llama31_same,musique,fairness_evict,ValueNorm/Evict,,,,500,0.244,0.2250570639999994,0.0009118798965848483,query_agnostic_kv_v1,bf16,/home/xay/KVMergeComm/snapshots/stage3_core_reviewer_query_sketch/pair1_llama31_same/musique/fairness_evict/evict_r0.20_0712_2353,nan,nan,0.2,,
pair1_llama31_same,musique,fairness_evict,ValueNorm/Evict,,,,500,0.28,0.2734137259999997,0.0010354463468468065,query_agnostic_kv_v1,bf16,/home/xay/KVMergeComm/snapshots/stage3_core_reviewer_query_sketch/pair1_llama31_same/musique/fairness_evict/evict_r0.25_0712_2356,nan,nan,0.25,,
pair1_llama31_same,musique,fairness_evict,ValueNorm/Evict,,,,500,0.306,0.32183868800000015,0.0009662537219417743,query_agnostic_kv_v1,bf16,/home/xay/KVMergeComm/snapshots/stage3_core_reviewer_query_sketch/pair1_llama31_same/musique/fairness_evict/evict_r0.30_0712_2357,nan,nan,0.3,,
pair1_llama31_same,musique,fairness_evict,ValueNorm/Evict,,,,500,0.328,0.3703794499999999,0.0009578666946446259,query_agnostic_kv_v1,bf16,/home/xay/KVMergeComm/snapshots/stage3_core_reviewer_query_sketch/pair1_llama31_same/musique/fairness_evict/evict_r0.35_0712_2359,nan,nan,0.35,,
pair1_llama31_same,musique,fairness_evict,ValueNorm/Evict,,,,500,0.37,0.4187544699999994,0.0009478268980977037,query_agnostic_kv_v1,bf16,/home/xay/KVMergeComm/snapshots/stage3_core_reviewer_query_sketch/pair1_llama31_same/musique/fairness_evict/evict_r0.40_0713_0001,nan,nan,0.4,,
pair1_llama31_same,musique,fairness_evict,ValueNorm/Evict,,,,500,0.416,0.515677124,0.001108104073586865,query_agnostic_kv_v1,bf16,/home/xay/KVMergeComm/snapshots/stage3_core_reviewer_query_sketch/pair1_llama31_same/musique/fairness_evict/evict_r0.50_0713_0003,nan,nan,0.5,,
pair1_llama31_same,musique,fairness_random,Random,,,,500,0.06,0.17657937200000004,0.0009425887612111245,query_agnostic_kv_v1,bf16,/home/xay/KVMergeComm/snapshots/stage3_core_reviewer_query_sketch/pair1_llama31_same/musique/fairness_random/random_r0.15_0713_0005,nan,nan,0.15,,
pair1_llama31_same,musique,fairness_random,Random,,,,500,0.086,0.2250570639999994,0.0009118798965848483,query_agnostic_kv_v1,bf16,/home/xay/KVMergeComm/snapshots/stage3_core_reviewer_query_sketch/pair1_llama31_same/musique/fairness_random/random_r0.20_0713_0009,nan,nan,0.2,,
pair1_llama31_same,musique,fairness_random,Random,,,,500,0.144,0.2734137259999997,0.0010354463468468065,query_agnostic_kv_v1,bf16,/home/xay/KVMergeComm/snapshots/stage3_core_reviewer_query_sketch/pair1_llama31_same/musique/fairness_random/random_r0.25_0713_0012,nan,nan,0.25,,
pair1_llama31_same,musique,fairness_random,Random,,,,500,0.17,0.32183868800000015,0.0009662537219417743,query_agnostic_kv_v1,bf16,/home/xay/KVMergeComm/snapshots/stage3_core_reviewer_query_sketch/pair1_llama31_same/musique/fairness_random/random_r0.30_0713_0016,nan,nan,0.3,,
pair1_llama31_same,musique,fairness_random,Random,,,,500,0.216,0.3703794499999999,0.0009578666946446259,query_agnostic_kv_v1,bf16,/home/xay/KVMergeComm/snapshots/stage3_core_reviewer_query_sketch/pair1_llama31_same/musique/fairness_random/random_r0.35_0713_0018,nan,nan,0.35,,
pair1_llama31_same,musique,fairness_random,Random,,,,500,0.252,0.4187544699999994,0.0009478268980977037,query_agnostic_kv_v1,bf16,/home/xay/KVMergeComm/snapshots/stage3_core_reviewer_query_sketch/pair1_llama31_same/musique/fairness_random/random_r0.40_0713_0021,nan,nan,0.4,,
pair1_llama31_same,musique,fairness_random,Random,,,,500,0.334,0.515677124,0.001108104073586865,query_agnostic_kv_v1,bf16,/home/xay/KVMergeComm/snapshots/stage3_core_reviewer_query_sketch/pair1_llama31_same/musique/fairness_random/random_r0.50_0713_0024,nan,nan,0.5,,
pair1_llama31_same,musique,fairness_rekv,ReKV,,,8,500,0.256,0.17657937200000004,0.0009425887612111245,query_sketch_bf16_v1,bf16,/home/xay/KVMergeComm/snapshots/stage3_core_reviewer_query_sketch/pair1_llama31_same/musique/fairness_rekv/rekv_w8_r0.15_0713_0026,nan,nan,0.15,,
pair1_llama31_same,musique,fairness_rekv,ReKV,,,8,500,0.282,0.2250570639999994,0.0009118798965848483,query_sketch_bf16_v1,bf16,/home/xay/KVMergeComm/snapshots/stage3_core_reviewer_query_sketch/pair1_llama31_same/musique/fairness_rekv/rekv_w8_r0.20_0713_0028,nan,nan,0.2,,
pair1_llama31_same,musique,fairness_rekv,ReKV,,,8,500,0.338,0.2734137259999997,0.0010354463468468065,query_sketch_bf16_v1,bf16,/home/xay/KVMergeComm/snapshots/stage3_core_reviewer_query_sketch/pair1_llama31_same/musique/fairness_rekv/rekv_w8_r0.25_0713_0031,nan,nan,0.25,,
pair1_llama31_same,musique,fairness_rekv,ReKV,,,8,500,0.36,0.32183868800000015,0.0009662537219417743,query_sketch_bf16_v1,bf16,/home/xay/KVMergeComm/snapshots/stage3_core_reviewer_query_sketch/pair1_llama31_same/musique/fairness_rekv/rekv_w8_r0.30_0713_0033,nan,nan,0.3,,
pair1_llama31_same,musique,fairness_rekv,ReKV,,,8,500,0.362,0.3703794499999999,0.0009578666946446259,query_sketch_bf16_v1,bf16,/home/xay/KVMergeComm/snapshots/stage3_core_reviewer_query_sketch/pair1_llama31_same/musique/fairness_rekv/rekv_w8_r0.35_0713_0035,nan,nan,0.35,,
pair1_llama31_same,musique,fairness_rekv,ReKV,,,8,500,0.392,0.4187544699999994,0.0009478268980977037,query_sketch_bf16_v1,bf16,/home/xay/KVMergeComm/snapshots/stage3_core_reviewer_query_sketch/pair1_llama31_same/musique/fairness_rekv/rekv_w8_r0.40_0713_0038,nan,nan,0.4,,
pair1_llama31_same,musique,fairness_rekv,ReKV,,,8,500,0.436,0.515677124,0.001108104073586865,query_sketch_bf16_v1,bf16,/home/xay/KVMergeComm/snapshots/stage3_core_reviewer_query_sketch/pair1_llama31_same/musique/fairness_rekv/rekv_w8_r0.50_0713_0040,nan,nan,0.5,,
pair1_llama31_same,musique,strict_coverage,Strict Adaptive,,,8,500,0.068,0.09149366599999996,0.017079206386950777,query_sketch_bf16_v1,bf16,/home/xay/KVMergeComm/snapshots/stage3_core_reviewer_query_sketch/pair1_llama31_same/musique/strict_coverage/strict_adapt_t0.70-0.90_w8_0713_0128,0.8201020080000005,1.0,,0.7,0.9
pair1_llama31_same,musique,strict_coverage,Strict Adaptive,,,16,500,0.148,0.14824126400000018,0.021528967977835933,query_sketch_bf16_v1,bf16,/home/xay/KVMergeComm/snapshots/stage3_core_reviewer_query_sketch/pair1_llama31_same/musique/strict_coverage/strict_adapt_t0.80-0.95_w16_0713_0135,0.8609186400000001,1.0,,0.8,0.95
pair1_llama31_same,musique,strict_coverage,Strict Adaptive,,,8,500,0.13,0.13142781400000006,0.020376094913187537,query_sketch_bf16_v1,bf16,/home/xay/KVMergeComm/snapshots/stage3_core_reviewer_query_sketch/pair1_llama31_same/musique/strict_coverage/strict_adapt_t0.80-0.95_w8_0713_0131,0.8621173879999998,1.0,,0.8,0.95
pair6_llama32_abliterated_deepseek3b,hotpotqa,coverage,B-ReKV,0.9,0.65,16,500,0.308,0.17294251400000016,0.021356050183042867,query_sketch_bf16_v1,bf16,/home/xay/KVMergeComm/snapshots/stage3_core_reviewer_query_sketch/pair6_llama32_abliterated_deepseek3b/hotpotqa/coverage/cov_t0.90_s0.65_w16_0712_2303,0.8919362340000004,0.49533346799999906,,,
pair6_llama32_abliterated_deepseek3b,hotpotqa,coverage,B-ReKV,0.9,0.65,8,500,0.298,0.16937794200000011,0.023748026777192593,query_sketch_bf16_v1,bf16,/home/xay/KVMergeComm/snapshots/stage3_core_reviewer_query_sketch/pair6_llama32_abliterated_deepseek3b/hotpotqa/coverage/cov_t0.90_s0.65_w8_0712_2250,0.8935620019999998,0.5260002299999987,,,
pair6_llama32_abliterated_deepseek3b,hotpotqa,coverage,B-ReKV,0.9,0.75,16,500,0.34,0.183000858,0.021279468291651147,query_sketch_bf16_v1,bf16,/home/xay/KVMergeComm/snapshots/stage3_core_reviewer_query_sketch/pair6_llama32_abliterated_deepseek3b/hotpotqa/coverage/cov_t0.90_s0.75_w16_0712_2304,0.8978777080000009,0.49533346799999906,,,
pair6_llama32_abliterated_deepseek3b,hotpotqa,coverage,B-ReKV,0.9,0.75,8,500,0.318,0.17870181200000002,0.024075819021910916,query_sketch_bf16_v1,bf16,/home/xay/KVMergeComm/snapshots/stage3_core_reviewer_query_sketch/pair6_llama32_abliterated_deepseek3b/hotpotqa/coverage/cov_t0.90_s0.75_w8_0712_2251,0.8997284119999998,0.5260002299999987,,,
pair6_llama32_abliterated_deepseek3b,hotpotqa,coverage,B-ReKV,0.9,0.85,16,500,0.342,0.19357985200000016,0.021557413600438634,query_sketch_bf16_v1,bf16,/home/xay/KVMergeComm/snapshots/stage3_core_reviewer_query_sketch/pair6_llama32_abliterated_deepseek3b/hotpotqa/coverage/cov_t0.90_s0.85_w16_0712_2306,0.9033717739999995,0.49533346799999906,,,
pair6_llama32_abliterated_deepseek3b,hotpotqa,coverage,B-ReKV,0.9,0.85,8,500,0.352,0.18843792600000014,0.024637321566689938,query_sketch_bf16_v1,bf16,/home/xay/KVMergeComm/snapshots/stage3_core_reviewer_query_sketch/pair6_llama32_abliterated_deepseek3b/hotpotqa/coverage/cov_t0.90_s0.85_w8_0712_2253,0.9052325259999996,0.5260002299999987,,,
pair6_llama32_abliterated_deepseek3b,hotpotqa,coverage,B-ReKV,0.95,0.65,16,500,0.472,0.238137374,0.018592636904545094,query_sketch_bf16_v1,bf16,/home/xay/KVMergeComm/snapshots/stage3_core_reviewer_query_sketch/pair6_llama32_abliterated_deepseek3b/hotpotqa/coverage/cov_t0.95_s0.65_w16_0712_2307,0.9219834579999997,0.05881475600000034,,,
pair6_llama32_abliterated_deepseek3b,hotpotqa,coverage,B-ReKV,0.95,0.65,8,500,0.456,0.22860809600000004,0.019366276644438442,query_sketch_bf16_v1,bf16,/home/xay/KVMergeComm/snapshots/stage3_core_reviewer_query_sketch/pair6_llama32_abliterated_deepseek3b/hotpotqa/coverage/cov_t0.95_s0.65_w8_0712_2254,0.9235020479999997,0.07399992600000033,,,
pair6_llama32_abliterated_deepseek3b,hotpotqa,coverage,B-ReKV,0.95,0.75,16,500,0.516,0.2646654859999998,0.02157110107511876,query_sketch_bf16_v1,bf16,/home/xay/KVMergeComm/snapshots/stage3_core_reviewer_query_sketch/pair6_llama32_abliterated_deepseek3b/hotpotqa/coverage/cov_t0.95_s0.75_w16_0712_2309,0.9305171540000001,0.05881475600000034,,,
pair6_llama32_abliterated_deepseek3b,hotpotqa,coverage,B-ReKV,0.95,0.75,8,500,0.484,0.2530156239999998,0.02114237616917223,query_sketch_bf16_v1,bf16,/home/xay/KVMergeComm/snapshots/stage3_core_reviewer_query_sketch/pair6_llama32_abliterated_deepseek3b/hotpotqa/coverage/cov_t0.95_s0.75_w8_0712_2256,0.9317492080000012,0.07399992600000033,,,
pair6_llama32_abliterated_deepseek3b,hotpotqa,coverage,B-ReKV,0.95,0.85,16,500,0.536,0.29207587600000007,0.02497689675952752,query_sketch_bf16_v1,bf16,/home/xay/KVMergeComm/snapshots/stage3_core_reviewer_query_sketch/pair6_llama32_abliterated_deepseek3b/hotpotqa/coverage/cov_t0.95_s0.85_w16_0712_2310,0.9381314579999999,0.05881475600000034,,,
pair6_llama32_abliterated_deepseek3b,hotpotqa,coverage,B-ReKV,0.95,0.85,8,500,0.54,0.27827180599999995,0.02353704312138975,query_sketch_bf16_v1,bf16,/home/xay/KVMergeComm/snapshots/stage3_core_reviewer_query_sketch/pair6_llama32_abliterated_deepseek3b/hotpotqa/coverage/cov_t0.95_s0.85_w8_0712_2257,0.9390113920000004,0.07399992600000033,,,
pair6_llama32_abliterated_deepseek3b,hotpotqa,coverage,B-ReKV,0.98,0.65,16,500,0.618,0.3810643499999996,0.02247934351624492,query_sketch_bf16_v1,bf16,/home/xay/KVMergeComm/snapshots/stage3_core_reviewer_query_sketch/pair6_llama32_abliterated_deepseek3b/hotpotqa/coverage/cov_t0.98_s0.65_w16_0712_2311,0.9549575540000006,0.0005925919999999999,,,
pair6_llama32_abliterated_deepseek3b,hotpotqa,coverage,B-ReKV,0.98,0.65,8,500,0.638,0.3694026119999998,0.02107140859681583,query_sketch_bf16_v1,bf16,/home/xay/KVMergeComm/snapshots/stage3_core_reviewer_query_sketch/pair6_llama32_abliterated_deepseek3b/hotpotqa/coverage/cov_t0.98_s0.65_w8_0712_2259,0.9567134599999999,0.0008888879999999998,,,
pair6_llama32_abliterated_deepseek3b,hotpotqa,coverage,B-ReKV,0.98,0.75,16,500,0.65,0.43392015599999983,0.026137783216152313,query_sketch_bf16_v1,bf16,/home/xay/KVMergeComm/snapshots/stage3_core_reviewer_query_sketch/pair6_llama32_abliterated_deepseek3b/hotpotqa/coverage/cov_t0.98_s0.75_w16_0712_2313,0.9637052400000004,0.0005925919999999999,,,
pair6_llama32_abliterated_deepseek3b,hotpotqa,coverage,B-ReKV,0.98,0.75,8,500,0.664,0.4203198280000003,0.024463847734368285,query_sketch_bf16_v1,bf16,/home/xay/KVMergeComm/snapshots/stage3_core_reviewer_query_sketch/pair6_llama32_abliterated_deepseek3b/hotpotqa/coverage/cov_t0.98_s0.75_w8_0712_2300,0.9648594219999996,0.0008888879999999998,,,
pair6_llama32_abliterated_deepseek3b,hotpotqa,coverage,B-ReKV,0.98,0.85,16,500,0.66,0.4868183839999997,0.029727345334857252,query_sketch_bf16_v1,bf16,/home/xay/KVMergeComm/snapshots/stage3_core_reviewer_query_sketch/pair6_llama32_abliterated_deepseek3b/hotpotqa/coverage/cov_t0.98_s0.85_w16_0712_2314,0.9710048820000001,0.0005925919999999999,,,
pair6_llama32_abliterated_deepseek3b,hotpotqa,coverage,B-ReKV,0.98,0.85,8,500,0.676,0.4714192260000001,0.027787049562948415,query_sketch_bf16_v1,bf16,/home/xay/KVMergeComm/snapshots/stage3_core_reviewer_query_sketch/pair6_llama32_abliterated_deepseek3b/hotpotqa/coverage/cov_t0.98_s0.85_w8_0712_2301,0.9716388679999995,0.0008888879999999998,,,
pair6_llama32_abliterated_deepseek3b,hotpotqa,fairness_evict,ValueNorm/Evict,,,,500,0.29,0.18209368400000003,0.00690152251595404,query_agnostic_kv_v1,bf16,/home/xay/KVMergeComm/snapshots/stage3_core_reviewer_query_sketch/pair6_llama32_abliterated_deepseek3b/hotpotqa/fairness_evict/evict_r0.15_0712_2223,nan,nan,0.15,,
pair6_llama32_abliterated_deepseek3b,hotpotqa,fairness_evict,ValueNorm/Evict,,,,500,0.378,0.22860956400000024,0.0026806934865892603,query_agnostic_kv_v1,bf16,/home/xay/KVMergeComm/snapshots/stage3_core_reviewer_query_sketch/pair6_llama32_abliterated_deepseek3b/hotpotqa/fairness_evict/evict_r0.20_0712_2226,nan,nan,0.2,,
pair6_llama32_abliterated_deepseek3b,hotpotqa,fairness_evict,ValueNorm/Evict,,,,500,0.474,0.2769025219999998,0.0029265059253961475,query_agnostic_kv_v1,bf16,/home/xay/KVMergeComm/snapshots/stage3_core_reviewer_query_sketch/pair6_llama32_abliterated_deepseek3b/hotpotqa/fairness_evict/evict_r0.25_0712_2227,nan,nan,0.25,,
pair6_llama32_abliterated_deepseek3b,hotpotqa,fairness_evict,ValueNorm/Evict,,,,500,0.506,0.32493556200000007,0.002774005600625314,query_agnostic_kv_v1,bf16,/home/xay/KVMergeComm/snapshots/stage3_core_reviewer_query_sketch/pair6_llama32_abliterated_deepseek3b/hotpotqa/fairness_evict/evict_r0.30_0712_2228,nan,nan,0.3,,
pair6_llama32_abliterated_deepseek3b,hotpotqa,fairness_evict,ValueNorm/Evict,,,,500,0.574,0.3731065719999994,0.002488577722108344,query_agnostic_kv_v1,bf16,/home/xay/KVMergeComm/snapshots/stage3_core_reviewer_query_sketch/pair6_llama32_abliterated_deepseek3b/hotpotqa/fairness_evict/evict_r0.35_0712_2229,nan,nan,0.35,,
pair6_llama32_abliterated_deepseek3b,hotpotqa,fairness_evict,ValueNorm/Evict,,,,500,0.612,0.4212702799999994,0.0026408626068420205,query_agnostic_kv_v1,bf16,/home/xay/KVMergeComm/snapshots/stage3_core_reviewer_query_sketch/pair6_llama32_abliterated_deepseek3b/hotpotqa/fairness_evict/evict_r0.40_0712_2230,nan,nan,0.4,,
pair6_llama32_abliterated_deepseek3b,hotpotqa,fairness_evict,ValueNorm/Evict,,,,500,0.636,0.5179280559999988,0.0032051639272375693,query_agnostic_kv_v1,bf16,/home/xay/KVMergeComm/snapshots/stage3_core_reviewer_query_sketch/pair6_llama32_abliterated_deepseek3b/hotpotqa/fairness_evict/evict_r0.50_0712_2231,nan,nan,0.5,,
pair6_llama32_abliterated_deepseek3b,hotpotqa,fairness_random,Random,,,,500,0.254,0.18209368400000003,0.00690152251595404,query_agnostic_kv_v1,bf16,/home/xay/KVMergeComm/snapshots/stage3_core_reviewer_query_sketch/pair6_llama32_abliterated_deepseek3b/hotpotqa/fairness_random/random_r0.15_0712_2232,nan,nan,0.15,,
pair6_llama32_abliterated_deepseek3b,hotpotqa,fairness_random,Random,,,,500,0.318,0.22860956400000024,0.0026806934865892603,query_agnostic_kv_v1,bf16,/home/xay/KVMergeComm/snapshots/stage3_core_reviewer_query_sketch/pair6_llama32_abliterated_deepseek3b/hotpotqa/fairness_random/random_r0.20_0712_2234,nan,nan,0.2,,
pair6_llama32_abliterated_deepseek3b,hotpotqa,fairness_random,Random,,,,500,0.354,0.2769025219999998,0.0029265059253961475,query_agnostic_kv_v1,bf16,/home/xay/KVMergeComm/snapshots/stage3_core_reviewer_query_sketch/pair6_llama32_abliterated_deepseek3b/hotpotqa/fairness_random/random_r0.25_0712_2235,nan,nan,0.25,,
pair6_llama32_abliterated_deepseek3b,hotpotqa,fairness_random,Random,,,,500,0.414,0.32493556200000007,0.002774005600625314,query_agnostic_kv_v1,bf16,/home/xay/KVMergeComm/snapshots/stage3_core_reviewer_query_sketch/pair6_llama32_abliterated_deepseek3b/hotpotqa/fairness_random/random_r0.30_0712_2236,nan,nan,0.3,,
pair6_llama32_abliterated_deepseek3b,hotpotqa,fairness_random,Random,,,,500,0.464,0.3731065719999994,0.002488577722108344,query_agnostic_kv_v1,bf16,/home/xay/KVMergeComm/snapshots/stage3_core_reviewer_query_sketch/pair6_llama32_abliterated_deepseek3b/hotpotqa/fairness_random/random_r0.35_0712_2237,nan,nan,0.35,,
pair6_llama32_abliterated_deepseek3b,hotpotqa,fairness_random,Random,,,,500,0.514,0.4212702799999994,0.0026408626068420205,query_agnostic_kv_v1,bf16,/home/xay/KVMergeComm/snapshots/stage3_core_reviewer_query_sketch/pair6_llama32_abliterated_deepseek3b/hotpotqa/fairness_random/random_r0.40_0712_2238,nan,nan,0.4,,
pair6_llama32_abliterated_deepseek3b,hotpotqa,fairness_random,Random,,,,500,0.566,0.5179280559999988,0.0032051639272375693,query_agnostic_kv_v1,bf16,/home/xay/KVMergeComm/snapshots/stage3_core_reviewer_query_sketch/pair6_llama32_abliterated_deepseek3b/hotpotqa/fairness_random/random_r0.50_0712_2240,nan,nan,0.5,,
pair6_llama32_abliterated_deepseek3b,hotpotqa,fairness_rekv,ReKV,,,8,500,0.412,0.18209368400000003,0.00690152251595404,query_sketch_bf16_v1,bf16,/home/xay/KVMergeComm/snapshots/stage3_core_reviewer_query_sketch/pair6_llama32_abliterated_deepseek3b/hotpotqa/fairness_rekv/rekv_w8_r0.15_0712_2241,nan,nan,0.15,,
pair6_llama32_abliterated_deepseek3b,hotpotqa,fairness_rekv,ReKV,,,8,500,0.508,0.22860956400000024,0.0026806934865892603,query_sketch_bf16_v1,bf16,/home/xay/KVMergeComm/snapshots/stage3_core_reviewer_query_sketch/pair6_llama32_abliterated_deepseek3b/hotpotqa/fairness_rekv/rekv_w8_r0.20_0712_2242,nan,nan,0.2,,
pair6_llama32_abliterated_deepseek3b,hotpotqa,fairness_rekv,ReKV,,,8,500,0.554,0.2769025219999998,0.0029265059253961475,query_sketch_bf16_v1,bf16,/home/xay/KVMergeComm/snapshots/stage3_core_reviewer_query_sketch/pair6_llama32_abliterated_deepseek3b/hotpotqa/fairness_rekv/rekv_w8_r0.25_0712_2243,nan,nan,0.25,,
pair6_llama32_abliterated_deepseek3b,hotpotqa,fairness_rekv,ReKV,,,8,500,0.608,0.32493556200000007,0.002774005600625314,query_sketch_bf16_v1,bf16,/home/xay/KVMergeComm/snapshots/stage3_core_reviewer_query_sketch/pair6_llama32_abliterated_deepseek3b/hotpotqa/fairness_rekv/rekv_w8_r0.30_0712_2245,nan,nan,0.3,,
pair6_llama32_abliterated_deepseek3b,hotpotqa,fairness_rekv,ReKV,,,8,500,0.632,0.3731065719999994,0.002488577722108344,query_sketch_bf16_v1,bf16,/home/xay/KVMergeComm/snapshots/stage3_core_reviewer_query_sketch/pair6_llama32_abliterated_deepseek3b/hotpotqa/fairness_rekv/rekv_w8_r0.35_0712_2246,nan,nan,0.35,,
pair6_llama32_abliterated_deepseek3b,hotpotqa,fairness_rekv,ReKV,,,8,500,0.658,0.4212702799999994,0.0026408626068420205,query_sketch_bf16_v1,bf16,/home/xay/KVMergeComm/snapshots/stage3_core_reviewer_query_sketch/pair6_llama32_abliterated_deepseek3b/hotpotqa/fairness_rekv/rekv_w8_r0.40_0712_2247,nan,nan,0.4,,
pair6_llama32_abliterated_deepseek3b,hotpotqa,fairness_rekv,ReKV,,,8,500,0.692,0.5179280559999988,0.0032051639272375693,query_sketch_bf16_v1,bf16,/home/xay/KVMergeComm/snapshots/stage3_core_reviewer_query_sketch/pair6_llama32_abliterated_deepseek3b/hotpotqa/fairness_rekv/rekv_w8_r0.50_0712_2249,nan,nan,0.5,,
pair6_llama32_abliterated_deepseek3b,multifieldqa_en,coverage,B-ReKV,0.9,0.65,16,150,0.4666666666666667,0.25469647999999995,0.041590148237441386,query_sketch_bf16_v1,bf16,/home/xay/KVMergeComm/snapshots/stage3_core_reviewer_query_sketch/pair6_llama32_abliterated_deepseek3b/multifieldqa_en/coverage/cov_t0.90_s0.65_w16_0713_0055,0.8489430933333331,0.010617273333333331,,,
pair6_llama32_abliterated_deepseek3b,multifieldqa_en,coverage,B-ReKV,0.9,0.65,8,150,0.4533333333333333,0.22806575333333312,0.03963071023551006,query_sketch_bf16_v1,bf16,/home/xay/KVMergeComm/snapshots/stage3_core_reviewer_query_sketch/pair6_llama32_abliterated_deepseek3b/multifieldqa_en/coverage/cov_t0.90_s0.65_w8_0713_0042,0.8560887066666665,0.020493806666666677,,,
pair6_llama32_abliterated_deepseek3b,multifieldqa_en,coverage,B-ReKV,0.9,0.75,16,150,0.46,0.28824556,0.048237995696043826,query_sketch_bf16_v1,bf16,/home/xay/KVMergeComm/snapshots/stage3_core_reviewer_query_sketch/pair6_llama32_abliterated_deepseek3b/multifieldqa_en/coverage/cov_t0.90_s0.75_w16_0713_0057,0.8657243799999997,0.010617273333333331,,,
pair6_llama32_abliterated_deepseek3b,multifieldqa_en,coverage,B-ReKV,0.9,0.75,8,150,0.4666666666666667,0.2573999866666666,0.04612267725760525,query_sketch_bf16_v1,bf16,/home/xay/KVMergeComm/snapshots/stage3_core_reviewer_query_sketch/pair6_llama32_abliterated_deepseek3b/multifieldqa_en/coverage/cov_t0.90_s0.75_w8_0713_0044,0.8705444399999999,0.020493806666666677,,,
pair6_llama32_abliterated_deepseek3b,multifieldqa_en,coverage,B-ReKV,0.9,0.85,16,150,0.4866666666666667,0.3218187466666669,0.054850708698374315,query_sketch_bf16_v1,bf16,/home/xay/KVMergeComm/snapshots/stage3_core_reviewer_query_sketch/pair6_llama32_abliterated_deepseek3b/multifieldqa_en/coverage/cov_t0.90_s0.85_w16_0713_0058,0.8806476666666663,0.010617273333333331,,,
pair6_llama32_abliterated_deepseek3b,multifieldqa_en,coverage,B-ReKV,0.9,0.85,8,150,0.47333333333333333,0.28677072000000003,0.05256640912423423,query_sketch_bf16_v1,bf16,/home/xay/KVMergeComm/snapshots/stage3_core_reviewer_query_sketch/pair6_llama32_abliterated_deepseek3b/multifieldqa_en/coverage/cov_t0.90_s0.85_w8_0713_0045,0.8834365066666667,0.020493806666666677,,,
pair6_llama32_abliterated_deepseek3b,multifieldqa_en,coverage,B-ReKV,0.95,0.65,16,150,0.46,0.37231275333333363,0.039941223188385014,query_sketch_bf16_v1,bf16,/home/xay/KVMergeComm/snapshots/stage3_core_reviewer_query_sketch/pair6_llama32_abliterated_deepseek3b/multifieldqa_en/coverage/cov_t0.95_s0.65_w16_0713_0100,0.8985970866666666,0.00024691333333333335,,,
pair6_llama32_abliterated_deepseek3b,multifieldqa_en,coverage,B-ReKV,0.95,0.65,8,150,0.49333333333333335,0.3469722666666666,0.04036178094654316,query_sketch_bf16_v1,bf16,/home/xay/KVMergeComm/snapshots/stage3_core_reviewer_query_sketch/pair6_llama32_abliterated_deepseek3b/multifieldqa_en/coverage/cov_t0.95_s0.65_w8_0713_0047,0.9048733266666666,0.00074074,,,
pair6_llama32_abliterated_deepseek3b,multifieldqa_en,coverage,B-ReKV,0.95,0.75,16,150,0.48,0.42409385333333327,0.04609291803955529,query_sketch_bf16_v1,bf16,/home/xay/KVMergeComm/snapshots/stage3_core_reviewer_query_sketch/pair6_llama32_abliterated_deepseek3b/multifieldqa_en/coverage/cov_t0.95_s0.75_w16_0713_0101,0.9160221066666666,0.00024691333333333335,,,
pair6_llama32_abliterated_deepseek3b,multifieldqa_en,coverage,B-ReKV,0.95,0.75,8,150,0.5066666666666667,0.3948470466666666,0.046600019018537,query_sketch_bf16_v1,bf16,/home/xay/KVMergeComm/snapshots/stage3_core_reviewer_query_sketch/pair6_llama32_abliterated_deepseek3b/multifieldqa_en/coverage/cov_t0.95_s0.75_w8_0713_0048,0.9201137666666663,0.00074074,,,
pair6_llama32_abliterated_deepseek3b,multifieldqa_en,coverage,B-ReKV,0.95,0.85,16,150,0.5133333333333333,0.4758746800000002,0.05224760516644238,query_sketch_bf16_v1,bf16,/home/xay/KVMergeComm/snapshots/stage3_core_reviewer_query_sketch/pair6_llama32_abliterated_deepseek3b/multifieldqa_en/coverage/cov_t0.95_s0.85_w16_0713_0103,0.9310832266666671,0.00024691333333333335,,,
pair6_llama32_abliterated_deepseek3b,multifieldqa_en,coverage,B-ReKV,0.95,0.85,8,150,0.5066666666666667,0.44272432666666645,0.0528279887082566,query_sketch_bf16_v1,bf16,/home/xay/KVMergeComm/snapshots/stage3_core_reviewer_query_sketch/pair6_llama32_abliterated_deepseek3b/multifieldqa_en/coverage/cov_t0.95_s0.85_w8_0713_0049,0.93332516,0.00074074,,,
pair6_llama32_abliterated_deepseek3b,multifieldqa_en,coverage,B-ReKV,0.98,0.65,16,150,0.52,0.4907099933333333,0.0299774804600303,query_sketch_bf16_v1,bf16,/home/xay/KVMergeComm/snapshots/stage3_core_reviewer_query_sketch/pair6_llama32_abliterated_deepseek3b/multifieldqa_en/coverage/cov_t0.98_s0.65_w16_0713_0104,0.9328298399999998,0.0,,,
pair6_llama32_abliterated_deepseek3b,multifieldqa_en,coverage,B-ReKV,0.98,0.65,8,150,0.49333333333333335,0.47208446666666704,0.030919174521801502,query_sketch_bf16_v1,bf16,/home/xay/KVMergeComm/snapshots/stage3_core_reviewer_query_sketch/pair6_llama32_abliterated_deepseek3b/multifieldqa_en/coverage/cov_t0.98_s0.65_w8_0713_0051,0.9385765733333331,0.0,,,
pair6_llama32_abliterated_deepseek3b,multifieldqa_en,coverage,B-ReKV,0.98,0.75,16,150,0.49333333333333335,0.5607080333333334,0.034586251992152206,query_sketch_bf16_v1,bf16,/home/xay/KVMergeComm/snapshots/stage3_core_reviewer_query_sketch/pair6_llama32_abliterated_deepseek3b/multifieldqa_en/coverage/cov_t0.98_s0.75_w16_0713_0106,0.9496164333333333,0.0,,,
pair6_llama32_abliterated_deepseek3b,multifieldqa_en,coverage,B-ReKV,0.98,0.75,8,150,0.5133333333333333,0.5392179266666663,0.035671619169903676,query_sketch_bf16_v1,bf16,/home/xay/KVMergeComm/snapshots/stage3_core_reviewer_query_sketch/pair6_llama32_abliterated_deepseek3b/multifieldqa_en/coverage/cov_t0.98_s0.75_w8_0713_0052,0.9532563999999997,0.0,,,
pair6_llama32_abliterated_deepseek3b,multifieldqa_en,coverage,B-ReKV,0.98,0.85,16,150,0.5,0.6300652999999999,0.03875826659461777,query_sketch_bf16_v1,bf16,/home/xay/KVMergeComm/snapshots/stage3_core_reviewer_query_sketch/pair6_llama32_abliterated_deepseek3b/multifieldqa_en/coverage/cov_t0.98_s0.85_w16_0713_0107,0.9633949000000003,0.0,,,
pair6_llama32_abliterated_deepseek3b,multifieldqa_en,coverage,B-ReKV,0.98,0.85,8,150,0.49333333333333335,0.6062616933333336,0.04035531806108539,query_sketch_bf16_v1,bf16,/home/xay/KVMergeComm/snapshots/stage3_core_reviewer_query_sketch/pair6_llama32_abliterated_deepseek3b/multifieldqa_en/coverage/cov_t0.98_s0.85_w8_0713_0054,0.965471306666667,0.0,,,
pair6_llama32_abliterated_deepseek3b,multifieldqa_en,fairness_evict,ValueNorm/Evict,,,,150,0.18666666666666668,0.18034635999999996,8.569669317702027e-05,query_agnostic_kv_v1,bf16,/home/xay/KVMergeComm/snapshots/stage3_core_reviewer_query_sketch/pair6_llama32_abliterated_deepseek3b/multifieldqa_en/fairness_evict/evict_r0.15_0713_0014,nan,nan,0.15,,
pair6_llama32_abliterated_deepseek3b,multifieldqa_en,fairness_evict,ValueNorm/Evict,,,,150,0.23333333333333334,0.22858213333333324,6.187697977760696e-05,query_agnostic_kv_v1,bf16,/home/xay/KVMergeComm/snapshots/stage3_core_reviewer_query_sketch/pair6_llama32_abliterated_deepseek3b/multifieldqa_en/fairness_evict/evict_r0.20_0713_0015,nan,nan,0.2,,
pair6_llama32_abliterated_deepseek3b,multifieldqa_en,fairness_evict,ValueNorm/Evict,,,,150,0.31333333333333335,0.2767810533333337,6.666905006925252e-05,query_agnostic_kv_v1,bf16,/home/xay/KVMergeComm/snapshots/stage3_core_reviewer_query_sketch/pair6_llama32_abliterated_deepseek3b/multifieldqa_en/fairness_evict/evict_r0.25_0713_0016,nan,nan,0.25,,
pair6_llama32_abliterated_deepseek3b,multifieldqa_en,fairness_evict,ValueNorm/Evict,,,,150,0.3333333333333333,0.32499991999999994,6.182107978707452e-05,query_agnostic_kv_v1,bf16,/home/xay/KVMergeComm/snapshots/stage3_core_reviewer_query_sketch/pair6_llama32_abliterated_deepseek3b/multifieldqa_en/fairness_evict/evict_r0.30_0713_0018,nan,nan,0.3,,
pair6_llama32_abliterated_deepseek3b,multifieldqa_en,fairness_evict,ValueNorm/Evict,,,,150,0.36666666666666664,0.3731993199999999,8.212229544645858e-05,query_agnostic_kv_v1,bf16,/home/xay/KVMergeComm/snapshots/stage3_core_reviewer_query_sketch/pair6_llama32_abliterated_deepseek3b/multifieldqa_en/fairness_evict/evict_r0.35_0713_0019,nan,nan,0.35,,
pair6_llama32_abliterated_deepseek3b,multifieldqa_en,fairness_evict,ValueNorm/Evict,,,,150,0.4266666666666667,0.42144092000000033,7.632925147590642e-05,query_agnostic_kv_v1,bf16,/home/xay/KVMergeComm/snapshots/stage3_core_reviewer_query_sketch/pair6_llama32_abliterated_deepseek3b/multifieldqa_en/fairness_evict/evict_r0.40_0713_0020,nan,nan,0.4,,
pair6_llama32_abliterated_deepseek3b,multifieldqa_en,fairness_evict,ValueNorm/Evict,,,,150,0.5,0.5178368000000004,7.219018505858206e-05,query_agnostic_kv_v1,bf16,/home/xay/KVMergeComm/snapshots/stage3_core_reviewer_query_sketch/pair6_llama32_abliterated_deepseek3b/multifieldqa_en/fairness_evict/evict_r0.50_0713_0022,nan,nan,0.5,,
pair6_llama32_abliterated_deepseek3b,multifieldqa_en,fairness_random,Random,,,,150,0.20666666666666667,0.18034635999999996,8.569669317702027e-05,query_agnostic_kv_v1,bf16,/home/xay/KVMergeComm/snapshots/stage3_core_reviewer_query_sketch/pair6_llama32_abliterated_deepseek3b/multifieldqa_en/fairness_random/random_r0.15_0713_0023,nan,nan,0.15,,
pair6_llama32_abliterated_deepseek3b,multifieldqa_en,fairness_random,Random,,,,150,0.24,0.22858213333333324,6.187697977760696e-05,query_agnostic_kv_v1,bf16,/home/xay/KVMergeComm/snapshots/stage3_core_reviewer_query_sketch/pair6_llama32_abliterated_deepseek3b/multifieldqa_en/fairness_random/random_r0.20_0713_0024,nan,nan,0.2,,
pair6_llama32_abliterated_deepseek3b,multifieldqa_en,fairness_random,Random,,,,150,0.3,0.2767810533333337,6.666905006925252e-05,query_agnostic_kv_v1,bf16,/home/xay/KVMergeComm/snapshots/stage3_core_reviewer_query_sketch/pair6_llama32_abliterated_deepseek3b/multifieldqa_en/fairness_random/random_r0.25_0713_0026,nan,nan,0.25,,
pair6_llama32_abliterated_deepseek3b,multifieldqa_en,fairness_random,Random,,,,150,0.32666666666666666,0.32499991999999994,6.182107978707452e-05,query_agnostic_kv_v1,bf16,/home/xay/KVMergeComm/snapshots/stage3_core_reviewer_query_sketch/pair6_llama32_abliterated_deepseek3b/multifieldqa_en/fairness_random/random_r0.30_0713_0027,nan,nan,0.3,,
pair6_llama32_abliterated_deepseek3b,multifieldqa_en,fairness_random,Random,,,,150,0.4066666666666667,0.3731993199999999,8.212229544645858e-05,query_agnostic_kv_v1,bf16,/home/xay/KVMergeComm/snapshots/stage3_core_reviewer_query_sketch/pair6_llama32_abliterated_deepseek3b/multifieldqa_en/fairness_random/random_r0.35_0713_0028,nan,nan,0.35,,
pair6_llama32_abliterated_deepseek3b,multifieldqa_en,fairness_random,Random,,,,150,0.4,0.42144092000000033,7.632925147590642e-05,query_agnostic_kv_v1,bf16,/home/xay/KVMergeComm/snapshots/stage3_core_reviewer_query_sketch/pair6_llama32_abliterated_deepseek3b/multifieldqa_en/fairness_random/random_r0.40_0713_0030,nan,nan,0.4,,
pair6_llama32_abliterated_deepseek3b,multifieldqa_en,fairness_random,Random,,,,150,0.42,0.5178368000000004,7.219018505858206e-05,query_agnostic_kv_v1,bf16,/home/xay/KVMergeComm/snapshots/stage3_core_reviewer_query_sketch/pair6_llama32_abliterated_deepseek3b/multifieldqa_en/fairness_random/random_r0.50_0713_0031,nan,nan,0.5,,
pair6_llama32_abliterated_deepseek3b,multifieldqa_en,fairness_rekv,ReKV,,,8,150,0.38666666666666666,0.18034635999999996,8.569669317702027e-05,query_sketch_bf16_v1,bf16,/home/xay/KVMergeComm/snapshots/stage3_core_reviewer_query_sketch/pair6_llama32_abliterated_deepseek3b/multifieldqa_en/fairness_rekv/rekv_w8_r0.15_0713_0032,nan,nan,0.15,,
pair6_llama32_abliterated_deepseek3b,multifieldqa_en,fairness_rekv,ReKV,,,8,150,0.44,0.22858213333333324,6.187697977760696e-05,query_sketch_bf16_v1,bf16,/home/xay/KVMergeComm/snapshots/stage3_core_reviewer_query_sketch/pair6_llama32_abliterated_deepseek3b/multifieldqa_en/fairness_rekv/rekv_w8_r0.20_0713_0034,nan,nan,0.2,,
pair6_llama32_abliterated_deepseek3b,multifieldqa_en,fairness_rekv,ReKV,,,8,150,0.4866666666666667,0.2767810533333337,6.666905006925252e-05,query_sketch_bf16_v1,bf16,/home/xay/KVMergeComm/snapshots/stage3_core_reviewer_query_sketch/pair6_llama32_abliterated_deepseek3b/multifieldqa_en/fairness_rekv/rekv_w8_r0.25_0713_0035,nan,nan,0.25,,
pair6_llama32_abliterated_deepseek3b,multifieldqa_en,fairness_rekv,ReKV,,,8,150,0.54,0.32499991999999994,6.182107978707452e-05,query_sketch_bf16_v1,bf16,/home/xay/KVMergeComm/snapshots/stage3_core_reviewer_query_sketch/pair6_llama32_abliterated_deepseek3b/multifieldqa_en/fairness_rekv/rekv_w8_r0.30_0713_0036,nan,nan,0.3,,
pair6_llama32_abliterated_deepseek3b,multifieldqa_en,fairness_rekv,ReKV,,,8,150,0.5133333333333333,0.3731993199999999,8.212229544645858e-05,query_sketch_bf16_v1,bf16,/home/xay/KVMergeComm/snapshots/stage3_core_reviewer_query_sketch/pair6_llama32_abliterated_deepseek3b/multifieldqa_en/fairness_rekv/rekv_w8_r0.35_0713_0038,nan,nan,0.35,,
pair6_llama32_abliterated_deepseek3b,multifieldqa_en,fairness_rekv,ReKV,,,8,150,0.49333333333333335,0.42144092000000033,7.632925147590642e-05,query_sketch_bf16_v1,bf16,/home/xay/KVMergeComm/snapshots/stage3_core_reviewer_query_sketch/pair6_llama32_abliterated_deepseek3b/multifieldqa_en/fairness_rekv/rekv_w8_r0.40_0713_0039,nan,nan,0.4,,
pair6_llama32_abliterated_deepseek3b,multifieldqa_en,fairness_rekv,ReKV,,,8,150,0.4866666666666667,0.5178368000000004,7.219018505858206e-05,query_sketch_bf16_v1,bf16,/home/xay/KVMergeComm/snapshots/stage3_core_reviewer_query_sketch/pair6_llama32_abliterated_deepseek3b/multifieldqa_en/fairness_rekv/rekv_w8_r0.50_0713_0041,nan,nan,0.5,,
pair6_llama32_abliterated_deepseek3b,musique,coverage,B-ReKV,0.9,0.65,16,500,0.154,0.14159446599999997,0.013770391621288455,query_sketch_bf16_v1,bf16,/home/xay/KVMergeComm/snapshots/stage3_core_reviewer_query_sketch/pair6_llama32_abliterated_deepseek3b/musique/coverage/cov_t0.90_s0.65_w16_0713_0000,0.8834757980000003,0.2782960659999997,,,
pair6_llama32_abliterated_deepseek3b,musique,coverage,B-ReKV,0.9,0.65,8,500,0.17,0.12832029999999997,0.013091813470634992,query_sketch_bf16_v1,bf16,/home/xay/KVMergeComm/snapshots/stage3_core_reviewer_query_sketch/pair6_llama32_abliterated_deepseek3b/musique/coverage/cov_t0.90_s0.65_w8_0712_2346,0.8902992440000003,0.3797775340000012,,,
pair6_llama32_abliterated_deepseek3b,musique,coverage,B-ReKV,0.9,0.75,16,500,0.166,0.1543056059999998,0.01593615507089622,query_sketch_bf16_v1,bf16,/home/xay/KVMergeComm/snapshots/stage3_core_reviewer_query_sketch/pair6_llama32_abliterated_deepseek3b/musique/coverage/cov_t0.90_s0.75_w16_0713_0001,0.8899377400000011,0.2782960659999997,,,
pair6_llama32_abliterated_deepseek3b,musique,coverage,B-ReKV,0.9,0.75,8,500,0.178,0.138382706,0.01467098372292604,query_sketch_bf16_v1,bf16,/home/xay/KVMergeComm/snapshots/stage3_core_reviewer_query_sketch/pair6_llama32_abliterated_deepseek3b/musique/coverage/cov_t0.90_s0.75_w8_0712_2347,0.8958551519999999,0.3797775340000012,,,
pair6_llama32_abliterated_deepseek3b,musique,coverage,B-ReKV,0.9,0.85,16,500,0.176,0.16725277800000005,0.018239388386954655,query_sketch_bf16_v1,bf16,/home/xay/KVMergeComm/snapshots/stage3_core_reviewer_query_sketch/pair6_llama32_abliterated_deepseek3b/musique/coverage/cov_t0.90_s0.85_w16_0713_0003,0.8958070999999999,0.2782960659999997,,,
pair6_llama32_abliterated_deepseek3b,musique,coverage,B-ReKV,0.9,0.85,8,500,0.204,0.14861367600000003,0.016365520461720427,query_sketch_bf16_v1,bf16,/home/xay/KVMergeComm/snapshots/stage3_core_reviewer_query_sketch/pair6_llama32_abliterated_deepseek3b/musique/coverage/cov_t0.90_s0.85_w8_0712_2349,0.9008206419999996,0.3797775340000012,,,
pair6_llama32_abliterated_deepseek3b,musique,coverage,B-ReKV,0.95,0.65,16,500,0.262,0.25029321800000004,0.024791468117506037,query_sketch_bf16_v1,bf16,/home/xay/KVMergeComm/snapshots/stage3_core_reviewer_query_sketch/pair6_llama32_abliterated_deepseek3b/musique/coverage/cov_t0.95_s0.65_w16_0713_0005,0.9235740779999994,0.021111089999999944,,,
pair6_llama32_abliterated_deepseek3b,musique,coverage,B-ReKV,0.95,0.65,8,500,0.312,0.22363001199999996,0.022168994634264416,query_sketch_bf16_v1,bf16,/home/xay/KVMergeComm/snapshots/stage3_core_reviewer_query_sketch/pair6_llama32_abliterated_deepseek3b/musique/coverage/cov_t0.95_s0.65_w8_0712_2351,0.9270856359999994,0.03740737000000009,,,
pair6_llama32_abliterated_deepseek3b,musique,coverage,B-ReKV,0.95,0.75,16,500,0.29,0.2829193759999998,0.02881545623179194,query_sketch_bf16_v1,bf16,/home/xay/KVMergeComm/snapshots/stage3_core_reviewer_query_sketch/pair6_llama32_abliterated_deepseek3b/musique/coverage/cov_t0.95_s0.75_w16_0713_0006,0.9322719540000001,0.021111089999999944,,,
pair6_llama32_abliterated_deepseek3b,musique,coverage,B-ReKV,0.95,0.75,8,500,0.314,0.2518589280000003,0.025891424458066244,query_sketch_bf16_v1,bf16,/home/xay/KVMergeComm/snapshots/stage3_core_reviewer_query_sketch/pair6_llama32_abliterated_deepseek3b/musique/coverage/cov_t0.95_s0.75_w8_0712_2352,0.9346794940000004,0.03740737000000009,,,
pair6_llama32_abliterated_deepseek3b,musique,coverage,B-ReKV,0.95,0.85,16,500,0.29,0.31560886200000016,0.03279557447072218,query_sketch_bf16_v1,bf16,/home/xay/KVMergeComm/snapshots/stage3_core_reviewer_query_sketch/pair6_llama32_abliterated_deepseek3b/musique/coverage/cov_t0.95_s0.85_w16_0713_0008,0.9398983820000003,0.021111089999999944,,,
pair6_llama32_abliterated_deepseek3b,musique,coverage,B-ReKV,0.95,0.85,8,500,0.314,0.28021119000000005,0.029536150515672623,query_sketch_bf16_v1,bf16,/home/xay/KVMergeComm/snapshots/stage3_core_reviewer_query_sketch/pair6_llama32_abliterated_deepseek3b/musique/coverage/cov_t0.95_s0.85_w8_0712_2354,0.9413216300000004,0.03740737000000009,,,
pair6_llama32_abliterated_deepseek3b,musique,coverage,B-ReKV,0.98,0.65,16,500,0.31,0.407122274,0.025914164793734665,query_sketch_bf16_v1,bf16,/home/xay/KVMergeComm/snapshots/stage3_core_reviewer_query_sketch/pair6_llama32_abliterated_deepseek3b/musique/coverage/cov_t0.98_s0.65_w16_0713_0009,0.9544977619999999,0.0,,,
pair6_llama32_abliterated_deepseek3b,musique,coverage,B-ReKV,0.98,0.65,8,500,0.346,0.3812288560000001,0.02549600647638276,query_sketch_bf16_v1,bf16,/home/xay/KVMergeComm/snapshots/stage3_core_reviewer_query_sketch/pair6_llama32_abliterated_deepseek3b/musique/coverage/cov_t0.98_s0.65_w8_0712_2355,0.9576562400000004,0.000148148,,,
pair6_llama32_abliterated_deepseek3b,musique,coverage,B-ReKV,0.98,0.75,16,500,0.328,0.4642595280000001,0.029932000557195085,query_sketch_bf16_v1,bf16,/home/xay/KVMergeComm/snapshots/stage3_core_reviewer_query_sketch/pair6_llama32_abliterated_deepseek3b/musique/coverage/cov_t0.98_s0.75_w16_0713_0011,0.963311072,0.0,,,
pair6_llama32_abliterated_deepseek3b,musique,coverage,B-ReKV,0.98,0.75,8,500,0.358,0.4343456859999999,0.02948202644680696,query_sketch_bf16_v1,bf16,/home/xay/KVMergeComm/snapshots/stage3_core_reviewer_query_sketch/pair6_llama32_abliterated_deepseek3b/musique/coverage/cov_t0.98_s0.75_w8_0712_2357,0.9653468760000002,0.000148148,,,
pair6_llama32_abliterated_deepseek3b,musique,coverage,B-ReKV,0.98,0.85,16,500,0.35,0.5213605600000002,0.03391093307212358,query_sketch_bf16_v1,bf16,/home/xay/KVMergeComm/snapshots/stage3_core_reviewer_query_sketch/pair6_llama32_abliterated_deepseek3b/musique/coverage/cov_t0.98_s0.85_w16_0713_0012,0.9707948440000008,0.0,,,
pair6_llama32_abliterated_deepseek3b,musique,coverage,B-ReKV,0.98,0.85,8,500,0.356,0.4874711360000005,0.033402251979351455,query_sketch_bf16_v1,bf16,/home/xay/KVMergeComm/snapshots/stage3_core_reviewer_query_sketch/pair6_llama32_abliterated_deepseek3b/musique/coverage/cov_t0.98_s0.85_w8_0712_2358,0.9718975099999995,0.000148148,,,
pair6_llama32_abliterated_deepseek3b,musique,fairness_evict,ValueNorm/Evict,,,,500,0.118,0.180358564,0.0010400221642389254,query_agnostic_kv_v1,bf16,/home/xay/KVMergeComm/snapshots/stage3_core_reviewer_query_sketch/pair6_llama32_abliterated_deepseek3b/musique/fairness_evict/evict_r0.15_0712_2315,nan,nan,0.15,,
pair6_llama32_abliterated_deepseek3b,musique,fairness_evict,ValueNorm/Evict,,,,500,0.19,0.22863367000000023,0.0010134812309613931,query_agnostic_kv_v1,bf16,/home/xay/KVMergeComm/snapshots/stage3_core_reviewer_query_sketch/pair6_llama32_abliterated_deepseek3b/musique/fairness_evict/evict_r0.20_0712_2317,nan,nan,0.2,,
pair6_llama32_abliterated_deepseek3b,musique,fairness_evict,ValueNorm/Evict,,,,500,0.216,0.27676854799999984,0.0011224344479192324,query_agnostic_kv_v1,bf16,/home/xay/KVMergeComm/snapshots/stage3_core_reviewer_query_sketch/pair6_llama32_abliterated_deepseek3b/musique/fairness_evict/evict_r0.25_0712_2318,nan,nan,0.25,,
pair6_llama32_abliterated_deepseek3b,musique,fairness_evict,ValueNorm/Evict,,,,500,0.24,0.32497517400000014,0.0010478534809595856,query_agnostic_kv_v1,bf16,/home/xay/KVMergeComm/snapshots/stage3_core_reviewer_query_sketch/pair6_llama32_abliterated_deepseek3b/musique/fairness_evict/evict_r0.30_0712_2320,nan,nan,0.3,,
pair6_llama32_abliterated_deepseek3b,musique,fairness_evict,ValueNorm/Evict,,,,500,0.286,0.3732741360000001,0.0010246594768952187,query_agnostic_kv_v1,bf16,/home/xay/KVMergeComm/snapshots/stage3_core_reviewer_query_sketch/pair6_llama32_abliterated_deepseek3b/musique/fairness_evict/evict_r0.35_0712_2321,nan,nan,0.35,,
pair6_llama32_abliterated_deepseek3b,musique,fairness_evict,ValueNorm/Evict,,,,500,0.32,0.4214295919999995,0.0010587228237698208,query_agnostic_kv_v1,bf16,/home/xay/KVMergeComm/snapshots/stage3_core_reviewer_query_sketch/pair6_llama32_abliterated_deepseek3b/musique/fairness_evict/evict_r0.40_0712_2322,nan,nan,0.4,,
pair6_llama32_abliterated_deepseek3b,musique,fairness_evict,ValueNorm/Evict,,,,500,0.352,0.5178189439999988,0.0013538949412298493,query_agnostic_kv_v1,bf16,/home/xay/KVMergeComm/snapshots/stage3_core_reviewer_query_sketch/pair6_llama32_abliterated_deepseek3b/musique/fairness_evict/evict_r0.50_0712_2324,nan,nan,0.5,,
pair6_llama32_abliterated_deepseek3b,musique,fairness_random,Random,,,,500,0.104,0.180358564,0.0010400221642389254,query_agnostic_kv_v1,bf16,/home/xay/KVMergeComm/snapshots/stage3_core_reviewer_query_sketch/pair6_llama32_abliterated_deepseek3b/musique/fairness_random/random_r0.15_0712_2325,nan,nan,0.15,,
pair6_llama32_abliterated_deepseek3b,musique,fairness_random,Random,,,,500,0.128,0.22863367000000023,0.0010134812309613931,query_agnostic_kv_v1,bf16,/home/xay/KVMergeComm/snapshots/stage3_core_reviewer_query_sketch/pair6_llama32_abliterated_deepseek3b/musique/fairness_random/random_r0.20_0712_2326,nan,nan,0.2,,
pair6_llama32_abliterated_deepseek3b,musique,fairness_random,Random,,,,500,0.156,0.27676854799999984,0.0011224344479192324,query_agnostic_kv_v1,bf16,/home/xay/KVMergeComm/snapshots/stage3_core_reviewer_query_sketch/pair6_llama32_abliterated_deepseek3b/musique/fairness_random/random_r0.25_0712_2328,nan,nan,0.25,,
pair6_llama32_abliterated_deepseek3b,musique,fairness_random,Random,,,,500,0.182,0.32497517400000014,0.0010478534809595856,query_agnostic_kv_v1,bf16,/home/xay/KVMergeComm/snapshots/stage3_core_reviewer_query_sketch/pair6_llama32_abliterated_deepseek3b/musique/fairness_random/random_r0.30_0712_2330,nan,nan,0.3,,
pair6_llama32_abliterated_deepseek3b,musique,fairness_random,Random,,,,500,0.21,0.3732741360000001,0.0010246594768952187,query_agnostic_kv_v1,bf16,/home/xay/KVMergeComm/snapshots/stage3_core_reviewer_query_sketch/pair6_llama32_abliterated_deepseek3b/musique/fairness_random/random_r0.35_0712_2331,nan,nan,0.35,,
pair6_llama32_abliterated_deepseek3b,musique,fairness_random,Random,,,,500,0.248,0.4214295919999995,0.0010587228237698208,query_agnostic_kv_v1,bf16,/home/xay/KVMergeComm/snapshots/stage3_core_reviewer_query_sketch/pair6_llama32_abliterated_deepseek3b/musique/fairness_random/random_r0.40_0712_2332,nan,nan,0.4,,
pair6_llama32_abliterated_deepseek3b,musique,fairness_random,Random,,,,500,0.272,0.5178189439999988,0.0013538949412298493,query_agnostic_kv_v1,bf16,/home/xay/KVMergeComm/snapshots/stage3_core_reviewer_query_sketch/pair6_llama32_abliterated_deepseek3b/musique/fairness_random/random_r0.50_0712_2334,nan,nan,0.5,,
pair6_llama32_abliterated_deepseek3b,musique,fairness_rekv,ReKV,,,8,500,0.242,0.180358564,0.0010400221642389254,query_sketch_bf16_v1,bf16,/home/xay/KVMergeComm/snapshots/stage3_core_reviewer_query_sketch/pair6_llama32_abliterated_deepseek3b/musique/fairness_rekv/rekv_w8_r0.15_0712_2335,nan,nan,0.15,,
pair6_llama32_abliterated_deepseek3b,musique,fairness_rekv,ReKV,,,8,500,0.28,0.22863367000000023,0.0010134812309613931,query_sketch_bf16_v1,bf16,/home/xay/KVMergeComm/snapshots/stage3_core_reviewer_query_sketch/pair6_llama32_abliterated_deepseek3b/musique/fairness_rekv/rekv_w8_r0.20_0712_2337,nan,nan,0.2,,
pair6_llama32_abliterated_deepseek3b,musique,fairness_rekv,ReKV,,,8,500,0.296,0.27676854799999984,0.0011224344479192324,query_sketch_bf16_v1,bf16,/home/xay/KVMergeComm/snapshots/stage3_core_reviewer_query_sketch/pair6_llama32_abliterated_deepseek3b/musique/fairness_rekv/rekv_w8_r0.25_0712_2338,nan,nan,0.25,,
pair6_llama32_abliterated_deepseek3b,musique,fairness_rekv,ReKV,,,8,500,0.342,0.32497517400000014,0.0010478534809595856,query_sketch_bf16_v1,bf16,/home/xay/KVMergeComm/snapshots/stage3_core_reviewer_query_sketch/pair6_llama32_abliterated_deepseek3b/musique/fairness_rekv/rekv_w8_r0.30_0712_2340,nan,nan,0.3,,
pair6_llama32_abliterated_deepseek3b,musique,fairness_rekv,ReKV,,,8,500,0.332,0.3732741360000001,0.0010246594768952187,query_sketch_bf16_v1,bf16,/home/xay/KVMergeComm/snapshots/stage3_core_reviewer_query_sketch/pair6_llama32_abliterated_deepseek3b/musique/fairness_rekv/rekv_w8_r0.35_0712_2341,nan,nan,0.35,,
pair6_llama32_abliterated_deepseek3b,musique,fairness_rekv,ReKV,,,8,500,0.346,0.4214295919999995,0.0010587228237698208,query_sketch_bf16_v1,bf16,/home/xay/KVMergeComm/snapshots/stage3_core_reviewer_query_sketch/pair6_llama32_abliterated_deepseek3b/musique/fairness_rekv/rekv_w8_r0.40_0712_2343,nan,nan,0.4,,
pair6_llama32_abliterated_deepseek3b,musique,fairness_rekv,ReKV,,,8,500,0.37,0.5178189439999988,0.0013538949412298493,query_sketch_bf16_v1,bf16,/home/xay/KVMergeComm/snapshots/stage3_core_reviewer_query_sketch/pair6_llama32_abliterated_deepseek3b/musique/fairness_rekv/rekv_w8_r0.50_0712_2344,nan,nan,0.5,,
pair7_qwen25_uncensored_bespoke,hotpotqa,coverage,B-ReKV,0.9,0.65,16,500,0.204,0.24011760999999998,0.016102618361685906,query_sketch_bf16_v1,bf16,/home/xay/KVMergeComm/snapshots/stage3_core_reviewer_query_sketch/pair7_qwen25_uncensored_bespoke/hotpotqa/coverage/cov_t0.90_s0.65_w16_0713_0631,0.8262132420000005,0.0,,,
pair7_qwen25_uncensored_bespoke,hotpotqa,coverage,B-ReKV,0.9,0.65,8,500,0.186,0.23463295200000023,0.01813739110572245,query_sketch_bf16_v1,bf16,/home/xay/KVMergeComm/snapshots/stage3_core_reviewer_query_sketch/pair7_qwen25_uncensored_bespoke/hotpotqa/coverage/cov_t0.90_s0.65_w8_0713_0539,0.8219385419999997,7.4074e-05,,,
pair7_qwen25_uncensored_bespoke,hotpotqa,coverage,B-ReKV,0.9,0.75,16,500,0.21,0.2707005380000001,0.018699255209106775,query_sketch_bf16_v1,bf16,/home/xay/KVMergeComm/snapshots/stage3_core_reviewer_query_sketch/pair7_qwen25_uncensored_bespoke/hotpotqa/coverage/cov_t0.90_s0.75_w16_0713_0639,0.8479449319999991,0.0,,,
pair7_qwen25_uncensored_bespoke,hotpotqa,coverage,B-ReKV,0.9,0.75,8,500,0.218,0.26438083599999995,0.020774363019520913,query_sketch_bf16_v1,bf16,/home/xay/KVMergeComm/snapshots/stage3_core_reviewer_query_sketch/pair7_qwen25_uncensored_bespoke/hotpotqa/coverage/cov_t0.90_s0.75_w8_0713_0546,0.845308376,7.4074e-05,,,
pair7_qwen25_uncensored_bespoke,hotpotqa,coverage,B-ReKV,0.9,0.85,16,500,0.242,0.30172952400000014,0.021319027610139915,query_sketch_bf16_v1,bf16,/home/xay/KVMergeComm/snapshots/stage3_core_reviewer_query_sketch/pair7_qwen25_uncensored_bespoke/hotpotqa/coverage/cov_t0.90_s0.85_w16_0713_0646,0.866878302,0.0,,,
pair7_qwen25_uncensored_bespoke,hotpotqa,coverage,B-ReKV,0.9,0.85,8,500,0.264,0.2945848080000002,0.023530108772311494,query_sketch_bf16_v1,bf16,/home/xay/KVMergeComm/snapshots/stage3_core_reviewer_query_sketch/pair7_qwen25_uncensored_bespoke/hotpotqa/coverage/cov_t0.90_s0.85_w8_0713_0553,0.8653810119999996,7.4074e-05,,,
pair7_qwen25_uncensored_bespoke,hotpotqa,coverage,B-ReKV,0.95,0.65,16,500,0.292,0.34667989400000004,0.018440591467143344,query_sketch_bf16_v1,bf16,/home/xay/KVMergeComm/snapshots/stage3_core_reviewer_query_sketch/pair7_qwen25_uncensored_bespoke/hotpotqa/coverage/cov_t0.95_s0.65_w16_0713_0652,0.8868943220000002,0.0,,,
pair7_qwen25_uncensored_bespoke,hotpotqa,coverage,B-ReKV,0.95,0.65,8,500,0.314,0.33875341000000025,0.02076235794066783,query_sketch_bf16_v1,bf16,/home/xay/KVMergeComm/snapshots/stage3_core_reviewer_query_sketch/pair7_qwen25_uncensored_bespoke/hotpotqa/coverage/cov_t0.95_s0.65_w8_0713_0559,0.8881729460000002,0.0,,,
pair7_qwen25_uncensored_bespoke,hotpotqa,coverage,B-ReKV,0.95,0.75,16,500,0.342,0.3945356980000001,0.02128729368688795,query_sketch_bf16_v1,bf16,/home/xay/KVMergeComm/snapshots/stage3_core_reviewer_query_sketch/pair7_qwen25_uncensored_bespoke/hotpotqa/coverage/cov_t0.95_s0.75_w16_0713_0659,0.9075823419999993,0.0,,,
pair7_qwen25_uncensored_bespoke,hotpotqa,coverage,B-ReKV,0.95,0.75,8,500,0.352,0.38534502800000026,0.023992531114114233,query_sketch_bf16_v1,bf16,/home/xay/KVMergeComm/snapshots/stage3_core_reviewer_query_sketch/pair7_qwen25_uncensored_bespoke/hotpotqa/coverage/cov_t0.95_s0.75_w8_0713_0605,0.908793426,0.0,,,
pair7_qwen25_uncensored_bespoke,hotpotqa,coverage,B-ReKV,0.95,0.85,16,500,0.358,0.4408252860000004,0.024070623691087856,query_sketch_bf16_v1,bf16,/home/xay/KVMergeComm/snapshots/stage3_core_reviewer_query_sketch/pair7_qwen25_uncensored_bespoke/hotpotqa/coverage/cov_t0.95_s0.85_w16_0713_0705,0.9242255380000005,0.0,,,
pair7_qwen25_uncensored_bespoke,hotpotqa,coverage,B-ReKV,0.95,0.85,8,500,0.382,0.43077237399999996,0.027065689837557975,query_sketch_bf16_v1,bf16,/home/xay/KVMergeComm/snapshots/stage3_core_reviewer_query_sketch/pair7_qwen25_uncensored_bespoke/hotpotqa/coverage/cov_t0.95_s0.85_w8_0713_0611,0.9253565899999994,0.0,,,
pair7_qwen25_uncensored_bespoke,hotpotqa,coverage,B-ReKV,0.98,0.65,16,500,0.374,0.4616676120000001,0.01626218130655141,query_sketch_bf16_v1,bf16,/home/xay/KVMergeComm/snapshots/stage3_core_reviewer_query_sketch/pair7_qwen25_uncensored_bespoke/hotpotqa/coverage/cov_t0.98_s0.65_w16_0713_0710,0.9263602600000016,0.0,,,
pair7_qwen25_uncensored_bespoke,hotpotqa,coverage,B-ReKV,0.98,0.65,8,500,0.41,0.4557648179999996,0.019157092689589168,query_sketch_bf16_v1,bf16,/home/xay/KVMergeComm/snapshots/stage3_core_reviewer_query_sketch/pair7_qwen25_uncensored_bespoke/hotpotqa/coverage/cov_t0.98_s0.65_w8_0713_0616,0.9291014260000001,0.0,,,
pair7_qwen25_uncensored_bespoke,hotpotqa,coverage,B-ReKV,0.98,0.75,16,500,0.428,0.5268486160000003,0.01877807189305082,query_sketch_bf16_v1,bf16,/home/xay/KVMergeComm/snapshots/stage3_core_reviewer_query_sketch/pair7_qwen25_uncensored_bespoke/hotpotqa/coverage/cov_t0.98_s0.75_w16_0713_0716,0.9452228980000001,0.0,,,
pair7_qwen25_uncensored_bespoke,hotpotqa,coverage,B-ReKV,0.98,0.75,8,500,0.438,0.5201253960000005,0.022056908533593347,query_sketch_bf16_v1,bf16,/home/xay/KVMergeComm/snapshots/stage3_core_reviewer_query_sketch/pair7_qwen25_uncensored_bespoke/hotpotqa/coverage/cov_t0.98_s0.75_w8_0713_0621,0.947233554,0.0,,,
pair7_qwen25_uncensored_bespoke,hotpotqa,coverage,B-ReKV,0.98,0.85,16,500,0.432,0.5848135480000008,0.021112588599564122,query_sketch_bf16_v1,bf16,/home/xay/KVMergeComm/snapshots/stage3_core_reviewer_query_sketch/pair7_qwen25_uncensored_bespoke/hotpotqa/coverage/cov_t0.98_s0.85_w16_0713_0721,0.9572807979999998,0.0,,,
pair7_qwen25_uncensored_bespoke,hotpotqa,coverage,B-ReKV,0.98,0.85,8,500,0.454,0.5777860619999996,0.024739626582084825,query_sketch_bf16_v1,bf16,/home/xay/KVMergeComm/snapshots/stage3_core_reviewer_query_sketch/pair7_qwen25_uncensored_bespoke/hotpotqa/coverage/cov_t0.98_s0.85_w8_0713_0626,0.95886243,0.0,,,
pair7_qwen25_uncensored_bespoke,hotpotqa,fairness_evict,ValueNorm/Evict,,,,500,0.036,0.1803403420000003,0.002180146299864677,query_agnostic_kv_v1,bf16,/home/xay/KVMergeComm/snapshots/stage3_core_reviewer_query_sketch/pair7_qwen25_uncensored_bespoke/hotpotqa/fairness_evict/evict_r0.15_0713_0313,nan,nan,0.15,,
pair7_qwen25_uncensored_bespoke,hotpotqa,fairness_evict,ValueNorm/Evict,,,,500,0.052,0.22861084199999998,0.002134472837405815,query_agnostic_kv_v1,bf16,/home/xay/KVMergeComm/snapshots/stage3_core_reviewer_query_sketch/pair7_qwen25_uncensored_bespoke/hotpotqa/fairness_evict/evict_r0.20_0713_0322,nan,nan,0.2,,
pair7_qwen25_uncensored_bespoke,hotpotqa,fairness_evict,ValueNorm/Evict,,,,500,0.094,0.2767363120000001,0.0022847026886242358,query_agnostic_kv_v1,bf16,/home/xay/KVMergeComm/snapshots/stage3_core_reviewer_query_sketch/pair7_qwen25_uncensored_bespoke/hotpotqa/fairness_evict/evict_r0.25_0713_0331,nan,nan,0.25,,
pair7_qwen25_uncensored_bespoke,hotpotqa,fairness_evict,ValueNorm/Evict,,,,500,0.114,0.32497537999999954,0.0022209709064132887,query_agnostic_kv_v1,bf16,/home/xay/KVMergeComm/snapshots/stage3_core_reviewer_query_sketch/pair7_qwen25_uncensored_bespoke/hotpotqa/fairness_evict/evict_r0.30_0713_0339,nan,nan,0.3,,
pair7_qwen25_uncensored_bespoke,hotpotqa,fairness_evict,ValueNorm/Evict,,,,500,0.15,0.37304878599999963,0.0021403121689522594,query_agnostic_kv_v1,bf16,/home/xay/KVMergeComm/snapshots/stage3_core_reviewer_query_sketch/pair7_qwen25_uncensored_bespoke/hotpotqa/fairness_evict/evict_r0.35_0713_0347,nan,nan,0.35,,
pair7_qwen25_uncensored_bespoke,hotpotqa,fairness_evict,ValueNorm/Evict,,,,500,0.226,0.4213672659999994,0.0021388989196361855,query_agnostic_kv_v1,bf16,/home/xay/KVMergeComm/snapshots/stage3_core_reviewer_query_sketch/pair7_qwen25_uncensored_bespoke/hotpotqa/fairness_evict/evict_r0.40_0713_0355,nan,nan,0.4,,
pair7_qwen25_uncensored_bespoke,hotpotqa,fairness_evict,ValueNorm/Evict,,,,500,0.39,0.5178959979999985,0.00264355544689298,query_agnostic_kv_v1,bf16,/home/xay/KVMergeComm/snapshots/stage3_core_reviewer_query_sketch/pair7_qwen25_uncensored_bespoke/hotpotqa/fairness_evict/evict_r0.50_0713_0402,nan,nan,0.5,,
pair7_qwen25_uncensored_bespoke,hotpotqa,fairness_random,Random,,,,500,0.046,0.1803403420000003,0.002180146299864677,query_agnostic_kv_v1,bf16,/home/xay/KVMergeComm/snapshots/stage3_core_reviewer_query_sketch/pair7_qwen25_uncensored_bespoke/hotpotqa/fairness_random/random_r0.15_0713_0407,nan,nan,0.15,,
pair7_qwen25_uncensored_bespoke,hotpotqa,fairness_random,Random,,,,500,0.06,0.22861084199999998,0.002134472837405815,query_agnostic_kv_v1,bf16,/home/xay/KVMergeComm/snapshots/stage3_core_reviewer_query_sketch/pair7_qwen25_uncensored_bespoke/hotpotqa/fairness_random/random_r0.20_0713_0416,nan,nan,0.2,,
pair7_qwen25_uncensored_bespoke,hotpotqa,fairness_random,Random,,,,500,0.096,0.2767363120000001,0.0022847026886242358,query_agnostic_kv_v1,bf16,/home/xay/KVMergeComm/snapshots/stage3_core_reviewer_query_sketch/pair7_qwen25_uncensored_bespoke/hotpotqa/fairness_random/random_r0.25_0713_0425,nan,nan,0.25,,
pair7_qwen25_uncensored_bespoke,hotpotqa,fairness_random,Random,,,,500,0.104,0.32497537999999954,0.0022209709064132887,query_agnostic_kv_v1,bf16,/home/xay/KVMergeComm/snapshots/stage3_core_reviewer_query_sketch/pair7_qwen25_uncensored_bespoke/hotpotqa/fairness_random/random_r0.30_0713_0433,nan,nan,0.3,,
pair7_qwen25_uncensored_bespoke,hotpotqa,fairness_random,Random,,,,500,0.138,0.37304878599999963,0.0021403121689522594,query_agnostic_kv_v1,bf16,/home/xay/KVMergeComm/snapshots/stage3_core_reviewer_query_sketch/pair7_qwen25_uncensored_bespoke/hotpotqa/fairness_random/random_r0.35_0713_0441,nan,nan,0.35,,
pair7_qwen25_uncensored_bespoke,hotpotqa,fairness_random,Random,,,,500,0.17,0.4213672659999994,0.0021388989196361855,query_agnostic_kv_v1,bf16,/home/xay/KVMergeComm/snapshots/stage3_core_reviewer_query_sketch/pair7_qwen25_uncensored_bespoke/hotpotqa/fairness_random/random_r0.40_0713_0449,nan,nan,0.4,,
pair7_qwen25_uncensored_bespoke,hotpotqa,fairness_random,Random,,,,500,0.224,0.5178959979999985,0.00264355544689298,query_agnostic_kv_v1,bf16,/home/xay/KVMergeComm/snapshots/stage3_core_reviewer_query_sketch/pair7_qwen25_uncensored_bespoke/hotpotqa/fairness_random/random_r0.50_0713_0456,nan,nan,0.5,,
pair7_qwen25_uncensored_bespoke,hotpotqa,fairness_rekv,ReKV,,,8,500,0.24,0.1803403420000003,0.002180146299864677,query_sketch_bf16_v1,bf16,/home/xay/KVMergeComm/snapshots/stage3_core_reviewer_query_sketch/pair7_qwen25_uncensored_bespoke/hotpotqa/fairness_rekv/rekv_w8_r0.15_0713_0503,nan,nan,0.15,,
pair7_qwen25_uncensored_bespoke,hotpotqa,fairness_rekv,ReKV,,,8,500,0.258,0.22861084199999998,0.002134472837405815,query_sketch_bf16_v1,bf16,/home/xay/KVMergeComm/snapshots/stage3_core_reviewer_query_sketch/pair7_qwen25_uncensored_bespoke/hotpotqa/fairness_rekv/rekv_w8_r0.20_0713_0508,nan,nan,0.2,,
pair7_qwen25_uncensored_bespoke,hotpotqa,fairness_rekv,ReKV,,,8,500,0.276,0.2767363120000001,0.0022847026886242358,query_sketch_bf16_v1,bf16,/home/xay/KVMergeComm/snapshots/stage3_core_reviewer_query_sketch/pair7_qwen25_uncensored_bespoke/hotpotqa/fairness_rekv/rekv_w8_r0.25_0713_0514,nan,nan,0.25,,
pair7_qwen25_uncensored_bespoke,hotpotqa,fairness_rekv,ReKV,,,8,500,0.342,0.32497537999999954,0.0022209709064132887,query_sketch_bf16_v1,bf16,/home/xay/KVMergeComm/snapshots/stage3_core_reviewer_query_sketch/pair7_qwen25_uncensored_bespoke/hotpotqa/fairness_rekv/rekv_w8_r0.30_0713_0519,nan,nan,0.3,,
pair7_qwen25_uncensored_bespoke,hotpotqa,fairness_rekv,ReKV,,,8,500,0.378,0.37304878599999963,0.0021403121689522594,query_sketch_bf16_v1,bf16,/home/xay/KVMergeComm/snapshots/stage3_core_reviewer_query_sketch/pair7_qwen25_uncensored_bespoke/hotpotqa/fairness_rekv/rekv_w8_r0.35_0713_0525,nan,nan,0.35,,
pair7_qwen25_uncensored_bespoke,hotpotqa,fairness_rekv,ReKV,,,8,500,0.404,0.4213672659999994,0.0021388989196361855,query_sketch_bf16_v1,bf16,/home/xay/KVMergeComm/snapshots/stage3_core_reviewer_query_sketch/pair7_qwen25_uncensored_bespoke/hotpotqa/fairness_rekv/rekv_w8_r0.40_0713_0530,nan,nan,0.4,,
pair7_qwen25_uncensored_bespoke,hotpotqa,fairness_rekv,ReKV,,,8,500,0.442,0.5178959979999985,0.00264355544689298,query_sketch_bf16_v1,bf16,/home/xay/KVMergeComm/snapshots/stage3_core_reviewer_query_sketch/pair7_qwen25_uncensored_bespoke/hotpotqa/fairness_rekv/rekv_w8_r0.50_0713_0535,nan,nan,0.5,,
pair7_qwen25_uncensored_bespoke,multifieldqa_en,coverage,B-ReKV,0.9,0.65,16,150,0.22666666666666666,0.23289113333333333,0.03093531128311861,query_sketch_bf16_v1,bf16,/home/xay/KVMergeComm/snapshots/stage3_core_reviewer_query_sketch/pair7_qwen25_uncensored_bespoke/multifieldqa_en/coverage/cov_t0.90_s0.65_w16_0713_0803,0.8424622266666669,0.0024691333333333332,,,
pair7_qwen25_uncensored_bespoke,multifieldqa_en,coverage,B-ReKV,0.9,0.65,8,150,0.22,0.21593285999999998,0.02957549143935898,query_sketch_bf16_v1,bf16,/home/xay/KVMergeComm/snapshots/stage3_core_reviewer_query_sketch/pair7_qwen25_uncensored_bespoke/multifieldqa_en/coverage/cov_t0.90_s0.65_w8_0713_0723,0.8470750133333337,0.006419746666666666,,,
pair7_qwen25_uncensored_bespoke,multifieldqa_en,coverage,B-ReKV,0.9,0.75,16,150,0.3,0.2631224466666668,0.03590659306783013,query_sketch_bf16_v1,bf16,/home/xay/KVMergeComm/snapshots/stage3_core_reviewer_query_sketch/pair7_qwen25_uncensored_bespoke/multifieldqa_en/coverage/cov_t0.90_s0.75_w16_0713_0807,0.8617823600000003,0.0024691333333333332,,,
pair7_qwen25_uncensored_bespoke,multifieldqa_en,coverage,B-ReKV,0.9,0.75,8,150,0.24,0.24350882,0.034377895575728665,query_sketch_bf16_v1,bf16,/home/xay/KVMergeComm/snapshots/stage3_core_reviewer_query_sketch/pair7_qwen25_uncensored_bespoke/multifieldqa_en/coverage/cov_t0.90_s0.75_w8_0713_0728,0.864826093333333,0.006419746666666666,,,
pair7_qwen25_uncensored_bespoke,multifieldqa_en,coverage,B-ReKV,0.9,0.85,16,150,0.29333333333333333,0.29338497999999996,0.04082559276117875,query_sketch_bf16_v1,bf16,/home/xay/KVMergeComm/snapshots/stage3_core_reviewer_query_sketch/pair7_qwen25_uncensored_bespoke/multifieldqa_en/coverage/cov_t0.90_s0.85_w16_0713_0812,0.8785772133333334,0.0024691333333333332,,,
pair7_qwen25_uncensored_bespoke,multifieldqa_en,coverage,B-ReKV,0.9,0.85,8,150,0.29333333333333333,0.27112974666666667,0.0391212859641965,query_sketch_bf16_v1,bf16,/home/xay/KVMergeComm/snapshots/stage3_core_reviewer_query_sketch/pair7_qwen25_uncensored_bespoke/multifieldqa_en/coverage/cov_t0.90_s0.85_w8_0713_0732,0.8802844000000001,0.006419746666666666,,,
pair7_qwen25_uncensored_bespoke,multifieldqa_en,coverage,B-ReKV,0.95,0.65,16,150,0.2733333333333333,0.3328470199999999,0.03707706269804869,query_sketch_bf16_v1,bf16,/home/xay/KVMergeComm/snapshots/stage3_core_reviewer_query_sketch/pair7_qwen25_uncensored_bespoke/multifieldqa_en/coverage/cov_t0.95_s0.65_w16_0713_0816,0.897026146666667,0.0,,,
pair7_qwen25_uncensored_bespoke,multifieldqa_en,coverage,B-ReKV,0.95,0.65,8,150,0.31333333333333335,0.31543589333333355,0.03640109017859064,query_sketch_bf16_v1,bf16,/home/xay/KVMergeComm/snapshots/stage3_core_reviewer_query_sketch/pair7_qwen25_uncensored_bespoke/multifieldqa_en/coverage/cov_t0.95_s0.65_w8_0713_0736,0.901125986666667,0.0,,,
pair7_qwen25_uncensored_bespoke,multifieldqa_en,coverage,B-ReKV,0.95,0.75,16,150,0.34,0.3785583666666666,0.042778418221055416,query_sketch_bf16_v1,bf16,/home/xay/KVMergeComm/snapshots/stage3_core_reviewer_query_sketch/pair7_qwen25_uncensored_bespoke/multifieldqa_en/coverage/cov_t0.95_s0.75_w16_0713_0821,0.9154762133333331,0.0,,,
pair7_qwen25_uncensored_bespoke,multifieldqa_en,coverage,B-ReKV,0.95,0.75,8,150,0.31333333333333335,0.35847211333333345,0.04199519284083295,query_sketch_bf16_v1,bf16,/home/xay/KVMergeComm/snapshots/stage3_core_reviewer_query_sketch/pair7_qwen25_uncensored_bespoke/multifieldqa_en/coverage/cov_t0.95_s0.75_w8_0713_0740,0.9181091866666664,0.0,,,
pair7_qwen25_uncensored_bespoke,multifieldqa_en,coverage,B-ReKV,0.95,0.85,16,150,0.35333333333333333,0.42427141333333357,0.04848645131605306,query_sketch_bf16_v1,bf16,/home/xay/KVMergeComm/snapshots/stage3_core_reviewer_query_sketch/pair7_qwen25_uncensored_bespoke/multifieldqa_en/coverage/cov_t0.95_s0.85_w16_0713_0825,0.9310179400000003,0.0,,,
pair7_qwen25_uncensored_bespoke,multifieldqa_en,coverage,B-ReKV,0.95,0.85,8,150,0.3333333333333333,0.40150474666666675,0.04759801238140332,query_sketch_bf16_v1,bf16,/home/xay/KVMergeComm/snapshots/stage3_core_reviewer_query_sketch/pair7_qwen25_uncensored_bespoke/multifieldqa_en/coverage/cov_t0.95_s0.85_w8_0713_0745,0.9324390400000002,0.0,,,
pair7_qwen25_uncensored_bespoke,multifieldqa_en,coverage,B-ReKV,0.98,0.65,16,150,0.35333333333333333,0.4449058066666665,0.03693426798689087,query_sketch_bf16_v1,bf16,/home/xay/KVMergeComm/snapshots/stage3_core_reviewer_query_sketch/pair7_qwen25_uncensored_bespoke/multifieldqa_en/coverage/cov_t0.98_s0.65_w16_0713_0830,0.9347696400000003,0.0,,,
pair7_qwen25_uncensored_bespoke,multifieldqa_en,coverage,B-ReKV,0.98,0.65,8,150,0.36666666666666664,0.43032190000000003,0.03676560012895591,query_sketch_bf16_v1,bf16,/home/xay/KVMergeComm/snapshots/stage3_core_reviewer_query_sketch/pair7_qwen25_uncensored_bespoke/multifieldqa_en/coverage/cov_t0.98_s0.65_w8_0713_0749,0.9383899866666673,0.0,,,
pair7_qwen25_uncensored_bespoke,multifieldqa_en,coverage,B-ReKV,0.98,0.75,16,150,0.4,0.5078553266666668,0.04261771794987373,query_sketch_bf16_v1,bf16,/home/xay/KVMergeComm/snapshots/stage3_core_reviewer_query_sketch/pair7_qwen25_uncensored_bespoke/multifieldqa_en/coverage/cov_t0.98_s0.75_w16_0713_0834,0.9513120933333331,0.0,,,
pair7_qwen25_uncensored_bespoke,multifieldqa_en,coverage,B-ReKV,0.98,0.75,8,150,0.37333333333333335,0.49102934666666687,0.04242320595708997,query_sketch_bf16_v1,bf16,/home/xay/KVMergeComm/snapshots/stage3_core_reviewer_query_sketch/pair7_qwen25_uncensored_bespoke/multifieldqa_en/coverage/cov_t0.98_s0.75_w8_0713_0754,0.9535633133333331,0.0,,,
pair7_qwen25_uncensored_bespoke,multifieldqa_en,coverage,B-ReKV,0.98,0.85,16,150,0.3933333333333333,0.5673629666666666,0.04755852016277113,query_sketch_bf16_v1,bf16,/home/xay/KVMergeComm/snapshots/stage3_core_reviewer_query_sketch/pair7_qwen25_uncensored_bespoke/multifieldqa_en/coverage/cov_t0.98_s0.85_w16_0713_0839,0.9635796266666663,0.0,,,
pair7_qwen25_uncensored_bespoke,multifieldqa_en,coverage,B-ReKV,0.98,0.85,8,150,0.4,0.5489313533333335,0.04754461587441979,query_sketch_bf16_v1,bf16,/home/xay/KVMergeComm/snapshots/stage3_core_reviewer_query_sketch/pair7_qwen25_uncensored_bespoke/multifieldqa_en/coverage/cov_t0.98_s0.85_w8_0713_0758,0.9649866133333338,0.0,,,
pair7_qwen25_uncensored_bespoke,multifieldqa_en,fairness_evict,ValueNorm/Evict,,,,150,0.03333333333333333,0.18035256,6.781315427420677e-05,query_agnostic_kv_v1,bf16,/home/xay/KVMergeComm/snapshots/stage3_core_reviewer_query_sketch/pair7_qwen25_uncensored_bespoke/multifieldqa_en/fairness_evict/evict_r0.15_0713_0537,nan,nan,0.15,,
pair7_qwen25_uncensored_bespoke,multifieldqa_en,fairness_evict,ValueNorm/Evict,,,,150,0.02666666666666667,0.22857514666666665,6.538911785443156e-05,query_agnostic_kv_v1,bf16,/home/xay/KVMergeComm/snapshots/stage3_core_reviewer_query_sketch/pair7_qwen25_uncensored_bespoke/multifieldqa_en/fairness_evict/evict_r0.20_0713_0543,nan,nan,0.2,,
pair7_qwen25_uncensored_bespoke,multifieldqa_en,fairness_evict,ValueNorm/Evict,,,,150,0.06,0.27679049333333355,5.802010143064463e-05,query_agnostic_kv_v1,bf16,/home/xay/KVMergeComm/snapshots/stage3_core_reviewer_query_sketch/pair7_qwen25_uncensored_bespoke/multifieldqa_en/fairness_evict/evict_r0.25_0713_0548,nan,nan,0.25,,
pair7_qwen25_uncensored_bespoke,multifieldqa_en,fairness_evict,ValueNorm/Evict,,,,150,0.06666666666666667,0.3250012266666666,6.289803687322688e-05,query_agnostic_kv_v1,bf16,/home/xay/KVMergeComm/snapshots/stage3_core_reviewer_query_sketch/pair7_qwen25_uncensored_bespoke/multifieldqa_en/fairness_evict/evict_r0.30_0713_0554,nan,nan,0.3,,
pair7_qwen25_uncensored_bespoke,multifieldqa_en,fairness_evict,ValueNorm/Evict,,,,150,0.10666666666666667,0.37322506666666677,6.801861832232978e-05,query_agnostic_kv_v1,bf16,/home/xay/KVMergeComm/snapshots/stage3_core_reviewer_query_sketch/pair7_qwen25_uncensored_bespoke/multifieldqa_en/fairness_evict/evict_r0.35_0713_0600,nan,nan,0.35,,
pair7_qwen25_uncensored_bespoke,multifieldqa_en,fairness_evict,ValueNorm/Evict,,,,150,0.14,0.42142562,6.772037552867524e-05,query_agnostic_kv_v1,bf16,/home/xay/KVMergeComm/snapshots/stage3_core_reviewer_query_sketch/pair7_qwen25_uncensored_bespoke/multifieldqa_en/fairness_evict/evict_r0.40_0713_0605,nan,nan,0.4,,
pair7_qwen25_uncensored_bespoke,multifieldqa_en,fairness_evict,ValueNorm/Evict,,,,150,0.2,0.5178679800000004,8.962595426466956e-05,query_agnostic_kv_v1,bf16,/home/xay/KVMergeComm/snapshots/stage3_core_reviewer_query_sketch/pair7_qwen25_uncensored_bespoke/multifieldqa_en/fairness_evict/evict_r0.50_0713_0611,nan,nan,0.5,,
pair7_qwen25_uncensored_bespoke,multifieldqa_en,fairness_random,Random,,,,150,0.05333333333333334,0.18035256,6.781315427420677e-05,query_agnostic_kv_v1,bf16,/home/xay/KVMergeComm/snapshots/stage3_core_reviewer_query_sketch/pair7_qwen25_uncensored_bespoke/multifieldqa_en/fairness_random/random_r0.15_0713_0616,nan,nan,0.15,,
pair7_qwen25_uncensored_bespoke,multifieldqa_en,fairness_random,Random,,,,150,0.11333333333333333,0.22857514666666665,6.538911785443156e-05,query_agnostic_kv_v1,bf16,/home/xay/KVMergeComm/snapshots/stage3_core_reviewer_query_sketch/pair7_qwen25_uncensored_bespoke/multifieldqa_en/fairness_random/random_r0.20_0713_0621,nan,nan,0.2,,
pair7_qwen25_uncensored_bespoke,multifieldqa_en,fairness_random,Random,,,,150,0.10666666666666667,0.27679049333333355,5.802010143064463e-05,query_agnostic_kv_v1,bf16,/home/xay/KVMergeComm/snapshots/stage3_core_reviewer_query_sketch/pair7_qwen25_uncensored_bespoke/multifieldqa_en/fairness_random/random_r0.25_0713_0627,nan,nan,0.25,,
pair7_qwen25_uncensored_bespoke,multifieldqa_en,fairness_random,Random,,,,150,0.13333333333333333,0.3250012266666666,6.289803687322688e-05,query_agnostic_kv_v1,bf16,/home/xay/KVMergeComm/snapshots/stage3_core_reviewer_query_sketch/pair7_qwen25_uncensored_bespoke/multifieldqa_en/fairness_random/random_r0.30_0713_0632,nan,nan,0.3,,
pair7_qwen25_uncensored_bespoke,multifieldqa_en,fairness_random,Random,,,,150,0.16666666666666666,0.37322506666666677,6.801861832232978e-05,query_agnostic_kv_v1,bf16,/home/xay/KVMergeComm/snapshots/stage3_core_reviewer_query_sketch/pair7_qwen25_uncensored_bespoke/multifieldqa_en/fairness_random/random_r0.35_0713_0637,nan,nan,0.35,,
pair7_qwen25_uncensored_bespoke,multifieldqa_en,fairness_random,Random,,,,150,0.16,0.42142562,6.772037552867524e-05,query_agnostic_kv_v1,bf16,/home/xay/KVMergeComm/snapshots/stage3_core_reviewer_query_sketch/pair7_qwen25_uncensored_bespoke/multifieldqa_en/fairness_random/random_r0.40_0713_0643,nan,nan,0.4,,
pair7_qwen25_uncensored_bespoke,multifieldqa_en,fairness_random,Random,,,,150,0.24666666666666667,0.5178679800000004,8.962595426466956e-05,query_agnostic_kv_v1,bf16,/home/xay/KVMergeComm/snapshots/stage3_core_reviewer_query_sketch/pair7_qwen25_uncensored_bespoke/multifieldqa_en/fairness_random/random_r0.50_0713_0649,nan,nan,0.5,,
pair7_qwen25_uncensored_bespoke,multifieldqa_en,fairness_rekv,ReKV,,,8,150,0.25333333333333335,0.18035256,6.781315427420677e-05,query_sketch_bf16_v1,bf16,/home/xay/KVMergeComm/snapshots/stage3_core_reviewer_query_sketch/pair7_qwen25_uncensored_bespoke/multifieldqa_en/fairness_rekv/rekv_w8_r0.15_0713_0654,nan,nan,0.15,,
pair7_qwen25_uncensored_bespoke,multifieldqa_en,fairness_rekv,ReKV,,,8,150,0.3,0.22857514666666665,6.538911785443156e-05,query_sketch_bf16_v1,bf16,/home/xay/KVMergeComm/snapshots/stage3_core_reviewer_query_sketch/pair7_qwen25_uncensored_bespoke/multifieldqa_en/fairness_rekv/rekv_w8_r0.20_0713_0658,nan,nan,0.2,,
pair7_qwen25_uncensored_bespoke,multifieldqa_en,fairness_rekv,ReKV,,,8,150,0.37333333333333335,0.27679049333333355,5.802010143064463e-05,query_sketch_bf16_v1,bf16,/home/xay/KVMergeComm/snapshots/stage3_core_reviewer_query_sketch/pair7_qwen25_uncensored_bespoke/multifieldqa_en/fairness_rekv/rekv_w8_r0.25_0713_0702,nan,nan,0.25,,
pair7_qwen25_uncensored_bespoke,multifieldqa_en,fairness_rekv,ReKV,,,8,150,0.38,0.3250012266666666,6.289803687322688e-05,query_sketch_bf16_v1,bf16,/home/xay/KVMergeComm/snapshots/stage3_core_reviewer_query_sketch/pair7_qwen25_uncensored_bespoke/multifieldqa_en/fairness_rekv/rekv_w8_r0.30_0713_0706,nan,nan,0.3,,
pair7_qwen25_uncensored_bespoke,multifieldqa_en,fairness_rekv,ReKV,,,8,150,0.3933333333333333,0.37322506666666677,6.801861832232978e-05,query_sketch_bf16_v1,bf16,/home/xay/KVMergeComm/snapshots/stage3_core_reviewer_query_sketch/pair7_qwen25_uncensored_bespoke/multifieldqa_en/fairness_rekv/rekv_w8_r0.35_0713_0710,nan,nan,0.35,,
pair7_qwen25_uncensored_bespoke,multifieldqa_en,fairness_rekv,ReKV,,,8,150,0.38,0.42142562,6.772037552867524e-05,query_sketch_bf16_v1,bf16,/home/xay/KVMergeComm/snapshots/stage3_core_reviewer_query_sketch/pair7_qwen25_uncensored_bespoke/multifieldqa_en/fairness_rekv/rekv_w8_r0.40_0713_0714,nan,nan,0.4,,
pair7_qwen25_uncensored_bespoke,multifieldqa_en,fairness_rekv,ReKV,,,8,150,0.37333333333333335,0.5178679800000004,8.962595426466956e-05,query_sketch_bf16_v1,bf16,/home/xay/KVMergeComm/snapshots/stage3_core_reviewer_query_sketch/pair7_qwen25_uncensored_bespoke/multifieldqa_en/fairness_rekv/rekv_w8_r0.50_0713_0719,nan,nan,0.5,,
pair7_qwen25_uncensored_bespoke,musique,coverage,B-ReKV,0.9,0.65,16,500,0.156,0.21928529599999982,0.020634247051713964,query_sketch_bf16_v1,bf16,/home/xay/KVMergeComm/snapshots/stage3_core_reviewer_query_sketch/pair7_qwen25_uncensored_bespoke/musique/coverage/cov_t0.90_s0.65_w16_0713_0437,0.8416935800000006,0.000666666,,,
pair7_qwen25_uncensored_bespoke,musique,coverage,B-ReKV,0.9,0.65,8,500,0.146,0.19952404399999982,0.020134500346083512,query_sketch_bf16_v1,bf16,/home/xay/KVMergeComm/snapshots/stage3_core_reviewer_query_sketch/pair7_qwen25_uncensored_bespoke/musique/coverage/cov_t0.90_s0.65_w8_0713_0337,0.8430961939999997,0.0012592579999999999,,,
pair7_qwen25_uncensored_bespoke,musique,coverage,B-ReKV,0.9,0.75,16,500,0.178,0.2474419199999999,0.023892203695608842,query_sketch_bf16_v1,bf16,/home/xay/KVMergeComm/snapshots/stage3_core_reviewer_query_sketch/pair7_qwen25_uncensored_bespoke/musique/coverage/cov_t0.90_s0.75_w16_0713_0444,0.8602027359999991,0.000666666,,,
pair7_qwen25_uncensored_bespoke,musique,coverage,B-ReKV,0.9,0.75,8,500,0.174,0.22455244199999988,0.023350267221882128,query_sketch_bf16_v1,bf16,/home/xay/KVMergeComm/snapshots/stage3_core_reviewer_query_sketch/pair7_qwen25_uncensored_bespoke/musique/coverage/cov_t0.90_s0.75_w8_0713_0344,0.8612416980000006,0.0012592579999999999,,,
pair7_qwen25_uncensored_bespoke,musique,coverage,B-ReKV,0.9,0.85,16,500,0.198,0.2756554600000002,0.027147399192818975,query_sketch_bf16_v1,bf16,/home/xay/KVMergeComm/snapshots/stage3_core_reviewer_query_sketch/pair7_qwen25_uncensored_bespoke/musique/coverage/cov_t0.90_s0.85_w16_0713_0451,0.8763372819999998,0.000666666,,,
pair7_qwen25_uncensored_bespoke,musique,coverage,B-ReKV,0.9,0.85,8,500,0.186,0.24966730999999995,0.02650363795579173,query_sketch_bf16_v1,bf16,/home/xay/KVMergeComm/snapshots/stage3_core_reviewer_query_sketch/pair7_qwen25_uncensored_bespoke/musique/coverage/cov_t0.90_s0.85_w8_0713_0351,0.8768692220000003,0.0012592579999999999,,,
pair7_qwen25_uncensored_bespoke,musique,coverage,B-ReKV,0.95,0.65,16,500,0.224,0.3271234819999998,0.026520341935548877,query_sketch_bf16_v1,bf16,/home/xay/KVMergeComm/snapshots/stage3_core_reviewer_query_sketch/pair7_qwen25_uncensored_bespoke/musique/coverage/cov_t0.95_s0.65_w16_0713_0458,0.897785654,0.0,,,
pair7_qwen25_uncensored_bespoke,musique,coverage,B-ReKV,0.95,0.65,8,500,0.21,0.303026582,0.026359513701516516,query_sketch_bf16_v1,bf16,/home/xay/KVMergeComm/snapshots/stage3_core_reviewer_query_sketch/pair7_qwen25_uncensored_bespoke/musique/coverage/cov_t0.95_s0.65_w8_0713_0358,0.9018469099999995,0.0,,,
pair7_qwen25_uncensored_bespoke,musique,coverage,B-ReKV,0.95,0.75,16,500,0.23,0.371919314,0.030585933536644246,query_sketch_bf16_v1,bf16,/home/xay/KVMergeComm/snapshots/stage3_core_reviewer_query_sketch/pair7_qwen25_uncensored_bespoke/musique/coverage/cov_t0.95_s0.75_w16_0713_0505,0.9155209020000007,0.0,,,
pair7_qwen25_uncensored_bespoke,musique,coverage,B-ReKV,0.95,0.75,8,500,0.224,0.34411705199999976,0.030376142178898266,query_sketch_bf16_v1,bf16,/home/xay/KVMergeComm/snapshots/stage3_core_reviewer_query_sketch/pair7_qwen25_uncensored_bespoke/musique/coverage/cov_t0.95_s0.75_w8_0713_0405,0.9182915980000005,0.0,,,
pair7_qwen25_uncensored_bespoke,musique,coverage,B-ReKV,0.95,0.85,16,500,0.244,0.4162120619999995,0.034514616933442564,query_sketch_bf16_v1,bf16,/home/xay/KVMergeComm/snapshots/stage3_core_reviewer_query_sketch/pair7_qwen25_uncensored_bespoke/musique/coverage/cov_t0.95_s0.85_w16_0713_0511,0.9302877860000006,0.0,,,
pair7_qwen25_uncensored_bespoke,musique,coverage,B-ReKV,0.95,0.85,8,500,0.232,0.38492598999999955,0.034253079526957275,query_sketch_bf16_v1,bf16,/home/xay/KVMergeComm/snapshots/stage3_core_reviewer_query_sketch/pair7_qwen25_uncensored_bespoke/musique/coverage/cov_t0.95_s0.85_w8_0713_0411,0.9319951500000002,0.0,,,
pair7_qwen25_uncensored_bespoke,musique,coverage,B-ReKV,0.98,0.65,16,500,0.248,0.44883162800000004,0.02713868829000067,query_sketch_bf16_v1,bf16,/home/xay/KVMergeComm/snapshots/stage3_core_reviewer_query_sketch/pair7_qwen25_uncensored_bespoke/musique/coverage/cov_t0.98_s0.65_w16_0713_0518,0.9350998980000003,0.0,,,
pair7_qwen25_uncensored_bespoke,musique,coverage,B-ReKV,0.98,0.65,8,500,0.25,0.4272506119999998,0.027451903343115862,query_sketch_bf16_v1,bf16,/home/xay/KVMergeComm/snapshots/stage3_core_reviewer_query_sketch/pair7_qwen25_uncensored_bespoke/musique/coverage/cov_t0.98_s0.65_w8_0713_0418,0.9394564860000005,0.0,,,
pair7_qwen25_uncensored_bespoke,musique,coverage,B-ReKV,0.98,0.75,16,500,0.242,0.5123615959999998,0.03130721981092161,query_sketch_bf16_v1,bf16,/home/xay/KVMergeComm/snapshots/stage3_core_reviewer_query_sketch/pair7_qwen25_uncensored_bespoke/musique/coverage/cov_t0.98_s0.75_w16_0713_0524,0.9511940679999998,0.0,,,
pair7_qwen25_uncensored_bespoke,musique,coverage,B-ReKV,0.98,0.75,8,500,0.272,0.48743121600000017,0.03164890101473075,query_sketch_bf16_v1,bf16,/home/xay/KVMergeComm/snapshots/stage3_core_reviewer_query_sketch/pair7_qwen25_uncensored_bespoke/musique/coverage/cov_t0.98_s0.75_w8_0713_0424,0.9540202900000004,0.0,,,
pair7_qwen25_uncensored_bespoke,musique,coverage,B-ReKV,0.98,0.85,16,500,0.268,0.5695002519999995,0.03490298399627435,query_sketch_bf16_v1,bf16,/home/xay/KVMergeComm/snapshots/stage3_core_reviewer_query_sketch/pair7_qwen25_uncensored_bespoke/musique/coverage/cov_t0.98_s0.85_w16_0713_0531,0.9616627979999999,0.0,,,
pair7_qwen25_uncensored_bespoke,musique,coverage,B-ReKV,0.98,0.85,8,500,0.288,0.5420721159999998,0.03530389245870796,query_sketch_bf16_v1,bf16,/home/xay/KVMergeComm/snapshots/stage3_core_reviewer_query_sketch/pair7_qwen25_uncensored_bespoke/musique/coverage/cov_t0.98_s0.85_w8_0713_0431,0.9636571320000009,0.0,,,
pair7_qwen25_uncensored_bespoke,musique,fairness_evict,ValueNorm/Evict,,,,500,0.056,0.1804071920000002,0.0009797307997690152,query_agnostic_kv_v1,bf16,/home/xay/KVMergeComm/snapshots/stage3_core_reviewer_query_sketch/pair7_qwen25_uncensored_bespoke/musique/fairness_evict/evict_r0.15_0713_0109,nan,nan,0.15,,
pair7_qwen25_uncensored_bespoke,musique,fairness_evict,ValueNorm/Evict,,,,500,0.078,0.2285975440000001,0.0009176172201901937,query_agnostic_kv_v1,bf16,/home/xay/KVMergeComm/snapshots/stage3_core_reviewer_query_sketch/pair7_qwen25_uncensored_bespoke/musique/fairness_evict/evict_r0.20_0713_0117,nan,nan,0.2,,
pair7_qwen25_uncensored_bespoke,musique,fairness_evict,ValueNorm/Evict,,,,500,0.116,0.2767344580000001,0.0010228757039089822,query_agnostic_kv_v1,bf16,/home/xay/KVMergeComm/snapshots/stage3_core_reviewer_query_sketch/pair7_qwen25_uncensored_bespoke/musique/fairness_evict/evict_r0.25_0713_0124,nan,nan,0.25,,
pair7_qwen25_uncensored_bespoke,musique,fairness_evict,ValueNorm/Evict,,,,500,0.142,0.32493689399999987,0.0009091382267811581,query_agnostic_kv_v1,bf16,/home/xay/KVMergeComm/snapshots/stage3_core_reviewer_query_sketch/pair7_qwen25_uncensored_bespoke/musique/fairness_evict/evict_r0.30_0713_0132,nan,nan,0.3,,
pair7_qwen25_uncensored_bespoke,musique,fairness_evict,ValueNorm/Evict,,,,500,0.172,0.37316090999999973,0.0009344390137622046,query_agnostic_kv_v1,bf16,/home/xay/KVMergeComm/snapshots/stage3_core_reviewer_query_sketch/pair7_qwen25_uncensored_bespoke/musique/fairness_evict/evict_r0.35_0713_0139,nan,nan,0.35,,
pair7_qwen25_uncensored_bespoke,musique,fairness_evict,ValueNorm/Evict,,,,500,0.212,0.42143143199999955,0.0008810282077104914,query_agnostic_kv_v1,bf16,/home/xay/KVMergeComm/snapshots/stage3_core_reviewer_query_sketch/pair7_qwen25_uncensored_bespoke/musique/fairness_evict/evict_r0.40_0713_0146,nan,nan,0.4,,
pair7_qwen25_uncensored_bespoke,musique,fairness_evict,ValueNorm/Evict,,,,500,0.3,0.5178289699999992,0.0010917118588095152,query_agnostic_kv_v1,bf16,/home/xay/KVMergeComm/snapshots/stage3_core_reviewer_query_sketch/pair7_qwen25_uncensored_bespoke/musique/fairness_evict/evict_r0.50_0713_0152,nan,nan,0.5,,
pair7_qwen25_uncensored_bespoke,musique,fairness_random,Random,,,,500,0.038,0.1804071920000002,0.0009797307997690152,query_agnostic_kv_v1,bf16,/home/xay/KVMergeComm/snapshots/stage3_core_reviewer_query_sketch/pair7_qwen25_uncensored_bespoke/musique/fairness_random/random_r0.15_0713_0157,nan,nan,0.15,,
pair7_qwen25_uncensored_bespoke,musique,fairness_random,Random,,,,500,0.048,0.2285975440000001,0.0009176172201901937,query_agnostic_kv_v1,bf16,/home/xay/KVMergeComm/snapshots/stage3_core_reviewer_query_sketch/pair7_qwen25_uncensored_bespoke/musique/fairness_random/random_r0.20_0713_0206,nan,nan,0.2,,
pair7_qwen25_uncensored_bespoke,musique,fairness_random,Random,,,,500,0.058,0.2767344580000001,0.0010228757039089822,query_agnostic_kv_v1,bf16,/home/xay/KVMergeComm/snapshots/stage3_core_reviewer_query_sketch/pair7_qwen25_uncensored_bespoke/musique/fairness_random/random_r0.25_0713_0215,nan,nan,0.25,,
pair7_qwen25_uncensored_bespoke,musique,fairness_random,Random,,,,500,0.092,0.32493689399999987,0.0009091382267811581,query_agnostic_kv_v1,bf16,/home/xay/KVMergeComm/snapshots/stage3_core_reviewer_query_sketch/pair7_qwen25_uncensored_bespoke/musique/fairness_random/random_r0.30_0713_0223,nan,nan,0.3,,
pair7_qwen25_uncensored_bespoke,musique,fairness_random,Random,,,,500,0.098,0.37316090999999973,0.0009344390137622046,query_agnostic_kv_v1,bf16,/home/xay/KVMergeComm/snapshots/stage3_core_reviewer_query_sketch/pair7_qwen25_uncensored_bespoke/musique/fairness_random/random_r0.35_0713_0231,nan,nan,0.35,,
pair7_qwen25_uncensored_bespoke,musique,fairness_random,Random,,,,500,0.106,0.42143143199999955,0.0008810282077104914,query_agnostic_kv_v1,bf16,/home/xay/KVMergeComm/snapshots/stage3_core_reviewer_query_sketch/pair7_qwen25_uncensored_bespoke/musique/fairness_random/random_r0.40_0713_0239,nan,nan,0.4,,
pair7_qwen25_uncensored_bespoke,musique,fairness_random,Random,,,,500,0.154,0.5178289699999992,0.0010917118588095152,query_agnostic_kv_v1,bf16,/home/xay/KVMergeComm/snapshots/stage3_core_reviewer_query_sketch/pair7_qwen25_uncensored_bespoke/musique/fairness_random/random_r0.50_0713_0247,nan,nan,0.5,,
pair7_qwen25_uncensored_bespoke,musique,fairness_rekv,ReKV,,,8,500,0.168,0.1804071920000002,0.0009797307997690152,query_sketch_bf16_v1,bf16,/home/xay/KVMergeComm/snapshots/stage3_core_reviewer_query_sketch/pair7_qwen25_uncensored_bespoke/musique/fairness_rekv/rekv_w8_r0.15_0713_0255,nan,nan,0.15,,
pair7_qwen25_uncensored_bespoke,musique,fairness_rekv,ReKV,,,8,500,0.182,0.2285975440000001,0.0009176172201901937,query_sketch_bf16_v1,bf16,/home/xay/KVMergeComm/snapshots/stage3_core_reviewer_query_sketch/pair7_qwen25_uncensored_bespoke/musique/fairness_rekv/rekv_w8_r0.20_0713_0301,nan,nan,0.2,,
pair7_qwen25_uncensored_bespoke,musique,fairness_rekv,ReKV,,,8,500,0.22,0.2767344580000001,0.0010228757039089822,query_sketch_bf16_v1,bf16,/home/xay/KVMergeComm/snapshots/stage3_core_reviewer_query_sketch/pair7_qwen25_uncensored_bespoke/musique/fairness_rekv/rekv_w8_r0.25_0713_0307,nan,nan,0.25,,
pair7_qwen25_uncensored_bespoke,musique,fairness_rekv,ReKV,,,8,500,0.226,0.32493689399999987,0.0009091382267811581,query_sketch_bf16_v1,bf16,/home/xay/KVMergeComm/snapshots/stage3_core_reviewer_query_sketch/pair7_qwen25_uncensored_bespoke/musique/fairness_rekv/rekv_w8_r0.30_0713_0313,nan,nan,0.3,,
pair7_qwen25_uncensored_bespoke,musique,fairness_rekv,ReKV,,,8,500,0.268,0.37316090999999973,0.0009344390137622046,query_sketch_bf16_v1,bf16,/home/xay/KVMergeComm/snapshots/stage3_core_reviewer_query_sketch/pair7_qwen25_uncensored_bespoke/musique/fairness_rekv/rekv_w8_r0.35_0713_0320,nan,nan,0.35,,
pair7_qwen25_uncensored_bespoke,musique,fairness_rekv,ReKV,,,8,500,0.286,0.42143143199999955,0.0008810282077104914,query_sketch_bf16_v1,bf16,/home/xay/KVMergeComm/snapshots/stage3_core_reviewer_query_sketch/pair7_qwen25_uncensored_bespoke/musique/fairness_rekv/rekv_w8_r0.40_0713_0326,nan,nan,0.4,,
pair7_qwen25_uncensored_bespoke,musique,fairness_rekv,ReKV,,,8,500,0.3,0.5178289699999992,0.0010917118588095152,query_sketch_bf16_v1,bf16,/home/xay/KVMergeComm/snapshots/stage3_core_reviewer_query_sketch/pair7_qwen25_uncensored_bespoke/musique/fairness_rekv/rekv_w8_r0.50_0713_0331,nan,nan,0.5,,
