pair,task,method,n,bandwidth_gbps,rtt_ms,rtt_rounds,payload_bytes_mean,compute_s_mean,transfer_s_mean,network_s_mean,e2e_s_mean,e2e_s_median,e2e_s_p95,source
pair1_llama31_same,hotpotqa,B-ReKV,50,1.0,0.0,1,7164526.0,0.20306053999999998,0.057316208,0.057316208,0.260376748,0.21464726,0.5552877999999994,/home/xay/KVMergeComm/snapshots/query_sketch_cost_v1/pair1_llama31_same/hotpotqa/brekv/brekv_bf16_t0.95_s0.75_w8_0714_0545/cost_profile.jsonl
pair1_llama31_same,hotpotqa,B-ReKV,50,1.0,1.0,1,7164526.0,0.20306053999999998,0.057316208,0.05831620800000001,0.26137674800000005,0.21564726,0.5562877999999994,/home/xay/KVMergeComm/snapshots/query_sketch_cost_v1/pair1_llama31_same/hotpotqa/brekv/brekv_bf16_t0.95_s0.75_w8_0714_0545/cost_profile.jsonl
pair1_llama31_same,hotpotqa,B-ReKV,50,1.0,10.0,1,7164526.0,0.20306053999999998,0.057316208,0.067316208,0.270376748,0.22464726,0.5652877999999995,/home/xay/KVMergeComm/snapshots/query_sketch_cost_v1/pair1_llama31_same/hotpotqa/brekv/brekv_bf16_t0.95_s0.75_w8_0714_0545/cost_profile.jsonl
pair1_llama31_same,hotpotqa,B-ReKV,50,1.0,50.0,1,7164526.0,0.20306053999999998,0.057316208,0.107316208,0.310376748,0.26464726,0.6052877999999994,/home/xay/KVMergeComm/snapshots/query_sketch_cost_v1/pair1_llama31_same/hotpotqa/brekv/brekv_bf16_t0.95_s0.75_w8_0714_0545/cost_profile.jsonl
pair1_llama31_same,hotpotqa,B-ReKV,50,10.0,0.0,1,7164526.0,0.20306053999999998,0.005731620799999998,0.005731620799999998,0.20879216080000002,0.168209696,0.5035071999999995,/home/xay/KVMergeComm/snapshots/query_sketch_cost_v1/pair1_llama31_same/hotpotqa/brekv/brekv_bf16_t0.95_s0.75_w8_0714_0545/cost_profile.jsonl
pair1_llama31_same,hotpotqa,B-ReKV,50,10.0,1.0,1,7164526.0,0.20306053999999998,0.005731620799999998,0.006731620799999999,0.20979216080000002,0.169209696,0.5045071999999995,/home/xay/KVMergeComm/snapshots/query_sketch_cost_v1/pair1_llama31_same/hotpotqa/brekv/brekv_bf16_t0.95_s0.75_w8_0714_0545/cost_profile.jsonl
pair1_llama31_same,hotpotqa,B-ReKV,50,10.0,10.0,1,7164526.0,0.20306053999999998,0.005731620799999998,0.015731620800000002,0.21879216080000005,0.178209696,0.5135071999999995,/home/xay/KVMergeComm/snapshots/query_sketch_cost_v1/pair1_llama31_same/hotpotqa/brekv/brekv_bf16_t0.95_s0.75_w8_0714_0545/cost_profile.jsonl
pair1_llama31_same,hotpotqa,B-ReKV,50,10.0,50.0,1,7164526.0,0.20306053999999998,0.005731620799999998,0.055731620800000006,0.2587921608,0.218209696,0.5535071999999994,/home/xay/KVMergeComm/snapshots/query_sketch_cost_v1/pair1_llama31_same/hotpotqa/brekv/brekv_bf16_t0.95_s0.75_w8_0714_0545/cost_profile.jsonl
pair1_llama31_same,hotpotqa,B-ReKV,50,25.0,0.0,1,7164526.0,0.20306053999999998,0.0022926483200000005,0.0022926483200000005,0.20535318832,0.1653712784,0.5000551599999994,/home/xay/KVMergeComm/snapshots/query_sketch_cost_v1/pair1_llama31_same/hotpotqa/brekv/brekv_bf16_t0.95_s0.75_w8_0714_0545/cost_profile.jsonl
pair1_llama31_same,hotpotqa,B-ReKV,50,25.0,1.0,1,7164526.0,0.20306053999999998,0.0022926483200000005,0.0032926483200000005,0.20635318832,0.1663712784,0.5010551599999994,/home/xay/KVMergeComm/snapshots/query_sketch_cost_v1/pair1_llama31_same/hotpotqa/brekv/brekv_bf16_t0.95_s0.75_w8_0714_0545/cost_profile.jsonl
pair1_llama31_same,hotpotqa,B-ReKV,50,25.0,10.0,1,7164526.0,0.20306053999999998,0.0022926483200000005,0.012292648319999998,0.21535318831999997,0.1753712784,0.5100551599999994,/home/xay/KVMergeComm/snapshots/query_sketch_cost_v1/pair1_llama31_same/hotpotqa/brekv/brekv_bf16_t0.95_s0.75_w8_0714_0545/cost_profile.jsonl
pair1_llama31_same,hotpotqa,B-ReKV,50,25.0,50.0,1,7164526.0,0.20306053999999998,0.0022926483200000005,0.05229264832000001,0.25535318832000004,0.2153712784,0.5500551599999994,/home/xay/KVMergeComm/snapshots/query_sketch_cost_v1/pair1_llama31_same/hotpotqa/brekv/brekv_bf16_t0.95_s0.75_w8_0714_0545/cost_profile.jsonl
pair1_llama31_same,hotpotqa,B-ReKV,50,100.0,0.0,1,7164526.0,0.20306053999999998,0.0005731620800000001,0.0005731620800000001,0.20363370207999995,0.1639520696,0.4983291399999995,/home/xay/KVMergeComm/snapshots/query_sketch_cost_v1/pair1_llama31_same/hotpotqa/brekv/brekv_bf16_t0.95_s0.75_w8_0714_0545/cost_profile.jsonl
pair1_llama31_same,hotpotqa,B-ReKV,50,100.0,1.0,1,7164526.0,0.20306053999999998,0.0005731620800000001,0.00157316208,0.20463370207999998,0.1649520696,0.4993291399999995,/home/xay/KVMergeComm/snapshots/query_sketch_cost_v1/pair1_llama31_same/hotpotqa/brekv/brekv_bf16_t0.95_s0.75_w8_0714_0545/cost_profile.jsonl
pair1_llama31_same,hotpotqa,B-ReKV,50,100.0,10.0,1,7164526.0,0.20306053999999998,0.0005731620800000001,0.010573162079999998,0.21363370208,0.1739520696,0.5083291399999995,/home/xay/KVMergeComm/snapshots/query_sketch_cost_v1/pair1_llama31_same/hotpotqa/brekv/brekv_bf16_t0.95_s0.75_w8_0714_0545/cost_profile.jsonl
pair1_llama31_same,hotpotqa,B-ReKV,50,100.0,50.0,1,7164526.0,0.20306053999999998,0.0005731620800000001,0.050573162080000005,0.25363370208,0.21395206960000002,0.5483291399999994,/home/xay/KVMergeComm/snapshots/query_sketch_cost_v1/pair1_llama31_same/hotpotqa/brekv/brekv_bf16_t0.95_s0.75_w8_0714_0545/cost_profile.jsonl
pair1_llama31_same,hotpotqa,NLD,50,1.0,0.0,1,437.2,2.10622598,3.4976e-06,3.4976e-06,2.1062294776000003,2.019787892,3.017081722,/home/xay/KVMergeComm/snapshots/nld_receiver_aware_cost_v1/pair1_llama31_same/hotpotqa/nld_aware/nld_aware_cost_0725_2101/cost_profile.jsonl
pair1_llama31_same,hotpotqa,NLD,50,1.0,1.0,1,437.2,2.10622598,3.4976e-06,0.0010034975999999999,2.1072294776,2.0207878920000004,3.018081722,/home/xay/KVMergeComm/snapshots/nld_receiver_aware_cost_v1/pair1_llama31_same/hotpotqa/nld_aware/nld_aware_cost_0725_2101/cost_profile.jsonl
pair1_llama31_same,hotpotqa,NLD,50,1.0,10.0,1,437.2,2.10622598,3.4976e-06,0.0100034976,2.1162294776,2.029787892,3.0270817219999997,/home/xay/KVMergeComm/snapshots/nld_receiver_aware_cost_v1/pair1_llama31_same/hotpotqa/nld_aware/nld_aware_cost_0725_2101/cost_profile.jsonl
pair1_llama31_same,hotpotqa,NLD,50,1.0,50.0,1,437.2,2.10622598,3.4976e-06,0.05000349760000001,2.1562294776,2.069787892,3.0670817219999997,/home/xay/KVMergeComm/snapshots/nld_receiver_aware_cost_v1/pair1_llama31_same/hotpotqa/nld_aware/nld_aware_cost_0725_2101/cost_profile.jsonl
pair1_llama31_same,hotpotqa,NLD,50,10.0,0.0,1,437.2,2.10622598,3.4976000000000003e-07,3.4976000000000003e-07,2.10622632976,2.0197848392,3.0170777421999997,/home/xay/KVMergeComm/snapshots/nld_receiver_aware_cost_v1/pair1_llama31_same/hotpotqa/nld_aware/nld_aware_cost_0725_2101/cost_profile.jsonl
pair1_llama31_same,hotpotqa,NLD,50,10.0,1.0,1,437.2,2.10622598,3.4976000000000003e-07,0.00100034976,2.1072263297599996,2.0207848392,3.0180777421999996,/home/xay/KVMergeComm/snapshots/nld_receiver_aware_cost_v1/pair1_llama31_same/hotpotqa/nld_aware/nld_aware_cost_0725_2101/cost_profile.jsonl
pair1_llama31_same,hotpotqa,NLD,50,10.0,10.0,1,437.2,2.10622598,3.4976000000000003e-07,0.010000349760000003,2.11622632976,2.0297848392,3.0270777421999995,/home/xay/KVMergeComm/snapshots/nld_receiver_aware_cost_v1/pair1_llama31_same/hotpotqa/nld_aware/nld_aware_cost_0725_2101/cost_profile.jsonl
pair1_llama31_same,hotpotqa,NLD,50,10.0,50.0,1,437.2,2.10622598,3.4976000000000003e-07,0.05000034976,2.15622632976,2.0697848392,3.0670777421999995,/home/xay/KVMergeComm/snapshots/nld_receiver_aware_cost_v1/pair1_llama31_same/hotpotqa/nld_aware/nld_aware_cost_0725_2101/cost_profile.jsonl
pair1_llama31_same,hotpotqa,NLD,50,25.0,0.0,1,437.2,2.10622598,1.3990400000000003e-07,1.3990400000000003e-07,2.106226119904,2.01978463568,3.01707747688,/home/xay/KVMergeComm/snapshots/nld_receiver_aware_cost_v1/pair1_llama31_same/hotpotqa/nld_aware/nld_aware_cost_0725_2101/cost_profile.jsonl
pair1_llama31_same,hotpotqa,NLD,50,25.0,1.0,1,437.2,2.10622598,1.3990400000000003e-07,0.001000139904,2.107226119904,2.02078463568,3.01807747688,/home/xay/KVMergeComm/snapshots/nld_receiver_aware_cost_v1/pair1_llama31_same/hotpotqa/nld_aware/nld_aware_cost_0725_2101/cost_profile.jsonl
pair1_llama31_same,hotpotqa,NLD,50,25.0,10.0,1,437.2,2.10622598,1.3990400000000003e-07,0.010000139903999998,2.1162261199040002,2.02978463568,3.0270774768799997,/home/xay/KVMergeComm/snapshots/nld_receiver_aware_cost_v1/pair1_llama31_same/hotpotqa/nld_aware/nld_aware_cost_0725_2101/cost_profile.jsonl
pair1_llama31_same,hotpotqa,NLD,50,25.0,50.0,1,437.2,2.10622598,1.3990400000000003e-07,0.050000139904000006,2.156226119904,2.06978463568,3.0670774768799998,/home/xay/KVMergeComm/snapshots/nld_receiver_aware_cost_v1/pair1_llama31_same/hotpotqa/nld_aware/nld_aware_cost_0725_2101/cost_profile.jsonl
pair1_llama31_same,hotpotqa,NLD,50,100.0,0.0,1,437.2,2.10622598,3.497600000000001e-08,3.497600000000001e-08,2.106226014976,2.0197845339200002,3.0170773442199996,/home/xay/KVMergeComm/snapshots/nld_receiver_aware_cost_v1/pair1_llama31_same/hotpotqa/nld_aware/nld_aware_cost_0725_2101/cost_profile.jsonl
pair1_llama31_same,hotpotqa,NLD,50,100.0,1.0,1,437.2,2.10622598,3.497600000000001e-08,0.0010000349760000001,2.1072260149760003,2.02078453392,3.01807734422,/home/xay/KVMergeComm/snapshots/nld_receiver_aware_cost_v1/pair1_llama31_same/hotpotqa/nld_aware/nld_aware_cost_0725_2101/cost_profile.jsonl
pair1_llama31_same,hotpotqa,NLD,50,100.0,10.0,1,437.2,2.10622598,3.497600000000001e-08,0.010000034976000001,2.1162260149759997,2.02978453392,3.02707734422,/home/xay/KVMergeComm/snapshots/nld_receiver_aware_cost_v1/pair1_llama31_same/hotpotqa/nld_aware/nld_aware_cost_0725_2101/cost_profile.jsonl
pair1_llama31_same,hotpotqa,NLD,50,100.0,50.0,1,437.2,2.10622598,3.497600000000001e-08,0.05000003497600001,2.156226014976,2.06978453392,3.06707734422,/home/xay/KVMergeComm/snapshots/nld_receiver_aware_cost_v1/pair1_llama31_same/hotpotqa/nld_aware/nld_aware_cost_0725_2101/cost_profile.jsonl
pair1_llama31_same,hotpotqa,ReKV,50,1.0,0.0,1,8085960.0,0.16169596000000003,0.06468768,0.06468768,0.22638363999999997,0.21337156000000002,0.3652845599999999,/home/xay/KVMergeComm/snapshots/query_sketch_cost_v1/pair1_llama31_same/hotpotqa/rekv/rekv_bf16_w8_r0.30_0714_0544/cost_profile.jsonl
pair1_llama31_same,hotpotqa,ReKV,50,1.0,1.0,1,8085960.0,0.16169596000000003,0.06468768,0.06568768,0.22738364,0.21437156000000002,0.3662845599999999,/home/xay/KVMergeComm/snapshots/query_sketch_cost_v1/pair1_llama31_same/hotpotqa/rekv/rekv_bf16_w8_r0.30_0714_0544/cost_profile.jsonl
pair1_llama31_same,hotpotqa,ReKV,50,1.0,10.0,1,8085960.0,0.16169596000000003,0.06468768,0.07468767999999999,0.23638364000000003,0.22337156,0.37528455999999993,/home/xay/KVMergeComm/snapshots/query_sketch_cost_v1/pair1_llama31_same/hotpotqa/rekv/rekv_bf16_w8_r0.30_0714_0544/cost_profile.jsonl
pair1_llama31_same,hotpotqa,ReKV,50,1.0,50.0,1,8085960.0,0.16169596000000003,0.06468768,0.11468767999999999,0.27638364,0.26337156,0.4152845599999999,/home/xay/KVMergeComm/snapshots/query_sketch_cost_v1/pair1_llama31_same/hotpotqa/rekv/rekv_bf16_w8_r0.30_0714_0544/cost_profile.jsonl
pair1_llama31_same,hotpotqa,ReKV,50,10.0,0.0,1,8085960.0,0.16169596000000003,0.0064687680000000015,0.0064687680000000015,0.16816472799999996,0.149523156,0.30595839799999996,/home/xay/KVMergeComm/snapshots/query_sketch_cost_v1/pair1_llama31_same/hotpotqa/rekv/rekv_bf16_w8_r0.30_0714_0544/cost_profile.jsonl
pair1_llama31_same,hotpotqa,ReKV,50,10.0,1.0,1,8085960.0,0.16169596000000003,0.0064687680000000015,0.007468768,0.16916472800000001,0.150523156,0.30695839799999997,/home/xay/KVMergeComm/snapshots/query_sketch_cost_v1/pair1_llama31_same/hotpotqa/rekv/rekv_bf16_w8_r0.30_0714_0544/cost_profile.jsonl
pair1_llama31_same,hotpotqa,ReKV,50,10.0,10.0,1,8085960.0,0.16169596000000003,0.0064687680000000015,0.016468768,0.178164728,0.159523156,0.315958398,/home/xay/KVMergeComm/snapshots/query_sketch_cost_v1/pair1_llama31_same/hotpotqa/rekv/rekv_bf16_w8_r0.30_0714_0544/cost_profile.jsonl
pair1_llama31_same,hotpotqa,ReKV,50,10.0,50.0,1,8085960.0,0.16169596000000003,0.0064687680000000015,0.056468768,0.218164728,0.199523156,0.35595839799999995,/home/xay/KVMergeComm/snapshots/query_sketch_cost_v1/pair1_llama31_same/hotpotqa/rekv/rekv_bf16_w8_r0.30_0714_0544/cost_profile.jsonl
pair1_llama31_same,hotpotqa,ReKV,50,25.0,0.0,1,8085960.0,0.16169596000000003,0.0025875072000000002,0.0025875072000000002,0.1642834672,0.1448997624,0.30186114919999996,/home/xay/KVMergeComm/snapshots/query_sketch_cost_v1/pair1_llama31_same/hotpotqa/rekv/rekv_bf16_w8_r0.30_0714_0544/cost_profile.jsonl
pair1_llama31_same,hotpotqa,ReKV,50,25.0,1.0,1,8085960.0,0.16169596000000003,0.0025875072000000002,0.0035875072000000007,0.16528346719999998,0.1458997624,0.30286114919999996,/home/xay/KVMergeComm/snapshots/query_sketch_cost_v1/pair1_llama31_same/hotpotqa/rekv/rekv_bf16_w8_r0.30_0714_0544/cost_profile.jsonl
pair1_llama31_same,hotpotqa,ReKV,50,25.0,10.0,1,8085960.0,0.16169596000000003,0.0025875072000000002,0.012587507200000004,0.17428346720000004,0.1548997624,0.31186114919999997,/home/xay/KVMergeComm/snapshots/query_sketch_cost_v1/pair1_llama31_same/hotpotqa/rekv/rekv_bf16_w8_r0.30_0714_0544/cost_profile.jsonl
pair1_llama31_same,hotpotqa,ReKV,50,25.0,50.0,1,8085960.0,0.16169596000000003,0.0025875072000000002,0.0525875072,0.2142834672,0.1948997624,0.35186114919999995,/home/xay/KVMergeComm/snapshots/query_sketch_cost_v1/pair1_llama31_same/hotpotqa/rekv/rekv_bf16_w8_r0.30_0714_0544/cost_profile.jsonl
pair1_llama31_same,hotpotqa,ReKV,50,100.0,0.0,1,8085960.0,0.16169596000000003,0.0006468768000000001,0.0006468768000000001,0.1623428368,0.1427727136,0.2998125248,/home/xay/KVMergeComm/snapshots/query_sketch_cost_v1/pair1_llama31_same/hotpotqa/rekv/rekv_bf16_w8_r0.30_0714_0544/cost_profile.jsonl
pair1_llama31_same,hotpotqa,ReKV,50,100.0,1.0,1,8085960.0,0.16169596000000003,0.0006468768000000001,0.0016468768,0.16334283679999997,0.1437727136,0.3008125248,/home/xay/KVMergeComm/snapshots/query_sketch_cost_v1/pair1_llama31_same/hotpotqa/rekv/rekv_bf16_w8_r0.30_0714_0544/cost_profile.jsonl
pair1_llama31_same,hotpotqa,ReKV,50,100.0,10.0,1,8085960.0,0.16169596000000003,0.0006468768000000001,0.0106468768,0.1723428368,0.1527727136,0.3098125248,/home/xay/KVMergeComm/snapshots/query_sketch_cost_v1/pair1_llama31_same/hotpotqa/rekv/rekv_bf16_w8_r0.30_0714_0544/cost_profile.jsonl
pair1_llama31_same,hotpotqa,ReKV,50,100.0,50.0,1,8085960.0,0.16169596000000003,0.0006468768000000001,0.050646876800000004,0.21234283679999996,0.19277271359999998,0.34981252479999997,/home/xay/KVMergeComm/snapshots/query_sketch_cost_v1/pair1_llama31_same/hotpotqa/rekv/rekv_bf16_w8_r0.30_0714_0544/cost_profile.jsonl
pair1_llama31_same,multifieldqa_en,B-ReKV,50,1.0,0.0,1,326101804.0,0.75688976,2.6088144320000004,2.6088144320000004,3.365704192,3.4673203600000004,6.332683659999999,/home/xay/KVMergeComm/snapshots/query_sketch_cost_v1/pair1_llama31_same/multifieldqa_en/brekv/brekv_bf16_t0.95_s0.75_w8_0714_0550/cost_profile.jsonl
pair1_llama31_same,multifieldqa_en,B-ReKV,50,1.0,1.0,1,326101804.0,0.75688976,2.6088144320000004,2.609814432,3.366704192,3.46832036,6.333683659999999,/home/xay/KVMergeComm/snapshots/query_sketch_cost_v1/pair1_llama31_same/multifieldqa_en/brekv/brekv_bf16_t0.95_s0.75_w8_0714_0550/cost_profile.jsonl
pair1_llama31_same,multifieldqa_en,B-ReKV,50,1.0,10.0,1,326101804.0,0.75688976,2.6088144320000004,2.6188144319999997,3.3757041920000006,3.47732036,6.342683659999999,/home/xay/KVMergeComm/snapshots/query_sketch_cost_v1/pair1_llama31_same/multifieldqa_en/brekv/brekv_bf16_t0.95_s0.75_w8_0714_0550/cost_profile.jsonl
pair1_llama31_same,multifieldqa_en,B-ReKV,50,1.0,50.0,1,326101804.0,0.75688976,2.6088144320000004,2.658814432,3.4157041919999993,3.5173203600000003,6.382683659999999,/home/xay/KVMergeComm/snapshots/query_sketch_cost_v1/pair1_llama31_same/multifieldqa_en/brekv/brekv_bf16_t0.95_s0.75_w8_0714_0550/cost_profile.jsonl
pair1_llama31_same,multifieldqa_en,B-ReKV,50,10.0,0.0,1,326101804.0,0.75688976,0.26088144319999995,0.26088144319999995,1.0177712032000001,0.976633976,1.8599084299999993,/home/xay/KVMergeComm/snapshots/query_sketch_cost_v1/pair1_llama31_same/multifieldqa_en/brekv/brekv_bf16_t0.95_s0.75_w8_0714_0550/cost_profile.jsonl
pair1_llama31_same,multifieldqa_en,B-ReKV,50,10.0,1.0,1,326101804.0,0.75688976,0.26088144319999995,0.2618814432,1.0187712032,0.9776339759999999,1.8609084299999994,/home/xay/KVMergeComm/snapshots/query_sketch_cost_v1/pair1_llama31_same/multifieldqa_en/brekv/brekv_bf16_t0.95_s0.75_w8_0714_0550/cost_profile.jsonl
pair1_llama31_same,multifieldqa_en,B-ReKV,50,10.0,10.0,1,326101804.0,0.75688976,0.26088144319999995,0.27088144319999996,1.0277712031999997,0.986633976,1.8699084299999995,/home/xay/KVMergeComm/snapshots/query_sketch_cost_v1/pair1_llama31_same/multifieldqa_en/brekv/brekv_bf16_t0.95_s0.75_w8_0714_0550/cost_profile.jsonl
pair1_llama31_same,multifieldqa_en,B-ReKV,50,10.0,50.0,1,326101804.0,0.75688976,0.26088144319999995,0.3108814432,1.0677712032000002,1.026633976,1.9099084299999995,/home/xay/KVMergeComm/snapshots/query_sketch_cost_v1/pair1_llama31_same/multifieldqa_en/brekv/brekv_bf16_t0.95_s0.75_w8_0714_0550/cost_profile.jsonl
pair1_llama31_same,multifieldqa_en,B-ReKV,50,25.0,0.0,1,326101804.0,0.75688976,0.10435257728,0.10435257728,0.8612423372800001,0.8036423544,1.5853928887999995,/home/xay/KVMergeComm/snapshots/query_sketch_cost_v1/pair1_llama31_same/multifieldqa_en/brekv/brekv_bf16_t0.95_s0.75_w8_0714_0550/cost_profile.jsonl
pair1_llama31_same,multifieldqa_en,B-ReKV,50,25.0,1.0,1,326101804.0,0.75688976,0.10435257728,0.10535257728000001,0.8622423372799999,0.8046423544,1.5863928887999996,/home/xay/KVMergeComm/snapshots/query_sketch_cost_v1/pair1_llama31_same/multifieldqa_en/brekv/brekv_bf16_t0.95_s0.75_w8_0714_0550/cost_profile.jsonl
pair1_llama31_same,multifieldqa_en,B-ReKV,50,25.0,10.0,1,326101804.0,0.75688976,0.10435257728,0.11435257727999998,0.8712423372799999,0.8136423544,1.5953928887999995,/home/xay/KVMergeComm/snapshots/query_sketch_cost_v1/pair1_llama31_same/multifieldqa_en/brekv/brekv_bf16_t0.95_s0.75_w8_0714_0550/cost_profile.jsonl
pair1_llama31_same,multifieldqa_en,B-ReKV,50,25.0,50.0,1,326101804.0,0.75688976,0.10435257728,0.15435257728,0.9112423372799999,0.8536423544,1.6353928887999996,/home/xay/KVMergeComm/snapshots/query_sketch_cost_v1/pair1_llama31_same/multifieldqa_en/brekv/brekv_bf16_t0.95_s0.75_w8_0714_0550/cost_profile.jsonl
pair1_llama31_same,multifieldqa_en,B-ReKV,50,100.0,0.0,1,326101804.0,0.75688976,0.02608814432,0.02608814432,0.7829779043200001,0.7260599136,1.4646103471999998,/home/xay/KVMergeComm/snapshots/query_sketch_cost_v1/pair1_llama31_same/multifieldqa_en/brekv/brekv_bf16_t0.95_s0.75_w8_0714_0550/cost_profile.jsonl
pair1_llama31_same,multifieldqa_en,B-ReKV,50,100.0,1.0,1,326101804.0,0.75688976,0.02608814432,0.027088144320000004,0.78397790432,0.7270599136,1.4656103471999997,/home/xay/KVMergeComm/snapshots/query_sketch_cost_v1/pair1_llama31_same/multifieldqa_en/brekv/brekv_bf16_t0.95_s0.75_w8_0714_0550/cost_profile.jsonl
pair1_llama31_same,multifieldqa_en,B-ReKV,50,100.0,10.0,1,326101804.0,0.75688976,0.02608814432,0.03608814432,0.7929779043200001,0.7360599135999999,1.4746103471999998,/home/xay/KVMergeComm/snapshots/query_sketch_cost_v1/pair1_llama31_same/multifieldqa_en/brekv/brekv_bf16_t0.95_s0.75_w8_0714_0550/cost_profile.jsonl
pair1_llama31_same,multifieldqa_en,B-ReKV,50,100.0,50.0,1,326101804.0,0.75688976,0.02608814432,0.07608814432,0.8329779043200002,0.7760599135999999,1.5146103471999999,/home/xay/KVMergeComm/snapshots/query_sketch_cost_v1/pair1_llama31_same/multifieldqa_en/brekv/brekv_bf16_t0.95_s0.75_w8_0714_0550/cost_profile.jsonl
pair1_llama31_same,multifieldqa_en,NLD,50,1.0,0.0,1,87.34,1.5131288400000003,6.9872e-07,6.9872e-07,1.51312953872,1.256710452,3.171882419199998,/home/xay/KVMergeComm/snapshots/nld_receiver_aware_cost_v1/pair1_llama31_same/multifieldqa_en/nld_aware/nld_aware_cost_0725_2108/cost_profile.jsonl
pair1_llama31_same,multifieldqa_en,NLD,50,1.0,1.0,1,87.34,1.5131288400000003,6.9872e-07,0.00100069872,1.51412953872,1.257710452,3.172882419199998,/home/xay/KVMergeComm/snapshots/nld_receiver_aware_cost_v1/pair1_llama31_same/multifieldqa_en/nld_aware/nld_aware_cost_0725_2108/cost_profile.jsonl
pair1_llama31_same,multifieldqa_en,NLD,50,1.0,10.0,1,87.34,1.5131288400000003,6.9872e-07,0.010000698720000001,1.5231295387200001,1.2667104519999999,3.1818824191999977,/home/xay/KVMergeComm/snapshots/nld_receiver_aware_cost_v1/pair1_llama31_same/multifieldqa_en/nld_aware/nld_aware_cost_0725_2108/cost_profile.jsonl
pair1_llama31_same,multifieldqa_en,NLD,50,1.0,50.0,1,87.34,1.5131288400000003,6.9872e-07,0.05000069872,1.5631295387200002,1.306710452,3.2218824191999977,/home/xay/KVMergeComm/snapshots/nld_receiver_aware_cost_v1/pair1_llama31_same/multifieldqa_en/nld_aware/nld_aware_cost_0725_2108/cost_profile.jsonl
pair1_llama31_same,multifieldqa_en,NLD,50,10.0,0.0,1,87.34,1.5131288400000003,6.987199999999999e-08,6.987199999999999e-08,1.513128909872,1.2567100452,3.1718811869199977,/home/xay/KVMergeComm/snapshots/nld_receiver_aware_cost_v1/pair1_llama31_same/multifieldqa_en/nld_aware/nld_aware_cost_0725_2108/cost_profile.jsonl
pair1_llama31_same,multifieldqa_en,NLD,50,10.0,1.0,1,87.34,1.5131288400000003,6.987199999999999e-08,0.001000069872,1.514128909872,1.2577100452,3.1728811869199975,/home/xay/KVMergeComm/snapshots/nld_receiver_aware_cost_v1/pair1_llama31_same/multifieldqa_en/nld_aware/nld_aware_cost_0725_2108/cost_profile.jsonl
pair1_llama31_same,multifieldqa_en,NLD,50,10.0,10.0,1,87.34,1.5131288400000003,6.987199999999999e-08,0.010000069872000002,1.523128909872,1.2667100452,3.1818811869199974,/home/xay/KVMergeComm/snapshots/nld_receiver_aware_cost_v1/pair1_llama31_same/multifieldqa_en/nld_aware/nld_aware_cost_0725_2108/cost_profile.jsonl
pair1_llama31_same,multifieldqa_en,NLD,50,10.0,50.0,1,87.34,1.5131288400000003,6.987199999999999e-08,0.05000006987200001,1.563128909872,1.3067100452,3.2218811869199975,/home/xay/KVMergeComm/snapshots/nld_receiver_aware_cost_v1/pair1_llama31_same/multifieldqa_en/nld_aware/nld_aware_cost_0725_2108/cost_profile.jsonl
pair1_llama31_same,multifieldqa_en,NLD,50,25.0,0.0,1,87.34,1.5131288400000003,2.7948800000000003e-08,2.7948800000000003e-08,1.5131288679488002,1.2567100180800002,3.171881104767998,/home/xay/KVMergeComm/snapshots/nld_receiver_aware_cost_v1/pair1_llama31_same/multifieldqa_en/nld_aware/nld_aware_cost_0725_2108/cost_profile.jsonl
pair1_llama31_same,multifieldqa_en,NLD,50,25.0,1.0,1,87.34,1.5131288400000003,2.7948800000000003e-08,0.0010000279488,1.5141288679487999,1.25771001808,3.1728811047679977,/home/xay/KVMergeComm/snapshots/nld_receiver_aware_cost_v1/pair1_llama31_same/multifieldqa_en/nld_aware/nld_aware_cost_0725_2108/cost_profile.jsonl
pair1_llama31_same,multifieldqa_en,NLD,50,25.0,10.0,1,87.34,1.5131288400000003,2.7948800000000003e-08,0.0100000279488,1.5231288679487998,1.26671001808,3.1818811047679976,/home/xay/KVMergeComm/snapshots/nld_receiver_aware_cost_v1/pair1_llama31_same/multifieldqa_en/nld_aware/nld_aware_cost_0725_2108/cost_profile.jsonl
pair1_llama31_same,multifieldqa_en,NLD,50,25.0,50.0,1,87.34,1.5131288400000003,2.7948800000000003e-08,0.050000027948800006,1.5631288679488,1.30671001808,3.2218811047679976,/home/xay/KVMergeComm/snapshots/nld_receiver_aware_cost_v1/pair1_llama31_same/multifieldqa_en/nld_aware/nld_aware_cost_0725_2108/cost_profile.jsonl
pair1_llama31_same,multifieldqa_en,NLD,50,100.0,0.0,1,87.34,1.5131288400000003,6.987200000000001e-09,6.987200000000001e-09,1.5131288469872002,1.25671000452,3.171881063691998,/home/xay/KVMergeComm/snapshots/nld_receiver_aware_cost_v1/pair1_llama31_same/multifieldqa_en/nld_aware/nld_aware_cost_0725_2108/cost_profile.jsonl
pair1_llama31_same,multifieldqa_en,NLD,50,100.0,1.0,1,87.34,1.5131288400000003,6.987200000000001e-09,0.0010000069871999998,1.5141288469871999,1.25771000452,3.1728810636919977,/home/xay/KVMergeComm/snapshots/nld_receiver_aware_cost_v1/pair1_llama31_same/multifieldqa_en/nld_aware/nld_aware_cost_0725_2108/cost_profile.jsonl
pair1_llama31_same,multifieldqa_en,NLD,50,100.0,10.0,1,87.34,1.5131288400000003,6.987200000000001e-09,0.010000006987200001,1.5231288469871997,1.26671000452,3.1818810636919976,/home/xay/KVMergeComm/snapshots/nld_receiver_aware_cost_v1/pair1_llama31_same/multifieldqa_en/nld_aware/nld_aware_cost_0725_2108/cost_profile.jsonl
pair1_llama31_same,multifieldqa_en,NLD,50,100.0,50.0,1,87.34,1.5131288400000003,6.987200000000001e-09,0.0500000069872,1.5631288469871998,1.30671000452,3.2218810636919977,/home/xay/KVMergeComm/snapshots/nld_receiver_aware_cost_v1/pair1_llama31_same/multifieldqa_en/nld_aware/nld_aware_cost_0725_2108/cost_profile.jsonl
pair1_llama31_same,multifieldqa_en,ReKV,50,1.0,0.0,1,306230334.0,0.75048848,2.449842672,2.449842672,3.200331152,3.24500386,5.75646424,/home/xay/KVMergeComm/snapshots/query_sketch_cost_v1/pair1_llama31_same/multifieldqa_en/rekv/rekv_bf16_w8_r0.30_0714_0549/cost_profile.jsonl
pair1_llama31_same,multifieldqa_en,ReKV,50,1.0,1.0,1,306230334.0,0.75048848,2.449842672,2.450842672,3.2013311520000003,3.24600386,5.75746424,/home/xay/KVMergeComm/snapshots/query_sketch_cost_v1/pair1_llama31_same/multifieldqa_en/rekv/rekv_bf16_w8_r0.30_0714_0549/cost_profile.jsonl
pair1_llama31_same,multifieldqa_en,ReKV,50,1.0,10.0,1,306230334.0,0.75048848,2.449842672,2.4598426719999997,3.2103311519999993,3.25500386,5.7664642399999995,/home/xay/KVMergeComm/snapshots/query_sketch_cost_v1/pair1_llama31_same/multifieldqa_en/rekv/rekv_bf16_w8_r0.30_0714_0549/cost_profile.jsonl
pair1_llama31_same,multifieldqa_en,ReKV,50,1.0,50.0,1,306230334.0,0.75048848,2.449842672,2.4998426719999998,3.250331152,3.29500386,5.8064642399999995,/home/xay/KVMergeComm/snapshots/query_sketch_cost_v1/pair1_llama31_same/multifieldqa_en/rekv/rekv_bf16_w8_r0.30_0714_0549/cost_profile.jsonl
pair1_llama31_same,multifieldqa_en,ReKV,50,10.0,0.0,1,306230334.0,0.75048848,0.24498426719999997,0.24498426719999997,0.9954727471999999,0.9283556359999999,1.8541565959999997,/home/xay/KVMergeComm/snapshots/query_sketch_cost_v1/pair1_llama31_same/multifieldqa_en/rekv/rekv_bf16_w8_r0.30_0714_0549/cost_profile.jsonl
pair1_llama31_same,multifieldqa_en,ReKV,50,10.0,1.0,1,306230334.0,0.75048848,0.24498426719999997,0.24598426720000002,0.9964727472,0.9293556359999999,1.8551565959999996,/home/xay/KVMergeComm/snapshots/query_sketch_cost_v1/pair1_llama31_same/multifieldqa_en/rekv/rekv_bf16_w8_r0.30_0714_0549/cost_profile.jsonl
pair1_llama31_same,multifieldqa_en,ReKV,50,10.0,10.0,1,306230334.0,0.75048848,0.24498426719999997,0.2549842672,1.0054727472,0.9383556359999999,1.8641565959999997,/home/xay/KVMergeComm/snapshots/query_sketch_cost_v1/pair1_llama31_same/multifieldqa_en/rekv/rekv_bf16_w8_r0.30_0714_0549/cost_profile.jsonl
pair1_llama31_same,multifieldqa_en,ReKV,50,10.0,50.0,1,306230334.0,0.75048848,0.24498426719999997,0.29498426720000004,1.0454727472,0.978355636,1.9041565959999998,/home/xay/KVMergeComm/snapshots/query_sketch_cost_v1/pair1_llama31_same/multifieldqa_en/rekv/rekv_bf16_w8_r0.30_0714_0549/cost_profile.jsonl
pair1_llama31_same,multifieldqa_en,ReKV,50,25.0,0.0,1,306230334.0,0.75048848,0.09799370688,0.09799370688,0.84848218688,0.7815201984,1.6226070583999999,/home/xay/KVMergeComm/snapshots/query_sketch_cost_v1/pair1_llama31_same/multifieldqa_en/rekv/rekv_bf16_w8_r0.30_0714_0549/cost_profile.jsonl
pair1_llama31_same,multifieldqa_en,ReKV,50,25.0,1.0,1,306230334.0,0.75048848,0.09799370688,0.09899370688000002,0.84948218688,0.7825201984,1.6236070584,/home/xay/KVMergeComm/snapshots/query_sketch_cost_v1/pair1_llama31_same/multifieldqa_en/rekv/rekv_bf16_w8_r0.30_0714_0549/cost_profile.jsonl
pair1_llama31_same,multifieldqa_en,ReKV,50,25.0,10.0,1,306230334.0,0.75048848,0.09799370688,0.10799370688,0.8584821868799999,0.7915201984,1.6326070583999999,/home/xay/KVMergeComm/snapshots/query_sketch_cost_v1/pair1_llama31_same/multifieldqa_en/rekv/rekv_bf16_w8_r0.30_0714_0549/cost_profile.jsonl
pair1_llama31_same,multifieldqa_en,ReKV,50,25.0,50.0,1,306230334.0,0.75048848,0.09799370688,0.14799370688,0.8984821868799999,0.8315201984,1.6726070584,/home/xay/KVMergeComm/snapshots/query_sketch_cost_v1/pair1_llama31_same/multifieldqa_en/rekv/rekv_bf16_w8_r0.30_0714_0549/cost_profile.jsonl
pair1_llama31_same,multifieldqa_en,ReKV,50,100.0,0.0,1,306230334.0,0.75048848,0.02449842672,0.02449842672,0.7749869067199999,0.7033659616,1.5093262163999999,/home/xay/KVMergeComm/snapshots/query_sketch_cost_v1/pair1_llama31_same/multifieldqa_en/rekv/rekv_bf16_w8_r0.30_0714_0549/cost_profile.jsonl
pair1_llama31_same,multifieldqa_en,ReKV,50,100.0,1.0,1,306230334.0,0.75048848,0.02449842672,0.025498426720000005,0.7759869067199999,0.7043659616,1.5103262164,/home/xay/KVMergeComm/snapshots/query_sketch_cost_v1/pair1_llama31_same/multifieldqa_en/rekv/rekv_bf16_w8_r0.30_0714_0549/cost_profile.jsonl
pair1_llama31_same,multifieldqa_en,ReKV,50,100.0,10.0,1,306230334.0,0.75048848,0.02449842672,0.03449842672,0.7849869067199999,0.7133659616,1.5193262163999999,/home/xay/KVMergeComm/snapshots/query_sketch_cost_v1/pair1_llama31_same/multifieldqa_en/rekv/rekv_bf16_w8_r0.30_0714_0549/cost_profile.jsonl
pair1_llama31_same,multifieldqa_en,ReKV,50,100.0,50.0,1,306230334.0,0.75048848,0.02449842672,0.07449842672,0.8249869067200001,0.7533659615999999,1.5593262164,/home/xay/KVMergeComm/snapshots/query_sketch_cost_v1/pair1_llama31_same/multifieldqa_en/rekv/rekv_bf16_w8_r0.30_0714_0549/cost_profile.jsonl
pair1_llama31_same,musique,B-ReKV,50,1.0,0.0,1,13883688.0,0.2428769,0.11106950399999999,0.11106950399999999,0.353946404,0.30358056,0.7951169199999994,/home/xay/KVMergeComm/snapshots/query_sketch_cost_v1/pair1_llama31_same/musique/brekv/brekv_bf16_t0.95_s0.75_w8_0714_0547/cost_profile.jsonl
pair1_llama31_same,musique,B-ReKV,50,1.0,1.0,1,13883688.0,0.2428769,0.11106950399999999,0.11206950399999999,0.354946404,0.30458056,0.7961169199999995,/home/xay/KVMergeComm/snapshots/query_sketch_cost_v1/pair1_llama31_same/musique/brekv/brekv_bf16_t0.95_s0.75_w8_0714_0547/cost_profile.jsonl
pair1_llama31_same,musique,B-ReKV,50,1.0,10.0,1,13883688.0,0.2428769,0.11106950399999999,0.121069504,0.363946404,0.31358056,0.8051169199999995,/home/xay/KVMergeComm/snapshots/query_sketch_cost_v1/pair1_llama31_same/musique/brekv/brekv_bf16_t0.95_s0.75_w8_0714_0547/cost_profile.jsonl
pair1_llama31_same,musique,B-ReKV,50,1.0,50.0,1,13883688.0,0.2428769,0.11106950399999999,0.16106950399999997,0.403946404,0.35358056,0.8451169199999995,/home/xay/KVMergeComm/snapshots/query_sketch_cost_v1/pair1_llama31_same/musique/brekv/brekv_bf16_t0.95_s0.75_w8_0714_0547/cost_profile.jsonl
pair1_llama31_same,musique,B-ReKV,50,10.0,0.0,1,13883688.0,0.2428769,0.011106950400000003,0.011106950400000003,0.2539838504,0.176593696,0.6397093119999998,/home/xay/KVMergeComm/snapshots/query_sketch_cost_v1/pair1_llama31_same/musique/brekv/brekv_bf16_t0.95_s0.75_w8_0714_0547/cost_profile.jsonl
pair1_llama31_same,musique,B-ReKV,50,10.0,1.0,1,13883688.0,0.2428769,0.011106950400000003,0.012106950400000004,0.2549838504,0.177593696,0.6407093119999998,/home/xay/KVMergeComm/snapshots/query_sketch_cost_v1/pair1_llama31_same/musique/brekv/brekv_bf16_t0.95_s0.75_w8_0714_0547/cost_profile.jsonl
pair1_llama31_same,musique,B-ReKV,50,10.0,10.0,1,13883688.0,0.2428769,0.011106950400000003,0.0211069504,0.2639838504,0.186593696,0.6497093119999998,/home/xay/KVMergeComm/snapshots/query_sketch_cost_v1/pair1_llama31_same/musique/brekv/brekv_bf16_t0.95_s0.75_w8_0714_0547/cost_profile.jsonl
pair1_llama31_same,musique,B-ReKV,50,10.0,50.0,1,13883688.0,0.2428769,0.011106950400000003,0.061106950400000005,0.3039838504,0.226593696,0.6897093119999997,/home/xay/KVMergeComm/snapshots/query_sketch_cost_v1/pair1_llama31_same/musique/brekv/brekv_bf16_t0.95_s0.75_w8_0714_0547/cost_profile.jsonl
pair1_llama31_same,musique,B-ReKV,50,25.0,0.0,1,13883688.0,0.2428769,0.00444278016,0.00444278016,0.24731968016,0.1692288784,0.6293488047999998,/home/xay/KVMergeComm/snapshots/query_sketch_cost_v1/pair1_llama31_same/musique/brekv/brekv_bf16_t0.95_s0.75_w8_0714_0547/cost_profile.jsonl
pair1_llama31_same,musique,B-ReKV,50,25.0,1.0,1,13883688.0,0.2428769,0.00444278016,0.005442780159999999,0.24831968016,0.1702288784,0.6303488047999999,/home/xay/KVMergeComm/snapshots/query_sketch_cost_v1/pair1_llama31_same/musique/brekv/brekv_bf16_t0.95_s0.75_w8_0714_0547/cost_profile.jsonl
pair1_llama31_same,musique,B-ReKV,50,25.0,10.0,1,13883688.0,0.2428769,0.00444278016,0.014442780160000002,0.25731968016,0.1792288784,0.6393488047999998,/home/xay/KVMergeComm/snapshots/query_sketch_cost_v1/pair1_llama31_same/musique/brekv/brekv_bf16_t0.95_s0.75_w8_0714_0547/cost_profile.jsonl
pair1_llama31_same,musique,B-ReKV,50,25.0,50.0,1,13883688.0,0.2428769,0.00444278016,0.05444278016000001,0.29731968016000004,0.21922887840000002,0.6793488047999998,/home/xay/KVMergeComm/snapshots/query_sketch_cost_v1/pair1_llama31_same/musique/brekv/brekv_bf16_t0.95_s0.75_w8_0714_0547/cost_profile.jsonl
pair1_llama31_same,musique,B-ReKV,50,100.0,0.0,1,13883688.0,0.2428769,0.00111069504,0.00111069504,0.24398759503999998,0.1646988176,0.6241685511999998,/home/xay/KVMergeComm/snapshots/query_sketch_cost_v1/pair1_llama31_same/musique/brekv/brekv_bf16_t0.95_s0.75_w8_0714_0547/cost_profile.jsonl
pair1_llama31_same,musique,B-ReKV,50,100.0,1.0,1,13883688.0,0.2428769,0.00111069504,0.00211069504,0.24498759503999998,0.1656988176,0.6251685511999998,/home/xay/KVMergeComm/snapshots/query_sketch_cost_v1/pair1_llama31_same/musique/brekv/brekv_bf16_t0.95_s0.75_w8_0714_0547/cost_profile.jsonl
pair1_llama31_same,musique,B-ReKV,50,100.0,10.0,1,13883688.0,0.2428769,0.00111069504,0.01111069504,0.25398759504,0.1746988176,0.6341685511999998,/home/xay/KVMergeComm/snapshots/query_sketch_cost_v1/pair1_llama31_same/musique/brekv/brekv_bf16_t0.95_s0.75_w8_0714_0547/cost_profile.jsonl
pair1_llama31_same,musique,B-ReKV,50,100.0,50.0,1,13883688.0,0.2428769,0.00111069504,0.05111069504000001,0.29398759504,0.2146988176,0.6741685511999999,/home/xay/KVMergeComm/snapshots/query_sketch_cost_v1/pair1_llama31_same/musique/brekv/brekv_bf16_t0.95_s0.75_w8_0714_0547/cost_profile.jsonl
pair1_llama31_same,musique,NLD,50,1.0,0.0,1,529.54,2.38876958,4.23632e-06,4.23632e-06,2.38877381632,2.4084378839999996,2.9766867212,/home/xay/KVMergeComm/snapshots/nld_receiver_aware_cost_v1/pair1_llama31_same/musique/nld_aware/nld_aware_cost_0725_2106/cost_profile.jsonl
pair1_llama31_same,musique,NLD,50,1.0,1.0,1,529.54,2.38876958,4.23632e-06,0.00100423632,2.38977381632,2.409437884,2.9776867212,/home/xay/KVMergeComm/snapshots/nld_receiver_aware_cost_v1/pair1_llama31_same/musique/nld_aware/nld_aware_cost_0725_2106/cost_profile.jsonl
pair1_llama31_same,musique,NLD,50,1.0,10.0,1,529.54,2.38876958,4.23632e-06,0.010004236320000002,2.3987738163200003,2.418437884,2.9866867212000003,/home/xay/KVMergeComm/snapshots/nld_receiver_aware_cost_v1/pair1_llama31_same/musique/nld_aware/nld_aware_cost_0725_2106/cost_profile.jsonl
pair1_llama31_same,musique,NLD,50,1.0,50.0,1,529.54,2.38876958,4.23632e-06,0.05000423631999999,2.43877381632,2.458437884,3.0266867212000004,/home/xay/KVMergeComm/snapshots/nld_receiver_aware_cost_v1/pair1_llama31_same/musique/nld_aware/nld_aware_cost_0725_2106/cost_profile.jsonl
pair1_llama31_same,musique,NLD,50,10.0,0.0,1,529.54,2.38876958,4.23632e-07,4.23632e-07,2.388770003632,2.4084339384,2.97668224712,/home/xay/KVMergeComm/snapshots/nld_receiver_aware_cost_v1/pair1_llama31_same/musique/nld_aware/nld_aware_cost_0725_2106/cost_profile.jsonl
pair1_llama31_same,musique,NLD,50,10.0,1.0,1,529.54,2.38876958,4.23632e-07,0.0010004236320000001,2.389770003632,2.4094339384,2.97768224712,/home/xay/KVMergeComm/snapshots/nld_receiver_aware_cost_v1/pair1_llama31_same/musique/nld_aware/nld_aware_cost_0725_2106/cost_profile.jsonl
pair1_llama31_same,musique,NLD,50,10.0,10.0,1,529.54,2.38876958,4.23632e-07,0.010000423631999999,2.3987700036319994,2.4184339383999998,2.98668224712,/home/xay/KVMergeComm/snapshots/nld_receiver_aware_cost_v1/pair1_llama31_same/musique/nld_aware/nld_aware_cost_0725_2106/cost_profile.jsonl
pair1_llama31_same,musique,NLD,50,10.0,50.0,1,529.54,2.38876958,4.23632e-07,0.050000423632,2.438770003632,2.4584339384,3.02668224712,/home/xay/KVMergeComm/snapshots/nld_receiver_aware_cost_v1/pair1_llama31_same/musique/nld_aware/nld_aware_cost_0725_2106/cost_profile.jsonl
pair1_llama31_same,musique,NLD,50,25.0,0.0,1,529.54,2.38876958,1.6945279999999996e-07,1.6945279999999996e-07,2.3887697494527997,2.40843367536,2.9766819488480003,/home/xay/KVMergeComm/snapshots/nld_receiver_aware_cost_v1/pair1_llama31_same/musique/nld_aware/nld_aware_cost_0725_2106/cost_profile.jsonl
pair1_llama31_same,musique,NLD,50,25.0,1.0,1,529.54,2.38876958,1.6945279999999996e-07,0.0010001694528000002,2.3897697494527996,2.40943367536,2.977681948848,/home/xay/KVMergeComm/snapshots/nld_receiver_aware_cost_v1/pair1_llama31_same/musique/nld_aware/nld_aware_cost_0725_2106/cost_profile.jsonl
pair1_llama31_same,musique,NLD,50,25.0,10.0,1,529.54,2.38876958,1.6945279999999996e-07,0.0100001694528,2.3987697494528,2.41843367536,2.986681948848,/home/xay/KVMergeComm/snapshots/nld_receiver_aware_cost_v1/pair1_llama31_same/musique/nld_aware/nld_aware_cost_0725_2106/cost_profile.jsonl
pair1_llama31_same,musique,NLD,50,25.0,50.0,1,529.54,2.38876958,1.6945279999999996e-07,0.0500001694528,2.4387697494528,2.4584336753600002,3.026681948848,/home/xay/KVMergeComm/snapshots/nld_receiver_aware_cost_v1/pair1_llama31_same/musique/nld_aware/nld_aware_cost_0725_2106/cost_profile.jsonl
pair1_llama31_same,musique,NLD,50,100.0,0.0,1,529.54,2.38876958,4.236319999999999e-08,4.236319999999999e-08,2.3887696223632,2.4084335438399997,2.976681799712,/home/xay/KVMergeComm/snapshots/nld_receiver_aware_cost_v1/pair1_llama31_same/musique/nld_aware/nld_aware_cost_0725_2106/cost_profile.jsonl
pair1_llama31_same,musique,NLD,50,100.0,1.0,1,529.54,2.38876958,4.236319999999999e-08,0.0010000423632,2.3897696223632003,2.40943354384,2.977681799712,/home/xay/KVMergeComm/snapshots/nld_receiver_aware_cost_v1/pair1_llama31_same/musique/nld_aware/nld_aware_cost_0725_2106/cost_profile.jsonl
pair1_llama31_same,musique,NLD,50,100.0,10.0,1,529.54,2.38876958,4.236319999999999e-08,0.010000042363199999,2.3987696223632,2.41843354384,2.986681799712,/home/xay/KVMergeComm/snapshots/nld_receiver_aware_cost_v1/pair1_llama31_same/musique/nld_aware/nld_aware_cost_0725_2106/cost_profile.jsonl
pair1_llama31_same,musique,NLD,50,100.0,50.0,1,529.54,2.38876958,4.236319999999999e-08,0.050000042363200006,2.4387696223632,2.45843354384,3.026681799712,/home/xay/KVMergeComm/snapshots/nld_receiver_aware_cost_v1/pair1_llama31_same/musique/nld_aware/nld_aware_cost_0725_2106/cost_profile.jsonl
pair1_llama31_same,musique,ReKV,50,1.0,0.0,1,16197810.0,0.21792166000000002,0.12958248,0.12958248,0.34750414,0.30252226000000004,0.7197625399999995,/home/xay/KVMergeComm/snapshots/query_sketch_cost_v1/pair1_llama31_same/musique/rekv/rekv_bf16_w8_r0.30_0714_0546/cost_profile.jsonl
pair1_llama31_same,musique,ReKV,50,1.0,1.0,1,16197810.0,0.21792166000000002,0.12958248,0.13058248,0.34850414,0.30352226000000004,0.7207625399999994,/home/xay/KVMergeComm/snapshots/query_sketch_cost_v1/pair1_llama31_same/musique/rekv/rekv_bf16_w8_r0.30_0714_0546/cost_profile.jsonl
pair1_llama31_same,musique,ReKV,50,1.0,10.0,1,16197810.0,0.21792166000000002,0.12958248,0.13958247999999998,0.3575041400000001,0.31252226000000005,0.7297625399999994,/home/xay/KVMergeComm/snapshots/query_sketch_cost_v1/pair1_llama31_same/musique/rekv/rekv_bf16_w8_r0.30_0714_0546/cost_profile.jsonl
pair1_llama31_same,musique,ReKV,50,1.0,50.0,1,16197810.0,0.21792166000000002,0.12958248,0.17958248000000002,0.39750414000000006,0.35252226,0.7697625399999994,/home/xay/KVMergeComm/snapshots/query_sketch_cost_v1/pair1_llama31_same/musique/rekv/rekv_bf16_w8_r0.30_0714_0546/cost_profile.jsonl
pair1_llama31_same,musique,ReKV,50,10.0,0.0,1,16197810.0,0.21792166000000002,0.012958247999999999,0.012958247999999999,0.23087990800000002,0.170503076,0.5847857239999997,/home/xay/KVMergeComm/snapshots/query_sketch_cost_v1/pair1_llama31_same/musique/rekv/rekv_bf16_w8_r0.30_0714_0546/cost_profile.jsonl
pair1_llama31_same,musique,ReKV,50,10.0,1.0,1,16197810.0,0.21792166000000002,0.012958247999999999,0.013958248,0.23187990799999997,0.171503076,0.5857857239999997,/home/xay/KVMergeComm/snapshots/query_sketch_cost_v1/pair1_llama31_same/musique/rekv/rekv_bf16_w8_r0.30_0714_0546/cost_profile.jsonl
pair1_llama31_same,musique,ReKV,50,10.0,10.0,1,16197810.0,0.21792166000000002,0.012958247999999999,0.022958248,0.24087990800000003,0.180503076,0.5947857239999997,/home/xay/KVMergeComm/snapshots/query_sketch_cost_v1/pair1_llama31_same/musique/rekv/rekv_bf16_w8_r0.30_0714_0546/cost_profile.jsonl
pair1_llama31_same,musique,ReKV,50,10.0,50.0,1,16197810.0,0.21792166000000002,0.012958247999999999,0.062958248,0.280879908,0.22050307600000002,0.6347857239999997,/home/xay/KVMergeComm/snapshots/query_sketch_cost_v1/pair1_llama31_same/musique/rekv/rekv_bf16_w8_r0.30_0714_0546/cost_profile.jsonl
pair1_llama31_same,musique,ReKV,50,25.0,0.0,1,16197810.0,0.21792166000000002,0.0051832992,0.0051832992,0.2231049592,0.1612456384,0.5757872695999997,/home/xay/KVMergeComm/snapshots/query_sketch_cost_v1/pair1_llama31_same/musique/rekv/rekv_bf16_w8_r0.30_0714_0546/cost_profile.jsonl
pair1_llama31_same,musique,ReKV,50,25.0,1.0,1,16197810.0,0.21792166000000002,0.0051832992,0.006183299200000001,0.22410495919999998,0.1622456384,0.5767872695999997,/home/xay/KVMergeComm/snapshots/query_sketch_cost_v1/pair1_llama31_same/musique/rekv/rekv_bf16_w8_r0.30_0714_0546/cost_profile.jsonl
pair1_llama31_same,musique,ReKV,50,25.0,10.0,1,16197810.0,0.21792166000000002,0.0051832992,0.0151832992,0.23310495920000002,0.1712456384,0.5857872695999997,/home/xay/KVMergeComm/snapshots/query_sketch_cost_v1/pair1_llama31_same/musique/rekv/rekv_bf16_w8_r0.30_0714_0546/cost_profile.jsonl
pair1_llama31_same,musique,ReKV,50,25.0,50.0,1,16197810.0,0.21792166000000002,0.0051832992,0.0551832992,0.2731049592,0.21124563840000002,0.6257872695999998,/home/xay/KVMergeComm/snapshots/query_sketch_cost_v1/pair1_llama31_same/musique/rekv/rekv_bf16_w8_r0.30_0714_0546/cost_profile.jsonl
pair1_llama31_same,musique,ReKV,50,100.0,0.0,1,16197810.0,0.21792166000000002,0.0012958248,0.0012958248,0.21921748480000006,0.1573984096,0.5712880423999998,/home/xay/KVMergeComm/snapshots/query_sketch_cost_v1/pair1_llama31_same/musique/rekv/rekv_bf16_w8_r0.30_0714_0546/cost_profile.jsonl
pair1_llama31_same,musique,ReKV,50,100.0,1.0,1,16197810.0,0.21792166000000002,0.0012958248,0.0022958248,0.2202174848,0.1583984096,0.5722880423999998,/home/xay/KVMergeComm/snapshots/query_sketch_cost_v1/pair1_llama31_same/musique/rekv/rekv_bf16_w8_r0.30_0714_0546/cost_profile.jsonl
pair1_llama31_same,musique,ReKV,50,100.0,10.0,1,16197810.0,0.21792166000000002,0.0012958248,0.0112958248,0.22921748480000004,0.16739840960000002,0.5812880423999998,/home/xay/KVMergeComm/snapshots/query_sketch_cost_v1/pair1_llama31_same/musique/rekv/rekv_bf16_w8_r0.30_0714_0546/cost_profile.jsonl
pair1_llama31_same,musique,ReKV,50,100.0,50.0,1,16197810.0,0.21792166000000002,0.0012958248,0.05129582480000001,0.2692174848,0.2073984096,0.6212880423999997,/home/xay/KVMergeComm/snapshots/query_sketch_cost_v1/pair1_llama31_same/musique/rekv/rekv_bf16_w8_r0.30_0714_0546/cost_profile.jsonl
pair6_llama32_abliterated_deepseek3b,hotpotqa,B-ReKV,50,1.0,0.0,1,4706070.0,0.23025663999999998,0.03764856,0.03764856,0.2679052,0.24224944,0.4541187699999999,/home/xay/KVMergeComm/snapshots/query_sketch_cost_v1/pair6_llama32_abliterated_deepseek3b/hotpotqa/brekv/brekv_bf16_t0.95_s0.75_w8_0713_2106/cost_profile.jsonl
pair6_llama32_abliterated_deepseek3b,hotpotqa,B-ReKV,50,1.0,1.0,1,4706070.0,0.23025663999999998,0.03764856,0.03864856,0.2689052,0.24324944,0.4551187699999999,/home/xay/KVMergeComm/snapshots/query_sketch_cost_v1/pair6_llama32_abliterated_deepseek3b/hotpotqa/brekv/brekv_bf16_t0.95_s0.75_w8_0713_2106/cost_profile.jsonl
pair6_llama32_abliterated_deepseek3b,hotpotqa,B-ReKV,50,1.0,10.0,1,4706070.0,0.23025663999999998,0.03764856,0.047648560000000006,0.2779052,0.25224944,0.4641187699999999,/home/xay/KVMergeComm/snapshots/query_sketch_cost_v1/pair6_llama32_abliterated_deepseek3b/hotpotqa/brekv/brekv_bf16_t0.95_s0.75_w8_0713_2106/cost_profile.jsonl
pair6_llama32_abliterated_deepseek3b,hotpotqa,B-ReKV,50,1.0,50.0,1,4706070.0,0.23025663999999998,0.03764856,0.08764855999999999,0.3179052,0.29224944,0.5041187699999999,/home/xay/KVMergeComm/snapshots/query_sketch_cost_v1/pair6_llama32_abliterated_deepseek3b/hotpotqa/brekv/brekv_bf16_t0.95_s0.75_w8_0713_2106/cost_profile.jsonl
pair6_llama32_abliterated_deepseek3b,hotpotqa,B-ReKV,50,10.0,0.0,1,4706070.0,0.23025663999999998,0.0037648560000000005,0.0037648560000000005,0.23402149599999994,0.198513824,0.42409628199999994,/home/xay/KVMergeComm/snapshots/query_sketch_cost_v1/pair6_llama32_abliterated_deepseek3b/hotpotqa/brekv/brekv_bf16_t0.95_s0.75_w8_0713_2106/cost_profile.jsonl
pair6_llama32_abliterated_deepseek3b,hotpotqa,B-ReKV,50,10.0,1.0,1,4706070.0,0.23025663999999998,0.0037648560000000005,0.0047648560000000005,0.235021496,0.199513824,0.42509628199999994,/home/xay/KVMergeComm/snapshots/query_sketch_cost_v1/pair6_llama32_abliterated_deepseek3b/hotpotqa/brekv/brekv_bf16_t0.95_s0.75_w8_0713_2106/cost_profile.jsonl
pair6_llama32_abliterated_deepseek3b,hotpotqa,B-ReKV,50,10.0,10.0,1,4706070.0,0.23025663999999998,0.0037648560000000005,0.013764856,0.24402149599999995,0.20851382400000001,0.43409628199999994,/home/xay/KVMergeComm/snapshots/query_sketch_cost_v1/pair6_llama32_abliterated_deepseek3b/hotpotqa/brekv/brekv_bf16_t0.95_s0.75_w8_0713_2106/cost_profile.jsonl
pair6_llama32_abliterated_deepseek3b,hotpotqa,B-ReKV,50,10.0,50.0,1,4706070.0,0.23025663999999998,0.0037648560000000005,0.053764856,0.28402149600000004,0.248513824,0.4740962819999999,/home/xay/KVMergeComm/snapshots/query_sketch_cost_v1/pair6_llama32_abliterated_deepseek3b/hotpotqa/brekv/brekv_bf16_t0.95_s0.75_w8_0713_2106/cost_profile.jsonl
pair6_llama32_abliterated_deepseek3b,hotpotqa,B-ReKV,50,25.0,0.0,1,4706070.0,0.23025663999999998,0.0015059423999999998,0.0015059423999999998,0.2317625824,0.1955835336,0.42209478279999996,/home/xay/KVMergeComm/snapshots/query_sketch_cost_v1/pair6_llama32_abliterated_deepseek3b/hotpotqa/brekv/brekv_bf16_t0.95_s0.75_w8_0713_2106/cost_profile.jsonl
pair6_llama32_abliterated_deepseek3b,hotpotqa,B-ReKV,50,25.0,1.0,1,4706070.0,0.23025663999999998,0.0015059423999999998,0.0025059424000000003,0.23276258239999997,0.19658353359999997,0.42309478279999996,/home/xay/KVMergeComm/snapshots/query_sketch_cost_v1/pair6_llama32_abliterated_deepseek3b/hotpotqa/brekv/brekv_bf16_t0.95_s0.75_w8_0713_2106/cost_profile.jsonl
pair6_llama32_abliterated_deepseek3b,hotpotqa,B-ReKV,50,25.0,10.0,1,4706070.0,0.23025663999999998,0.0015059423999999998,0.011505942400000002,0.24176258239999998,0.20558353359999998,0.43209478279999997,/home/xay/KVMergeComm/snapshots/query_sketch_cost_v1/pair6_llama32_abliterated_deepseek3b/hotpotqa/brekv/brekv_bf16_t0.95_s0.75_w8_0713_2106/cost_profile.jsonl
pair6_llama32_abliterated_deepseek3b,hotpotqa,B-ReKV,50,25.0,50.0,1,4706070.0,0.23025663999999998,0.0015059423999999998,0.05150594239999999,0.2817625824,0.24558353360000001,0.47209478279999995,/home/xay/KVMergeComm/snapshots/query_sketch_cost_v1/pair6_llama32_abliterated_deepseek3b/hotpotqa/brekv/brekv_bf16_t0.95_s0.75_w8_0713_2106/cost_profile.jsonl
pair6_llama32_abliterated_deepseek3b,hotpotqa,B-ReKV,50,100.0,0.0,1,4706070.0,0.23025663999999998,0.00037648559999999996,0.00037648559999999996,0.2306331256,0.19431375839999998,0.42109403319999994,/home/xay/KVMergeComm/snapshots/query_sketch_cost_v1/pair6_llama32_abliterated_deepseek3b/hotpotqa/brekv/brekv_bf16_t0.95_s0.75_w8_0713_2106/cost_profile.jsonl
pair6_llama32_abliterated_deepseek3b,hotpotqa,B-ReKV,50,100.0,1.0,1,4706070.0,0.23025663999999998,0.00037648559999999996,0.0013764856,0.23163312560000002,0.19531375839999998,0.42209403319999994,/home/xay/KVMergeComm/snapshots/query_sketch_cost_v1/pair6_llama32_abliterated_deepseek3b/hotpotqa/brekv/brekv_bf16_t0.95_s0.75_w8_0713_2106/cost_profile.jsonl
pair6_llama32_abliterated_deepseek3b,hotpotqa,B-ReKV,50,100.0,10.0,1,4706070.0,0.23025663999999998,0.00037648559999999996,0.010376485599999999,0.2406331256,0.2043137584,0.43109403319999995,/home/xay/KVMergeComm/snapshots/query_sketch_cost_v1/pair6_llama32_abliterated_deepseek3b/hotpotqa/brekv/brekv_bf16_t0.95_s0.75_w8_0713_2106/cost_profile.jsonl
pair6_llama32_abliterated_deepseek3b,hotpotqa,B-ReKV,50,100.0,50.0,1,4706070.0,0.23025663999999998,0.00037648559999999996,0.0503764856,0.28063312560000003,0.2443137584,0.47109403319999993,/home/xay/KVMergeComm/snapshots/query_sketch_cost_v1/pair6_llama32_abliterated_deepseek3b/hotpotqa/brekv/brekv_bf16_t0.95_s0.75_w8_0713_2106/cost_profile.jsonl
pair6_llama32_abliterated_deepseek3b,hotpotqa,NLD,50,1.0,0.0,1,315.46,1.2571873,2.5236800000000004e-06,2.5236800000000004e-06,1.25718982368,1.191608772,1.9586297775999997,/home/xay/KVMergeComm/snapshots/nld_receiver_aware_cost_v1/pair6_llama32_abliterated_deepseek3b/hotpotqa/nld_aware/nld_aware_cost_0725_2110/cost_profile.jsonl
pair6_llama32_abliterated_deepseek3b,hotpotqa,NLD,50,1.0,1.0,1,315.46,1.2571873,2.5236800000000004e-06,0.00100252368,1.25818982368,1.192608772,1.9596297775999998,/home/xay/KVMergeComm/snapshots/nld_receiver_aware_cost_v1/pair6_llama32_abliterated_deepseek3b/hotpotqa/nld_aware/nld_aware_cost_0725_2110/cost_profile.jsonl
pair6_llama32_abliterated_deepseek3b,hotpotqa,NLD,50,1.0,10.0,1,315.46,1.2571873,2.5236800000000004e-06,0.01000252368,1.26718982368,1.2016087720000002,1.9686297775999997,/home/xay/KVMergeComm/snapshots/nld_receiver_aware_cost_v1/pair6_llama32_abliterated_deepseek3b/hotpotqa/nld_aware/nld_aware_cost_0725_2110/cost_profile.jsonl
pair6_llama32_abliterated_deepseek3b,hotpotqa,NLD,50,1.0,50.0,1,315.46,1.2571873,2.5236800000000004e-06,0.05000252368000001,1.3071898236800001,1.241608772,2.0086297776,/home/xay/KVMergeComm/snapshots/nld_receiver_aware_cost_v1/pair6_llama32_abliterated_deepseek3b/hotpotqa/nld_aware/nld_aware_cost_0725_2110/cost_profile.jsonl
pair6_llama32_abliterated_deepseek3b,hotpotqa,NLD,50,10.0,0.0,1,315.46,1.2571873,2.5236800000000003e-07,2.5236800000000003e-07,1.2571875523679998,1.1916067272,1.9586255227599998,/home/xay/KVMergeComm/snapshots/nld_receiver_aware_cost_v1/pair6_llama32_abliterated_deepseek3b/hotpotqa/nld_aware/nld_aware_cost_0725_2110/cost_profile.jsonl
pair6_llama32_abliterated_deepseek3b,hotpotqa,NLD,50,10.0,1.0,1,315.46,1.2571873,2.5236800000000003e-07,0.0010002523680000001,1.258187552368,1.1926067272,1.9596255227599997,/home/xay/KVMergeComm/snapshots/nld_receiver_aware_cost_v1/pair6_llama32_abliterated_deepseek3b/hotpotqa/nld_aware/nld_aware_cost_0725_2110/cost_profile.jsonl
pair6_llama32_abliterated_deepseek3b,hotpotqa,NLD,50,10.0,10.0,1,315.46,1.2571873,2.5236800000000003e-07,0.010000252368,1.2671875523679998,1.2016067272000002,1.9686255227599998,/home/xay/KVMergeComm/snapshots/nld_receiver_aware_cost_v1/pair6_llama32_abliterated_deepseek3b/hotpotqa/nld_aware/nld_aware_cost_0725_2110/cost_profile.jsonl
pair6_llama32_abliterated_deepseek3b,hotpotqa,NLD,50,10.0,50.0,1,315.46,1.2571873,2.5236800000000003e-07,0.050000252368,1.3071875523679999,1.2416067272,2.0086255227599996,/home/xay/KVMergeComm/snapshots/nld_receiver_aware_cost_v1/pair6_llama32_abliterated_deepseek3b/hotpotqa/nld_aware/nld_aware_cost_0725_2110/cost_profile.jsonl
pair6_llama32_abliterated_deepseek3b,hotpotqa,NLD,50,25.0,0.0,1,315.46,1.2571873,1.009472e-07,1.009472e-07,1.2571874009472,1.19160659088,1.9586252391039998,/home/xay/KVMergeComm/snapshots/nld_receiver_aware_cost_v1/pair6_llama32_abliterated_deepseek3b/hotpotqa/nld_aware/nld_aware_cost_0725_2110/cost_profile.jsonl
pair6_llama32_abliterated_deepseek3b,hotpotqa,NLD,50,25.0,1.0,1,315.46,1.2571873,1.009472e-07,0.0010001009472,1.2581874009472,1.19260659088,1.9596252391039997,/home/xay/KVMergeComm/snapshots/nld_receiver_aware_cost_v1/pair6_llama32_abliterated_deepseek3b/hotpotqa/nld_aware/nld_aware_cost_0725_2110/cost_profile.jsonl
pair6_llama32_abliterated_deepseek3b,hotpotqa,NLD,50,25.0,10.0,1,315.46,1.2571873,1.009472e-07,0.010000100947199999,1.2671874009472,1.20160659088,1.9686252391039998,/home/xay/KVMergeComm/snapshots/nld_receiver_aware_cost_v1/pair6_llama32_abliterated_deepseek3b/hotpotqa/nld_aware/nld_aware_cost_0725_2110/cost_profile.jsonl
pair6_llama32_abliterated_deepseek3b,hotpotqa,NLD,50,25.0,50.0,1,315.46,1.2571873,1.009472e-07,0.0500001009472,1.3071874009472,1.24160659088,2.0086252391039996,/home/xay/KVMergeComm/snapshots/nld_receiver_aware_cost_v1/pair6_llama32_abliterated_deepseek3b/hotpotqa/nld_aware/nld_aware_cost_0725_2110/cost_profile.jsonl
pair6_llama32_abliterated_deepseek3b,hotpotqa,NLD,50,100.0,0.0,1,315.46,1.2571873,2.52368e-08,2.52368e-08,1.2571873252368,1.19160652272,1.9586250972759998,/home/xay/KVMergeComm/snapshots/nld_receiver_aware_cost_v1/pair6_llama32_abliterated_deepseek3b/hotpotqa/nld_aware/nld_aware_cost_0725_2110/cost_profile.jsonl
pair6_llama32_abliterated_deepseek3b,hotpotqa,NLD,50,100.0,1.0,1,315.46,1.2571873,2.52368e-08,0.0010000252368,1.2581873252368,1.19260652272,1.9596250972759997,/home/xay/KVMergeComm/snapshots/nld_receiver_aware_cost_v1/pair6_llama32_abliterated_deepseek3b/hotpotqa/nld_aware/nld_aware_cost_0725_2110/cost_profile.jsonl
pair6_llama32_abliterated_deepseek3b,hotpotqa,NLD,50,100.0,10.0,1,315.46,1.2571873,2.52368e-08,0.0100000252368,1.2671873252368,1.2016065227200001,1.9686250972759998,/home/xay/KVMergeComm/snapshots/nld_receiver_aware_cost_v1/pair6_llama32_abliterated_deepseek3b/hotpotqa/nld_aware/nld_aware_cost_0725_2110/cost_profile.jsonl
pair6_llama32_abliterated_deepseek3b,hotpotqa,NLD,50,100.0,50.0,1,315.46,1.2571873,2.52368e-08,0.0500000252368,1.3071873252367998,1.2416065227200002,2.008625097276,/home/xay/KVMergeComm/snapshots/nld_receiver_aware_cost_v1/pair6_llama32_abliterated_deepseek3b/hotpotqa/nld_aware/nld_aware_cost_0725_2110/cost_profile.jsonl
pair6_llama32_abliterated_deepseek3b,hotpotqa,ReKV,50,1.0,0.0,1,5727872.0,0.21426757999999999,0.045822976,0.045822976,0.260090556,0.25351493999999997,0.38375327,/home/xay/KVMergeComm/snapshots/query_sketch_cost_v1/pair6_llama32_abliterated_deepseek3b/hotpotqa/rekv/rekv_bf16_w8_r0.30_0713_2105/cost_profile.jsonl
pair6_llama32_abliterated_deepseek3b,hotpotqa,ReKV,50,1.0,1.0,1,5727872.0,0.21426757999999999,0.045822976,0.046822976,0.26109055600000003,0.25451493999999997,0.38475327,/home/xay/KVMergeComm/snapshots/query_sketch_cost_v1/pair6_llama32_abliterated_deepseek3b/hotpotqa/rekv/rekv_bf16_w8_r0.30_0713_2105/cost_profile.jsonl
pair6_llama32_abliterated_deepseek3b,hotpotqa,ReKV,50,1.0,10.0,1,5727872.0,0.21426757999999999,0.045822976,0.055822975999999996,0.270090556,0.26351494,0.39375327,/home/xay/KVMergeComm/snapshots/query_sketch_cost_v1/pair6_llama32_abliterated_deepseek3b/hotpotqa/rekv/rekv_bf16_w8_r0.30_0713_2105/cost_profile.jsonl
pair6_llama32_abliterated_deepseek3b,hotpotqa,ReKV,50,1.0,50.0,1,5727872.0,0.21426757999999999,0.045822976,0.095822976,0.310090556,0.30351494,0.43375326999999997,/home/xay/KVMergeComm/snapshots/query_sketch_cost_v1/pair6_llama32_abliterated_deepseek3b/hotpotqa/rekv/rekv_bf16_w8_r0.30_0713_2105/cost_profile.jsonl
pair6_llama32_abliterated_deepseek3b,hotpotqa,ReKV,50,10.0,0.0,1,5727872.0,0.21426757999999999,0.0045822976,0.0045822976,0.21884987759999996,0.20517956399999998,0.34819578199999995,/home/xay/KVMergeComm/snapshots/query_sketch_cost_v1/pair6_llama32_abliterated_deepseek3b/hotpotqa/rekv/rekv_bf16_w8_r0.30_0713_2105/cost_profile.jsonl
pair6_llama32_abliterated_deepseek3b,hotpotqa,ReKV,50,10.0,1.0,1,5727872.0,0.21426757999999999,0.0045822976,0.005582297599999999,0.2198498776,0.20617956399999998,0.34919578199999995,/home/xay/KVMergeComm/snapshots/query_sketch_cost_v1/pair6_llama32_abliterated_deepseek3b/hotpotqa/rekv/rekv_bf16_w8_r0.30_0713_2105/cost_profile.jsonl
pair6_llama32_abliterated_deepseek3b,hotpotqa,ReKV,50,10.0,10.0,1,5727872.0,0.21426757999999999,0.0045822976,0.0145822976,0.22884987759999997,0.215179564,0.35819578199999996,/home/xay/KVMergeComm/snapshots/query_sketch_cost_v1/pair6_llama32_abliterated_deepseek3b/hotpotqa/rekv/rekv_bf16_w8_r0.30_0713_2105/cost_profile.jsonl
pair6_llama32_abliterated_deepseek3b,hotpotqa,ReKV,50,10.0,50.0,1,5727872.0,0.21426757999999999,0.0045822976,0.0545822976,0.2688498776,0.25517956399999997,0.398195782,/home/xay/KVMergeComm/snapshots/query_sketch_cost_v1/pair6_llama32_abliterated_deepseek3b/hotpotqa/rekv/rekv_bf16_w8_r0.30_0713_2105/cost_profile.jsonl
pair6_llama32_abliterated_deepseek3b,hotpotqa,ReKV,50,25.0,0.0,1,5727872.0,0.21426757999999999,0.00183291904,0.00183291904,0.21610049904,0.20177212560000002,0.34582528279999997,/home/xay/KVMergeComm/snapshots/query_sketch_cost_v1/pair6_llama32_abliterated_deepseek3b/hotpotqa/rekv/rekv_bf16_w8_r0.30_0713_2105/cost_profile.jsonl
pair6_llama32_abliterated_deepseek3b,hotpotqa,ReKV,50,25.0,1.0,1,5727872.0,0.21426757999999999,0.00183291904,0.00283291904,0.21710049904,0.20277212560000002,0.34682528279999997,/home/xay/KVMergeComm/snapshots/query_sketch_cost_v1/pair6_llama32_abliterated_deepseek3b/hotpotqa/rekv/rekv_bf16_w8_r0.30_0713_2105/cost_profile.jsonl
pair6_llama32_abliterated_deepseek3b,hotpotqa,ReKV,50,25.0,10.0,1,5727872.0,0.21426757999999999,0.00183291904,0.01183291904,0.22610049904,0.2117721256,0.3558252828,/home/xay/KVMergeComm/snapshots/query_sketch_cost_v1/pair6_llama32_abliterated_deepseek3b/hotpotqa/rekv/rekv_bf16_w8_r0.30_0713_2105/cost_profile.jsonl
pair6_llama32_abliterated_deepseek3b,hotpotqa,ReKV,50,25.0,50.0,1,5727872.0,0.21426757999999999,0.00183291904,0.05183291904,0.26610049904,0.2517721256,0.3958252828,/home/xay/KVMergeComm/snapshots/query_sketch_cost_v1/pair6_llama32_abliterated_deepseek3b/hotpotqa/rekv/rekv_bf16_w8_r0.30_0713_2105/cost_profile.jsonl
pair6_llama32_abliterated_deepseek3b,hotpotqa,ReKV,50,100.0,0.0,1,5727872.0,0.21426757999999999,0.00045822976,0.00045822976,0.21472580976,0.2000684064,0.3446400332,/home/xay/KVMergeComm/snapshots/query_sketch_cost_v1/pair6_llama32_abliterated_deepseek3b/hotpotqa/rekv/rekv_bf16_w8_r0.30_0713_2105/cost_profile.jsonl
pair6_llama32_abliterated_deepseek3b,hotpotqa,ReKV,50,100.0,1.0,1,5727872.0,0.21426757999999999,0.00045822976,0.00145822976,0.21572580975999997,0.2010684064,0.3456400332,/home/xay/KVMergeComm/snapshots/query_sketch_cost_v1/pair6_llama32_abliterated_deepseek3b/hotpotqa/rekv/rekv_bf16_w8_r0.30_0713_2105/cost_profile.jsonl
pair6_llama32_abliterated_deepseek3b,hotpotqa,ReKV,50,100.0,10.0,1,5727872.0,0.21426757999999999,0.00045822976,0.010458229760000002,0.22472580976,0.21006840640000002,0.3546400332,/home/xay/KVMergeComm/snapshots/query_sketch_cost_v1/pair6_llama32_abliterated_deepseek3b/hotpotqa/rekv/rekv_bf16_w8_r0.30_0713_2105/cost_profile.jsonl
pair6_llama32_abliterated_deepseek3b,hotpotqa,ReKV,50,100.0,50.0,1,5727872.0,0.21426757999999999,0.00045822976,0.05045822976,0.26472580976,0.2500684064,0.3946400332,/home/xay/KVMergeComm/snapshots/query_sketch_cost_v1/pair6_llama32_abliterated_deepseek3b/hotpotqa/rekv/rekv_bf16_w8_r0.30_0713_2105/cost_profile.jsonl
pair6_llama32_abliterated_deepseek3b,multifieldqa_en,B-ReKV,50,1.0,0.0,1,342622412.0,1.07708632,2.7409792960000003,2.7409792960000003,3.8180656159999997,3.93210134,7.130280089999999,/home/xay/KVMergeComm/snapshots/query_sketch_cost_v1/pair6_llama32_abliterated_deepseek3b/multifieldqa_en/brekv/brekv_bf16_t0.95_s0.75_w8_0713_2109/cost_profile.jsonl
pair6_llama32_abliterated_deepseek3b,multifieldqa_en,B-ReKV,50,1.0,1.0,1,342622412.0,1.07708632,2.7409792960000003,2.7419792960000002,3.8190656159999996,3.93310134,7.13128009,/home/xay/KVMergeComm/snapshots/query_sketch_cost_v1/pair6_llama32_abliterated_deepseek3b/multifieldqa_en/brekv/brekv_bf16_t0.95_s0.75_w8_0713_2109/cost_profile.jsonl
pair6_llama32_abliterated_deepseek3b,multifieldqa_en,B-ReKV,50,1.0,10.0,1,342622412.0,1.07708632,2.7409792960000003,2.7509792959999997,3.8280656159999995,3.94210134,7.140280089999999,/home/xay/KVMergeComm/snapshots/query_sketch_cost_v1/pair6_llama32_abliterated_deepseek3b/multifieldqa_en/brekv/brekv_bf16_t0.95_s0.75_w8_0713_2109/cost_profile.jsonl
pair6_llama32_abliterated_deepseek3b,multifieldqa_en,B-ReKV,50,1.0,50.0,1,342622412.0,1.07708632,2.7409792960000003,2.7909792959999997,3.868065616,3.98210134,7.180280089999999,/home/xay/KVMergeComm/snapshots/query_sketch_cost_v1/pair6_llama32_abliterated_deepseek3b/multifieldqa_en/brekv/brekv_bf16_t0.95_s0.75_w8_0713_2109/cost_profile.jsonl
pair6_llama32_abliterated_deepseek3b,multifieldqa_en,B-ReKV,50,10.0,0.0,1,342622412.0,1.07708632,0.2740979296,0.2740979296,1.3511842496,1.3216856040000002,2.5223034279999994,/home/xay/KVMergeComm/snapshots/query_sketch_cost_v1/pair6_llama32_abliterated_deepseek3b/multifieldqa_en/brekv/brekv_bf16_t0.95_s0.75_w8_0713_2109/cost_profile.jsonl
pair6_llama32_abliterated_deepseek3b,multifieldqa_en,B-ReKV,50,10.0,1.0,1,342622412.0,1.07708632,0.2740979296,0.2750979296,1.3521842495999998,1.3226856040000001,2.5233034279999993,/home/xay/KVMergeComm/snapshots/query_sketch_cost_v1/pair6_llama32_abliterated_deepseek3b/multifieldqa_en/brekv/brekv_bf16_t0.95_s0.75_w8_0713_2109/cost_profile.jsonl
pair6_llama32_abliterated_deepseek3b,multifieldqa_en,B-ReKV,50,10.0,10.0,1,342622412.0,1.07708632,0.2740979296,0.2840979296,1.3611842495999997,1.331685604,2.532303427999999,/home/xay/KVMergeComm/snapshots/query_sketch_cost_v1/pair6_llama32_abliterated_deepseek3b/multifieldqa_en/brekv/brekv_bf16_t0.95_s0.75_w8_0713_2109/cost_profile.jsonl
pair6_llama32_abliterated_deepseek3b,multifieldqa_en,B-ReKV,50,10.0,50.0,1,342622412.0,1.07708632,0.2740979296,0.32409792960000006,1.4011842496,1.371685604,2.5723034279999992,/home/xay/KVMergeComm/snapshots/query_sketch_cost_v1/pair6_llama32_abliterated_deepseek3b/multifieldqa_en/brekv/brekv_bf16_t0.95_s0.75_w8_0713_2109/cost_profile.jsonl
pair6_llama32_abliterated_deepseek3b,multifieldqa_en,B-ReKV,50,25.0,0.0,1,342622412.0,1.07708632,0.10963917184,0.10963917184,1.18672549184,1.1466085416,2.2772402511999994,/home/xay/KVMergeComm/snapshots/query_sketch_cost_v1/pair6_llama32_abliterated_deepseek3b/multifieldqa_en/brekv/brekv_bf16_t0.95_s0.75_w8_0713_2109/cost_profile.jsonl
pair6_llama32_abliterated_deepseek3b,multifieldqa_en,B-ReKV,50,25.0,1.0,1,342622412.0,1.07708632,0.10963917184,0.11063917184,1.1877254918400002,1.1476085416,2.2782402511999993,/home/xay/KVMergeComm/snapshots/query_sketch_cost_v1/pair6_llama32_abliterated_deepseek3b/multifieldqa_en/brekv/brekv_bf16_t0.95_s0.75_w8_0713_2109/cost_profile.jsonl
pair6_llama32_abliterated_deepseek3b,multifieldqa_en,B-ReKV,50,25.0,10.0,1,342622412.0,1.07708632,0.10963917184,0.11963917184000002,1.1967254918399999,1.1566085416,2.287240251199999,/home/xay/KVMergeComm/snapshots/query_sketch_cost_v1/pair6_llama32_abliterated_deepseek3b/multifieldqa_en/brekv/brekv_bf16_t0.95_s0.75_w8_0713_2109/cost_profile.jsonl
pair6_llama32_abliterated_deepseek3b,multifieldqa_en,B-ReKV,50,25.0,50.0,1,342622412.0,1.07708632,0.10963917184,0.15963917183999998,1.23672549184,1.1966085416,2.327240251199999,/home/xay/KVMergeComm/snapshots/query_sketch_cost_v1/pair6_llama32_abliterated_deepseek3b/multifieldqa_en/brekv/brekv_bf16_t0.95_s0.75_w8_0713_2109/cost_profile.jsonl
pair6_llama32_abliterated_deepseek3b,multifieldqa_en,B-ReKV,50,100.0,0.0,1,342622412.0,1.07708632,0.02740979296,0.02740979296,1.10449611296,1.0506513544000002,2.1547086627999996,/home/xay/KVMergeComm/snapshots/query_sketch_cost_v1/pair6_llama32_abliterated_deepseek3b/multifieldqa_en/brekv/brekv_bf16_t0.95_s0.75_w8_0713_2109/cost_profile.jsonl
pair6_llama32_abliterated_deepseek3b,multifieldqa_en,B-ReKV,50,100.0,1.0,1,342622412.0,1.07708632,0.02740979296,0.02840979296,1.10549611296,1.0516513544000001,2.1557086627999995,/home/xay/KVMergeComm/snapshots/query_sketch_cost_v1/pair6_llama32_abliterated_deepseek3b/multifieldqa_en/brekv/brekv_bf16_t0.95_s0.75_w8_0713_2109/cost_profile.jsonl
pair6_llama32_abliterated_deepseek3b,multifieldqa_en,B-ReKV,50,100.0,10.0,1,342622412.0,1.07708632,0.02740979296,0.03740979296,1.11449611296,1.0606513544,2.1647086627999994,/home/xay/KVMergeComm/snapshots/query_sketch_cost_v1/pair6_llama32_abliterated_deepseek3b/multifieldqa_en/brekv/brekv_bf16_t0.95_s0.75_w8_0713_2109/cost_profile.jsonl
pair6_llama32_abliterated_deepseek3b,multifieldqa_en,B-ReKV,50,100.0,50.0,1,342622412.0,1.07708632,0.02740979296,0.07740979295999999,1.15449611296,1.1006513544,2.2047086627999994,/home/xay/KVMergeComm/snapshots/query_sketch_cost_v1/pair6_llama32_abliterated_deepseek3b/multifieldqa_en/brekv/brekv_bf16_t0.95_s0.75_w8_0713_2109/cost_profile.jsonl
pair6_llama32_abliterated_deepseek3b,multifieldqa_en,NLD,50,1.0,0.0,1,87.06,0.99048352,6.964800000000001e-07,6.964800000000001e-07,0.9904842164799998,0.791477872,1.9922745303999991,/home/xay/KVMergeComm/snapshots/nld_receiver_aware_cost_v1/pair6_llama32_abliterated_deepseek3b/multifieldqa_en/nld_aware/nld_aware_cost_0725_2113/cost_profile.jsonl
pair6_llama32_abliterated_deepseek3b,multifieldqa_en,NLD,50,1.0,1.0,1,87.06,0.99048352,6.964800000000001e-07,0.0010006964800000002,0.9914842164799998,0.7924778720000001,1.9932745303999995,/home/xay/KVMergeComm/snapshots/nld_receiver_aware_cost_v1/pair6_llama32_abliterated_deepseek3b/multifieldqa_en/nld_aware/nld_aware_cost_0725_2113/cost_profile.jsonl
pair6_llama32_abliterated_deepseek3b,multifieldqa_en,NLD,50,1.0,10.0,1,87.06,0.99048352,6.964800000000001e-07,0.01000069648,1.0004842164799999,0.801477872,2.0022745303999994,/home/xay/KVMergeComm/snapshots/nld_receiver_aware_cost_v1/pair6_llama32_abliterated_deepseek3b/multifieldqa_en/nld_aware/nld_aware_cost_0725_2113/cost_profile.jsonl
pair6_llama32_abliterated_deepseek3b,multifieldqa_en,NLD,50,1.0,50.0,1,87.06,0.99048352,6.964800000000001e-07,0.05000069648000001,1.0404842164800001,0.841477872,2.0422745303999994,/home/xay/KVMergeComm/snapshots/nld_receiver_aware_cost_v1/pair6_llama32_abliterated_deepseek3b/multifieldqa_en/nld_aware/nld_aware_cost_0725_2113/cost_profile.jsonl
pair6_llama32_abliterated_deepseek3b,multifieldqa_en,NLD,50,10.0,0.0,1,87.06,0.99048352,6.9648e-08,6.9648e-08,0.9904835896479999,0.7914770872,1.9922727930399993,/home/xay/KVMergeComm/snapshots/nld_receiver_aware_cost_v1/pair6_llama32_abliterated_deepseek3b/multifieldqa_en/nld_aware/nld_aware_cost_0725_2113/cost_profile.jsonl
pair6_llama32_abliterated_deepseek3b,multifieldqa_en,NLD,50,10.0,1.0,1,87.06,0.99048352,6.9648e-08,0.0010000696480000001,0.991483589648,0.7924770872,1.9932727930399994,/home/xay/KVMergeComm/snapshots/nld_receiver_aware_cost_v1/pair6_llama32_abliterated_deepseek3b/multifieldqa_en/nld_aware/nld_aware_cost_0725_2113/cost_profile.jsonl
pair6_llama32_abliterated_deepseek3b,multifieldqa_en,NLD,50,10.0,10.0,1,87.06,0.99048352,6.9648e-08,0.010000069648000001,1.0004835896479998,0.8014770872,2.002272793039999,/home/xay/KVMergeComm/snapshots/nld_receiver_aware_cost_v1/pair6_llama32_abliterated_deepseek3b/multifieldqa_en/nld_aware/nld_aware_cost_0725_2113/cost_profile.jsonl
pair6_llama32_abliterated_deepseek3b,multifieldqa_en,NLD,50,10.0,50.0,1,87.06,0.99048352,6.9648e-08,0.050000069647999995,1.0404835896479998,0.8414770871999999,2.042272793039999,/home/xay/KVMergeComm/snapshots/nld_receiver_aware_cost_v1/pair6_llama32_abliterated_deepseek3b/multifieldqa_en/nld_aware/nld_aware_cost_0725_2113/cost_profile.jsonl
pair6_llama32_abliterated_deepseek3b,multifieldqa_en,NLD,50,25.0,0.0,1,87.06,0.99048352,2.78592e-08,2.78592e-08,0.9904835478592,0.79147703488,1.992272677215999,/home/xay/KVMergeComm/snapshots/nld_receiver_aware_cost_v1/pair6_llama32_abliterated_deepseek3b/multifieldqa_en/nld_aware/nld_aware_cost_0725_2113/cost_profile.jsonl
pair6_llama32_abliterated_deepseek3b,multifieldqa_en,NLD,50,25.0,1.0,1,87.06,0.99048352,2.78592e-08,0.0010000278592,0.9914835478591999,0.79247703488,1.9932726772159994,/home/xay/KVMergeComm/snapshots/nld_receiver_aware_cost_v1/pair6_llama32_abliterated_deepseek3b/multifieldqa_en/nld_aware/nld_aware_cost_0725_2113/cost_profile.jsonl
pair6_llama32_abliterated_deepseek3b,multifieldqa_en,NLD,50,25.0,10.0,1,87.06,0.99048352,2.78592e-08,0.010000027859200001,1.0004835478592,0.80147703488,2.0022726772159993,/home/xay/KVMergeComm/snapshots/nld_receiver_aware_cost_v1/pair6_llama32_abliterated_deepseek3b/multifieldqa_en/nld_aware/nld_aware_cost_0725_2113/cost_profile.jsonl
pair6_llama32_abliterated_deepseek3b,multifieldqa_en,NLD,50,25.0,50.0,1,87.06,0.99048352,2.78592e-08,0.050000027859200005,1.0404835478592,0.84147703488,2.0422726772159994,/home/xay/KVMergeComm/snapshots/nld_receiver_aware_cost_v1/pair6_llama32_abliterated_deepseek3b/multifieldqa_en/nld_aware/nld_aware_cost_0725_2113/cost_profile.jsonl
pair6_llama32_abliterated_deepseek3b,multifieldqa_en,NLD,50,100.0,0.0,1,87.06,0.99048352,6.9648e-09,6.9648e-09,0.9904835269647999,0.79147700872,1.9922726193039992,/home/xay/KVMergeComm/snapshots/nld_receiver_aware_cost_v1/pair6_llama32_abliterated_deepseek3b/multifieldqa_en/nld_aware/nld_aware_cost_0725_2113/cost_profile.jsonl
pair6_llama32_abliterated_deepseek3b,multifieldqa_en,NLD,50,100.0,1.0,1,87.06,0.99048352,6.9648e-09,0.0010000069648,0.9914835269648,0.7924770087199999,1.9932726193039993,/home/xay/KVMergeComm/snapshots/nld_receiver_aware_cost_v1/pair6_llama32_abliterated_deepseek3b/multifieldqa_en/nld_aware/nld_aware_cost_0725_2113/cost_profile.jsonl
pair6_llama32_abliterated_deepseek3b,multifieldqa_en,NLD,50,100.0,10.0,1,87.06,0.99048352,6.9648e-09,0.010000006964799999,1.0004835269648,0.80147700872,2.0022726193039992,/home/xay/KVMergeComm/snapshots/nld_receiver_aware_cost_v1/pair6_llama32_abliterated_deepseek3b/multifieldqa_en/nld_aware/nld_aware_cost_0725_2113/cost_profile.jsonl
pair6_llama32_abliterated_deepseek3b,multifieldqa_en,NLD,50,100.0,50.0,1,87.06,0.99048352,6.9648e-09,0.050000006964799996,1.0404835269648,0.84147700872,2.0422726193039993,/home/xay/KVMergeComm/snapshots/nld_receiver_aware_cost_v1/pair6_llama32_abliterated_deepseek3b/multifieldqa_en/nld_aware/nld_aware_cost_0725_2113/cost_profile.jsonl
pair6_llama32_abliterated_deepseek3b,multifieldqa_en,ReKV,50,1.0,0.0,1,269141474.0,1.05228068,2.153131792,2.153131792,3.205412472,3.2868657399999996,5.652976379999999,/home/xay/KVMergeComm/snapshots/query_sketch_cost_v1/pair6_llama32_abliterated_deepseek3b/multifieldqa_en/rekv/rekv_bf16_w8_r0.30_0713_2108/cost_profile.jsonl
pair6_llama32_abliterated_deepseek3b,multifieldqa_en,ReKV,50,1.0,1.0,1,269141474.0,1.05228068,2.153131792,2.154131792,3.2064124720000002,3.28786574,5.653976379999999,/home/xay/KVMergeComm/snapshots/query_sketch_cost_v1/pair6_llama32_abliterated_deepseek3b/multifieldqa_en/rekv/rekv_bf16_w8_r0.30_0713_2108/cost_profile.jsonl
pair6_llama32_abliterated_deepseek3b,multifieldqa_en,ReKV,50,1.0,10.0,1,269141474.0,1.05228068,2.153131792,2.1631317919999997,3.2154124719999997,3.2968657399999994,5.662976379999999,/home/xay/KVMergeComm/snapshots/query_sketch_cost_v1/pair6_llama32_abliterated_deepseek3b/multifieldqa_en/rekv/rekv_bf16_w8_r0.30_0713_2108/cost_profile.jsonl
pair6_llama32_abliterated_deepseek3b,multifieldqa_en,ReKV,50,1.0,50.0,1,269141474.0,1.05228068,2.153131792,2.2031317919999998,3.2554124719999997,3.3368657399999995,5.702976379999999,/home/xay/KVMergeComm/snapshots/query_sketch_cost_v1/pair6_llama32_abliterated_deepseek3b/multifieldqa_en/rekv/rekv_bf16_w8_r0.30_0713_2108/cost_profile.jsonl
pair6_llama32_abliterated_deepseek3b,multifieldqa_en,ReKV,50,10.0,0.0,1,269141474.0,1.05228068,0.21531317919999998,0.21531317919999998,1.2675938592,1.1822640039999999,2.3447738019999993,/home/xay/KVMergeComm/snapshots/query_sketch_cost_v1/pair6_llama32_abliterated_deepseek3b/multifieldqa_en/rekv/rekv_bf16_w8_r0.30_0713_2108/cost_profile.jsonl
pair6_llama32_abliterated_deepseek3b,multifieldqa_en,ReKV,50,10.0,1.0,1,269141474.0,1.05228068,0.21531317919999998,0.21631317919999998,1.2685938592,1.183264004,2.3457738019999996,/home/xay/KVMergeComm/snapshots/query_sketch_cost_v1/pair6_llama32_abliterated_deepseek3b/multifieldqa_en/rekv/rekv_bf16_w8_r0.30_0713_2108/cost_profile.jsonl
pair6_llama32_abliterated_deepseek3b,multifieldqa_en,ReKV,50,10.0,10.0,1,269141474.0,1.05228068,0.21531317919999998,0.2253131792,1.2775938591999998,1.192264004,2.3547738019999995,/home/xay/KVMergeComm/snapshots/query_sketch_cost_v1/pair6_llama32_abliterated_deepseek3b/multifieldqa_en/rekv/rekv_bf16_w8_r0.30_0713_2108/cost_profile.jsonl
pair6_llama32_abliterated_deepseek3b,multifieldqa_en,ReKV,50,10.0,50.0,1,269141474.0,1.05228068,0.21531317919999998,0.2653131792,1.3175938592,1.2322640040000001,2.3947738019999996,/home/xay/KVMergeComm/snapshots/query_sketch_cost_v1/pair6_llama32_abliterated_deepseek3b/multifieldqa_en/rekv/rekv_bf16_w8_r0.30_0713_2108/cost_profile.jsonl
pair6_llama32_abliterated_deepseek3b,multifieldqa_en,ReKV,50,25.0,0.0,1,269141474.0,1.05228068,0.08612527167999998,0.08612527167999998,1.13840595168,1.0552989056,2.1688104507999997,/home/xay/KVMergeComm/snapshots/query_sketch_cost_v1/pair6_llama32_abliterated_deepseek3b/multifieldqa_en/rekv/rekv_bf16_w8_r0.30_0713_2108/cost_profile.jsonl
pair6_llama32_abliterated_deepseek3b,multifieldqa_en,ReKV,50,25.0,1.0,1,269141474.0,1.05228068,0.08612527167999998,0.08712527167999999,1.13940595168,1.0562989055999998,2.169810450799999,/home/xay/KVMergeComm/snapshots/query_sketch_cost_v1/pair6_llama32_abliterated_deepseek3b/multifieldqa_en/rekv/rekv_bf16_w8_r0.30_0713_2108/cost_profile.jsonl
pair6_llama32_abliterated_deepseek3b,multifieldqa_en,ReKV,50,25.0,10.0,1,269141474.0,1.05228068,0.08612527167999998,0.09612527168,1.14840595168,1.0652989056,2.1788104507999995,/home/xay/KVMergeComm/snapshots/query_sketch_cost_v1/pair6_llama32_abliterated_deepseek3b/multifieldqa_en/rekv/rekv_bf16_w8_r0.30_0713_2108/cost_profile.jsonl
pair6_llama32_abliterated_deepseek3b,multifieldqa_en,ReKV,50,25.0,50.0,1,269141474.0,1.05228068,0.08612527167999998,0.13612527168000002,1.18840595168,1.1052989056,2.2188104507999995,/home/xay/KVMergeComm/snapshots/query_sketch_cost_v1/pair6_llama32_abliterated_deepseek3b/multifieldqa_en/rekv/rekv_bf16_w8_r0.30_0713_2108/cost_profile.jsonl
pair6_llama32_abliterated_deepseek3b,multifieldqa_en,ReKV,50,100.0,0.0,1,269141474.0,1.05228068,0.021531317919999994,0.021531317919999994,1.07381199792,0.9963797743999999,2.0682822235999994,/home/xay/KVMergeComm/snapshots/query_sketch_cost_v1/pair6_llama32_abliterated_deepseek3b/multifieldqa_en/rekv/rekv_bf16_w8_r0.30_0713_2108/cost_profile.jsonl
pair6_llama32_abliterated_deepseek3b,multifieldqa_en,ReKV,50,100.0,1.0,1,269141474.0,1.05228068,0.021531317919999994,0.022531317920000002,1.07481199792,0.9973797743999999,2.0692822235999997,/home/xay/KVMergeComm/snapshots/query_sketch_cost_v1/pair6_llama32_abliterated_deepseek3b/multifieldqa_en/rekv/rekv_bf16_w8_r0.30_0713_2108/cost_profile.jsonl
pair6_llama32_abliterated_deepseek3b,multifieldqa_en,ReKV,50,100.0,10.0,1,269141474.0,1.05228068,0.021531317919999994,0.031531317919999996,1.0838119979199998,1.0063797744,2.0782822235999996,/home/xay/KVMergeComm/snapshots/query_sketch_cost_v1/pair6_llama32_abliterated_deepseek3b/multifieldqa_en/rekv/rekv_bf16_w8_r0.30_0713_2108/cost_profile.jsonl
pair6_llama32_abliterated_deepseek3b,multifieldqa_en,ReKV,50,100.0,50.0,1,269141474.0,1.05228068,0.021531317919999994,0.07153131792,1.1238119979199999,1.0463797744,2.1182822235999996,/home/xay/KVMergeComm/snapshots/query_sketch_cost_v1/pair6_llama32_abliterated_deepseek3b/multifieldqa_en/rekv/rekv_bf16_w8_r0.30_0713_2108/cost_profile.jsonl
pair6_llama32_abliterated_deepseek3b,musique,B-ReKV,50,1.0,0.0,1,10001302.0,0.28855652000000004,0.08001041599999999,0.08001041599999999,0.3685669359999999,0.30705784,0.6725695899999998,/home/xay/KVMergeComm/snapshots/query_sketch_cost_v1/pair6_llama32_abliterated_deepseek3b/musique/brekv/brekv_bf16_t0.95_s0.75_w8_0713_2107/cost_profile.jsonl
pair6_llama32_abliterated_deepseek3b,musique,B-ReKV,50,1.0,1.0,1,10001302.0,0.28855652000000004,0.08001041599999999,0.081010416,0.369566936,0.30805784,0.6735695899999998,/home/xay/KVMergeComm/snapshots/query_sketch_cost_v1/pair6_llama32_abliterated_deepseek3b/musique/brekv/brekv_bf16_t0.95_s0.75_w8_0713_2107/cost_profile.jsonl
pair6_llama32_abliterated_deepseek3b,musique,B-ReKV,50,1.0,10.0,1,10001302.0,0.28855652000000004,0.08001041599999999,0.09001041600000001,0.3785669360000001,0.31705784000000004,0.6825695899999998,/home/xay/KVMergeComm/snapshots/query_sketch_cost_v1/pair6_llama32_abliterated_deepseek3b/musique/brekv/brekv_bf16_t0.95_s0.75_w8_0713_2107/cost_profile.jsonl
pair6_llama32_abliterated_deepseek3b,musique,B-ReKV,50,1.0,50.0,1,10001302.0,0.28855652000000004,0.08001041599999999,0.13001041600000002,0.418566936,0.35705783999999996,0.7225695899999999,/home/xay/KVMergeComm/snapshots/query_sketch_cost_v1/pair6_llama32_abliterated_deepseek3b/musique/brekv/brekv_bf16_t0.95_s0.75_w8_0713_2107/cost_profile.jsonl
pair6_llama32_abliterated_deepseek3b,musique,B-ReKV,50,10.0,0.0,1,10001302.0,0.28855652000000004,0.008001041600000001,0.008001041600000001,0.2965575616,0.25360036399999997,0.591922474,/home/xay/KVMergeComm/snapshots/query_sketch_cost_v1/pair6_llama32_abliterated_deepseek3b/musique/brekv/brekv_bf16_t0.95_s0.75_w8_0713_2107/cost_profile.jsonl
pair6_llama32_abliterated_deepseek3b,musique,B-ReKV,50,10.0,1.0,1,10001302.0,0.28855652000000004,0.008001041600000001,0.0090010416,0.2975575616,0.25460036399999997,0.592922474,/home/xay/KVMergeComm/snapshots/query_sketch_cost_v1/pair6_llama32_abliterated_deepseek3b/musique/brekv/brekv_bf16_t0.95_s0.75_w8_0713_2107/cost_profile.jsonl
pair6_llama32_abliterated_deepseek3b,musique,B-ReKV,50,10.0,10.0,1,10001302.0,0.28855652000000004,0.008001041600000001,0.0180010416,0.30655756160000003,0.263600364,0.601922474,/home/xay/KVMergeComm/snapshots/query_sketch_cost_v1/pair6_llama32_abliterated_deepseek3b/musique/brekv/brekv_bf16_t0.95_s0.75_w8_0713_2107/cost_profile.jsonl
pair6_llama32_abliterated_deepseek3b,musique,B-ReKV,50,10.0,50.0,1,10001302.0,0.28855652000000004,0.008001041600000001,0.05800104160000001,0.3465575616,0.303600364,0.6419224739999999,/home/xay/KVMergeComm/snapshots/query_sketch_cost_v1/pair6_llama32_abliterated_deepseek3b/musique/brekv/brekv_bf16_t0.95_s0.75_w8_0713_2107/cost_profile.jsonl
pair6_llama32_abliterated_deepseek3b,musique,B-ReKV,50,25.0,0.0,1,10001302.0,0.28855652000000004,0.0032004166400000002,0.0032004166400000002,0.29175693663999996,0.2506160456,0.5868481395999999,/home/xay/KVMergeComm/snapshots/query_sketch_cost_v1/pair6_llama32_abliterated_deepseek3b/musique/brekv/brekv_bf16_t0.95_s0.75_w8_0713_2107/cost_profile.jsonl
pair6_llama32_abliterated_deepseek3b,musique,B-ReKV,50,25.0,1.0,1,10001302.0,0.28855652000000004,0.0032004166400000002,0.004200416639999999,0.29275693664,0.2516160456,0.5878481395999999,/home/xay/KVMergeComm/snapshots/query_sketch_cost_v1/pair6_llama32_abliterated_deepseek3b/musique/brekv/brekv_bf16_t0.95_s0.75_w8_0713_2107/cost_profile.jsonl
pair6_llama32_abliterated_deepseek3b,musique,B-ReKV,50,25.0,10.0,1,10001302.0,0.28855652000000004,0.0032004166400000002,0.013200416639999997,0.30175693664000003,0.2606160456,0.5968481395999999,/home/xay/KVMergeComm/snapshots/query_sketch_cost_v1/pair6_llama32_abliterated_deepseek3b/musique/brekv/brekv_bf16_t0.95_s0.75_w8_0713_2107/cost_profile.jsonl
pair6_llama32_abliterated_deepseek3b,musique,B-ReKV,50,25.0,50.0,1,10001302.0,0.28855652000000004,0.0032004166400000002,0.05320041664,0.34175693664,0.3006160456,0.6368481395999999,/home/xay/KVMergeComm/snapshots/query_sketch_cost_v1/pair6_llama32_abliterated_deepseek3b/musique/brekv/brekv_bf16_t0.95_s0.75_w8_0713_2107/cost_profile.jsonl
pair6_llama32_abliterated_deepseek3b,musique,B-ReKV,50,100.0,0.0,1,10001302.0,0.28855652000000004,0.0008001041600000001,0.0008001041600000001,0.28935662416,0.24884984640000002,0.5843109724,/home/xay/KVMergeComm/snapshots/query_sketch_cost_v1/pair6_llama32_abliterated_deepseek3b/musique/brekv/brekv_bf16_t0.95_s0.75_w8_0713_2107/cost_profile.jsonl
pair6_llama32_abliterated_deepseek3b,musique,B-ReKV,50,100.0,1.0,1,10001302.0,0.28855652000000004,0.0008001041600000001,0.00180010416,0.29035662416,0.24984984640000002,0.5853109723999999,/home/xay/KVMergeComm/snapshots/query_sketch_cost_v1/pair6_llama32_abliterated_deepseek3b/musique/brekv/brekv_bf16_t0.95_s0.75_w8_0713_2107/cost_profile.jsonl
pair6_llama32_abliterated_deepseek3b,musique,B-ReKV,50,100.0,10.0,1,10001302.0,0.28855652000000004,0.0008001041600000001,0.01080010416,0.29935662416,0.25884984639999997,0.5943109724,/home/xay/KVMergeComm/snapshots/query_sketch_cost_v1/pair6_llama32_abliterated_deepseek3b/musique/brekv/brekv_bf16_t0.95_s0.75_w8_0713_2107/cost_profile.jsonl
pair6_llama32_abliterated_deepseek3b,musique,B-ReKV,50,100.0,50.0,1,10001302.0,0.28855652000000004,0.0008001041600000001,0.05080010416,0.33935662416,0.2988498464,0.6343109723999999,/home/xay/KVMergeComm/snapshots/query_sketch_cost_v1/pair6_llama32_abliterated_deepseek3b/musique/brekv/brekv_bf16_t0.95_s0.75_w8_0713_2107/cost_profile.jsonl
pair6_llama32_abliterated_deepseek3b,musique,NLD,50,1.0,0.0,1,458.54,1.6970912599999999,3.6683200000000002e-06,3.6683200000000002e-06,1.6970949283199999,1.750839752,2.2854026292,/home/xay/KVMergeComm/snapshots/nld_receiver_aware_cost_v1/pair6_llama32_abliterated_deepseek3b/musique/nld_aware/nld_aware_cost_0725_2111/cost_profile.jsonl
pair6_llama32_abliterated_deepseek3b,musique,NLD,50,1.0,1.0,1,458.54,1.6970912599999999,3.6683200000000002e-06,0.00100366832,1.6980949283200002,1.751839752,2.2864026292,/home/xay/KVMergeComm/snapshots/nld_receiver_aware_cost_v1/pair6_llama32_abliterated_deepseek3b/musique/nld_aware/nld_aware_cost_0725_2111/cost_profile.jsonl
pair6_llama32_abliterated_deepseek3b,musique,NLD,50,1.0,10.0,1,458.54,1.6970912599999999,3.6683200000000002e-06,0.010003668319999999,1.7070949283199999,1.7608397519999999,2.2954026292,/home/xay/KVMergeComm/snapshots/nld_receiver_aware_cost_v1/pair6_llama32_abliterated_deepseek3b/musique/nld_aware/nld_aware_cost_0725_2111/cost_profile.jsonl
pair6_llama32_abliterated_deepseek3b,musique,NLD,50,1.0,50.0,1,458.54,1.6970912599999999,3.6683200000000002e-06,0.05000366832000001,1.74709492832,1.800839752,2.3354026292,/home/xay/KVMergeComm/snapshots/nld_receiver_aware_cost_v1/pair6_llama32_abliterated_deepseek3b/musique/nld_aware/nld_aware_cost_0725_2111/cost_profile.jsonl
pair6_llama32_abliterated_deepseek3b,musique,NLD,50,10.0,0.0,1,458.54,1.6970912599999999,3.66832e-07,3.66832e-07,1.6970916268320002,1.7508359252,2.28539891292,/home/xay/KVMergeComm/snapshots/nld_receiver_aware_cost_v1/pair6_llama32_abliterated_deepseek3b/musique/nld_aware/nld_aware_cost_0725_2111/cost_profile.jsonl
pair6_llama32_abliterated_deepseek3b,musique,NLD,50,10.0,1.0,1,458.54,1.6970912599999999,3.66832e-07,0.001000366832,1.698091626832,1.7518359252,2.2863989129199997,/home/xay/KVMergeComm/snapshots/nld_receiver_aware_cost_v1/pair6_llama32_abliterated_deepseek3b/musique/nld_aware/nld_aware_cost_0725_2111/cost_profile.jsonl
pair6_llama32_abliterated_deepseek3b,musique,NLD,50,10.0,10.0,1,458.54,1.6970912599999999,3.66832e-07,0.010000366832,1.707091626832,1.7608359251999999,2.29539891292,/home/xay/KVMergeComm/snapshots/nld_receiver_aware_cost_v1/pair6_llama32_abliterated_deepseek3b/musique/nld_aware/nld_aware_cost_0725_2111/cost_profile.jsonl
pair6_llama32_abliterated_deepseek3b,musique,NLD,50,10.0,50.0,1,458.54,1.6970912599999999,3.66832e-07,0.050000366831999994,1.7470916268320003,1.8008359252,2.33539891292,/home/xay/KVMergeComm/snapshots/nld_receiver_aware_cost_v1/pair6_llama32_abliterated_deepseek3b/musique/nld_aware/nld_aware_cost_0725_2111/cost_profile.jsonl
pair6_llama32_abliterated_deepseek3b,musique,NLD,50,25.0,0.0,1,458.54,1.6970912599999999,1.4673279999999998e-07,1.4673279999999998e-07,1.6970914067327998,1.7508356700799999,2.285398665168,/home/xay/KVMergeComm/snapshots/nld_receiver_aware_cost_v1/pair6_llama32_abliterated_deepseek3b/musique/nld_aware/nld_aware_cost_0725_2111/cost_profile.jsonl
pair6_llama32_abliterated_deepseek3b,musique,NLD,50,25.0,1.0,1,458.54,1.6970912599999999,1.4673279999999998e-07,0.0010001467327999999,1.6980914067328001,1.7518356700800002,2.2863986651680004,/home/xay/KVMergeComm/snapshots/nld_receiver_aware_cost_v1/pair6_llama32_abliterated_deepseek3b/musique/nld_aware/nld_aware_cost_0725_2111/cost_profile.jsonl
pair6_llama32_abliterated_deepseek3b,musique,NLD,50,25.0,10.0,1,458.54,1.6970912599999999,1.4673279999999998e-07,0.0100001467328,1.7070914067327998,1.76083567008,2.2953986651680003,/home/xay/KVMergeComm/snapshots/nld_receiver_aware_cost_v1/pair6_llama32_abliterated_deepseek3b/musique/nld_aware/nld_aware_cost_0725_2111/cost_profile.jsonl
pair6_llama32_abliterated_deepseek3b,musique,NLD,50,25.0,50.0,1,458.54,1.6970912599999999,1.4673279999999998e-07,0.0500001467328,1.7470914067328003,1.8008356700800001,2.3353986651680003,/home/xay/KVMergeComm/snapshots/nld_receiver_aware_cost_v1/pair6_llama32_abliterated_deepseek3b/musique/nld_aware/nld_aware_cost_0725_2111/cost_profile.jsonl
pair6_llama32_abliterated_deepseek3b,musique,NLD,50,100.0,0.0,1,458.54,1.6970912599999999,3.6683199999999996e-08,3.6683199999999996e-08,1.6970912966832001,1.75083554252,2.285398541292,/home/xay/KVMergeComm/snapshots/nld_receiver_aware_cost_v1/pair6_llama32_abliterated_deepseek3b/musique/nld_aware/nld_aware_cost_0725_2111/cost_profile.jsonl
pair6_llama32_abliterated_deepseek3b,musique,NLD,50,100.0,1.0,1,458.54,1.6970912599999999,3.6683199999999996e-08,0.0010000366832,1.6980912966832002,1.75183554252,2.286398541292,/home/xay/KVMergeComm/snapshots/nld_receiver_aware_cost_v1/pair6_llama32_abliterated_deepseek3b/musique/nld_aware/nld_aware_cost_0725_2111/cost_profile.jsonl
pair6_llama32_abliterated_deepseek3b,musique,NLD,50,100.0,10.0,1,458.54,1.6970912599999999,3.6683199999999996e-08,0.0100000366832,1.7070912966832,1.76083554252,2.295398541292,/home/xay/KVMergeComm/snapshots/nld_receiver_aware_cost_v1/pair6_llama32_abliterated_deepseek3b/musique/nld_aware/nld_aware_cost_0725_2111/cost_profile.jsonl
pair6_llama32_abliterated_deepseek3b,musique,NLD,50,100.0,50.0,1,458.54,1.6970912599999999,3.6683199999999996e-08,0.05000003668320001,1.7470912966832004,1.80083554252,2.335398541292,/home/xay/KVMergeComm/snapshots/nld_receiver_aware_cost_v1/pair6_llama32_abliterated_deepseek3b/musique/nld_aware/nld_aware_cost_0725_2111/cost_profile.jsonl
pair6_llama32_abliterated_deepseek3b,musique,ReKV,50,1.0,0.0,1,12901396.0,0.2240081,0.103211168,0.103211168,0.327219268,0.29338884,0.62209151,/home/xay/KVMergeComm/snapshots/query_sketch_cost_v1/pair6_llama32_abliterated_deepseek3b/musique/rekv/rekv_bf16_w8_r0.30_0713_2106/cost_profile.jsonl
pair6_llama32_abliterated_deepseek3b,musique,ReKV,50,1.0,1.0,1,12901396.0,0.2240081,0.103211168,0.10421116800000002,0.328219268,0.29438884,0.6230915099999998,/home/xay/KVMergeComm/snapshots/query_sketch_cost_v1/pair6_llama32_abliterated_deepseek3b/musique/rekv/rekv_bf16_w8_r0.30_0713_2106/cost_profile.jsonl
pair6_llama32_abliterated_deepseek3b,musique,ReKV,50,1.0,10.0,1,12901396.0,0.2240081,0.103211168,0.113211168,0.33721926800000007,0.30338884,0.6320915099999999,/home/xay/KVMergeComm/snapshots/query_sketch_cost_v1/pair6_llama32_abliterated_deepseek3b/musique/rekv/rekv_bf16_w8_r0.30_0713_2106/cost_profile.jsonl
pair6_llama32_abliterated_deepseek3b,musique,ReKV,50,1.0,50.0,1,12901396.0,0.2240081,0.103211168,0.15321116799999998,0.37721926800000005,0.34338884000000003,0.6720915099999999,/home/xay/KVMergeComm/snapshots/query_sketch_cost_v1/pair6_llama32_abliterated_deepseek3b/musique/rekv/rekv_bf16_w8_r0.30_0713_2106/cost_profile.jsonl
pair6_llama32_abliterated_deepseek3b,musique,ReKV,50,10.0,0.0,1,12901396.0,0.2240081,0.0103211168,0.0103211168,0.2343292168,0.200342964,0.5084800819999998,/home/xay/KVMergeComm/snapshots/query_sketch_cost_v1/pair6_llama32_abliterated_deepseek3b/musique/rekv/rekv_bf16_w8_r0.30_0713_2106/cost_profile.jsonl
pair6_llama32_abliterated_deepseek3b,musique,ReKV,50,10.0,1.0,1,12901396.0,0.2240081,0.0103211168,0.0113211168,0.23532921680000005,0.201342964,0.5094800819999998,/home/xay/KVMergeComm/snapshots/query_sketch_cost_v1/pair6_llama32_abliterated_deepseek3b/musique/rekv/rekv_bf16_w8_r0.30_0713_2106/cost_profile.jsonl
pair6_llama32_abliterated_deepseek3b,musique,ReKV,50,10.0,10.0,1,12901396.0,0.2240081,0.0103211168,0.020321116799999997,0.24432921680000003,0.210342964,0.5184800819999997,/home/xay/KVMergeComm/snapshots/query_sketch_cost_v1/pair6_llama32_abliterated_deepseek3b/musique/rekv/rekv_bf16_w8_r0.30_0713_2106/cost_profile.jsonl
pair6_llama32_abliterated_deepseek3b,musique,ReKV,50,10.0,50.0,1,12901396.0,0.2240081,0.0103211168,0.0603211168,0.28432921679999995,0.250342964,0.5584800819999998,/home/xay/KVMergeComm/snapshots/query_sketch_cost_v1/pair6_llama32_abliterated_deepseek3b/musique/rekv/rekv_bf16_w8_r0.30_0713_2106/cost_profile.jsonl
pair6_llama32_abliterated_deepseek3b,musique,ReKV,50,25.0,0.0,1,12901396.0,0.2240081,0.004128446720000001,0.004128446720000001,0.22813654672000003,0.1927194816,0.5003605627999997,/home/xay/KVMergeComm/snapshots/query_sketch_cost_v1/pair6_llama32_abliterated_deepseek3b/musique/rekv/rekv_bf16_w8_r0.30_0713_2106/cost_profile.jsonl
pair6_llama32_abliterated_deepseek3b,musique,ReKV,50,25.0,1.0,1,12901396.0,0.2240081,0.004128446720000001,0.00512844672,0.22913654672,0.1937194816,0.5013605627999997,/home/xay/KVMergeComm/snapshots/query_sketch_cost_v1/pair6_llama32_abliterated_deepseek3b/musique/rekv/rekv_bf16_w8_r0.30_0713_2106/cost_profile.jsonl
pair6_llama32_abliterated_deepseek3b,musique,ReKV,50,25.0,10.0,1,12901396.0,0.2240081,0.004128446720000001,0.01412844672,0.23813654672,0.20271948159999997,0.5103605627999998,/home/xay/KVMergeComm/snapshots/query_sketch_cost_v1/pair6_llama32_abliterated_deepseek3b/musique/rekv/rekv_bf16_w8_r0.30_0713_2106/cost_profile.jsonl
pair6_llama32_abliterated_deepseek3b,musique,ReKV,50,25.0,50.0,1,12901396.0,0.2240081,0.004128446720000001,0.054128446720000015,0.27813654671999993,0.2427194816,0.5503605627999998,/home/xay/KVMergeComm/snapshots/query_sketch_cost_v1/pair6_llama32_abliterated_deepseek3b/musique/rekv/rekv_bf16_w8_r0.30_0713_2106/cost_profile.jsonl
pair6_llama32_abliterated_deepseek3b,musique,ReKV,50,100.0,0.0,1,12901396.0,0.2240081,0.0010321116800000002,0.0010321116800000002,0.22504021168000002,0.1891948704,0.49630080319999975,/home/xay/KVMergeComm/snapshots/query_sketch_cost_v1/pair6_llama32_abliterated_deepseek3b/musique/rekv/rekv_bf16_w8_r0.30_0713_2106/cost_profile.jsonl
pair6_llama32_abliterated_deepseek3b,musique,ReKV,50,100.0,1.0,1,12901396.0,0.2240081,0.0010321116800000002,0.0020321116799999995,0.22604021168000002,0.1901948704,0.49730080319999975,/home/xay/KVMergeComm/snapshots/query_sketch_cost_v1/pair6_llama32_abliterated_deepseek3b/musique/rekv/rekv_bf16_w8_r0.30_0713_2106/cost_profile.jsonl
pair6_llama32_abliterated_deepseek3b,musique,ReKV,50,100.0,10.0,1,12901396.0,0.2240081,0.0010321116800000002,0.011032111679999998,0.23504021167999997,0.1991948704,0.5063008031999997,/home/xay/KVMergeComm/snapshots/query_sketch_cost_v1/pair6_llama32_abliterated_deepseek3b/musique/rekv/rekv_bf16_w8_r0.30_0713_2106/cost_profile.jsonl
pair6_llama32_abliterated_deepseek3b,musique,ReKV,50,100.0,50.0,1,12901396.0,0.2240081,0.0010321116800000002,0.05103211168,0.27504021168000004,0.23919487039999998,0.5463008031999997,/home/xay/KVMergeComm/snapshots/query_sketch_cost_v1/pair6_llama32_abliterated_deepseek3b/musique/rekv/rekv_bf16_w8_r0.30_0713_2106/cost_profile.jsonl
pair7_qwen25_uncensored_bespoke,hotpotqa,B-ReKV,50,1.0,0.0,1,4672508.16,1.0713467,0.03738006528,0.03738006528,1.10872676528,0.4851124,2.6551373068,/home/xay/KVMergeComm/snapshots/query_sketch_cost_v1/pair7_qwen25_uncensored_bespoke/hotpotqa/brekv/brekv_bf16_t0.95_s0.75_w8_0714_0845/cost_profile.jsonl
pair7_qwen25_uncensored_bespoke,hotpotqa,B-ReKV,50,1.0,1.0,1,4672508.16,1.0713467,0.03738006528,0.03838006528,1.10972676528,0.4861124,2.6561373068000003,/home/xay/KVMergeComm/snapshots/query_sketch_cost_v1/pair7_qwen25_uncensored_bespoke/hotpotqa/brekv/brekv_bf16_t0.95_s0.75_w8_0714_0845/cost_profile.jsonl
pair7_qwen25_uncensored_bespoke,hotpotqa,B-ReKV,50,1.0,10.0,1,4672508.16,1.0713467,0.03738006528,0.047380065279999994,1.11872676528,0.4951124,2.6651373068,/home/xay/KVMergeComm/snapshots/query_sketch_cost_v1/pair7_qwen25_uncensored_bespoke/hotpotqa/brekv/brekv_bf16_t0.95_s0.75_w8_0714_0845/cost_profile.jsonl
pair7_qwen25_uncensored_bespoke,hotpotqa,B-ReKV,50,1.0,50.0,1,4672508.16,1.0713467,0.03738006528,0.08738006528,1.1587267652800002,0.5351124,2.7051373068,/home/xay/KVMergeComm/snapshots/query_sketch_cost_v1/pair7_qwen25_uncensored_bespoke/hotpotqa/brekv/brekv_bf16_t0.95_s0.75_w8_0714_0845/cost_profile.jsonl
pair7_qwen25_uncensored_bespoke,hotpotqa,B-ReKV,50,10.0,0.0,1,4672508.16,1.0713467,0.0037380065280000004,0.0037380065280000004,1.075084706528,0.44828764,2.62003302568,/home/xay/KVMergeComm/snapshots/query_sketch_cost_v1/pair7_qwen25_uncensored_bespoke/hotpotqa/brekv/brekv_bf16_t0.95_s0.75_w8_0714_0845/cost_profile.jsonl
pair7_qwen25_uncensored_bespoke,hotpotqa,B-ReKV,50,10.0,1.0,1,4672508.16,1.0713467,0.0037380065280000004,0.004738006528,1.0760847065279997,0.44928764,2.62103302568,/home/xay/KVMergeComm/snapshots/query_sketch_cost_v1/pair7_qwen25_uncensored_bespoke/hotpotqa/brekv/brekv_bf16_t0.95_s0.75_w8_0714_0845/cost_profile.jsonl
pair7_qwen25_uncensored_bespoke,hotpotqa,B-ReKV,50,10.0,10.0,1,4672508.16,1.0713467,0.0037380065280000004,0.013738006528,1.0850847065279998,0.45828764,2.63003302568,/home/xay/KVMergeComm/snapshots/query_sketch_cost_v1/pair7_qwen25_uncensored_bespoke/hotpotqa/brekv/brekv_bf16_t0.95_s0.75_w8_0714_0845/cost_profile.jsonl
pair7_qwen25_uncensored_bespoke,hotpotqa,B-ReKV,50,10.0,50.0,1,4672508.16,1.0713467,0.0037380065280000004,0.053738006528,1.1250847065279999,0.49828764000000003,2.67003302568,/home/xay/KVMergeComm/snapshots/query_sketch_cost_v1/pair7_qwen25_uncensored_bespoke/hotpotqa/brekv/brekv_bf16_t0.95_s0.75_w8_0714_0845/cost_profile.jsonl
pair7_qwen25_uncensored_bespoke,hotpotqa,B-ReKV,50,25.0,0.0,1,4672508.16,1.0713467,0.0014952026112,0.0014952026112,1.0728419026112,0.445832656,2.617692740272,/home/xay/KVMergeComm/snapshots/query_sketch_cost_v1/pair7_qwen25_uncensored_bespoke/hotpotqa/brekv/brekv_bf16_t0.95_s0.75_w8_0714_0845/cost_profile.jsonl
pair7_qwen25_uncensored_bespoke,hotpotqa,B-ReKV,50,25.0,1.0,1,4672508.16,1.0713467,0.0014952026112,0.0024952026112,1.0738419026112,0.446832656,2.6186927402720004,/home/xay/KVMergeComm/snapshots/query_sketch_cost_v1/pair7_qwen25_uncensored_bespoke/hotpotqa/brekv/brekv_bf16_t0.95_s0.75_w8_0714_0845/cost_profile.jsonl
pair7_qwen25_uncensored_bespoke,hotpotqa,B-ReKV,50,25.0,10.0,1,4672508.16,1.0713467,0.0014952026112,0.011495202611200002,1.0828419026112,0.455832656,2.6276927402720003,/home/xay/KVMergeComm/snapshots/query_sketch_cost_v1/pair7_qwen25_uncensored_bespoke/hotpotqa/brekv/brekv_bf16_t0.95_s0.75_w8_0714_0845/cost_profile.jsonl
pair7_qwen25_uncensored_bespoke,hotpotqa,B-ReKV,50,25.0,50.0,1,4672508.16,1.0713467,0.0014952026112,0.05149520261119999,1.1228419026112,0.49583265600000004,2.6676927402720003,/home/xay/KVMergeComm/snapshots/query_sketch_cost_v1/pair7_qwen25_uncensored_bespoke/hotpotqa/brekv/brekv_bf16_t0.95_s0.75_w8_0714_0845/cost_profile.jsonl
pair7_qwen25_uncensored_bespoke,hotpotqa,B-ReKV,50,100.0,0.0,1,4672508.16,1.0713467,0.0003738006528,0.0003738006528,1.0717205006528001,0.444605164,2.6165225975679998,/home/xay/KVMergeComm/snapshots/query_sketch_cost_v1/pair7_qwen25_uncensored_bespoke/hotpotqa/brekv/brekv_bf16_t0.95_s0.75_w8_0714_0845/cost_profile.jsonl
pair7_qwen25_uncensored_bespoke,hotpotqa,B-ReKV,50,100.0,1.0,1,4672508.16,1.0713467,0.0003738006528,0.0013738006528,1.0727205006528,0.445605164,2.617522597568,/home/xay/KVMergeComm/snapshots/query_sketch_cost_v1/pair7_qwen25_uncensored_bespoke/hotpotqa/brekv/brekv_bf16_t0.95_s0.75_w8_0714_0845/cost_profile.jsonl
pair7_qwen25_uncensored_bespoke,hotpotqa,B-ReKV,50,100.0,10.0,1,4672508.16,1.0713467,0.0003738006528,0.0103738006528,1.0817205006528001,0.454605164,2.626522597568,/home/xay/KVMergeComm/snapshots/query_sketch_cost_v1/pair7_qwen25_uncensored_bespoke/hotpotqa/brekv/brekv_bf16_t0.95_s0.75_w8_0714_0845/cost_profile.jsonl
pair7_qwen25_uncensored_bespoke,hotpotqa,B-ReKV,50,100.0,50.0,1,4672508.16,1.0713467,0.0003738006528,0.0503738006528,1.1217205006528,0.494605164,2.666522597568,/home/xay/KVMergeComm/snapshots/query_sketch_cost_v1/pair7_qwen25_uncensored_bespoke/hotpotqa/brekv/brekv_bf16_t0.95_s0.75_w8_0714_0845/cost_profile.jsonl
pair7_qwen25_uncensored_bespoke,hotpotqa,NLD,50,1.0,0.0,1,423.38,2.60639814,3.38704e-06,3.38704e-06,2.60640152704,2.1967001,4.471693247999999,/home/xay/KVMergeComm/snapshots/nld_receiver_aware_cost_v1/pair7_qwen25_uncensored_bespoke/hotpotqa/nld_aware/nld_aware_cost_0725_2114/cost_profile.jsonl
pair7_qwen25_uncensored_bespoke,hotpotqa,NLD,50,1.0,1.0,1,423.38,2.60639814,3.38704e-06,0.00100338704,2.6074015270400004,2.1977001,4.472693248,/home/xay/KVMergeComm/snapshots/nld_receiver_aware_cost_v1/pair7_qwen25_uncensored_bespoke/hotpotqa/nld_aware/nld_aware_cost_0725_2114/cost_profile.jsonl
pair7_qwen25_uncensored_bespoke,hotpotqa,NLD,50,1.0,10.0,1,423.38,2.60639814,3.38704e-06,0.01000338704,2.61640152704,2.2067001,4.481693248,/home/xay/KVMergeComm/snapshots/nld_receiver_aware_cost_v1/pair7_qwen25_uncensored_bespoke/hotpotqa/nld_aware/nld_aware_cost_0725_2114/cost_profile.jsonl
pair7_qwen25_uncensored_bespoke,hotpotqa,NLD,50,1.0,50.0,1,423.38,2.60639814,3.38704e-06,0.05000338704,2.6564015270400008,2.2467001,4.521693248,/home/xay/KVMergeComm/snapshots/nld_receiver_aware_cost_v1/pair7_qwen25_uncensored_bespoke/hotpotqa/nld_aware/nld_aware_cost_0725_2114/cost_profile.jsonl
pair7_qwen25_uncensored_bespoke,hotpotqa,NLD,50,10.0,0.0,1,423.38,2.60639814,3.38704e-07,3.38704e-07,2.606398478704,2.19669596,4.4716895598,/home/xay/KVMergeComm/snapshots/nld_receiver_aware_cost_v1/pair7_qwen25_uncensored_bespoke/hotpotqa/nld_aware/nld_aware_cost_0725_2114/cost_profile.jsonl
pair7_qwen25_uncensored_bespoke,hotpotqa,NLD,50,10.0,1.0,1,423.38,2.60639814,3.38704e-07,0.0010003387040000001,2.6073984787040003,2.19769596,4.4726895598,/home/xay/KVMergeComm/snapshots/nld_receiver_aware_cost_v1/pair7_qwen25_uncensored_bespoke/hotpotqa/nld_aware/nld_aware_cost_0725_2114/cost_profile.jsonl
pair7_qwen25_uncensored_bespoke,hotpotqa,NLD,50,10.0,10.0,1,423.38,2.60639814,3.38704e-07,0.010000338704,2.6163984787039998,2.20669596,4.4816895598,/home/xay/KVMergeComm/snapshots/nld_receiver_aware_cost_v1/pair7_qwen25_uncensored_bespoke/hotpotqa/nld_aware/nld_aware_cost_0725_2114/cost_profile.jsonl
pair7_qwen25_uncensored_bespoke,hotpotqa,NLD,50,10.0,50.0,1,423.38,2.60639814,3.38704e-07,0.05000033870400001,2.656398478704,2.24669596,4.5216895598,/home/xay/KVMergeComm/snapshots/nld_receiver_aware_cost_v1/pair7_qwen25_uncensored_bespoke/hotpotqa/nld_aware/nld_aware_cost_0725_2114/cost_profile.jsonl
pair7_qwen25_uncensored_bespoke,hotpotqa,NLD,50,25.0,0.0,1,423.38,2.60639814,1.354816e-07,1.354816e-07,2.6063982754816006,2.196695684,4.47168931392,/home/xay/KVMergeComm/snapshots/nld_receiver_aware_cost_v1/pair7_qwen25_uncensored_bespoke/hotpotqa/nld_aware/nld_aware_cost_0725_2114/cost_profile.jsonl
pair7_qwen25_uncensored_bespoke,hotpotqa,NLD,50,25.0,1.0,1,423.38,2.60639814,1.354816e-07,0.0010001354816,2.6073982754816,2.197695684,4.47268931392,/home/xay/KVMergeComm/snapshots/nld_receiver_aware_cost_v1/pair7_qwen25_uncensored_bespoke/hotpotqa/nld_aware/nld_aware_cost_0725_2114/cost_profile.jsonl
pair7_qwen25_uncensored_bespoke,hotpotqa,NLD,50,25.0,10.0,1,423.38,2.60639814,1.354816e-07,0.010000135481600001,2.6163982754816,2.206695684,4.48168931392,/home/xay/KVMergeComm/snapshots/nld_receiver_aware_cost_v1/pair7_qwen25_uncensored_bespoke/hotpotqa/nld_aware/nld_aware_cost_0725_2114/cost_profile.jsonl
pair7_qwen25_uncensored_bespoke,hotpotqa,NLD,50,25.0,50.0,1,423.38,2.60639814,1.354816e-07,0.05000013548160001,2.6563982754816,2.246695684,4.52168931392,/home/xay/KVMergeComm/snapshots/nld_receiver_aware_cost_v1/pair7_qwen25_uncensored_bespoke/hotpotqa/nld_aware/nld_aware_cost_0725_2114/cost_profile.jsonl
pair7_qwen25_uncensored_bespoke,hotpotqa,NLD,50,100.0,0.0,1,423.38,2.60639814,3.38704e-08,3.38704e-08,2.6063981738704003,2.196695546,4.471689190979999,/home/xay/KVMergeComm/snapshots/nld_receiver_aware_cost_v1/pair7_qwen25_uncensored_bespoke/hotpotqa/nld_aware/nld_aware_cost_0725_2114/cost_profile.jsonl
pair7_qwen25_uncensored_bespoke,hotpotqa,NLD,50,100.0,1.0,1,423.38,2.60639814,3.38704e-08,0.0010000338704000001,2.6073981738703997,2.1976955460000003,4.47268919098,/home/xay/KVMergeComm/snapshots/nld_receiver_aware_cost_v1/pair7_qwen25_uncensored_bespoke/hotpotqa/nld_aware/nld_aware_cost_0725_2114/cost_profile.jsonl
pair7_qwen25_uncensored_bespoke,hotpotqa,NLD,50,100.0,10.0,1,423.38,2.60639814,3.38704e-08,0.0100000338704,2.6163981738704,2.2066955459999997,4.481689190979999,/home/xay/KVMergeComm/snapshots/nld_receiver_aware_cost_v1/pair7_qwen25_uncensored_bespoke/hotpotqa/nld_aware/nld_aware_cost_0725_2114/cost_profile.jsonl
pair7_qwen25_uncensored_bespoke,hotpotqa,NLD,50,100.0,50.0,1,423.38,2.60639814,3.38704e-08,0.0500000338704,2.6563981738704,2.2466955459999998,4.521689190979999,/home/xay/KVMergeComm/snapshots/nld_receiver_aware_cost_v1/pair7_qwen25_uncensored_bespoke/hotpotqa/nld_aware/nld_aware_cost_0725_2114/cost_profile.jsonl
pair7_qwen25_uncensored_bespoke,hotpotqa,ReKV,50,1.0,0.0,1,4239659.28,0.8431303800000001,0.033917274239999996,0.033917274239999996,0.8770476542400002,0.346868936,1.9433248416,/home/xay/KVMergeComm/snapshots/query_sketch_cost_v1/pair7_qwen25_uncensored_bespoke/hotpotqa/rekv/rekv_bf16_w8_r0.30_0714_0844/cost_profile.jsonl
pair7_qwen25_uncensored_bespoke,hotpotqa,ReKV,50,1.0,1.0,1,4239659.28,0.8431303800000001,0.033917274239999996,0.03491727424,0.87804765424,0.347868936,1.9443248415999999,/home/xay/KVMergeComm/snapshots/query_sketch_cost_v1/pair7_qwen25_uncensored_bespoke/hotpotqa/rekv/rekv_bf16_w8_r0.30_0714_0844/cost_profile.jsonl
pair7_qwen25_uncensored_bespoke,hotpotqa,ReKV,50,1.0,10.0,1,4239659.28,0.8431303800000001,0.033917274239999996,0.04391727424,0.88704765424,0.356868936,1.9533248416,/home/xay/KVMergeComm/snapshots/query_sketch_cost_v1/pair7_qwen25_uncensored_bespoke/hotpotqa/rekv/rekv_bf16_w8_r0.30_0714_0844/cost_profile.jsonl
pair7_qwen25_uncensored_bespoke,hotpotqa,ReKV,50,1.0,50.0,1,4239659.28,0.8431303800000001,0.033917274239999996,0.08391727424,0.92704765424,0.396868936,1.9933248416,/home/xay/KVMergeComm/snapshots/query_sketch_cost_v1/pair7_qwen25_uncensored_bespoke/hotpotqa/rekv/rekv_bf16_w8_r0.30_0714_0844/cost_profile.jsonl
pair7_qwen25_uncensored_bespoke,hotpotqa,ReKV,50,10.0,0.0,1,4239659.28,0.8431303800000001,0.0033917274240000007,0.0033917274240000007,0.846522107424,0.3117653936,1.91130028416,/home/xay/KVMergeComm/snapshots/query_sketch_cost_v1/pair7_qwen25_uncensored_bespoke/hotpotqa/rekv/rekv_bf16_w8_r0.30_0714_0844/cost_profile.jsonl
pair7_qwen25_uncensored_bespoke,hotpotqa,ReKV,50,10.0,1.0,1,4239659.28,0.8431303800000001,0.0033917274240000007,0.004391727424000001,0.8475221074240001,0.3127653936,1.9123002841599999,/home/xay/KVMergeComm/snapshots/query_sketch_cost_v1/pair7_qwen25_uncensored_bespoke/hotpotqa/rekv/rekv_bf16_w8_r0.30_0714_0844/cost_profile.jsonl
pair7_qwen25_uncensored_bespoke,hotpotqa,ReKV,50,10.0,10.0,1,4239659.28,0.8431303800000001,0.0033917274240000007,0.013391727424000001,0.8565221074240001,0.3217653936,1.92130028416,/home/xay/KVMergeComm/snapshots/query_sketch_cost_v1/pair7_qwen25_uncensored_bespoke/hotpotqa/rekv/rekv_bf16_w8_r0.30_0714_0844/cost_profile.jsonl
pair7_qwen25_uncensored_bespoke,hotpotqa,ReKV,50,10.0,50.0,1,4239659.28,0.8431303800000001,0.0033917274240000007,0.05339172742400001,0.8965221074240002,0.36176539360000004,1.9613002841599998,/home/xay/KVMergeComm/snapshots/query_sketch_cost_v1/pair7_qwen25_uncensored_bespoke/hotpotqa/rekv/rekv_bf16_w8_r0.30_0714_0844/cost_profile.jsonl
pair7_qwen25_uncensored_bespoke,hotpotqa,ReKV,50,25.0,0.0,1,4239659.28,0.8431303800000001,0.0013566909696000001,0.0013566909696000001,0.8444870709696001,0.30942515744,1.9091653136639999,/home/xay/KVMergeComm/snapshots/query_sketch_cost_v1/pair7_qwen25_uncensored_bespoke/hotpotqa/rekv/rekv_bf16_w8_r0.30_0714_0844/cost_profile.jsonl
pair7_qwen25_uncensored_bespoke,hotpotqa,ReKV,50,25.0,1.0,1,4239659.28,0.8431303800000001,0.0013566909696000001,0.0023566909696000004,0.8454870709696,0.31042515744,1.910165313664,/home/xay/KVMergeComm/snapshots/query_sketch_cost_v1/pair7_qwen25_uncensored_bespoke/hotpotqa/rekv/rekv_bf16_w8_r0.30_0714_0844/cost_profile.jsonl
pair7_qwen25_uncensored_bespoke,hotpotqa,ReKV,50,25.0,10.0,1,4239659.28,0.8431303800000001,0.0013566909696000001,0.0113566909696,0.8544870709696,0.31942515744,1.919165313664,/home/xay/KVMergeComm/snapshots/query_sketch_cost_v1/pair7_qwen25_uncensored_bespoke/hotpotqa/rekv/rekv_bf16_w8_r0.30_0714_0844/cost_profile.jsonl
pair7_qwen25_uncensored_bespoke,hotpotqa,ReKV,50,25.0,50.0,1,4239659.28,0.8431303800000001,0.0013566909696000001,0.051356690969599994,0.8944870709695999,0.35942515744000003,1.959165313664,/home/xay/KVMergeComm/snapshots/query_sketch_cost_v1/pair7_qwen25_uncensored_bespoke/hotpotqa/rekv/rekv_bf16_w8_r0.30_0714_0844/cost_profile.jsonl
pair7_qwen25_uncensored_bespoke,hotpotqa,ReKV,50,100.0,0.0,1,4239659.28,0.8431303800000001,0.00033917274240000003,0.00033917274240000003,0.8434695527424,0.30825503936,1.9080978284159997,/home/xay/KVMergeComm/snapshots/query_sketch_cost_v1/pair7_qwen25_uncensored_bespoke/hotpotqa/rekv/rekv_bf16_w8_r0.30_0714_0844/cost_profile.jsonl
pair7_qwen25_uncensored_bespoke,hotpotqa,ReKV,50,100.0,1.0,1,4239659.28,0.8431303800000001,0.00033917274240000003,0.0013391727424000002,0.8444695527424001,0.30925503936,1.9090978284159998,/home/xay/KVMergeComm/snapshots/query_sketch_cost_v1/pair7_qwen25_uncensored_bespoke/hotpotqa/rekv/rekv_bf16_w8_r0.30_0714_0844/cost_profile.jsonl
pair7_qwen25_uncensored_bespoke,hotpotqa,ReKV,50,100.0,10.0,1,4239659.28,0.8431303800000001,0.00033917274240000003,0.0103391727424,0.8534695527424,0.31825503936,1.9180978284159997,/home/xay/KVMergeComm/snapshots/query_sketch_cost_v1/pair7_qwen25_uncensored_bespoke/hotpotqa/rekv/rekv_bf16_w8_r0.30_0714_0844/cost_profile.jsonl
pair7_qwen25_uncensored_bespoke,hotpotqa,ReKV,50,100.0,50.0,1,4239659.28,0.8431303800000001,0.00033917274240000003,0.05033917274240001,0.8934695527424,0.35825503936,1.9580978284159998,/home/xay/KVMergeComm/snapshots/query_sketch_cost_v1/pair7_qwen25_uncensored_bespoke/hotpotqa/rekv/rekv_bf16_w8_r0.30_0714_0844/cost_profile.jsonl
pair7_qwen25_uncensored_bespoke,multifieldqa_en,B-ReKV,50,1.0,0.0,1,161636267.28,2.6133130999999996,1.29309013824,1.29309013824,3.9064032382400002,3.8920041960000002,6.5996561724,/home/xay/KVMergeComm/snapshots/query_sketch_cost_v1/pair7_qwen25_uncensored_bespoke/multifieldqa_en/brekv/brekv_bf16_t0.95_s0.75_w8_0714_0859/cost_profile.jsonl
pair7_qwen25_uncensored_bespoke,multifieldqa_en,B-ReKV,50,1.0,1.0,1,161636267.28,2.6133130999999996,1.29309013824,1.29409013824,3.9074032382399992,3.893004196,6.600656172399999,/home/xay/KVMergeComm/snapshots/query_sketch_cost_v1/pair7_qwen25_uncensored_bespoke/multifieldqa_en/brekv/brekv_bf16_t0.95_s0.75_w8_0714_0859/cost_profile.jsonl
pair7_qwen25_uncensored_bespoke,multifieldqa_en,B-ReKV,50,1.0,10.0,1,161636267.28,2.6133130999999996,1.29309013824,1.3030901382399998,3.91640323824,3.902004196,6.609656172399999,/home/xay/KVMergeComm/snapshots/query_sketch_cost_v1/pair7_qwen25_uncensored_bespoke/multifieldqa_en/brekv/brekv_bf16_t0.95_s0.75_w8_0714_0859/cost_profile.jsonl
pair7_qwen25_uncensored_bespoke,multifieldqa_en,B-ReKV,50,1.0,50.0,1,161636267.28,2.6133130999999996,1.29309013824,1.34309013824,3.95640323824,3.942004196,6.6496561723999985,/home/xay/KVMergeComm/snapshots/query_sketch_cost_v1/pair7_qwen25_uncensored_bespoke/multifieldqa_en/brekv/brekv_bf16_t0.95_s0.75_w8_0714_0859/cost_profile.jsonl
pair7_qwen25_uncensored_bespoke,multifieldqa_en,B-ReKV,50,10.0,0.0,1,161636267.28,2.6133130999999996,0.129309013824,0.129309013824,2.742622113824,2.9716348336000005,4.83508786072,/home/xay/KVMergeComm/snapshots/query_sketch_cost_v1/pair7_qwen25_uncensored_bespoke/multifieldqa_en/brekv/brekv_bf16_t0.95_s0.75_w8_0714_0859/cost_profile.jsonl
pair7_qwen25_uncensored_bespoke,multifieldqa_en,B-ReKV,50,10.0,1.0,1,161636267.28,2.6133130999999996,0.129309013824,0.130309013824,2.7436221138239993,2.9726348336,4.83608786072,/home/xay/KVMergeComm/snapshots/query_sketch_cost_v1/pair7_qwen25_uncensored_bespoke/multifieldqa_en/brekv/brekv_bf16_t0.95_s0.75_w8_0714_0859/cost_profile.jsonl
pair7_qwen25_uncensored_bespoke,multifieldqa_en,B-ReKV,50,10.0,10.0,1,161636267.28,2.6133130999999996,0.129309013824,0.139309013824,2.7526221138240006,2.9816348336000003,4.8450878607200005,/home/xay/KVMergeComm/snapshots/query_sketch_cost_v1/pair7_qwen25_uncensored_bespoke/multifieldqa_en/brekv/brekv_bf16_t0.95_s0.75_w8_0714_0859/cost_profile.jsonl
pair7_qwen25_uncensored_bespoke,multifieldqa_en,B-ReKV,50,10.0,50.0,1,161636267.28,2.6133130999999996,0.129309013824,0.179309013824,2.7926221138239997,3.0216348336000003,4.885087860720001,/home/xay/KVMergeComm/snapshots/query_sketch_cost_v1/pair7_qwen25_uncensored_bespoke/multifieldqa_en/brekv/brekv_bf16_t0.95_s0.75_w8_0714_0859/cost_profile.jsonl
pair7_qwen25_uncensored_bespoke,multifieldqa_en,B-ReKV,50,25.0,0.0,1,161636267.28,2.6133130999999996,0.05172360552959999,0.05172360552959999,2.6650367055296003,2.8917659334400003,4.710877834288,/home/xay/KVMergeComm/snapshots/query_sketch_cost_v1/pair7_qwen25_uncensored_bespoke/multifieldqa_en/brekv/brekv_bf16_t0.95_s0.75_w8_0714_0859/cost_profile.jsonl
pair7_qwen25_uncensored_bespoke,multifieldqa_en,B-ReKV,50,25.0,1.0,1,161636267.28,2.6133130999999996,0.05172360552959999,0.052723605529599996,2.6660367055296006,2.89276593344,4.711877834288,/home/xay/KVMergeComm/snapshots/query_sketch_cost_v1/pair7_qwen25_uncensored_bespoke/multifieldqa_en/brekv/brekv_bf16_t0.95_s0.75_w8_0714_0859/cost_profile.jsonl
pair7_qwen25_uncensored_bespoke,multifieldqa_en,B-ReKV,50,25.0,10.0,1,161636267.28,2.6133130999999996,0.05172360552959999,0.06172360552960001,2.6750367055296,2.90176593344,4.720877834288,/home/xay/KVMergeComm/snapshots/query_sketch_cost_v1/pair7_qwen25_uncensored_bespoke/multifieldqa_en/brekv/brekv_bf16_t0.95_s0.75_w8_0714_0859/cost_profile.jsonl
pair7_qwen25_uncensored_bespoke,multifieldqa_en,B-ReKV,50,25.0,50.0,1,161636267.28,2.6133130999999996,0.05172360552959999,0.10172360552960001,2.7150367055296,2.94176593344,4.760877834288,/home/xay/KVMergeComm/snapshots/query_sketch_cost_v1/pair7_qwen25_uncensored_bespoke/multifieldqa_en/brekv/brekv_bf16_t0.95_s0.75_w8_0714_0859/cost_profile.jsonl
pair7_qwen25_uncensored_bespoke,multifieldqa_en,B-ReKV,50,100.0,0.0,1,161636267.28,2.6133130999999996,0.012930901382399997,0.012930901382399997,2.6262440013824007,2.85183148336,4.648772821072,/home/xay/KVMergeComm/snapshots/query_sketch_cost_v1/pair7_qwen25_uncensored_bespoke/multifieldqa_en/brekv/brekv_bf16_t0.95_s0.75_w8_0714_0859/cost_profile.jsonl
pair7_qwen25_uncensored_bespoke,multifieldqa_en,B-ReKV,50,100.0,1.0,1,161636267.28,2.6133130999999996,0.012930901382399997,0.013930901382399998,2.6272440013824006,2.85283148336,4.649772821071999,/home/xay/KVMergeComm/snapshots/query_sketch_cost_v1/pair7_qwen25_uncensored_bespoke/multifieldqa_en/brekv/brekv_bf16_t0.95_s0.75_w8_0714_0859/cost_profile.jsonl
pair7_qwen25_uncensored_bespoke,multifieldqa_en,B-ReKV,50,100.0,10.0,1,161636267.28,2.6133130999999996,0.012930901382399997,0.0229309013824,2.6362440013824,2.8618314833600005,4.658772821072,/home/xay/KVMergeComm/snapshots/query_sketch_cost_v1/pair7_qwen25_uncensored_bespoke/multifieldqa_en/brekv/brekv_bf16_t0.95_s0.75_w8_0714_0859/cost_profile.jsonl
pair7_qwen25_uncensored_bespoke,multifieldqa_en,B-ReKV,50,100.0,50.0,1,161636267.28,2.6133130999999996,0.012930901382399997,0.06293090138240001,2.6762440013824,2.9018314833600005,4.698772821072,/home/xay/KVMergeComm/snapshots/query_sketch_cost_v1/pair7_qwen25_uncensored_bespoke/multifieldqa_en/brekv/brekv_bf16_t0.95_s0.75_w8_0714_0859/cost_profile.jsonl
pair7_qwen25_uncensored_bespoke,multifieldqa_en,NLD,50,1.0,0.0,1,161.4,2.5029917800000003,1.2912000000000004e-06,1.2912000000000004e-06,2.5029930712,2.309153912,5.2791047132,/home/xay/KVMergeComm/snapshots/nld_receiver_aware_cost_v1/pair7_qwen25_uncensored_bespoke/multifieldqa_en/nld_aware/nld_aware_cost_0725_2122/cost_profile.jsonl
pair7_qwen25_uncensored_bespoke,multifieldqa_en,NLD,50,1.0,1.0,1,161.4,2.5029917800000003,1.2912000000000004e-06,0.0010012912,2.5039930712,2.310153912,5.2801047132,/home/xay/KVMergeComm/snapshots/nld_receiver_aware_cost_v1/pair7_qwen25_uncensored_bespoke/multifieldqa_en/nld_aware/nld_aware_cost_0725_2122/cost_profile.jsonl
pair7_qwen25_uncensored_bespoke,multifieldqa_en,NLD,50,1.0,10.0,1,161.4,2.5029917800000003,1.2912000000000004e-06,0.0100012912,2.5129930712000004,2.319153912,5.2891047131999995,/home/xay/KVMergeComm/snapshots/nld_receiver_aware_cost_v1/pair7_qwen25_uncensored_bespoke/multifieldqa_en/nld_aware/nld_aware_cost_0725_2122/cost_profile.jsonl
pair7_qwen25_uncensored_bespoke,multifieldqa_en,NLD,50,1.0,50.0,1,161.4,2.5029917800000003,1.2912000000000004e-06,0.050001291200000006,2.5529930712000004,2.359153912,5.3291047132,/home/xay/KVMergeComm/snapshots/nld_receiver_aware_cost_v1/pair7_qwen25_uncensored_bespoke/multifieldqa_en/nld_aware/nld_aware_cost_0725_2122/cost_profile.jsonl
pair7_qwen25_uncensored_bespoke,multifieldqa_en,NLD,50,10.0,0.0,1,161.4,2.5029917800000003,1.2912e-07,1.2912e-07,2.50299190912,2.3091535411999997,5.27910168632,/home/xay/KVMergeComm/snapshots/nld_receiver_aware_cost_v1/pair7_qwen25_uncensored_bespoke/multifieldqa_en/nld_aware/nld_aware_cost_0725_2122/cost_profile.jsonl
pair7_qwen25_uncensored_bespoke,multifieldqa_en,NLD,50,10.0,1.0,1,161.4,2.5029917800000003,1.2912e-07,0.00100012912,2.50399190912,2.3101535412,5.280101686319999,/home/xay/KVMergeComm/snapshots/nld_receiver_aware_cost_v1/pair7_qwen25_uncensored_bespoke/multifieldqa_en/nld_aware/nld_aware_cost_0725_2122/cost_profile.jsonl
pair7_qwen25_uncensored_bespoke,multifieldqa_en,NLD,50,10.0,10.0,1,161.4,2.5029917800000003,1.2912e-07,0.01000012912,2.51299190912,2.3191535412000004,5.2891016863199996,/home/xay/KVMergeComm/snapshots/nld_receiver_aware_cost_v1/pair7_qwen25_uncensored_bespoke/multifieldqa_en/nld_aware/nld_aware_cost_0725_2122/cost_profile.jsonl
pair7_qwen25_uncensored_bespoke,multifieldqa_en,NLD,50,10.0,50.0,1,161.4,2.5029917800000003,1.2912e-07,0.050000129119999986,2.55299190912,2.3591535412000004,5.32910168632,/home/xay/KVMergeComm/snapshots/nld_receiver_aware_cost_v1/pair7_qwen25_uncensored_bespoke/multifieldqa_en/nld_aware/nld_aware_cost_0725_2122/cost_profile.jsonl
pair7_qwen25_uncensored_bespoke,multifieldqa_en,NLD,50,25.0,0.0,1,161.4,2.5029917800000003,5.1648e-08,5.1648e-08,2.502991831648,2.3091535164800003,5.279101484528,/home/xay/KVMergeComm/snapshots/nld_receiver_aware_cost_v1/pair7_qwen25_uncensored_bespoke/multifieldqa_en/nld_aware/nld_aware_cost_0725_2122/cost_profile.jsonl
pair7_qwen25_uncensored_bespoke,multifieldqa_en,NLD,50,25.0,1.0,1,161.4,2.5029917800000003,5.1648e-08,0.0010000516479999999,2.503991831648,2.3101535164800002,5.280101484528,/home/xay/KVMergeComm/snapshots/nld_receiver_aware_cost_v1/pair7_qwen25_uncensored_bespoke/multifieldqa_en/nld_aware/nld_aware_cost_0725_2122/cost_profile.jsonl
pair7_qwen25_uncensored_bespoke,multifieldqa_en,NLD,50,25.0,10.0,1,161.4,2.5029917800000003,5.1648e-08,0.010000051647999999,2.512991831648,2.31915351648,5.2891014845279996,/home/xay/KVMergeComm/snapshots/nld_receiver_aware_cost_v1/pair7_qwen25_uncensored_bespoke/multifieldqa_en/nld_aware/nld_aware_cost_0725_2122/cost_profile.jsonl
pair7_qwen25_uncensored_bespoke,multifieldqa_en,NLD,50,25.0,50.0,1,161.4,2.5029917800000003,5.1648e-08,0.05000005164800001,2.5529918316479994,2.35915351648,5.329101484528,/home/xay/KVMergeComm/snapshots/nld_receiver_aware_cost_v1/pair7_qwen25_uncensored_bespoke/multifieldqa_en/nld_aware/nld_aware_cost_0725_2122/cost_profile.jsonl
pair7_qwen25_uncensored_bespoke,multifieldqa_en,NLD,50,100.0,0.0,1,161.4,2.5029917800000003,1.2912e-08,1.2912e-08,2.5029917929120002,2.30915350412,5.279101383632,/home/xay/KVMergeComm/snapshots/nld_receiver_aware_cost_v1/pair7_qwen25_uncensored_bespoke/multifieldqa_en/nld_aware/nld_aware_cost_0725_2122/cost_profile.jsonl
pair7_qwen25_uncensored_bespoke,multifieldqa_en,NLD,50,100.0,1.0,1,161.4,2.5029917800000003,1.2912e-08,0.001000012912,2.503991792912,2.31015350412,5.280101383632,/home/xay/KVMergeComm/snapshots/nld_receiver_aware_cost_v1/pair7_qwen25_uncensored_bespoke/multifieldqa_en/nld_aware/nld_aware_cost_0725_2122/cost_profile.jsonl
pair7_qwen25_uncensored_bespoke,multifieldqa_en,NLD,50,100.0,10.0,1,161.4,2.5029917800000003,1.2912e-08,0.010000012912,2.512991792912,2.31915350412,5.2891013836319996,/home/xay/KVMergeComm/snapshots/nld_receiver_aware_cost_v1/pair7_qwen25_uncensored_bespoke/multifieldqa_en/nld_aware/nld_aware_cost_0725_2122/cost_profile.jsonl
pair7_qwen25_uncensored_bespoke,multifieldqa_en,NLD,50,100.0,50.0,1,161.4,2.5029917800000003,1.2912e-08,0.05000001291199999,2.5529917929119996,2.35915350412,5.329101383632,/home/xay/KVMergeComm/snapshots/nld_receiver_aware_cost_v1/pair7_qwen25_uncensored_bespoke/multifieldqa_en/nld_aware/nld_aware_cost_0725_2122/cost_profile.jsonl
pair7_qwen25_uncensored_bespoke,multifieldqa_en,ReKV,50,1.0,0.0,1,139989308.88,2.28558124,1.11991447104,1.11991447104,3.40549571104,3.731590652,5.466875782,/home/xay/KVMergeComm/snapshots/query_sketch_cost_v1/pair7_qwen25_uncensored_bespoke/multifieldqa_en/rekv/rekv_bf16_w8_r0.30_0714_0857/cost_profile.jsonl
pair7_qwen25_uncensored_bespoke,multifieldqa_en,ReKV,50,1.0,1.0,1,139989308.88,2.28558124,1.11991447104,1.1209144710399999,3.4064957110400003,3.732590652,5.467875781999999,/home/xay/KVMergeComm/snapshots/query_sketch_cost_v1/pair7_qwen25_uncensored_bespoke/multifieldqa_en/rekv/rekv_bf16_w8_r0.30_0714_0857/cost_profile.jsonl
pair7_qwen25_uncensored_bespoke,multifieldqa_en,ReKV,50,1.0,10.0,1,139989308.88,2.28558124,1.11991447104,1.12991447104,3.4154957110399993,3.741590652,5.476875782,/home/xay/KVMergeComm/snapshots/query_sketch_cost_v1/pair7_qwen25_uncensored_bespoke/multifieldqa_en/rekv/rekv_bf16_w8_r0.30_0714_0857/cost_profile.jsonl
pair7_qwen25_uncensored_bespoke,multifieldqa_en,ReKV,50,1.0,50.0,1,139989308.88,2.28558124,1.11991447104,1.1699144710399998,3.4554957110400006,3.781590652,5.516875782,/home/xay/KVMergeComm/snapshots/query_sketch_cost_v1/pair7_qwen25_uncensored_bespoke/multifieldqa_en/rekv/rekv_bf16_w8_r0.30_0714_0857/cost_profile.jsonl
pair7_qwen25_uncensored_bespoke,multifieldqa_en,ReKV,50,10.0,0.0,1,139989308.88,2.28558124,0.11199144710399998,0.11199144710399998,2.397572687104,2.60651424,4.01288948544,/home/xay/KVMergeComm/snapshots/query_sketch_cost_v1/pair7_qwen25_uncensored_bespoke/multifieldqa_en/rekv/rekv_bf16_w8_r0.30_0714_0857/cost_profile.jsonl
pair7_qwen25_uncensored_bespoke,multifieldqa_en,ReKV,50,10.0,1.0,1,139989308.88,2.28558124,0.11199144710399998,0.112991447104,2.398572687104,2.60751424,4.01388948544,/home/xay/KVMergeComm/snapshots/query_sketch_cost_v1/pair7_qwen25_uncensored_bespoke/multifieldqa_en/rekv/rekv_bf16_w8_r0.30_0714_0857/cost_profile.jsonl
pair7_qwen25_uncensored_bespoke,multifieldqa_en,ReKV,50,10.0,10.0,1,139989308.88,2.28558124,0.11199144710399998,0.12199144710400002,2.407572687104,2.61651424,4.02288948544,/home/xay/KVMergeComm/snapshots/query_sketch_cost_v1/pair7_qwen25_uncensored_bespoke/multifieldqa_en/rekv/rekv_bf16_w8_r0.30_0714_0857/cost_profile.jsonl
pair7_qwen25_uncensored_bespoke,multifieldqa_en,ReKV,50,10.0,50.0,1,139989308.88,2.28558124,0.11199144710399998,0.161991447104,2.447572687104,2.65651424,4.06288948544,/home/xay/KVMergeComm/snapshots/query_sketch_cost_v1/pair7_qwen25_uncensored_bespoke/multifieldqa_en/rekv/rekv_bf16_w8_r0.30_0714_0857/cost_profile.jsonl
pair7_qwen25_uncensored_bespoke,multifieldqa_en,ReKV,50,25.0,0.0,1,139989308.88,2.28558124,0.04479657884160001,0.04479657884160001,2.3303778188416002,2.5341270959999997,3.917573539168,/home/xay/KVMergeComm/snapshots/query_sketch_cost_v1/pair7_qwen25_uncensored_bespoke/multifieldqa_en/rekv/rekv_bf16_w8_r0.30_0714_0857/cost_profile.jsonl
pair7_qwen25_uncensored_bespoke,multifieldqa_en,ReKV,50,25.0,1.0,1,139989308.88,2.28558124,0.04479657884160001,0.0457965788416,2.3313778188415997,2.535127096,3.918573539168,/home/xay/KVMergeComm/snapshots/query_sketch_cost_v1/pair7_qwen25_uncensored_bespoke/multifieldqa_en/rekv/rekv_bf16_w8_r0.30_0714_0857/cost_profile.jsonl
pair7_qwen25_uncensored_bespoke,multifieldqa_en,ReKV,50,25.0,10.0,1,139989308.88,2.28558124,0.04479657884160001,0.05479657884159999,2.3403778188416,2.544127096,3.927573539168,/home/xay/KVMergeComm/snapshots/query_sketch_cost_v1/pair7_qwen25_uncensored_bespoke/multifieldqa_en/rekv/rekv_bf16_w8_r0.30_0714_0857/cost_profile.jsonl
pair7_qwen25_uncensored_bespoke,multifieldqa_en,ReKV,50,25.0,50.0,1,139989308.88,2.28558124,0.04479657884160001,0.09479657884160002,2.3803778188416,2.5841270959999996,3.967573539168,/home/xay/KVMergeComm/snapshots/query_sketch_cost_v1/pair7_qwen25_uncensored_bespoke/multifieldqa_en/rekv/rekv_bf16_w8_r0.30_0714_0857/cost_profile.jsonl
pair7_qwen25_uncensored_bespoke,multifieldqa_en,ReKV,50,100.0,0.0,1,139989308.88,2.28558124,0.011199144710400002,0.011199144710400002,2.2967803847104,2.4979335239999996,3.871087159792,/home/xay/KVMergeComm/snapshots/query_sketch_cost_v1/pair7_qwen25_uncensored_bespoke/multifieldqa_en/rekv/rekv_bf16_w8_r0.30_0714_0857/cost_profile.jsonl
pair7_qwen25_uncensored_bespoke,multifieldqa_en,ReKV,50,100.0,1.0,1,139989308.88,2.28558124,0.011199144710400002,0.012199144710400003,2.2977803847104,2.498933524,3.8720871597919997,/home/xay/KVMergeComm/snapshots/query_sketch_cost_v1/pair7_qwen25_uncensored_bespoke/multifieldqa_en/rekv/rekv_bf16_w8_r0.30_0714_0857/cost_profile.jsonl
pair7_qwen25_uncensored_bespoke,multifieldqa_en,ReKV,50,100.0,10.0,1,139989308.88,2.28558124,0.011199144710400002,0.0211991447104,2.3067803847104,2.5079335240000002,3.881087159792,/home/xay/KVMergeComm/snapshots/query_sketch_cost_v1/pair7_qwen25_uncensored_bespoke/multifieldqa_en/rekv/rekv_bf16_w8_r0.30_0714_0857/cost_profile.jsonl
pair7_qwen25_uncensored_bespoke,multifieldqa_en,ReKV,50,100.0,50.0,1,139989308.88,2.28558124,0.011199144710400002,0.06119914471040001,2.3467803847104,2.5479335240000003,3.921087159792,/home/xay/KVMergeComm/snapshots/query_sketch_cost_v1/pair7_qwen25_uncensored_bespoke/multifieldqa_en/rekv/rekv_bf16_w8_r0.30_0714_0857/cost_profile.jsonl
pair7_qwen25_uncensored_bespoke,musique,B-ReKV,50,1.0,0.0,1,8237160.48,1.4898091599999999,0.06589728384,0.06589728384,1.55570644384,1.98377042,2.8388005376,/home/xay/KVMergeComm/snapshots/query_sketch_cost_v1/pair7_qwen25_uncensored_bespoke/musique/brekv/brekv_bf16_t0.95_s0.75_w8_0714_0851/cost_profile.jsonl
pair7_qwen25_uncensored_bespoke,musique,B-ReKV,50,1.0,1.0,1,8237160.48,1.4898091599999999,0.06589728384,0.06689728384,1.5567064438400002,1.9847704199999998,2.8398005376,/home/xay/KVMergeComm/snapshots/query_sketch_cost_v1/pair7_qwen25_uncensored_bespoke/musique/brekv/brekv_bf16_t0.95_s0.75_w8_0714_0851/cost_profile.jsonl
pair7_qwen25_uncensored_bespoke,musique,B-ReKV,50,1.0,10.0,1,8237160.48,1.4898091599999999,0.06589728384,0.07589728384,1.56570644384,1.9937704199999997,2.8488005376,/home/xay/KVMergeComm/snapshots/query_sketch_cost_v1/pair7_qwen25_uncensored_bespoke/musique/brekv/brekv_bf16_t0.95_s0.75_w8_0714_0851/cost_profile.jsonl
pair7_qwen25_uncensored_bespoke,musique,B-ReKV,50,1.0,50.0,1,8237160.48,1.4898091599999999,0.06589728384,0.11589728384000003,1.60570644384,2.0337704199999997,2.8888005376,/home/xay/KVMergeComm/snapshots/query_sketch_cost_v1/pair7_qwen25_uncensored_bespoke/musique/brekv/brekv_bf16_t0.95_s0.75_w8_0714_0851/cost_profile.jsonl
pair7_qwen25_uncensored_bespoke,musique,B-ReKV,50,10.0,0.0,1,8237160.48,1.4898091599999999,0.006589728384,0.006589728384,1.4963988883839996,1.933537892,2.7706773826399997,/home/xay/KVMergeComm/snapshots/query_sketch_cost_v1/pair7_qwen25_uncensored_bespoke/musique/brekv/brekv_bf16_t0.95_s0.75_w8_0714_0851/cost_profile.jsonl
pair7_qwen25_uncensored_bespoke,musique,B-ReKV,50,10.0,1.0,1,8237160.48,1.4898091599999999,0.006589728384,0.007589728384,1.4973988883840001,1.9345378919999998,2.77167738264,/home/xay/KVMergeComm/snapshots/query_sketch_cost_v1/pair7_qwen25_uncensored_bespoke/musique/brekv/brekv_bf16_t0.95_s0.75_w8_0714_0851/cost_profile.jsonl
pair7_qwen25_uncensored_bespoke,musique,B-ReKV,50,10.0,10.0,1,8237160.48,1.4898091599999999,0.006589728384,0.016589728384,1.506398888384,1.9435378919999997,2.78067738264,/home/xay/KVMergeComm/snapshots/query_sketch_cost_v1/pair7_qwen25_uncensored_bespoke/musique/brekv/brekv_bf16_t0.95_s0.75_w8_0714_0851/cost_profile.jsonl
pair7_qwen25_uncensored_bespoke,musique,B-ReKV,50,10.0,50.0,1,8237160.48,1.4898091599999999,0.006589728384,0.056589728384,1.546398888384,1.9835378919999997,2.82067738264,/home/xay/KVMergeComm/snapshots/query_sketch_cost_v1/pair7_qwen25_uncensored_bespoke/musique/brekv/brekv_bf16_t0.95_s0.75_w8_0714_0851/cost_profile.jsonl
pair7_qwen25_uncensored_bespoke,musique,B-ReKV,50,25.0,0.0,1,8237160.48,1.4898091599999999,0.0026358913536,0.0026358913536,1.4924450513536,1.9301890568,2.766476163056,/home/xay/KVMergeComm/snapshots/query_sketch_cost_v1/pair7_qwen25_uncensored_bespoke/musique/brekv/brekv_bf16_t0.95_s0.75_w8_0714_0851/cost_profile.jsonl
pair7_qwen25_uncensored_bespoke,musique,B-ReKV,50,25.0,1.0,1,8237160.48,1.4898091599999999,0.0026358913536,0.0036358913536000004,1.4934450513536002,1.9311890567999999,2.767476163056,/home/xay/KVMergeComm/snapshots/query_sketch_cost_v1/pair7_qwen25_uncensored_bespoke/musique/brekv/brekv_bf16_t0.95_s0.75_w8_0714_0851/cost_profile.jsonl
pair7_qwen25_uncensored_bespoke,musique,B-ReKV,50,25.0,10.0,1,8237160.48,1.4898091599999999,0.0026358913536,0.0126358913536,1.5024450513536,1.9401890568,2.776476163056,/home/xay/KVMergeComm/snapshots/query_sketch_cost_v1/pair7_qwen25_uncensored_bespoke/musique/brekv/brekv_bf16_t0.95_s0.75_w8_0714_0851/cost_profile.jsonl
pair7_qwen25_uncensored_bespoke,musique,B-ReKV,50,25.0,50.0,1,8237160.48,1.4898091599999999,0.0026358913536,0.0526358913536,1.5424450513535999,1.9801890567999998,2.816476163056,/home/xay/KVMergeComm/snapshots/query_sketch_cost_v1/pair7_qwen25_uncensored_bespoke/musique/brekv/brekv_bf16_t0.95_s0.75_w8_0714_0851/cost_profile.jsonl
pair7_qwen25_uncensored_bespoke,musique,B-ReKV,50,100.0,0.0,1,8237160.48,1.4898091599999999,0.0006589728384,0.0006589728384,1.4904681328384002,1.9285146391999999,2.764375553264,/home/xay/KVMergeComm/snapshots/query_sketch_cost_v1/pair7_qwen25_uncensored_bespoke/musique/brekv/brekv_bf16_t0.95_s0.75_w8_0714_0851/cost_profile.jsonl
pair7_qwen25_uncensored_bespoke,musique,B-ReKV,50,100.0,1.0,1,8237160.48,1.4898091599999999,0.0006589728384,0.0016589728384000001,1.4914681328384,1.9295146391999998,2.765375553264,/home/xay/KVMergeComm/snapshots/query_sketch_cost_v1/pair7_qwen25_uncensored_bespoke/musique/brekv/brekv_bf16_t0.95_s0.75_w8_0714_0851/cost_profile.jsonl
pair7_qwen25_uncensored_bespoke,musique,B-ReKV,50,100.0,10.0,1,8237160.48,1.4898091599999999,0.0006589728384,0.0106589728384,1.5004681328383997,1.9385146391999997,2.774375553264,/home/xay/KVMergeComm/snapshots/query_sketch_cost_v1/pair7_qwen25_uncensored_bespoke/musique/brekv/brekv_bf16_t0.95_s0.75_w8_0714_0851/cost_profile.jsonl
pair7_qwen25_uncensored_bespoke,musique,B-ReKV,50,100.0,50.0,1,8237160.48,1.4898091599999999,0.0006589728384,0.05065897283840001,1.5404681328384,1.9785146391999997,2.814375553264,/home/xay/KVMergeComm/snapshots/query_sketch_cost_v1/pair7_qwen25_uncensored_bespoke/musique/brekv/brekv_bf16_t0.95_s0.75_w8_0714_0851/cost_profile.jsonl
pair7_qwen25_uncensored_bespoke,musique,NLD,50,1.0,0.0,1,463.52,2.8082221999999994,3.7081600000000005e-06,3.7081600000000005e-06,2.80822590816,2.7117670240000002,4.5591000504000005,/home/xay/KVMergeComm/snapshots/nld_receiver_aware_cost_v1/pair7_qwen25_uncensored_bespoke/musique/nld_aware/nld_aware_cost_0725_2119/cost_profile.jsonl
pair7_qwen25_uncensored_bespoke,musique,NLD,50,1.0,1.0,1,463.52,2.8082221999999994,3.7081600000000005e-06,0.00100370816,2.8092259081599997,2.7127670239999997,4.5601000504,/home/xay/KVMergeComm/snapshots/nld_receiver_aware_cost_v1/pair7_qwen25_uncensored_bespoke/musique/nld_aware/nld_aware_cost_0725_2119/cost_profile.jsonl
pair7_qwen25_uncensored_bespoke,musique,NLD,50,1.0,10.0,1,463.52,2.8082221999999994,3.7081600000000005e-06,0.01000370816,2.81822590816,2.721767024,4.5691000504,/home/xay/KVMergeComm/snapshots/nld_receiver_aware_cost_v1/pair7_qwen25_uncensored_bespoke/musique/nld_aware/nld_aware_cost_0725_2119/cost_profile.jsonl
pair7_qwen25_uncensored_bespoke,musique,NLD,50,1.0,50.0,1,463.52,2.8082221999999994,3.7081600000000005e-06,0.05000370816,2.85822590816,2.761767024,4.6091000504,/home/xay/KVMergeComm/snapshots/nld_receiver_aware_cost_v1/pair7_qwen25_uncensored_bespoke/musique/nld_aware/nld_aware_cost_0725_2119/cost_profile.jsonl
pair7_qwen25_uncensored_bespoke,musique,NLD,50,10.0,0.0,1,463.52,2.8082221999999994,3.7081600000000003e-07,3.7081600000000003e-07,2.808222570816,2.7117629524,4.55909573004,/home/xay/KVMergeComm/snapshots/nld_receiver_aware_cost_v1/pair7_qwen25_uncensored_bespoke/musique/nld_aware/nld_aware_cost_0725_2119/cost_profile.jsonl
pair7_qwen25_uncensored_bespoke,musique,NLD,50,10.0,1.0,1,463.52,2.8082221999999994,3.7081600000000003e-07,0.001000370816,2.809222570816,2.7127629524000003,4.56009573004,/home/xay/KVMergeComm/snapshots/nld_receiver_aware_cost_v1/pair7_qwen25_uncensored_bespoke/musique/nld_aware/nld_aware_cost_0725_2119/cost_profile.jsonl
pair7_qwen25_uncensored_bespoke,musique,NLD,50,10.0,10.0,1,463.52,2.8082221999999994,3.7081600000000003e-07,0.010000370816,2.8182225708160007,2.7217629523999998,4.56909573004,/home/xay/KVMergeComm/snapshots/nld_receiver_aware_cost_v1/pair7_qwen25_uncensored_bespoke/musique/nld_aware/nld_aware_cost_0725_2119/cost_profile.jsonl
pair7_qwen25_uncensored_bespoke,musique,NLD,50,10.0,50.0,1,463.52,2.8082221999999994,3.7081600000000003e-07,0.05000037081599999,2.8582225708159994,2.7617629524,4.60909573004,/home/xay/KVMergeComm/snapshots/nld_receiver_aware_cost_v1/pair7_qwen25_uncensored_bespoke/musique/nld_aware/nld_aware_cost_0725_2119/cost_profile.jsonl
pair7_qwen25_uncensored_bespoke,musique,NLD,50,25.0,0.0,1,463.52,2.8082221999999994,1.483264e-07,1.483264e-07,2.8082223483264004,2.71176268096,4.559095442016,/home/xay/KVMergeComm/snapshots/nld_receiver_aware_cost_v1/pair7_qwen25_uncensored_bespoke/musique/nld_aware/nld_aware_cost_0725_2119/cost_profile.jsonl
pair7_qwen25_uncensored_bespoke,musique,NLD,50,25.0,1.0,1,463.52,2.8082221999999994,1.483264e-07,0.0010001483263999999,2.8092223483264003,2.71276268096,4.560095442016,/home/xay/KVMergeComm/snapshots/nld_receiver_aware_cost_v1/pair7_qwen25_uncensored_bespoke/musique/nld_aware/nld_aware_cost_0725_2119/cost_profile.jsonl
pair7_qwen25_uncensored_bespoke,musique,NLD,50,25.0,10.0,1,463.52,2.8082221999999994,1.483264e-07,0.0100001483264,2.8182223483263997,2.72176268096,4.569095442016001,/home/xay/KVMergeComm/snapshots/nld_receiver_aware_cost_v1/pair7_qwen25_uncensored_bespoke/musique/nld_aware/nld_aware_cost_0725_2119/cost_profile.jsonl
pair7_qwen25_uncensored_bespoke,musique,NLD,50,25.0,50.0,1,463.52,2.8082221999999994,1.483264e-07,0.050000148326400005,2.8582223483263998,2.76176268096,4.609095442016001,/home/xay/KVMergeComm/snapshots/nld_receiver_aware_cost_v1/pair7_qwen25_uncensored_bespoke/musique/nld_aware/nld_aware_cost_0725_2119/cost_profile.jsonl
pair7_qwen25_uncensored_bespoke,musique,NLD,50,100.0,0.0,1,463.52,2.8082221999999994,3.70816e-08,3.70816e-08,2.8082222370816,2.71176254524,4.559095298004,/home/xay/KVMergeComm/snapshots/nld_receiver_aware_cost_v1/pair7_qwen25_uncensored_bespoke/musique/nld_aware/nld_aware_cost_0725_2119/cost_profile.jsonl
pair7_qwen25_uncensored_bespoke,musique,NLD,50,100.0,1.0,1,463.52,2.8082221999999994,3.70816e-08,0.0010000370816,2.8092222370815993,2.71276254524,4.560095298004,/home/xay/KVMergeComm/snapshots/nld_receiver_aware_cost_v1/pair7_qwen25_uncensored_bespoke/musique/nld_aware/nld_aware_cost_0725_2119/cost_profile.jsonl
pair7_qwen25_uncensored_bespoke,musique,NLD,50,100.0,10.0,1,463.52,2.8082221999999994,3.70816e-08,0.0100000370816,2.8182222370816006,2.72176254524,4.569095298004,/home/xay/KVMergeComm/snapshots/nld_receiver_aware_cost_v1/pair7_qwen25_uncensored_bespoke/musique/nld_aware/nld_aware_cost_0725_2119/cost_profile.jsonl
pair7_qwen25_uncensored_bespoke,musique,NLD,50,100.0,50.0,1,463.52,2.8082221999999994,3.70816e-08,0.050000037081599995,2.8582222370815997,2.76176254524,4.609095298004,/home/xay/KVMergeComm/snapshots/nld_receiver_aware_cost_v1/pair7_qwen25_uncensored_bespoke/musique/nld_aware/nld_aware_cost_0725_2119/cost_profile.jsonl
pair7_qwen25_uncensored_bespoke,musique,ReKV,50,1.0,0.0,1,8049156.24,0.99029264,0.06439324992,0.06439324992,1.05468588992,0.545624672,2.1813163272000002,/home/xay/KVMergeComm/snapshots/query_sketch_cost_v1/pair7_qwen25_uncensored_bespoke/musique/rekv/rekv_bf16_w8_r0.30_0714_0849/cost_profile.jsonl
pair7_qwen25_uncensored_bespoke,musique,ReKV,50,1.0,1.0,1,8049156.24,0.99029264,0.06439324992,0.06539324992000001,1.0556858899200001,0.546624672,2.1823163272,/home/xay/KVMergeComm/snapshots/query_sketch_cost_v1/pair7_qwen25_uncensored_bespoke/musique/rekv/rekv_bf16_w8_r0.30_0714_0849/cost_profile.jsonl
pair7_qwen25_uncensored_bespoke,musique,ReKV,50,1.0,10.0,1,8049156.24,0.99029264,0.06439324992,0.07439324992,1.0646858899199998,0.555624672,2.1913163272,/home/xay/KVMergeComm/snapshots/query_sketch_cost_v1/pair7_qwen25_uncensored_bespoke/musique/rekv/rekv_bf16_w8_r0.30_0714_0849/cost_profile.jsonl
pair7_qwen25_uncensored_bespoke,musique,ReKV,50,1.0,50.0,1,8049156.24,0.99029264,0.06439324992,0.11439324992000001,1.1046858899199998,0.595624672,2.2313163272,/home/xay/KVMergeComm/snapshots/query_sketch_cost_v1/pair7_qwen25_uncensored_bespoke/musique/rekv/rekv_bf16_w8_r0.30_0714_0849/cost_profile.jsonl
pair7_qwen25_uncensored_bespoke,musique,ReKV,50,10.0,0.0,1,8049156.24,0.99029264,0.006439324991999999,0.006439324991999999,0.996731964992,0.45203666719999996,2.10598230768,/home/xay/KVMergeComm/snapshots/query_sketch_cost_v1/pair7_qwen25_uncensored_bespoke/musique/rekv/rekv_bf16_w8_r0.30_0714_0849/cost_profile.jsonl
pair7_qwen25_uncensored_bespoke,musique,ReKV,50,10.0,1.0,1,8049156.24,0.99029264,0.006439324991999999,0.007439324991999999,0.9977319649920001,0.45303666719999997,2.10698230768,/home/xay/KVMergeComm/snapshots/query_sketch_cost_v1/pair7_qwen25_uncensored_bespoke/musique/rekv/rekv_bf16_w8_r0.30_0714_0849/cost_profile.jsonl
pair7_qwen25_uncensored_bespoke,musique,ReKV,50,10.0,10.0,1,8049156.24,0.99029264,0.006439324991999999,0.016439324992,1.0067319649920001,0.4620366672,2.1159823076800004,/home/xay/KVMergeComm/snapshots/query_sketch_cost_v1/pair7_qwen25_uncensored_bespoke/musique/rekv/rekv_bf16_w8_r0.30_0714_0849/cost_profile.jsonl
pair7_qwen25_uncensored_bespoke,musique,ReKV,50,10.0,50.0,1,8049156.24,0.99029264,0.006439324991999999,0.056439324992,1.0467319649920002,0.5020366672000001,2.15598230768,/home/xay/KVMergeComm/snapshots/query_sketch_cost_v1/pair7_qwen25_uncensored_bespoke/musique/rekv/rekv_bf16_w8_r0.30_0714_0849/cost_profile.jsonl
pair7_qwen25_uncensored_bespoke,musique,ReKV,50,25.0,0.0,1,8049156.24,0.99029264,0.0025757299968,0.0025757299968,0.9928683699968,0.44579746688,2.1005751030720003,/home/xay/KVMergeComm/snapshots/query_sketch_cost_v1/pair7_qwen25_uncensored_bespoke/musique/rekv/rekv_bf16_w8_r0.30_0714_0849/cost_profile.jsonl
pair7_qwen25_uncensored_bespoke,musique,ReKV,50,25.0,1.0,1,8049156.24,0.99029264,0.0025757299968,0.0035757299967999995,0.9938683699967998,0.44679746688,2.1015751030720002,/home/xay/KVMergeComm/snapshots/query_sketch_cost_v1/pair7_qwen25_uncensored_bespoke/musique/rekv/rekv_bf16_w8_r0.30_0714_0849/cost_profile.jsonl
pair7_qwen25_uncensored_bespoke,musique,ReKV,50,25.0,10.0,1,8049156.24,0.99029264,0.0025757299968,0.012575729996800003,1.0028683699968,0.45579746688,2.110575103072,/home/xay/KVMergeComm/snapshots/query_sketch_cost_v1/pair7_qwen25_uncensored_bespoke/musique/rekv/rekv_bf16_w8_r0.30_0714_0849/cost_profile.jsonl
pair7_qwen25_uncensored_bespoke,musique,ReKV,50,25.0,50.0,1,8049156.24,0.99029264,0.0025757299968,0.0525757299968,1.0428683699968,0.49579746688,2.150575103072,/home/xay/KVMergeComm/snapshots/query_sketch_cost_v1/pair7_qwen25_uncensored_bespoke/musique/rekv/rekv_bf16_w8_r0.30_0714_0849/cost_profile.jsonl
pair7_qwen25_uncensored_bespoke,musique,ReKV,50,100.0,0.0,1,8049156.24,0.99029264,0.0006439324992,0.0006439324992,0.9909365724992001,0.44267786672,2.0978715007680004,/home/xay/KVMergeComm/snapshots/query_sketch_cost_v1/pair7_qwen25_uncensored_bespoke/musique/rekv/rekv_bf16_w8_r0.30_0714_0849/cost_profile.jsonl
pair7_qwen25_uncensored_bespoke,musique,ReKV,50,100.0,1.0,1,8049156.24,0.99029264,0.0006439324992,0.0016439324991999998,0.9919365724992002,0.44367786672,2.0988715007680003,/home/xay/KVMergeComm/snapshots/query_sketch_cost_v1/pair7_qwen25_uncensored_bespoke/musique/rekv/rekv_bf16_w8_r0.30_0714_0849/cost_profile.jsonl
pair7_qwen25_uncensored_bespoke,musique,ReKV,50,100.0,10.0,1,8049156.24,0.99029264,0.0006439324992,0.010643932499199999,1.0009365724992,0.45267786672,2.1078715007680002,/home/xay/KVMergeComm/snapshots/query_sketch_cost_v1/pair7_qwen25_uncensored_bespoke/musique/rekv/rekv_bf16_w8_r0.30_0714_0849/cost_profile.jsonl
pair7_qwen25_uncensored_bespoke,musique,ReKV,50,100.0,50.0,1,8049156.24,0.99029264,0.0006439324992,0.0506439324992,1.0409365724992,0.49267786671999997,2.1478715007680003,/home/xay/KVMergeComm/snapshots/query_sketch_cost_v1/pair7_qwen25_uncensored_bespoke/musique/rekv/rekv_bf16_w8_r0.30_0714_0849/cost_profile.jsonl
