paper_table,pair_id,pair_slug,dataset,method,method_dir,run_name,window,ratio_or_budget,budget_mode,coverage_tau,coverage_scale,score,avg_budget,n_samples,status,timestamp,model_a,model_b,root,run_dir,log_path,per_sample_path
unknown,,cost_profile,multifieldqa_en,B-ReKV,coverage,cov_t0.95_s0.75_w8_cost_0630_1648,8,,coverage,0.95,0.75,,,,unknown,0630_1648,/sharedspace/models/Llama-3.1-8B-Instruct,/sharedspace/models/Llama-3.1-8B-Instruct,/home/xay/KVComm/snapshots/cost_profile,/home/xay/KVComm/snapshots/cost_profile/pair1_llama31_same/multifieldqa_en/coverage/cov_t0.95_s0.75_w8_cost_0630_1648,/home/xay/KVComm/snapshots/cost_profile/pair1_llama31_same/multifieldqa_en/coverage/cov_t0.95_s0.75_w8_cost_0630_1648/log.log,
unknown,,cost_profile,multifieldqa_en,B-ReKV,coverage,cov_t0.95_s0.85_w8_cost_0630_1649,8,,coverage,0.95,0.85,,,,unknown,0630_1649,/sharedspace/models/Llama-3.1-8B-Instruct,/sharedspace/models/Llama-3.1-8B-Instruct,/home/xay/KVComm/snapshots/cost_profile,/home/xay/KVComm/snapshots/cost_profile/pair1_llama31_same/multifieldqa_en/coverage/cov_t0.95_s0.85_w8_cost_0630_1649,/home/xay/KVComm/snapshots/cost_profile/pair1_llama31_same/multifieldqa_en/coverage/cov_t0.95_s0.85_w8_cost_0630_1649/log.log,
unknown,,cost_profile,multifieldqa_en,KVComm,kvcomm,kvcomm_top0.3_cost_0630_1642,0,0.3,uniform,,,1.0,,,done,0630_1642,/sharedspace/models/Llama-3.1-8B-Instruct,/sharedspace/models/Llama-3.1-8B-Instruct,/home/xay/KVComm/snapshots/cost_profile,/home/xay/KVComm/snapshots/cost_profile/pair1_llama31_same/multifieldqa_en/kvcomm/kvcomm_top0.3_cost_0630_1642,/home/xay/KVComm/snapshots/cost_profile/pair1_llama31_same/multifieldqa_en/kvcomm/kvcomm_top0.3_cost_0630_1642/log.log,
unknown,,cost_profile,multifieldqa_en,ReKV,mtc_receiver,recv_w16_r0.3_cost_0630_1647,16,0.3,uniform,,,,,,unknown,0630_1647,/sharedspace/models/Llama-3.1-8B-Instruct,/sharedspace/models/Llama-3.1-8B-Instruct,/home/xay/KVComm/snapshots/cost_profile,/home/xay/KVComm/snapshots/cost_profile/pair1_llama31_same/multifieldqa_en/mtc_receiver/recv_w16_r0.3_cost_0630_1647,/home/xay/KVComm/snapshots/cost_profile/pair1_llama31_same/multifieldqa_en/mtc_receiver/recv_w16_r0.3_cost_0630_1647/log.log,
unknown,,cost_profile,multifieldqa_en,ReKV,mtc_receiver,recv_w8_r0.3_cost_0630_1646,8,0.3,uniform,,,,,,unknown,0630_1646,/sharedspace/models/Llama-3.1-8B-Instruct,/sharedspace/models/Llama-3.1-8B-Instruct,/home/xay/KVComm/snapshots/cost_profile,/home/xay/KVComm/snapshots/cost_profile/pair1_llama31_same/multifieldqa_en/mtc_receiver/recv_w8_r0.3_cost_0630_1646,/home/xay/KVComm/snapshots/cost_profile/pair1_llama31_same/multifieldqa_en/mtc_receiver/recv_w8_r0.3_cost_0630_1646/log.log,
unknown,,cost_profile,countries,B-ReKV,coverage,cov_t0.95_s0.75_w8_cost_0630_1744,8,,coverage,0.95,0.75,,,,unknown,0630_1744,/sharedspace/models/Llama-3.1-8B-Instruct,/sharedspace/models/Llama-3.1-8B-Instruct,/home/xay/KVComm/snapshots/cost_profile,/home/xay/KVComm/snapshots/cost_profile/pair1_llama31_same_all8_full/countries/coverage/cov_t0.95_s0.75_w8_cost_0630_1744,/home/xay/KVComm/snapshots/cost_profile/pair1_llama31_same_all8_full/countries/coverage/cov_t0.95_s0.75_w8_cost_0630_1744/log.log,
unknown,,cost_profile,countries,B-ReKV,coverage,cov_t0.95_s0.85_w8_cost_0630_1746,8,,coverage,0.95,0.85,,,,unknown,0630_1746,/sharedspace/models/Llama-3.1-8B-Instruct,/sharedspace/models/Llama-3.1-8B-Instruct,/home/xay/KVComm/snapshots/cost_profile,/home/xay/KVComm/snapshots/cost_profile/pair1_llama31_same_all8_full/countries/coverage/cov_t0.95_s0.85_w8_cost_0630_1746,/home/xay/KVComm/snapshots/cost_profile/pair1_llama31_same_all8_full/countries/coverage/cov_t0.95_s0.85_w8_cost_0630_1746/log.log,
unknown,,cost_profile,countries,KVComm,kvcomm,kvcomm_top0.3_cost_0630_1730,0,0.3,uniform,,,1.0,,,done,0630_1730,/sharedspace/models/Llama-3.1-8B-Instruct,/sharedspace/models/Llama-3.1-8B-Instruct,/home/xay/KVComm/snapshots/cost_profile,/home/xay/KVComm/snapshots/cost_profile/pair1_llama31_same_all8_full/countries/kvcomm/kvcomm_top0.3_cost_0630_1730,/home/xay/KVComm/snapshots/cost_profile/pair1_llama31_same_all8_full/countries/kvcomm/kvcomm_top0.3_cost_0630_1730/log.log,
unknown,,cost_profile,countries,KVComm,kvcomm,kvcomm_top0.5_cost_0630_1735,0,0.5,uniform,,,1.0,,,done,0630_1735,/sharedspace/models/Llama-3.1-8B-Instruct,/sharedspace/models/Llama-3.1-8B-Instruct,/home/xay/KVComm/snapshots/cost_profile,/home/xay/KVComm/snapshots/cost_profile/pair1_llama31_same_all8_full/countries/kvcomm/kvcomm_top0.5_cost_0630_1735,/home/xay/KVComm/snapshots/cost_profile/pair1_llama31_same_all8_full/countries/kvcomm/kvcomm_top0.5_cost_0630_1735/log.log,
unknown,,cost_profile,countries,KVComm,kvcomm,kvcomm_top0.7_cost_0630_1740,0,0.7,uniform,,,1.0,,,done,0630_1740,/sharedspace/models/Llama-3.1-8B-Instruct,/sharedspace/models/Llama-3.1-8B-Instruct,/home/xay/KVComm/snapshots/cost_profile,/home/xay/KVComm/snapshots/cost_profile/pair1_llama31_same_all8_full/countries/kvcomm/kvcomm_top0.7_cost_0630_1740,/home/xay/KVComm/snapshots/cost_profile/pair1_llama31_same_all8_full/countries/kvcomm/kvcomm_top0.7_cost_0630_1740/log.log,
unknown,,cost_profile,countries,ReKV,mtc_receiver,recv_w16_r0.3_cost_0630_1734,16,0.3,uniform,,,,,,unknown,0630_1734,/sharedspace/models/Llama-3.1-8B-Instruct,/sharedspace/models/Llama-3.1-8B-Instruct,/home/xay/KVComm/snapshots/cost_profile,/home/xay/KVComm/snapshots/cost_profile/pair1_llama31_same_all8_full/countries/mtc_receiver/recv_w16_r0.3_cost_0630_1734,/home/xay/KVComm/snapshots/cost_profile/pair1_llama31_same_all8_full/countries/mtc_receiver/recv_w16_r0.3_cost_0630_1734/log.log,
unknown,,cost_profile,countries,ReKV,mtc_receiver,recv_w16_r0.5_cost_0630_1738,16,0.5,uniform,,,,,,unknown,0630_1738,/sharedspace/models/Llama-3.1-8B-Instruct,/sharedspace/models/Llama-3.1-8B-Instruct,/home/xay/KVComm/snapshots/cost_profile,/home/xay/KVComm/snapshots/cost_profile/pair1_llama31_same_all8_full/countries/mtc_receiver/recv_w16_r0.5_cost_0630_1738,/home/xay/KVComm/snapshots/cost_profile/pair1_llama31_same_all8_full/countries/mtc_receiver/recv_w16_r0.5_cost_0630_1738/log.log,
unknown,,cost_profile,countries,ReKV,mtc_receiver,recv_w16_r0.7_cost_0630_1743,16,0.7,uniform,,,,,,unknown,0630_1743,/sharedspace/models/Llama-3.1-8B-Instruct,/sharedspace/models/Llama-3.1-8B-Instruct,/home/xay/KVComm/snapshots/cost_profile,/home/xay/KVComm/snapshots/cost_profile/pair1_llama31_same_all8_full/countries/mtc_receiver/recv_w16_r0.7_cost_0630_1743,/home/xay/KVComm/snapshots/cost_profile/pair1_llama31_same_all8_full/countries/mtc_receiver/recv_w16_r0.7_cost_0630_1743/log.log,
unknown,,cost_profile,countries,ReKV,mtc_receiver,recv_w8_r0.3_cost_0630_1732,8,0.3,uniform,,,,,,unknown,0630_1732,/sharedspace/models/Llama-3.1-8B-Instruct,/sharedspace/models/Llama-3.1-8B-Instruct,/home/xay/KVComm/snapshots/cost_profile,/home/xay/KVComm/snapshots/cost_profile/pair1_llama31_same_all8_full/countries/mtc_receiver/recv_w8_r0.3_cost_0630_1732,/home/xay/KVComm/snapshots/cost_profile/pair1_llama31_same_all8_full/countries/mtc_receiver/recv_w8_r0.3_cost_0630_1732/log.log,
unknown,,cost_profile,countries,ReKV,mtc_receiver,recv_w8_r0.5_cost_0630_1737,8,0.5,uniform,,,,,,unknown,0630_1737,/sharedspace/models/Llama-3.1-8B-Instruct,/sharedspace/models/Llama-3.1-8B-Instruct,/home/xay/KVComm/snapshots/cost_profile,/home/xay/KVComm/snapshots/cost_profile/pair1_llama31_same_all8_full/countries/mtc_receiver/recv_w8_r0.5_cost_0630_1737,/home/xay/KVComm/snapshots/cost_profile/pair1_llama31_same_all8_full/countries/mtc_receiver/recv_w8_r0.5_cost_0630_1737/log.log,
unknown,,cost_profile,countries,ReKV,mtc_receiver,recv_w8_r0.7_cost_0630_1741,8,0.7,uniform,,,,,,unknown,0630_1741,/sharedspace/models/Llama-3.1-8B-Instruct,/sharedspace/models/Llama-3.1-8B-Instruct,/home/xay/KVComm/snapshots/cost_profile,/home/xay/KVComm/snapshots/cost_profile/pair1_llama31_same_all8_full/countries/mtc_receiver/recv_w8_r0.7_cost_0630_1741,/home/xay/KVComm/snapshots/cost_profile/pair1_llama31_same_all8_full/countries/mtc_receiver/recv_w8_r0.7_cost_0630_1741/log.log,
unknown,,cost_profile,hotpotqa,B-ReKV,coverage,cov_t0.95_s0.75_w8_cost_0630_1905,8,,coverage,0.95,0.75,,,,unknown,0630_1905,/sharedspace/models/Llama-3.1-8B-Instruct,/sharedspace/models/Llama-3.1-8B-Instruct,/home/xay/KVComm/snapshots/cost_profile,/home/xay/KVComm/snapshots/cost_profile/pair1_llama31_same_all8_full/hotpotqa/coverage/cov_t0.95_s0.75_w8_cost_0630_1905,/home/xay/KVComm/snapshots/cost_profile/pair1_llama31_same_all8_full/hotpotqa/coverage/cov_t0.95_s0.75_w8_cost_0630_1905/log.log,
unknown,,cost_profile,hotpotqa,B-ReKV,coverage,cov_t0.95_s0.85_w8_cost_0630_1910,8,,coverage,0.95,0.85,,,,unknown,0630_1910,/sharedspace/models/Llama-3.1-8B-Instruct,/sharedspace/models/Llama-3.1-8B-Instruct,/home/xay/KVComm/snapshots/cost_profile,/home/xay/KVComm/snapshots/cost_profile/pair1_llama31_same_all8_full/hotpotqa/coverage/cov_t0.95_s0.85_w8_cost_0630_1910,/home/xay/KVComm/snapshots/cost_profile/pair1_llama31_same_all8_full/hotpotqa/coverage/cov_t0.95_s0.85_w8_cost_0630_1910/log.log,
unknown,,cost_profile,hotpotqa,KVComm,kvcomm,kvcomm_top0.3_cost_0630_1823,0,0.3,uniform,,,0.0,,,done,0630_1823,/sharedspace/models/Llama-3.1-8B-Instruct,/sharedspace/models/Llama-3.1-8B-Instruct,/home/xay/KVComm/snapshots/cost_profile,/home/xay/KVComm/snapshots/cost_profile/pair1_llama31_same_all8_full/hotpotqa/kvcomm/kvcomm_top0.3_cost_0630_1823,/home/xay/KVComm/snapshots/cost_profile/pair1_llama31_same_all8_full/hotpotqa/kvcomm/kvcomm_top0.3_cost_0630_1823/log.log,
unknown,,cost_profile,hotpotqa,KVComm,kvcomm,kvcomm_top0.5_cost_0630_1838,0,0.5,uniform,,,0.0,,,done,0630_1838,/sharedspace/models/Llama-3.1-8B-Instruct,/sharedspace/models/Llama-3.1-8B-Instruct,/home/xay/KVComm/snapshots/cost_profile,/home/xay/KVComm/snapshots/cost_profile/pair1_llama31_same_all8_full/hotpotqa/kvcomm/kvcomm_top0.5_cost_0630_1838,/home/xay/KVComm/snapshots/cost_profile/pair1_llama31_same_all8_full/hotpotqa/kvcomm/kvcomm_top0.5_cost_0630_1838/log.log,
unknown,,cost_profile,hotpotqa,KVComm,kvcomm,kvcomm_top0.7_cost_0630_1852,0,0.7,uniform,,,0.0,,,done,0630_1852,/sharedspace/models/Llama-3.1-8B-Instruct,/sharedspace/models/Llama-3.1-8B-Instruct,/home/xay/KVComm/snapshots/cost_profile,/home/xay/KVComm/snapshots/cost_profile/pair1_llama31_same_all8_full/hotpotqa/kvcomm/kvcomm_top0.7_cost_0630_1852,/home/xay/KVComm/snapshots/cost_profile/pair1_llama31_same_all8_full/hotpotqa/kvcomm/kvcomm_top0.7_cost_0630_1852/log.log,
unknown,,cost_profile,hotpotqa,ReKV,mtc_receiver,recv_w16_r0.3_cost_0630_1833,16,0.3,uniform,,,,,,unknown,0630_1833,/sharedspace/models/Llama-3.1-8B-Instruct,/sharedspace/models/Llama-3.1-8B-Instruct,/home/xay/KVComm/snapshots/cost_profile,/home/xay/KVComm/snapshots/cost_profile/pair1_llama31_same_all8_full/hotpotqa/mtc_receiver/recv_w16_r0.3_cost_0630_1833,/home/xay/KVComm/snapshots/cost_profile/pair1_llama31_same_all8_full/hotpotqa/mtc_receiver/recv_w16_r0.3_cost_0630_1833/log.log,
unknown,,cost_profile,hotpotqa,ReKV,mtc_receiver,recv_w16_r0.5_cost_0630_1847,16,0.5,uniform,,,,,,unknown,0630_1847,/sharedspace/models/Llama-3.1-8B-Instruct,/sharedspace/models/Llama-3.1-8B-Instruct,/home/xay/KVComm/snapshots/cost_profile,/home/xay/KVComm/snapshots/cost_profile/pair1_llama31_same_all8_full/hotpotqa/mtc_receiver/recv_w16_r0.5_cost_0630_1847,/home/xay/KVComm/snapshots/cost_profile/pair1_llama31_same_all8_full/hotpotqa/mtc_receiver/recv_w16_r0.5_cost_0630_1847/log.log,
unknown,,cost_profile,hotpotqa,ReKV,mtc_receiver,recv_w16_r0.7_cost_0630_1900,16,0.7,uniform,,,,,,unknown,0630_1900,/sharedspace/models/Llama-3.1-8B-Instruct,/sharedspace/models/Llama-3.1-8B-Instruct,/home/xay/KVComm/snapshots/cost_profile,/home/xay/KVComm/snapshots/cost_profile/pair1_llama31_same_all8_full/hotpotqa/mtc_receiver/recv_w16_r0.7_cost_0630_1900,/home/xay/KVComm/snapshots/cost_profile/pair1_llama31_same_all8_full/hotpotqa/mtc_receiver/recv_w16_r0.7_cost_0630_1900/log.log,
unknown,,cost_profile,hotpotqa,ReKV,mtc_receiver,recv_w8_r0.3_cost_0630_1829,8,0.3,uniform,,,,,,unknown,0630_1829,/sharedspace/models/Llama-3.1-8B-Instruct,/sharedspace/models/Llama-3.1-8B-Instruct,/home/xay/KVComm/snapshots/cost_profile,/home/xay/KVComm/snapshots/cost_profile/pair1_llama31_same_all8_full/hotpotqa/mtc_receiver/recv_w8_r0.3_cost_0630_1829,/home/xay/KVComm/snapshots/cost_profile/pair1_llama31_same_all8_full/hotpotqa/mtc_receiver/recv_w8_r0.3_cost_0630_1829/log.log,
unknown,,cost_profile,hotpotqa,ReKV,mtc_receiver,recv_w8_r0.5_cost_0630_1842,8,0.5,uniform,,,,,,unknown,0630_1842,/sharedspace/models/Llama-3.1-8B-Instruct,/sharedspace/models/Llama-3.1-8B-Instruct,/home/xay/KVComm/snapshots/cost_profile,/home/xay/KVComm/snapshots/cost_profile/pair1_llama31_same_all8_full/hotpotqa/mtc_receiver/recv_w8_r0.5_cost_0630_1842,/home/xay/KVComm/snapshots/cost_profile/pair1_llama31_same_all8_full/hotpotqa/mtc_receiver/recv_w8_r0.5_cost_0630_1842/log.log,
unknown,,cost_profile,hotpotqa,ReKV,mtc_receiver,recv_w8_r0.7_cost_0630_1856,8,0.7,uniform,,,,,,unknown,0630_1856,/sharedspace/models/Llama-3.1-8B-Instruct,/sharedspace/models/Llama-3.1-8B-Instruct,/home/xay/KVComm/snapshots/cost_profile,/home/xay/KVComm/snapshots/cost_profile/pair1_llama31_same_all8_full/hotpotqa/mtc_receiver/recv_w8_r0.7_cost_0630_1856,/home/xay/KVComm/snapshots/cost_profile/pair1_llama31_same_all8_full/hotpotqa/mtc_receiver/recv_w8_r0.7_cost_0630_1856/log.log,
unknown,,cost_profile,multifieldqa_en,B-ReKV,coverage,cov_t0.95_s0.75_w8_cost_0701_0033,8,,coverage,0.95,0.75,,,,unknown,0701_0033,/sharedspace/models/Llama-3.1-8B-Instruct,/sharedspace/models/Llama-3.1-8B-Instruct,/home/xay/KVComm/snapshots/cost_profile,/home/xay/KVComm/snapshots/cost_profile/pair1_llama31_same_all8_full/multifieldqa_en/coverage/cov_t0.95_s0.75_w8_cost_0701_0033,/home/xay/KVComm/snapshots/cost_profile/pair1_llama31_same_all8_full/multifieldqa_en/coverage/cov_t0.95_s0.75_w8_cost_0701_0033/log.log,
unknown,,cost_profile,multifieldqa_en,B-ReKV,coverage,cov_t0.95_s0.85_w8_cost_0701_0040,8,,coverage,0.95,0.85,,,,unknown,0701_0040,/sharedspace/models/Llama-3.1-8B-Instruct,/sharedspace/models/Llama-3.1-8B-Instruct,/home/xay/KVComm/snapshots/cost_profile,/home/xay/KVComm/snapshots/cost_profile/pair1_llama31_same_all8_full/multifieldqa_en/coverage/cov_t0.95_s0.85_w8_cost_0701_0040,/home/xay/KVComm/snapshots/cost_profile/pair1_llama31_same_all8_full/multifieldqa_en/coverage/cov_t0.95_s0.85_w8_cost_0701_0040/log.log,
unknown,,cost_profile,multifieldqa_en,KVComm,kvcomm,kvcomm_top0.3_cost_0630_2332,0,0.3,uniform,,,1.0,,,done,0630_2332,/sharedspace/models/Llama-3.1-8B-Instruct,/sharedspace/models/Llama-3.1-8B-Instruct,/home/xay/KVComm/snapshots/cost_profile,/home/xay/KVComm/snapshots/cost_profile/pair1_llama31_same_all8_full/multifieldqa_en/kvcomm/kvcomm_top0.3_cost_0630_2332,/home/xay/KVComm/snapshots/cost_profile/pair1_llama31_same_all8_full/multifieldqa_en/kvcomm/kvcomm_top0.3_cost_0630_2332/log.log,
unknown,,cost_profile,multifieldqa_en,KVComm,kvcomm,kvcomm_top0.5_cost_0630_2353,0,0.5,uniform,,,1.0,,,done,0630_2353,/sharedspace/models/Llama-3.1-8B-Instruct,/sharedspace/models/Llama-3.1-8B-Instruct,/home/xay/KVComm/snapshots/cost_profile,/home/xay/KVComm/snapshots/cost_profile/pair1_llama31_same_all8_full/multifieldqa_en/kvcomm/kvcomm_top0.5_cost_0630_2353,/home/xay/KVComm/snapshots/cost_profile/pair1_llama31_same_all8_full/multifieldqa_en/kvcomm/kvcomm_top0.5_cost_0630_2353/log.log,
unknown,,cost_profile,multifieldqa_en,KVComm,kvcomm,kvcomm_top0.7_cost_0701_0013,0,0.7,uniform,,,1.0,,,done,0701_0013,/sharedspace/models/Llama-3.1-8B-Instruct,/sharedspace/models/Llama-3.1-8B-Instruct,/home/xay/KVComm/snapshots/cost_profile,/home/xay/KVComm/snapshots/cost_profile/pair1_llama31_same_all8_full/multifieldqa_en/kvcomm/kvcomm_top0.7_cost_0701_0013,/home/xay/KVComm/snapshots/cost_profile/pair1_llama31_same_all8_full/multifieldqa_en/kvcomm/kvcomm_top0.7_cost_0701_0013/log.log,
unknown,,cost_profile,multifieldqa_en,ReKV,mtc_receiver,recv_w16_r0.3_cost_0630_2346,16,0.3,uniform,,,,,,unknown,0630_2346,/sharedspace/models/Llama-3.1-8B-Instruct,/sharedspace/models/Llama-3.1-8B-Instruct,/home/xay/KVComm/snapshots/cost_profile,/home/xay/KVComm/snapshots/cost_profile/pair1_llama31_same_all8_full/multifieldqa_en/mtc_receiver/recv_w16_r0.3_cost_0630_2346,/home/xay/KVComm/snapshots/cost_profile/pair1_llama31_same_all8_full/multifieldqa_en/mtc_receiver/recv_w16_r0.3_cost_0630_2346/log.log,
unknown,,cost_profile,multifieldqa_en,ReKV,mtc_receiver,recv_w16_r0.5_cost_0701_0007,16,0.5,uniform,,,,,,unknown,0701_0007,/sharedspace/models/Llama-3.1-8B-Instruct,/sharedspace/models/Llama-3.1-8B-Instruct,/home/xay/KVComm/snapshots/cost_profile,/home/xay/KVComm/snapshots/cost_profile/pair1_llama31_same_all8_full/multifieldqa_en/mtc_receiver/recv_w16_r0.5_cost_0701_0007,/home/xay/KVComm/snapshots/cost_profile/pair1_llama31_same_all8_full/multifieldqa_en/mtc_receiver/recv_w16_r0.5_cost_0701_0007/log.log,
unknown,,cost_profile,multifieldqa_en,ReKV,mtc_receiver,recv_w16_r0.7_cost_0701_0027,16,0.7,uniform,,,,,,unknown,0701_0027,/sharedspace/models/Llama-3.1-8B-Instruct,/sharedspace/models/Llama-3.1-8B-Instruct,/home/xay/KVComm/snapshots/cost_profile,/home/xay/KVComm/snapshots/cost_profile/pair1_llama31_same_all8_full/multifieldqa_en/mtc_receiver/recv_w16_r0.7_cost_0701_0027,/home/xay/KVComm/snapshots/cost_profile/pair1_llama31_same_all8_full/multifieldqa_en/mtc_receiver/recv_w16_r0.7_cost_0701_0027/log.log,
unknown,,cost_profile,multifieldqa_en,ReKV,mtc_receiver,recv_w8_r0.3_cost_0630_2339,8,0.3,uniform,,,,,,unknown,0630_2339,/sharedspace/models/Llama-3.1-8B-Instruct,/sharedspace/models/Llama-3.1-8B-Instruct,/home/xay/KVComm/snapshots/cost_profile,/home/xay/KVComm/snapshots/cost_profile/pair1_llama31_same_all8_full/multifieldqa_en/mtc_receiver/recv_w8_r0.3_cost_0630_2339,/home/xay/KVComm/snapshots/cost_profile/pair1_llama31_same_all8_full/multifieldqa_en/mtc_receiver/recv_w8_r0.3_cost_0630_2339/log.log,
unknown,,cost_profile,multifieldqa_en,ReKV,mtc_receiver,recv_w8_r0.5_cost_0701_0000,8,0.5,uniform,,,,,,unknown,0701_0000,/sharedspace/models/Llama-3.1-8B-Instruct,/sharedspace/models/Llama-3.1-8B-Instruct,/home/xay/KVComm/snapshots/cost_profile,/home/xay/KVComm/snapshots/cost_profile/pair1_llama31_same_all8_full/multifieldqa_en/mtc_receiver/recv_w8_r0.5_cost_0701_0000,/home/xay/KVComm/snapshots/cost_profile/pair1_llama31_same_all8_full/multifieldqa_en/mtc_receiver/recv_w8_r0.5_cost_0701_0000/log.log,
unknown,,cost_profile,multifieldqa_en,ReKV,mtc_receiver,recv_w8_r0.7_cost_0701_0020,8,0.7,uniform,,,,,,unknown,0701_0020,/sharedspace/models/Llama-3.1-8B-Instruct,/sharedspace/models/Llama-3.1-8B-Instruct,/home/xay/KVComm/snapshots/cost_profile,/home/xay/KVComm/snapshots/cost_profile/pair1_llama31_same_all8_full/multifieldqa_en/mtc_receiver/recv_w8_r0.7_cost_0701_0020,/home/xay/KVComm/snapshots/cost_profile/pair1_llama31_same_all8_full/multifieldqa_en/mtc_receiver/recv_w8_r0.7_cost_0701_0020/log.log,
unknown,,cost_profile,musique,B-ReKV,coverage,cov_t0.95_s0.75_w8_cost_0630_2319,8,,coverage,0.95,0.75,,,,unknown,0630_2319,/sharedspace/models/Llama-3.1-8B-Instruct,/sharedspace/models/Llama-3.1-8B-Instruct,/home/xay/KVComm/snapshots/cost_profile,/home/xay/KVComm/snapshots/cost_profile/pair1_llama31_same_all8_full/musique/coverage/cov_t0.95_s0.75_w8_cost_0630_2319,/home/xay/KVComm/snapshots/cost_profile/pair1_llama31_same_all8_full/musique/coverage/cov_t0.95_s0.75_w8_cost_0630_2319/log.log,
unknown,,cost_profile,musique,B-ReKV,coverage,cov_t0.95_s0.85_w8_cost_0630_2325,8,,coverage,0.95,0.85,,,,unknown,0630_2325,/sharedspace/models/Llama-3.1-8B-Instruct,/sharedspace/models/Llama-3.1-8B-Instruct,/home/xay/KVComm/snapshots/cost_profile,/home/xay/KVComm/snapshots/cost_profile/pair1_llama31_same_all8_full/musique/coverage/cov_t0.95_s0.85_w8_cost_0630_2325,/home/xay/KVComm/snapshots/cost_profile/pair1_llama31_same_all8_full/musique/coverage/cov_t0.95_s0.85_w8_cost_0630_2325/log.log,
unknown,,cost_profile,musique,KVComm,kvcomm,kvcomm_top0.3_cost_0630_2224,0,0.3,uniform,,,0.0,,,done,0630_2224,/sharedspace/models/Llama-3.1-8B-Instruct,/sharedspace/models/Llama-3.1-8B-Instruct,/home/xay/KVComm/snapshots/cost_profile,/home/xay/KVComm/snapshots/cost_profile/pair1_llama31_same_all8_full/musique/kvcomm/kvcomm_top0.3_cost_0630_2224,/home/xay/KVComm/snapshots/cost_profile/pair1_llama31_same_all8_full/musique/kvcomm/kvcomm_top0.3_cost_0630_2224/log.log,
unknown,,cost_profile,musique,KVComm,kvcomm,kvcomm_top0.5_cost_0630_2243,0,0.5,uniform,,,0.0,,,done,0630_2243,/sharedspace/models/Llama-3.1-8B-Instruct,/sharedspace/models/Llama-3.1-8B-Instruct,/home/xay/KVComm/snapshots/cost_profile,/home/xay/KVComm/snapshots/cost_profile/pair1_llama31_same_all8_full/musique/kvcomm/kvcomm_top0.5_cost_0630_2243,/home/xay/KVComm/snapshots/cost_profile/pair1_llama31_same_all8_full/musique/kvcomm/kvcomm_top0.5_cost_0630_2243/log.log,
unknown,,cost_profile,musique,KVComm,kvcomm,kvcomm_top0.7_cost_0630_2301,0,0.7,uniform,,,0.0,,,done,0630_2301,/sharedspace/models/Llama-3.1-8B-Instruct,/sharedspace/models/Llama-3.1-8B-Instruct,/home/xay/KVComm/snapshots/cost_profile,/home/xay/KVComm/snapshots/cost_profile/pair1_llama31_same_all8_full/musique/kvcomm/kvcomm_top0.7_cost_0630_2301,/home/xay/KVComm/snapshots/cost_profile/pair1_llama31_same_all8_full/musique/kvcomm/kvcomm_top0.7_cost_0630_2301/log.log,
unknown,,cost_profile,musique,ReKV,mtc_receiver,recv_w16_r0.3_cost_0630_2238,16,0.3,uniform,,,,,,unknown,0630_2238,/sharedspace/models/Llama-3.1-8B-Instruct,/sharedspace/models/Llama-3.1-8B-Instruct,/home/xay/KVComm/snapshots/cost_profile,/home/xay/KVComm/snapshots/cost_profile/pair1_llama31_same_all8_full/musique/mtc_receiver/recv_w16_r0.3_cost_0630_2238,/home/xay/KVComm/snapshots/cost_profile/pair1_llama31_same_all8_full/musique/mtc_receiver/recv_w16_r0.3_cost_0630_2238/log.log,
unknown,,cost_profile,musique,ReKV,mtc_receiver,recv_w16_r0.5_cost_0630_2255,16,0.5,uniform,,,,,,unknown,0630_2255,/sharedspace/models/Llama-3.1-8B-Instruct,/sharedspace/models/Llama-3.1-8B-Instruct,/home/xay/KVComm/snapshots/cost_profile,/home/xay/KVComm/snapshots/cost_profile/pair1_llama31_same_all8_full/musique/mtc_receiver/recv_w16_r0.5_cost_0630_2255,/home/xay/KVComm/snapshots/cost_profile/pair1_llama31_same_all8_full/musique/mtc_receiver/recv_w16_r0.5_cost_0630_2255/log.log,
unknown,,cost_profile,musique,ReKV,mtc_receiver,recv_w16_r0.7_cost_0630_2313,16,0.7,uniform,,,,,,unknown,0630_2313,/sharedspace/models/Llama-3.1-8B-Instruct,/sharedspace/models/Llama-3.1-8B-Instruct,/home/xay/KVComm/snapshots/cost_profile,/home/xay/KVComm/snapshots/cost_profile/pair1_llama31_same_all8_full/musique/mtc_receiver/recv_w16_r0.7_cost_0630_2313,/home/xay/KVComm/snapshots/cost_profile/pair1_llama31_same_all8_full/musique/mtc_receiver/recv_w16_r0.7_cost_0630_2313/log.log,
unknown,,cost_profile,musique,ReKV,mtc_receiver,recv_w8_r0.3_cost_0630_2232,8,0.3,uniform,,,,,,unknown,0630_2232,/sharedspace/models/Llama-3.1-8B-Instruct,/sharedspace/models/Llama-3.1-8B-Instruct,/home/xay/KVComm/snapshots/cost_profile,/home/xay/KVComm/snapshots/cost_profile/pair1_llama31_same_all8_full/musique/mtc_receiver/recv_w8_r0.3_cost_0630_2232,/home/xay/KVComm/snapshots/cost_profile/pair1_llama31_same_all8_full/musique/mtc_receiver/recv_w8_r0.3_cost_0630_2232/log.log,
unknown,,cost_profile,musique,ReKV,mtc_receiver,recv_w8_r0.5_cost_0630_2249,8,0.5,uniform,,,,,,unknown,0630_2249,/sharedspace/models/Llama-3.1-8B-Instruct,/sharedspace/models/Llama-3.1-8B-Instruct,/home/xay/KVComm/snapshots/cost_profile,/home/xay/KVComm/snapshots/cost_profile/pair1_llama31_same_all8_full/musique/mtc_receiver/recv_w8_r0.5_cost_0630_2249,/home/xay/KVComm/snapshots/cost_profile/pair1_llama31_same_all8_full/musique/mtc_receiver/recv_w8_r0.5_cost_0630_2249/log.log,
unknown,,cost_profile,musique,ReKV,mtc_receiver,recv_w8_r0.7_cost_0630_2307,8,0.7,uniform,,,,,,unknown,0630_2307,/sharedspace/models/Llama-3.1-8B-Instruct,/sharedspace/models/Llama-3.1-8B-Instruct,/home/xay/KVComm/snapshots/cost_profile,/home/xay/KVComm/snapshots/cost_profile/pair1_llama31_same_all8_full/musique/mtc_receiver/recv_w8_r0.7_cost_0630_2307,/home/xay/KVComm/snapshots/cost_profile/pair1_llama31_same_all8_full/musique/mtc_receiver/recv_w8_r0.7_cost_0630_2307/log.log,
unknown,,cost_profile,qasper,B-ReKV,coverage,cov_t0.95_s0.75_w8_cost_0630_2152,8,,coverage,0.95,0.75,,,,unknown,0630_2152,/sharedspace/models/Llama-3.1-8B-Instruct,/sharedspace/models/Llama-3.1-8B-Instruct,/home/xay/KVComm/snapshots/cost_profile,/home/xay/KVComm/snapshots/cost_profile/pair1_llama31_same_all8_full/qasper/coverage/cov_t0.95_s0.75_w8_cost_0630_2152,/home/xay/KVComm/snapshots/cost_profile/pair1_llama31_same_all8_full/qasper/coverage/cov_t0.95_s0.75_w8_cost_0630_2152/log.log,
unknown,,cost_profile,qasper,B-ReKV,coverage,cov_t0.95_s0.85_w8_cost_0630_2207,8,,coverage,0.95,0.85,,,,unknown,0630_2207,/sharedspace/models/Llama-3.1-8B-Instruct,/sharedspace/models/Llama-3.1-8B-Instruct,/home/xay/KVComm/snapshots/cost_profile,/home/xay/KVComm/snapshots/cost_profile/pair1_llama31_same_all8_full/qasper/coverage/cov_t0.95_s0.85_w8_cost_0630_2207,/home/xay/KVComm/snapshots/cost_profile/pair1_llama31_same_all8_full/qasper/coverage/cov_t0.95_s0.85_w8_cost_0630_2207/log.log,
unknown,,cost_profile,qasper,KVComm,kvcomm,kvcomm_top0.3_cost_0630_1914,0,0.3,uniform,,,0.0,,,done,0630_1914,/sharedspace/models/Llama-3.1-8B-Instruct,/sharedspace/models/Llama-3.1-8B-Instruct,/home/xay/KVComm/snapshots/cost_profile,/home/xay/KVComm/snapshots/cost_profile/pair1_llama31_same_all8_full/qasper/kvcomm/kvcomm_top0.3_cost_0630_1914,/home/xay/KVComm/snapshots/cost_profile/pair1_llama31_same_all8_full/qasper/kvcomm/kvcomm_top0.3_cost_0630_1914/log.log,
unknown,,cost_profile,qasper,KVComm,kvcomm,kvcomm_top0.5_cost_0630_2016,0,0.5,uniform,,,0.0,,,done,0630_2016,/sharedspace/models/Llama-3.1-8B-Instruct,/sharedspace/models/Llama-3.1-8B-Instruct,/home/xay/KVComm/snapshots/cost_profile,/home/xay/KVComm/snapshots/cost_profile/pair1_llama31_same_all8_full/qasper/kvcomm/kvcomm_top0.5_cost_0630_2016,/home/xay/KVComm/snapshots/cost_profile/pair1_llama31_same_all8_full/qasper/kvcomm/kvcomm_top0.5_cost_0630_2016/log.log,
unknown,,cost_profile,qasper,KVComm,kvcomm,kvcomm_top0.7_cost_0630_2104,0,0.7,uniform,,,0.0,,,done,0630_2104,/sharedspace/models/Llama-3.1-8B-Instruct,/sharedspace/models/Llama-3.1-8B-Instruct,/home/xay/KVComm/snapshots/cost_profile,/home/xay/KVComm/snapshots/cost_profile/pair1_llama31_same_all8_full/qasper/kvcomm/kvcomm_top0.7_cost_0630_2104,/home/xay/KVComm/snapshots/cost_profile/pair1_llama31_same_all8_full/qasper/kvcomm/kvcomm_top0.7_cost_0630_2104/log.log,
unknown,,cost_profile,qasper,ReKV,mtc_receiver,recv_w16_r0.3_cost_0630_2000,16,0.3,uniform,,,,,,unknown,0630_2000,/sharedspace/models/Llama-3.1-8B-Instruct,/sharedspace/models/Llama-3.1-8B-Instruct,/home/xay/KVComm/snapshots/cost_profile,/home/xay/KVComm/snapshots/cost_profile/pair1_llama31_same_all8_full/qasper/mtc_receiver/recv_w16_r0.3_cost_0630_2000,/home/xay/KVComm/snapshots/cost_profile/pair1_llama31_same_all8_full/qasper/mtc_receiver/recv_w16_r0.3_cost_0630_2000/log.log,
unknown,,cost_profile,qasper,ReKV,mtc_receiver,recv_w16_r0.5_cost_0630_2048,16,0.5,uniform,,,,,,unknown,0630_2048,/sharedspace/models/Llama-3.1-8B-Instruct,/sharedspace/models/Llama-3.1-8B-Instruct,/home/xay/KVComm/snapshots/cost_profile,/home/xay/KVComm/snapshots/cost_profile/pair1_llama31_same_all8_full/qasper/mtc_receiver/recv_w16_r0.5_cost_0630_2048,/home/xay/KVComm/snapshots/cost_profile/pair1_llama31_same_all8_full/qasper/mtc_receiver/recv_w16_r0.5_cost_0630_2048/log.log,
unknown,,cost_profile,qasper,ReKV,mtc_receiver,recv_w16_r0.7_cost_0630_2136,16,0.7,uniform,,,,,,unknown,0630_2136,/sharedspace/models/Llama-3.1-8B-Instruct,/sharedspace/models/Llama-3.1-8B-Instruct,/home/xay/KVComm/snapshots/cost_profile,/home/xay/KVComm/snapshots/cost_profile/pair1_llama31_same_all8_full/qasper/mtc_receiver/recv_w16_r0.7_cost_0630_2136,/home/xay/KVComm/snapshots/cost_profile/pair1_llama31_same_all8_full/qasper/mtc_receiver/recv_w16_r0.7_cost_0630_2136/log.log,
unknown,,cost_profile,qasper,ReKV,mtc_receiver,recv_w8_r0.3_cost_0630_1944,8,0.3,uniform,,,,,,unknown,0630_1944,/sharedspace/models/Llama-3.1-8B-Instruct,/sharedspace/models/Llama-3.1-8B-Instruct,/home/xay/KVComm/snapshots/cost_profile,/home/xay/KVComm/snapshots/cost_profile/pair1_llama31_same_all8_full/qasper/mtc_receiver/recv_w8_r0.3_cost_0630_1944,/home/xay/KVComm/snapshots/cost_profile/pair1_llama31_same_all8_full/qasper/mtc_receiver/recv_w8_r0.3_cost_0630_1944/log.log,
unknown,,cost_profile,qasper,ReKV,mtc_receiver,recv_w8_r0.5_cost_0630_2033,8,0.5,uniform,,,,,,unknown,0630_2033,/sharedspace/models/Llama-3.1-8B-Instruct,/sharedspace/models/Llama-3.1-8B-Instruct,/home/xay/KVComm/snapshots/cost_profile,/home/xay/KVComm/snapshots/cost_profile/pair1_llama31_same_all8_full/qasper/mtc_receiver/recv_w8_r0.5_cost_0630_2033,/home/xay/KVComm/snapshots/cost_profile/pair1_llama31_same_all8_full/qasper/mtc_receiver/recv_w8_r0.5_cost_0630_2033/log.log,
unknown,,cost_profile,qasper,ReKV,mtc_receiver,recv_w8_r0.7_cost_0630_2120,8,0.7,uniform,,,,,,unknown,0630_2120,/sharedspace/models/Llama-3.1-8B-Instruct,/sharedspace/models/Llama-3.1-8B-Instruct,/home/xay/KVComm/snapshots/cost_profile,/home/xay/KVComm/snapshots/cost_profile/pair1_llama31_same_all8_full/qasper/mtc_receiver/recv_w8_r0.7_cost_0630_2120,/home/xay/KVComm/snapshots/cost_profile/pair1_llama31_same_all8_full/qasper/mtc_receiver/recv_w8_r0.7_cost_0630_2120/log.log,
unknown,,cost_profile,tipsheets,B-ReKV,coverage,cov_t0.95_s0.75_w8_cost_0630_1816,8,,coverage,0.95,0.75,,,,unknown,0630_1816,/sharedspace/models/Llama-3.1-8B-Instruct,/sharedspace/models/Llama-3.1-8B-Instruct,/home/xay/KVComm/snapshots/cost_profile,/home/xay/KVComm/snapshots/cost_profile/pair1_llama31_same_all8_full/tipsheets/coverage/cov_t0.95_s0.75_w8_cost_0630_1816,/home/xay/KVComm/snapshots/cost_profile/pair1_llama31_same_all8_full/tipsheets/coverage/cov_t0.95_s0.75_w8_cost_0630_1816/log.log,
unknown,,cost_profile,tipsheets,B-ReKV,coverage,cov_t0.95_s0.85_w8_cost_0630_1820,8,,coverage,0.95,0.85,,,,unknown,0630_1820,/sharedspace/models/Llama-3.1-8B-Instruct,/sharedspace/models/Llama-3.1-8B-Instruct,/home/xay/KVComm/snapshots/cost_profile,/home/xay/KVComm/snapshots/cost_profile/pair1_llama31_same_all8_full/tipsheets/coverage/cov_t0.95_s0.85_w8_cost_0630_1820,/home/xay/KVComm/snapshots/cost_profile/pair1_llama31_same_all8_full/tipsheets/coverage/cov_t0.95_s0.85_w8_cost_0630_1820/log.log,
unknown,,cost_profile,tipsheets,KVComm,kvcomm,kvcomm_top0.3_cost_0630_1748,0,0.3,uniform,,,1.0,,,done,0630_1748,/sharedspace/models/Llama-3.1-8B-Instruct,/sharedspace/models/Llama-3.1-8B-Instruct,/home/xay/KVComm/snapshots/cost_profile,/home/xay/KVComm/snapshots/cost_profile/pair1_llama31_same_all8_full/tipsheets/kvcomm/kvcomm_top0.3_cost_0630_1748,/home/xay/KVComm/snapshots/cost_profile/pair1_llama31_same_all8_full/tipsheets/kvcomm/kvcomm_top0.3_cost_0630_1748/log.log,
unknown,,cost_profile,tipsheets,KVComm,kvcomm,kvcomm_top0.5_cost_0630_1757,0,0.5,uniform,,,1.0,,,done,0630_1757,/sharedspace/models/Llama-3.1-8B-Instruct,/sharedspace/models/Llama-3.1-8B-Instruct,/home/xay/KVComm/snapshots/cost_profile,/home/xay/KVComm/snapshots/cost_profile/pair1_llama31_same_all8_full/tipsheets/kvcomm/kvcomm_top0.5_cost_0630_1757,/home/xay/KVComm/snapshots/cost_profile/pair1_llama31_same_all8_full/tipsheets/kvcomm/kvcomm_top0.5_cost_0630_1757/log.log,
unknown,,cost_profile,tipsheets,KVComm,kvcomm,kvcomm_top0.7_cost_0630_1806,0,0.7,uniform,,,1.0,,,done,0630_1806,/sharedspace/models/Llama-3.1-8B-Instruct,/sharedspace/models/Llama-3.1-8B-Instruct,/home/xay/KVComm/snapshots/cost_profile,/home/xay/KVComm/snapshots/cost_profile/pair1_llama31_same_all8_full/tipsheets/kvcomm/kvcomm_top0.7_cost_0630_1806,/home/xay/KVComm/snapshots/cost_profile/pair1_llama31_same_all8_full/tipsheets/kvcomm/kvcomm_top0.7_cost_0630_1806/log.log,
unknown,,cost_profile,tipsheets,ReKV,mtc_receiver,recv_w16_r0.3_cost_0630_1754,16,0.3,uniform,,,,,,unknown,0630_1754,/sharedspace/models/Llama-3.1-8B-Instruct,/sharedspace/models/Llama-3.1-8B-Instruct,/home/xay/KVComm/snapshots/cost_profile,/home/xay/KVComm/snapshots/cost_profile/pair1_llama31_same_all8_full/tipsheets/mtc_receiver/recv_w16_r0.3_cost_0630_1754,/home/xay/KVComm/snapshots/cost_profile/pair1_llama31_same_all8_full/tipsheets/mtc_receiver/recv_w16_r0.3_cost_0630_1754/log.log,
unknown,,cost_profile,tipsheets,ReKV,mtc_receiver,recv_w16_r0.5_cost_0630_1802,16,0.5,uniform,,,,,,unknown,0630_1802,/sharedspace/models/Llama-3.1-8B-Instruct,/sharedspace/models/Llama-3.1-8B-Instruct,/home/xay/KVComm/snapshots/cost_profile,/home/xay/KVComm/snapshots/cost_profile/pair1_llama31_same_all8_full/tipsheets/mtc_receiver/recv_w16_r0.5_cost_0630_1802,/home/xay/KVComm/snapshots/cost_profile/pair1_llama31_same_all8_full/tipsheets/mtc_receiver/recv_w16_r0.5_cost_0630_1802/log.log,
unknown,,cost_profile,tipsheets,ReKV,mtc_receiver,recv_w16_r0.7_cost_0630_1813,16,0.7,uniform,,,,,,unknown,0630_1813,/sharedspace/models/Llama-3.1-8B-Instruct,/sharedspace/models/Llama-3.1-8B-Instruct,/home/xay/KVComm/snapshots/cost_profile,/home/xay/KVComm/snapshots/cost_profile/pair1_llama31_same_all8_full/tipsheets/mtc_receiver/recv_w16_r0.7_cost_0630_1813,/home/xay/KVComm/snapshots/cost_profile/pair1_llama31_same_all8_full/tipsheets/mtc_receiver/recv_w16_r0.7_cost_0630_1813/log.log,
unknown,,cost_profile,tipsheets,ReKV,mtc_receiver,recv_w8_r0.3_cost_0630_1750,8,0.3,uniform,,,,,,unknown,0630_1750,/sharedspace/models/Llama-3.1-8B-Instruct,/sharedspace/models/Llama-3.1-8B-Instruct,/home/xay/KVComm/snapshots/cost_profile,/home/xay/KVComm/snapshots/cost_profile/pair1_llama31_same_all8_full/tipsheets/mtc_receiver/recv_w8_r0.3_cost_0630_1750,/home/xay/KVComm/snapshots/cost_profile/pair1_llama31_same_all8_full/tipsheets/mtc_receiver/recv_w8_r0.3_cost_0630_1750/log.log,
unknown,,cost_profile,tipsheets,ReKV,mtc_receiver,recv_w8_r0.5_cost_0630_1759,8,0.5,uniform,,,,,,unknown,0630_1759,/sharedspace/models/Llama-3.1-8B-Instruct,/sharedspace/models/Llama-3.1-8B-Instruct,/home/xay/KVComm/snapshots/cost_profile,/home/xay/KVComm/snapshots/cost_profile/pair1_llama31_same_all8_full/tipsheets/mtc_receiver/recv_w8_r0.5_cost_0630_1759,/home/xay/KVComm/snapshots/cost_profile/pair1_llama31_same_all8_full/tipsheets/mtc_receiver/recv_w8_r0.5_cost_0630_1759/log.log,
unknown,,cost_profile,tipsheets,ReKV,mtc_receiver,recv_w8_r0.7_cost_0630_1809,8,0.7,uniform,,,,,,unknown,0630_1809,/sharedspace/models/Llama-3.1-8B-Instruct,/sharedspace/models/Llama-3.1-8B-Instruct,/home/xay/KVComm/snapshots/cost_profile,/home/xay/KVComm/snapshots/cost_profile/pair1_llama31_same_all8_full/tipsheets/mtc_receiver/recv_w8_r0.7_cost_0630_1809,/home/xay/KVComm/snapshots/cost_profile/pair1_llama31_same_all8_full/tipsheets/mtc_receiver/recv_w8_r0.7_cost_0630_1809/log.log,
unknown,,cost_profile,tmath,B-ReKV,coverage,cov_t0.95_s0.75_w8_cost_0701_1041,8,,coverage,0.95,0.75,,,,unknown,0701_1041,/sharedspace/models/Llama-3.1-8B-Instruct,/sharedspace/models/Llama-3.1-8B-Instruct,/home/xay/KVComm/snapshots/cost_profile,/home/xay/KVComm/snapshots/cost_profile/pair1_llama31_same_all8_full/tmath/coverage/cov_t0.95_s0.75_w8_cost_0701_1041,/home/xay/KVComm/snapshots/cost_profile/pair1_llama31_same_all8_full/tmath/coverage/cov_t0.95_s0.75_w8_cost_0701_1041/log.log,
unknown,,cost_profile,tmath,B-ReKV,coverage,cov_t0.95_s0.85_w8_cost_0701_1138,8,,coverage,0.95,0.85,,,,unknown,0701_1138,/sharedspace/models/Llama-3.1-8B-Instruct,/sharedspace/models/Llama-3.1-8B-Instruct,/home/xay/KVComm/snapshots/cost_profile,/home/xay/KVComm/snapshots/cost_profile/pair1_llama31_same_all8_full/tmath/coverage/cov_t0.95_s0.85_w8_cost_0701_1138,/home/xay/KVComm/snapshots/cost_profile/pair1_llama31_same_all8_full/tmath/coverage/cov_t0.95_s0.85_w8_cost_0701_1138/log.log,
unknown,,cost_profile,tmath,KVComm,kvcomm,kvcomm_top0.3_cost_0701_0206,0,0.3,uniform,,,0.6364,,,done,0701_0206,/sharedspace/models/Llama-3.1-8B-Instruct,/sharedspace/models/Llama-3.1-8B-Instruct,/home/xay/KVComm/snapshots/cost_profile,/home/xay/KVComm/snapshots/cost_profile/pair1_llama31_same_all8_full/tmath/kvcomm/kvcomm_top0.3_cost_0701_0206,/home/xay/KVComm/snapshots/cost_profile/pair1_llama31_same_all8_full/tmath/kvcomm/kvcomm_top0.3_cost_0701_0206/log.log,
unknown,,cost_profile,tmath,KVComm,kvcomm,kvcomm_top0.5_cost_0701_0441,0,0.5,uniform,,,0.6364,,,done,0701_0441,/sharedspace/models/Llama-3.1-8B-Instruct,/sharedspace/models/Llama-3.1-8B-Instruct,/home/xay/KVComm/snapshots/cost_profile,/home/xay/KVComm/snapshots/cost_profile/pair1_llama31_same_all8_full/tmath/kvcomm/kvcomm_top0.5_cost_0701_0441,/home/xay/KVComm/snapshots/cost_profile/pair1_llama31_same_all8_full/tmath/kvcomm/kvcomm_top0.5_cost_0701_0441/log.log,
unknown,,cost_profile,tmath,KVComm,kvcomm,kvcomm_top0.7_cost_0701_0733,0,0.7,uniform,,,0.6364,,,done,0701_0733,/sharedspace/models/Llama-3.1-8B-Instruct,/sharedspace/models/Llama-3.1-8B-Instruct,/home/xay/KVComm/snapshots/cost_profile,/home/xay/KVComm/snapshots/cost_profile/pair1_llama31_same_all8_full/tmath/kvcomm/kvcomm_top0.7_cost_0701_0733,/home/xay/KVComm/snapshots/cost_profile/pair1_llama31_same_all8_full/tmath/kvcomm/kvcomm_top0.7_cost_0701_0733/log.log,
unknown,,cost_profile,tmath,ReKV,mtc_receiver,recv_w16_r0.3_cost_0701_0350,16,0.3,uniform,,,,,,unknown,0701_0350,/sharedspace/models/Llama-3.1-8B-Instruct,/sharedspace/models/Llama-3.1-8B-Instruct,/home/xay/KVComm/snapshots/cost_profile,/home/xay/KVComm/snapshots/cost_profile/pair1_llama31_same_all8_full/tmath/mtc_receiver/recv_w16_r0.3_cost_0701_0350,/home/xay/KVComm/snapshots/cost_profile/pair1_llama31_same_all8_full/tmath/mtc_receiver/recv_w16_r0.3_cost_0701_0350/log.log,
unknown,,cost_profile,tmath,ReKV,mtc_receiver,recv_w16_r0.5_cost_0701_0633,16,0.5,uniform,,,,,,unknown,0701_0633,/sharedspace/models/Llama-3.1-8B-Instruct,/sharedspace/models/Llama-3.1-8B-Instruct,/home/xay/KVComm/snapshots/cost_profile,/home/xay/KVComm/snapshots/cost_profile/pair1_llama31_same_all8_full/tmath/mtc_receiver/recv_w16_r0.5_cost_0701_0633,/home/xay/KVComm/snapshots/cost_profile/pair1_llama31_same_all8_full/tmath/mtc_receiver/recv_w16_r0.5_cost_0701_0633/log.log,
unknown,,cost_profile,tmath,ReKV,mtc_receiver,recv_w16_r0.7_cost_0701_0942,16,0.7,uniform,,,,,,unknown,0701_0942,/sharedspace/models/Llama-3.1-8B-Instruct,/sharedspace/models/Llama-3.1-8B-Instruct,/home/xay/KVComm/snapshots/cost_profile,/home/xay/KVComm/snapshots/cost_profile/pair1_llama31_same_all8_full/tmath/mtc_receiver/recv_w16_r0.7_cost_0701_0942,/home/xay/KVComm/snapshots/cost_profile/pair1_llama31_same_all8_full/tmath/mtc_receiver/recv_w16_r0.7_cost_0701_0942/log.log,
unknown,,cost_profile,tmath,ReKV,mtc_receiver,recv_w8_r0.3_cost_0701_0257,8,0.3,uniform,,,,,,unknown,0701_0257,/sharedspace/models/Llama-3.1-8B-Instruct,/sharedspace/models/Llama-3.1-8B-Instruct,/home/xay/KVComm/snapshots/cost_profile,/home/xay/KVComm/snapshots/cost_profile/pair1_llama31_same_all8_full/tmath/mtc_receiver/recv_w8_r0.3_cost_0701_0257,/home/xay/KVComm/snapshots/cost_profile/pair1_llama31_same_all8_full/tmath/mtc_receiver/recv_w8_r0.3_cost_0701_0257/log.log,
unknown,,cost_profile,tmath,ReKV,mtc_receiver,recv_w8_r0.5_cost_0701_0536,8,0.5,uniform,,,,,,unknown,0701_0536,/sharedspace/models/Llama-3.1-8B-Instruct,/sharedspace/models/Llama-3.1-8B-Instruct,/home/xay/KVComm/snapshots/cost_profile,/home/xay/KVComm/snapshots/cost_profile/pair1_llama31_same_all8_full/tmath/mtc_receiver/recv_w8_r0.5_cost_0701_0536,/home/xay/KVComm/snapshots/cost_profile/pair1_llama31_same_all8_full/tmath/mtc_receiver/recv_w8_r0.5_cost_0701_0536/log.log,
unknown,,cost_profile,tmath,ReKV,mtc_receiver,recv_w8_r0.7_cost_0701_0839,8,0.7,uniform,,,,,,unknown,0701_0839,/sharedspace/models/Llama-3.1-8B-Instruct,/sharedspace/models/Llama-3.1-8B-Instruct,/home/xay/KVComm/snapshots/cost_profile,/home/xay/KVComm/snapshots/cost_profile/pair1_llama31_same_all8_full/tmath/mtc_receiver/recv_w8_r0.7_cost_0701_0839,/home/xay/KVComm/snapshots/cost_profile/pair1_llama31_same_all8_full/tmath/mtc_receiver/recv_w8_r0.7_cost_0701_0839/log.log,
unknown,,cost_profile,twowikimqa,B-ReKV,coverage,cov_t0.95_s0.75_w8_cost_0701_0152,8,,coverage,0.95,0.75,,,,unknown,0701_0152,/sharedspace/models/Llama-3.1-8B-Instruct,/sharedspace/models/Llama-3.1-8B-Instruct,/home/xay/KVComm/snapshots/cost_profile,/home/xay/KVComm/snapshots/cost_profile/pair1_llama31_same_all8_full/twowikimqa/coverage/cov_t0.95_s0.75_w8_cost_0701_0152,/home/xay/KVComm/snapshots/cost_profile/pair1_llama31_same_all8_full/twowikimqa/coverage/cov_t0.95_s0.75_w8_cost_0701_0152/log.log,
unknown,,cost_profile,twowikimqa,B-ReKV,coverage,cov_t0.95_s0.85_w8_cost_0701_0159,8,,coverage,0.95,0.85,,,,unknown,0701_0159,/sharedspace/models/Llama-3.1-8B-Instruct,/sharedspace/models/Llama-3.1-8B-Instruct,/home/xay/KVComm/snapshots/cost_profile,/home/xay/KVComm/snapshots/cost_profile/pair1_llama31_same_all8_full/twowikimqa/coverage/cov_t0.95_s0.85_w8_cost_0701_0159,/home/xay/KVComm/snapshots/cost_profile/pair1_llama31_same_all8_full/twowikimqa/coverage/cov_t0.95_s0.85_w8_cost_0701_0159/log.log,
unknown,,cost_profile,twowikimqa,KVComm,kvcomm,kvcomm_top0.3_cost_0701_0047,0,0.3,uniform,,,1.0,,,done,0701_0047,/sharedspace/models/Llama-3.1-8B-Instruct,/sharedspace/models/Llama-3.1-8B-Instruct,/home/xay/KVComm/snapshots/cost_profile,/home/xay/KVComm/snapshots/cost_profile/pair1_llama31_same_all8_full/twowikimqa/kvcomm/kvcomm_top0.3_cost_0701_0047,/home/xay/KVComm/snapshots/cost_profile/pair1_llama31_same_all8_full/twowikimqa/kvcomm/kvcomm_top0.3_cost_0701_0047/log.log,
unknown,,cost_profile,twowikimqa,KVComm,kvcomm,kvcomm_top0.5_cost_0701_0108,0,0.5,uniform,,,1.0,,,done,0701_0108,/sharedspace/models/Llama-3.1-8B-Instruct,/sharedspace/models/Llama-3.1-8B-Instruct,/home/xay/KVComm/snapshots/cost_profile,/home/xay/KVComm/snapshots/cost_profile/pair1_llama31_same_all8_full/twowikimqa/kvcomm/kvcomm_top0.5_cost_0701_0108,/home/xay/KVComm/snapshots/cost_profile/pair1_llama31_same_all8_full/twowikimqa/kvcomm/kvcomm_top0.5_cost_0701_0108/log.log,
unknown,,cost_profile,twowikimqa,KVComm,kvcomm,kvcomm_top0.7_cost_0701_0131,0,0.7,uniform,,,1.0,,,done,0701_0131,/sharedspace/models/Llama-3.1-8B-Instruct,/sharedspace/models/Llama-3.1-8B-Instruct,/home/xay/KVComm/snapshots/cost_profile,/home/xay/KVComm/snapshots/cost_profile/pair1_llama31_same_all8_full/twowikimqa/kvcomm/kvcomm_top0.7_cost_0701_0131,/home/xay/KVComm/snapshots/cost_profile/pair1_llama31_same_all8_full/twowikimqa/kvcomm/kvcomm_top0.7_cost_0701_0131/log.log,
unknown,,cost_profile,twowikimqa,ReKV,mtc_receiver,recv_w16_r0.3_cost_0701_0101,16,0.3,uniform,,,,,,unknown,0701_0101,/sharedspace/models/Llama-3.1-8B-Instruct,/sharedspace/models/Llama-3.1-8B-Instruct,/home/xay/KVComm/snapshots/cost_profile,/home/xay/KVComm/snapshots/cost_profile/pair1_llama31_same_all8_full/twowikimqa/mtc_receiver/recv_w16_r0.3_cost_0701_0101,/home/xay/KVComm/snapshots/cost_profile/pair1_llama31_same_all8_full/twowikimqa/mtc_receiver/recv_w16_r0.3_cost_0701_0101/log.log,
unknown,,cost_profile,twowikimqa,ReKV,mtc_receiver,recv_w16_r0.5_cost_0701_0123,16,0.5,uniform,,,,,,unknown,0701_0123,/sharedspace/models/Llama-3.1-8B-Instruct,/sharedspace/models/Llama-3.1-8B-Instruct,/home/xay/KVComm/snapshots/cost_profile,/home/xay/KVComm/snapshots/cost_profile/pair1_llama31_same_all8_full/twowikimqa/mtc_receiver/recv_w16_r0.5_cost_0701_0123,/home/xay/KVComm/snapshots/cost_profile/pair1_llama31_same_all8_full/twowikimqa/mtc_receiver/recv_w16_r0.5_cost_0701_0123/log.log,
unknown,,cost_profile,twowikimqa,ReKV,mtc_receiver,recv_w16_r0.7_cost_0701_0145,16,0.7,uniform,,,,,,unknown,0701_0145,/sharedspace/models/Llama-3.1-8B-Instruct,/sharedspace/models/Llama-3.1-8B-Instruct,/home/xay/KVComm/snapshots/cost_profile,/home/xay/KVComm/snapshots/cost_profile/pair1_llama31_same_all8_full/twowikimqa/mtc_receiver/recv_w16_r0.7_cost_0701_0145,/home/xay/KVComm/snapshots/cost_profile/pair1_llama31_same_all8_full/twowikimqa/mtc_receiver/recv_w16_r0.7_cost_0701_0145/log.log,
unknown,,cost_profile,twowikimqa,ReKV,mtc_receiver,recv_w8_r0.3_cost_0701_0054,8,0.3,uniform,,,,,,unknown,0701_0054,/sharedspace/models/Llama-3.1-8B-Instruct,/sharedspace/models/Llama-3.1-8B-Instruct,/home/xay/KVComm/snapshots/cost_profile,/home/xay/KVComm/snapshots/cost_profile/pair1_llama31_same_all8_full/twowikimqa/mtc_receiver/recv_w8_r0.3_cost_0701_0054,/home/xay/KVComm/snapshots/cost_profile/pair1_llama31_same_all8_full/twowikimqa/mtc_receiver/recv_w8_r0.3_cost_0701_0054/log.log,
unknown,,cost_profile,twowikimqa,ReKV,mtc_receiver,recv_w8_r0.5_cost_0701_0116,8,0.5,uniform,,,,,,unknown,0701_0116,/sharedspace/models/Llama-3.1-8B-Instruct,/sharedspace/models/Llama-3.1-8B-Instruct,/home/xay/KVComm/snapshots/cost_profile,/home/xay/KVComm/snapshots/cost_profile/pair1_llama31_same_all8_full/twowikimqa/mtc_receiver/recv_w8_r0.5_cost_0701_0116,/home/xay/KVComm/snapshots/cost_profile/pair1_llama31_same_all8_full/twowikimqa/mtc_receiver/recv_w8_r0.5_cost_0701_0116/log.log,
unknown,,cost_profile,twowikimqa,ReKV,mtc_receiver,recv_w8_r0.7_cost_0701_0138,8,0.7,uniform,,,,,,unknown,0701_0138,/sharedspace/models/Llama-3.1-8B-Instruct,/sharedspace/models/Llama-3.1-8B-Instruct,/home/xay/KVComm/snapshots/cost_profile,/home/xay/KVComm/snapshots/cost_profile/pair1_llama31_same_all8_full/twowikimqa/mtc_receiver/recv_w8_r0.7_cost_0701_0138,/home/xay/KVComm/snapshots/cost_profile/pair1_llama31_same_all8_full/twowikimqa/mtc_receiver/recv_w8_r0.7_cost_0701_0138/log.log,
table8,1,llama31_same,countries,budget-layer,budget,layer_r0.2_0619_0152,16,0.2,layer,,,0.31,0.23313118500000002,200,done,0619_0152,/sharedspace/models/Llama-3.1-8B-Instruct,/sharedspace/models/Llama-3.1-8B-Instruct,/home/xay/KVComm/snapshots/countries,/home/xay/KVComm/snapshots/countries/budget/layer_r0.2_0619_0152,/home/xay/KVComm/snapshots/countries/budget/layer_r0.2_0619_0152/log.log,/home/xay/KVComm/snapshots/countries/budget/layer_r0.2_0619_0152/per_sample.jsonl
table8,1,llama31_same,countries,budget-layer,budget,layer_r0.3_0619_0156,16,0.3,layer,,,0.595,0.321894805,200,done,0619_0156,/sharedspace/models/Llama-3.1-8B-Instruct,/sharedspace/models/Llama-3.1-8B-Instruct,/home/xay/KVComm/snapshots/countries,/home/xay/KVComm/snapshots/countries/budget/layer_r0.3_0619_0156,/home/xay/KVComm/snapshots/countries/budget/layer_r0.3_0619_0156/log.log,/home/xay/KVComm/snapshots/countries/budget/layer_r0.3_0619_0156/per_sample.jsonl
table8,1,llama31_same,countries,budget-layer,budget,layer_r0.5_0619_0159,16,0.5,layer,,,0.595,0.515598915,200,done,0619_0159,/sharedspace/models/Llama-3.1-8B-Instruct,/sharedspace/models/Llama-3.1-8B-Instruct,/home/xay/KVComm/snapshots/countries,/home/xay/KVComm/snapshots/countries/budget/layer_r0.5_0619_0159,/home/xay/KVComm/snapshots/countries/budget/layer_r0.5_0619_0159/log.log,/home/xay/KVComm/snapshots/countries/budget/layer_r0.5_0619_0159/per_sample.jsonl
table8,1,llama31_same,countries,budget-query,budget,query_0.05_0.3_0619_0201,16,0.2,query,,,0.03,0.208614515,200,done,0619_0201,/sharedspace/models/Llama-3.1-8B-Instruct,/sharedspace/models/Llama-3.1-8B-Instruct,/home/xay/KVComm/snapshots/countries,/home/xay/KVComm/snapshots/countries/budget/query_0.05_0.3_0619_0201,/home/xay/KVComm/snapshots/countries/budget/query_0.05_0.3_0619_0201/log.log,/home/xay/KVComm/snapshots/countries/budget/query_0.05_0.3_0619_0201/per_sample.jsonl
table8,1,llama31_same,countries,budget-query,budget,query_0.15_0.7_0619_0209,16,0.2,query,,,0.605,0.364440955,200,done,0619_0209,/sharedspace/models/Llama-3.1-8B-Instruct,/sharedspace/models/Llama-3.1-8B-Instruct,/home/xay/KVComm/snapshots/countries,/home/xay/KVComm/snapshots/countries/budget/query_0.15_0.7_0619_0209,/home/xay/KVComm/snapshots/countries/budget/query_0.15_0.7_0619_0209/log.log,/home/xay/KVComm/snapshots/countries/budget/query_0.15_0.7_0619_0209/per_sample.jsonl
table8,1,llama31_same,countries,budget-query,budget,query_0.1_0.5_0619_0205,16,0.2,query,,,0.58,0.264644075,200,done,0619_0205,/sharedspace/models/Llama-3.1-8B-Instruct,/sharedspace/models/Llama-3.1-8B-Instruct,/home/xay/KVComm/snapshots/countries,/home/xay/KVComm/snapshots/countries/budget/query_0.1_0.5_0619_0205,/home/xay/KVComm/snapshots/countries/budget/query_0.1_0.5_0619_0205/log.log,/home/xay/KVComm/snapshots/countries/budget/query_0.1_0.5_0619_0205/per_sample.jsonl
table8,1,llama31_same,countries,budget-query+layer,budget,querylayer_0.05_0.3_0619_0203,16,0.2,query+layer,,,0.03,0.20865191,200,done,0619_0203,/sharedspace/models/Llama-3.1-8B-Instruct,/sharedspace/models/Llama-3.1-8B-Instruct,/home/xay/KVComm/snapshots/countries,/home/xay/KVComm/snapshots/countries/budget/querylayer_0.05_0.3_0619_0203,/home/xay/KVComm/snapshots/countries/budget/querylayer_0.05_0.3_0619_0203/log.log,/home/xay/KVComm/snapshots/countries/budget/querylayer_0.05_0.3_0619_0203/per_sample.jsonl
table8,1,llama31_same,countries,budget-query+layer,budget,querylayer_0.15_0.7_0619_0211,16,0.2,query+layer,,,0.595,0.364528125,200,done,0619_0211,/sharedspace/models/Llama-3.1-8B-Instruct,/sharedspace/models/Llama-3.1-8B-Instruct,/home/xay/KVComm/snapshots/countries,/home/xay/KVComm/snapshots/countries/budget/querylayer_0.15_0.7_0619_0211,/home/xay/KVComm/snapshots/countries/budget/querylayer_0.15_0.7_0619_0211/log.log,/home/xay/KVComm/snapshots/countries/budget/querylayer_0.15_0.7_0619_0211/per_sample.jsonl
table8,1,llama31_same,countries,budget-query+layer,budget,querylayer_0.1_0.5_0619_0207,16,0.2,query+layer,,,0.545,0.2660289,200,done,0619_0207,/sharedspace/models/Llama-3.1-8B-Instruct,/sharedspace/models/Llama-3.1-8B-Instruct,/home/xay/KVComm/snapshots/countries,/home/xay/KVComm/snapshots/countries/budget/querylayer_0.1_0.5_0619_0207,/home/xay/KVComm/snapshots/countries/budget/querylayer_0.1_0.5_0619_0207/log.log,/home/xay/KVComm/snapshots/countries/budget/querylayer_0.1_0.5_0619_0207/per_sample.jsonl
table8,1,llama31_same,countries,budget-uniform,budget,uniform_r0.2_0619_0150,16,0.2,uniform,,,0.505,0.22515247,200,done,0619_0150,/sharedspace/models/Llama-3.1-8B-Instruct,/sharedspace/models/Llama-3.1-8B-Instruct,/home/xay/KVComm/snapshots/countries,/home/xay/KVComm/snapshots/countries/budget/uniform_r0.2_0619_0150,/home/xay/KVComm/snapshots/countries/budget/uniform_r0.2_0619_0150/log.log,/home/xay/KVComm/snapshots/countries/budget/uniform_r0.2_0619_0150/per_sample.jsonl
table8,1,llama31_same,countries,budget-uniform,budget,uniform_r0.3_0619_0154,16,0.3,uniform,,,0.605,0.32352517,200,done,0619_0154,/sharedspace/models/Llama-3.1-8B-Instruct,/sharedspace/models/Llama-3.1-8B-Instruct,/home/xay/KVComm/snapshots/countries,/home/xay/KVComm/snapshots/countries/budget/uniform_r0.3_0619_0154,/home/xay/KVComm/snapshots/countries/budget/uniform_r0.3_0619_0154/log.log,/home/xay/KVComm/snapshots/countries/budget/uniform_r0.3_0619_0154/per_sample.jsonl
table8,1,llama31_same,countries,budget-uniform,budget,uniform_r0.5_0619_0158,16,0.5,uniform,,,0.59,0.516051925,200,done,0619_0158,/sharedspace/models/Llama-3.1-8B-Instruct,/sharedspace/models/Llama-3.1-8B-Instruct,/home/xay/KVComm/snapshots/countries,/home/xay/KVComm/snapshots/countries/budget/uniform_r0.5_0619_0158,/home/xay/KVComm/snapshots/countries/budget/uniform_r0.5_0619_0158/log.log,/home/xay/KVComm/snapshots/countries/budget/uniform_r0.5_0619_0158/per_sample.jsonl
table8,1,llama31_same,countries,B-ReKV,coverage,cov_t0.90_s0.6_w8_0624_2126,8,,coverage,0.9,0.6,0.595,0.22016831,200,done,0624_2126,/sharedspace/models/Llama-3.1-8B-Instruct,/sharedspace/models/Llama-3.1-8B-Instruct,/home/xay/KVComm/snapshots/countries,/home/xay/KVComm/snapshots/countries/coverage/cov_t0.90_s0.6_w8_0624_2126,/home/xay/KVComm/snapshots/countries/coverage/cov_t0.90_s0.6_w8_0624_2126/log.log,/home/xay/KVComm/snapshots/countries/coverage/cov_t0.90_s0.6_w8_0624_2126/per_sample.jsonl
table8,1,llama31_same,countries,B-ReKV,coverage,cov_t0.90_s0.75_w8_0624_2135,8,,coverage,0.9,0.75,,,,unknown,0624_2135,/sharedspace/models/Llama-3.1-8B-Instruct,/sharedspace/models/Llama-3.1-8B-Instruct,/home/xay/KVComm/snapshots/countries,/home/xay/KVComm/snapshots/countries/coverage/cov_t0.90_s0.75_w8_0624_2135,/home/xay/KVComm/snapshots/countries/coverage/cov_t0.90_s0.75_w8_0624_2135/log.log,
table8,1,llama31_same,countries,B-ReKV,coverage,cov_t0.90_s0.7_w8_0624_2132,8,,coverage,0.9,0.7,0.595,0.232605015,200,done,0624_2132,/sharedspace/models/Llama-3.1-8B-Instruct,/sharedspace/models/Llama-3.1-8B-Instruct,/home/xay/KVComm/snapshots/countries,/home/xay/KVComm/snapshots/countries/coverage/cov_t0.90_s0.7_w8_0624_2132,/home/xay/KVComm/snapshots/countries/coverage/cov_t0.90_s0.7_w8_0624_2132/log.log,/home/xay/KVComm/snapshots/countries/coverage/cov_t0.90_s0.7_w8_0624_2132/per_sample.jsonl
table8,1,llama31_same,countries,B-ReKV,coverage,cov_t0.95_s0.75_w8_0624_2145,8,,coverage,0.95,0.75,0.615,0.32734309000000006,200,done,0624_2145,/sharedspace/models/Llama-3.1-8B-Instruct,/sharedspace/models/Llama-3.1-8B-Instruct,/home/xay/KVComm/snapshots/countries,/home/xay/KVComm/snapshots/countries/coverage/cov_t0.95_s0.75_w8_0624_2145,/home/xay/KVComm/snapshots/countries/coverage/cov_t0.95_s0.75_w8_0624_2145/log.log,/home/xay/KVComm/snapshots/countries/coverage/cov_t0.95_s0.75_w8_0624_2145/per_sample.jsonl
table8,1,llama31_same,countries,B-ReKV,coverage,cov_t0.95_s0.85_w8_0624_2147,8,,coverage,0.95,0.85,0.615,0.36430438000000004,200,done,0624_2147,/sharedspace/models/Llama-3.1-8B-Instruct,/sharedspace/models/Llama-3.1-8B-Instruct,/home/xay/KVComm/snapshots/countries,/home/xay/KVComm/snapshots/countries/coverage/cov_t0.95_s0.85_w8_0624_2147,/home/xay/KVComm/snapshots/countries/coverage/cov_t0.95_s0.85_w8_0624_2147/log.log,/home/xay/KVComm/snapshots/countries/coverage/cov_t0.95_s0.85_w8_0624_2147/per_sample.jsonl
table8,1,llama31_same,countries,B-ReKV,coverage,cov_t0.95_s0.90_w16_0624_2149,16,,coverage,0.95,0.9,0.6,0.39857070499999997,200,done,0624_2149,/sharedspace/models/Llama-3.1-8B-Instruct,/sharedspace/models/Llama-3.1-8B-Instruct,/home/xay/KVComm/snapshots/countries,/home/xay/KVComm/snapshots/countries/coverage/cov_t0.95_s0.90_w16_0624_2149,/home/xay/KVComm/snapshots/countries/coverage/cov_t0.95_s0.90_w16_0624_2149/log.log,/home/xay/KVComm/snapshots/countries/coverage/cov_t0.95_s0.90_w16_0624_2149/per_sample.jsonl
table8,1,llama31_same,countries,KVComm,kvcomm,kvcomm_top0.3_0615_1514,0,0.3,,,,0.505,,,done,0615_1514,/sharedspace/models/Llama-3.1-8B-Instruct,/sharedspace/models/Llama-3.1-8B-Instruct,/home/xay/KVComm/snapshots/countries,/home/xay/KVComm/snapshots/countries/kvcomm/kvcomm_top0.3_0615_1514,/home/xay/KVComm/snapshots/countries/kvcomm/kvcomm_top0.3_0615_1514/log.log,
table8,1,llama31_same,countries,KVComm,kvcomm,kvcomm_top0.5_0615_1515,0,0.5,,,,0.62,,,done,0615_1515,/sharedspace/models/Llama-3.1-8B-Instruct,/sharedspace/models/Llama-3.1-8B-Instruct,/home/xay/KVComm/snapshots/countries,/home/xay/KVComm/snapshots/countries/kvcomm/kvcomm_top0.5_0615_1515,/home/xay/KVComm/snapshots/countries/kvcomm/kvcomm_top0.5_0615_1515/log.log,
table8,1,llama31_same,countries,KVComm,kvcomm,kvcomm_top0.7_0615_1517,0,0.7,,,,0.62,,,done,0615_1517,/sharedspace/models/Llama-3.1-8B-Instruct,/sharedspace/models/Llama-3.1-8B-Instruct,/home/xay/KVComm/snapshots/countries,/home/xay/KVComm/snapshots/countries/kvcomm/kvcomm_top0.7_0615_1517,/home/xay/KVComm/snapshots/countries/kvcomm/kvcomm_top0.7_0615_1517/log.log,
table8,1,llama31_same,countries,KVComm,kvcomm,kvcomm_top1.0_0615_1518,0,1.0,,,,0.62,,,done,0615_1518,/sharedspace/models/Llama-3.1-8B-Instruct,/sharedspace/models/Llama-3.1-8B-Instruct,/home/xay/KVComm/snapshots/countries,/home/xay/KVComm/snapshots/countries/kvcomm/kvcomm_top1.0_0615_1518,/home/xay/KVComm/snapshots/countries/kvcomm/kvcomm_top1.0_0615_1518/log.log,
table8,1,llama31_same,countries,evict,mtc_evict,evict_r0.1_0615_1528,0,0.1,,,,0.03,,,done,0615_1528,/sharedspace/models/Llama-3.1-8B-Instruct,/sharedspace/models/Llama-3.1-8B-Instruct,/home/xay/KVComm/snapshots/countries,/home/xay/KVComm/snapshots/countries/mtc_evict/evict_r0.1_0615_1528,/home/xay/KVComm/snapshots/countries/mtc_evict/evict_r0.1_0615_1528/log.log,
table8,1,llama31_same,countries,evict,mtc_evict,evict_r0.2_0615_1530,0,0.2,,,,0.335,,,done,0615_1530,/sharedspace/models/Llama-3.1-8B-Instruct,/sharedspace/models/Llama-3.1-8B-Instruct,/home/xay/KVComm/snapshots/countries,/home/xay/KVComm/snapshots/countries/mtc_evict/evict_r0.2_0615_1530,/home/xay/KVComm/snapshots/countries/mtc_evict/evict_r0.2_0615_1530/log.log,
table8,1,llama31_same,countries,evict,mtc_evict,evict_r0.3_0615_1531,0,0.3,,,,0.57,,,done,0615_1531,/sharedspace/models/Llama-3.1-8B-Instruct,/sharedspace/models/Llama-3.1-8B-Instruct,/home/xay/KVComm/snapshots/countries,/home/xay/KVComm/snapshots/countries/mtc_evict/evict_r0.3_0615_1531,/home/xay/KVComm/snapshots/countries/mtc_evict/evict_r0.3_0615_1531/log.log,
table8,1,llama31_same,countries,evict,mtc_evict,evict_r0.4_0615_1532,0,0.4,,,,0.56,,,done,0615_1532,/sharedspace/models/Llama-3.1-8B-Instruct,/sharedspace/models/Llama-3.1-8B-Instruct,/home/xay/KVComm/snapshots/countries,/home/xay/KVComm/snapshots/countries/mtc_evict/evict_r0.4_0615_1532,/home/xay/KVComm/snapshots/countries/mtc_evict/evict_r0.4_0615_1532/log.log,
table8,1,llama31_same,countries,evict,mtc_evict,evict_r0.5_0615_1533,0,0.5,,,,0.585,,,done,0615_1533,/sharedspace/models/Llama-3.1-8B-Instruct,/sharedspace/models/Llama-3.1-8B-Instruct,/home/xay/KVComm/snapshots/countries,/home/xay/KVComm/snapshots/countries/mtc_evict/evict_r0.5_0615_1533,/home/xay/KVComm/snapshots/countries/mtc_evict/evict_r0.5_0615_1533/log.log,
table8,1,llama31_same,countries,evict,mtc_evict,evict_r0.6_0615_1534,0,0.6,,,,0.58,,,done,0615_1534,/sharedspace/models/Llama-3.1-8B-Instruct,/sharedspace/models/Llama-3.1-8B-Instruct,/home/xay/KVComm/snapshots/countries,/home/xay/KVComm/snapshots/countries/mtc_evict/evict_r0.6_0615_1534,/home/xay/KVComm/snapshots/countries/mtc_evict/evict_r0.6_0615_1534/log.log,
table8,1,llama31_same,countries,evict,mtc_evict,evict_r0.7_0615_1535,0,0.7,,,,0.615,,,done,0615_1535,/sharedspace/models/Llama-3.1-8B-Instruct,/sharedspace/models/Llama-3.1-8B-Instruct,/home/xay/KVComm/snapshots/countries,/home/xay/KVComm/snapshots/countries/mtc_evict/evict_r0.7_0615_1535,/home/xay/KVComm/snapshots/countries/mtc_evict/evict_r0.7_0615_1535/log.log,
table8,1,llama31_same,countries,evict,mtc_evict,evict_r0.8_0615_1536,0,0.8,,,,0.6,,,done,0615_1536,/sharedspace/models/Llama-3.1-8B-Instruct,/sharedspace/models/Llama-3.1-8B-Instruct,/home/xay/KVComm/snapshots/countries,/home/xay/KVComm/snapshots/countries/mtc_evict/evict_r0.8_0615_1536,/home/xay/KVComm/snapshots/countries/mtc_evict/evict_r0.8_0615_1536/log.log,
table8,1,llama31_same,countries,evict,mtc_evict,evict_r0.9_0615_1537,0,0.9,,,,0.625,,,done,0615_1537,/sharedspace/models/Llama-3.1-8B-Instruct,/sharedspace/models/Llama-3.1-8B-Instruct,/home/xay/KVComm/snapshots/countries,/home/xay/KVComm/snapshots/countries/mtc_evict/evict_r0.9_0615_1537,/home/xay/KVComm/snapshots/countries/mtc_evict/evict_r0.9_0615_1537/log.log,
table8,1,llama31_same,countries,merge,mtc_merge,merge_r0.1_0615_1519,0,0.1,,,,0.0,,,done,0615_1519,/sharedspace/models/Llama-3.1-8B-Instruct,/sharedspace/models/Llama-3.1-8B-Instruct,/home/xay/KVComm/snapshots/countries,/home/xay/KVComm/snapshots/countries/mtc_merge/merge_r0.1_0615_1519,/home/xay/KVComm/snapshots/countries/mtc_merge/merge_r0.1_0615_1519/log.log,
table8,1,llama31_same,countries,merge,mtc_merge,merge_r0.2_0615_1520,0,0.2,,,,0.12,,,done,0615_1520,/sharedspace/models/Llama-3.1-8B-Instruct,/sharedspace/models/Llama-3.1-8B-Instruct,/home/xay/KVComm/snapshots/countries,/home/xay/KVComm/snapshots/countries/mtc_merge/merge_r0.2_0615_1520,/home/xay/KVComm/snapshots/countries/mtc_merge/merge_r0.2_0615_1520/log.log,
table8,1,llama31_same,countries,merge,mtc_merge,merge_r0.3_0615_1521,0,0.3,,,,0.62,,,done,0615_1521,/sharedspace/models/Llama-3.1-8B-Instruct,/sharedspace/models/Llama-3.1-8B-Instruct,/home/xay/KVComm/snapshots/countries,/home/xay/KVComm/snapshots/countries/mtc_merge/merge_r0.3_0615_1521,/home/xay/KVComm/snapshots/countries/mtc_merge/merge_r0.3_0615_1521/log.log,
table8,1,llama31_same,countries,merge,mtc_merge,merge_r0.4_0615_1522,0,0.4,,,,0.595,,,done,0615_1522,/sharedspace/models/Llama-3.1-8B-Instruct,/sharedspace/models/Llama-3.1-8B-Instruct,/home/xay/KVComm/snapshots/countries,/home/xay/KVComm/snapshots/countries/mtc_merge/merge_r0.4_0615_1522,/home/xay/KVComm/snapshots/countries/mtc_merge/merge_r0.4_0615_1522/log.log,
table8,1,llama31_same,countries,merge,mtc_merge,merge_r0.5_0615_1523,0,0.5,,,,0.57,,,done,0615_1523,/sharedspace/models/Llama-3.1-8B-Instruct,/sharedspace/models/Llama-3.1-8B-Instruct,/home/xay/KVComm/snapshots/countries,/home/xay/KVComm/snapshots/countries/mtc_merge/merge_r0.5_0615_1523,/home/xay/KVComm/snapshots/countries/mtc_merge/merge_r0.5_0615_1523/log.log,
table8,1,llama31_same,countries,merge,mtc_merge,merge_r0.6_0615_1524,0,0.6,,,,0.575,,,done,0615_1524,/sharedspace/models/Llama-3.1-8B-Instruct,/sharedspace/models/Llama-3.1-8B-Instruct,/home/xay/KVComm/snapshots/countries,/home/xay/KVComm/snapshots/countries/mtc_merge/merge_r0.6_0615_1524,/home/xay/KVComm/snapshots/countries/mtc_merge/merge_r0.6_0615_1524/log.log,
table8,1,llama31_same,countries,merge,mtc_merge,merge_r0.7_0615_1526,0,0.7,,,,0.605,,,done,0615_1526,/sharedspace/models/Llama-3.1-8B-Instruct,/sharedspace/models/Llama-3.1-8B-Instruct,/home/xay/KVComm/snapshots/countries,/home/xay/KVComm/snapshots/countries/mtc_merge/merge_r0.7_0615_1526,/home/xay/KVComm/snapshots/countries/mtc_merge/merge_r0.7_0615_1526/log.log,
table8,1,llama31_same,countries,merge,mtc_merge,merge_r0.8_0615_1527,0,0.8,,,,0.61,,,done,0615_1527,/sharedspace/models/Llama-3.1-8B-Instruct,/sharedspace/models/Llama-3.1-8B-Instruct,/home/xay/KVComm/snapshots/countries,/home/xay/KVComm/snapshots/countries/mtc_merge/merge_r0.8_0615_1527,/home/xay/KVComm/snapshots/countries/mtc_merge/merge_r0.8_0615_1527/log.log,
table8,1,llama31_same,countries,merge,mtc_merge,merge_r0.9_0615_1527,0,0.9,,,,0.625,,,done,0615_1527,/sharedspace/models/Llama-3.1-8B-Instruct,/sharedspace/models/Llama-3.1-8B-Instruct,/home/xay/KVComm/snapshots/countries,/home/xay/KVComm/snapshots/countries/mtc_merge/merge_r0.9_0615_1527,/home/xay/KVComm/snapshots/countries/mtc_merge/merge_r0.9_0615_1527/log.log,
table8,1,llama31_same,countries,ReKV,mtc_receiver,recv_w16_r0.1_0615_1527,16,0.1,,,,0.03,,,done,0615_1527,/sharedspace/models/Llama-3.1-8B-Instruct,/sharedspace/models/Llama-3.1-8B-Instruct,/home/xay/KVComm/snapshots/countries,/home/xay/KVComm/snapshots/countries/mtc_receiver/recv_w16_r0.1_0615_1527,/home/xay/KVComm/snapshots/countries/mtc_receiver/recv_w16_r0.1_0615_1527/log.log,
table8,1,llama31_same,countries,ReKV,mtc_receiver,recv_w16_r0.2_0615_1528,16,0.2,,,,0.505,,,done,0615_1528,/sharedspace/models/Llama-3.1-8B-Instruct,/sharedspace/models/Llama-3.1-8B-Instruct,/home/xay/KVComm/snapshots/countries,/home/xay/KVComm/snapshots/countries/mtc_receiver/recv_w16_r0.2_0615_1528,/home/xay/KVComm/snapshots/countries/mtc_receiver/recv_w16_r0.2_0615_1528/log.log,
table8,1,llama31_same,countries,ReKV,mtc_receiver,recv_w16_r0.3_0615_1530,16,0.3,,,,0.605,,,done,0615_1530,/sharedspace/models/Llama-3.1-8B-Instruct,/sharedspace/models/Llama-3.1-8B-Instruct,/home/xay/KVComm/snapshots/countries,/home/xay/KVComm/snapshots/countries/mtc_receiver/recv_w16_r0.3_0615_1530,/home/xay/KVComm/snapshots/countries/mtc_receiver/recv_w16_r0.3_0615_1530/log.log,
table8,1,llama31_same,countries,ReKV,mtc_receiver,recv_w16_r0.4_0615_1531,16,0.4,,,,0.6,,,done,0615_1531,/sharedspace/models/Llama-3.1-8B-Instruct,/sharedspace/models/Llama-3.1-8B-Instruct,/home/xay/KVComm/snapshots/countries,/home/xay/KVComm/snapshots/countries/mtc_receiver/recv_w16_r0.4_0615_1531,/home/xay/KVComm/snapshots/countries/mtc_receiver/recv_w16_r0.4_0615_1531/log.log,
table8,1,llama31_same,countries,ReKV,mtc_receiver,recv_w16_r0.5_0615_1532,16,0.5,,,,0.59,,,done,0615_1532,/sharedspace/models/Llama-3.1-8B-Instruct,/sharedspace/models/Llama-3.1-8B-Instruct,/home/xay/KVComm/snapshots/countries,/home/xay/KVComm/snapshots/countries/mtc_receiver/recv_w16_r0.5_0615_1532,/home/xay/KVComm/snapshots/countries/mtc_receiver/recv_w16_r0.5_0615_1532/log.log,
table8,1,llama31_same,countries,ReKV,mtc_receiver,recv_w16_r0.6_0615_1534,16,0.6,,,,0.585,,,done,0615_1534,/sharedspace/models/Llama-3.1-8B-Instruct,/sharedspace/models/Llama-3.1-8B-Instruct,/home/xay/KVComm/snapshots/countries,/home/xay/KVComm/snapshots/countries/mtc_receiver/recv_w16_r0.6_0615_1534,/home/xay/KVComm/snapshots/countries/mtc_receiver/recv_w16_r0.6_0615_1534/log.log,
table8,1,llama31_same,countries,ReKV,mtc_receiver,recv_w16_r0.7_0615_1535,16,0.7,,,,0.61,,,done,0615_1535,/sharedspace/models/Llama-3.1-8B-Instruct,/sharedspace/models/Llama-3.1-8B-Instruct,/home/xay/KVComm/snapshots/countries,/home/xay/KVComm/snapshots/countries/mtc_receiver/recv_w16_r0.7_0615_1535,/home/xay/KVComm/snapshots/countries/mtc_receiver/recv_w16_r0.7_0615_1535/log.log,
table8,1,llama31_same,countries,ReKV,mtc_receiver,recv_w16_r0.8_0615_1537,16,0.8,,,,0.6,,,done,0615_1537,/sharedspace/models/Llama-3.1-8B-Instruct,/sharedspace/models/Llama-3.1-8B-Instruct,/home/xay/KVComm/snapshots/countries,/home/xay/KVComm/snapshots/countries/mtc_receiver/recv_w16_r0.8_0615_1537,/home/xay/KVComm/snapshots/countries/mtc_receiver/recv_w16_r0.8_0615_1537/log.log,
table8,1,llama31_same,countries,ReKV,mtc_receiver,recv_w16_r0.9_0615_1538,16,0.9,,,,0.61,,,done,0615_1538,/sharedspace/models/Llama-3.1-8B-Instruct,/sharedspace/models/Llama-3.1-8B-Instruct,/home/xay/KVComm/snapshots/countries,/home/xay/KVComm/snapshots/countries/mtc_receiver/recv_w16_r0.9_0615_1538,/home/xay/KVComm/snapshots/countries/mtc_receiver/recv_w16_r0.9_0615_1538/log.log,
table8,1,llama31_same,countries,ReKV,mtc_receiver,recv_w8_r0.1_0615_1514,8,0.1,,,,0.03,,,done,0615_1514,/sharedspace/models/Llama-3.1-8B-Instruct,/sharedspace/models/Llama-3.1-8B-Instruct,/home/xay/KVComm/snapshots/countries,/home/xay/KVComm/snapshots/countries/mtc_receiver/recv_w8_r0.1_0615_1514,/home/xay/KVComm/snapshots/countries/mtc_receiver/recv_w8_r0.1_0615_1514/log.log,
table8,1,llama31_same,countries,ReKV,mtc_receiver,recv_w8_r0.2_0615_1516,8,0.2,,,,0.5,,,done,0615_1516,/sharedspace/models/Llama-3.1-8B-Instruct,/sharedspace/models/Llama-3.1-8B-Instruct,/home/xay/KVComm/snapshots/countries,/home/xay/KVComm/snapshots/countries/mtc_receiver/recv_w8_r0.2_0615_1516,/home/xay/KVComm/snapshots/countries/mtc_receiver/recv_w8_r0.2_0615_1516/log.log,
table8,1,llama31_same,countries,ReKV,mtc_receiver,recv_w8_r0.3_0615_1517,8,0.3,,,,0.6,,,done,0615_1517,/sharedspace/models/Llama-3.1-8B-Instruct,/sharedspace/models/Llama-3.1-8B-Instruct,/home/xay/KVComm/snapshots/countries,/home/xay/KVComm/snapshots/countries/mtc_receiver/recv_w8_r0.3_0615_1517,/home/xay/KVComm/snapshots/countries/mtc_receiver/recv_w8_r0.3_0615_1517/log.log,
table8,1,llama31_same,countries,ReKV,mtc_receiver,recv_w8_r0.4_0615_1518,8,0.4,,,,0.6,,,done,0615_1518,/sharedspace/models/Llama-3.1-8B-Instruct,/sharedspace/models/Llama-3.1-8B-Instruct,/home/xay/KVComm/snapshots/countries,/home/xay/KVComm/snapshots/countries/mtc_receiver/recv_w8_r0.4_0615_1518,/home/xay/KVComm/snapshots/countries/mtc_receiver/recv_w8_r0.4_0615_1518/log.log,
table8,1,llama31_same,countries,ReKV,mtc_receiver,recv_w8_r0.5_0615_1520,8,0.5,,,,0.6,,,done,0615_1520,/sharedspace/models/Llama-3.1-8B-Instruct,/sharedspace/models/Llama-3.1-8B-Instruct,/home/xay/KVComm/snapshots/countries,/home/xay/KVComm/snapshots/countries/mtc_receiver/recv_w8_r0.5_0615_1520,/home/xay/KVComm/snapshots/countries/mtc_receiver/recv_w8_r0.5_0615_1520/log.log,
table8,1,llama31_same,countries,ReKV,mtc_receiver,recv_w8_r0.6_0615_1521,8,0.6,,,,0.6,,,done,0615_1521,/sharedspace/models/Llama-3.1-8B-Instruct,/sharedspace/models/Llama-3.1-8B-Instruct,/home/xay/KVComm/snapshots/countries,/home/xay/KVComm/snapshots/countries/mtc_receiver/recv_w8_r0.6_0615_1521,/home/xay/KVComm/snapshots/countries/mtc_receiver/recv_w8_r0.6_0615_1521/log.log,
table8,1,llama31_same,countries,ReKV,mtc_receiver,recv_w8_r0.7_0615_1523,8,0.7,,,,0.605,,,done,0615_1523,/sharedspace/models/Llama-3.1-8B-Instruct,/sharedspace/models/Llama-3.1-8B-Instruct,/home/xay/KVComm/snapshots/countries,/home/xay/KVComm/snapshots/countries/mtc_receiver/recv_w8_r0.7_0615_1523,/home/xay/KVComm/snapshots/countries/mtc_receiver/recv_w8_r0.7_0615_1523/log.log,
table8,1,llama31_same,countries,ReKV,mtc_receiver,recv_w8_r0.8_0615_1524,8,0.8,,,,0.585,,,done,0615_1524,/sharedspace/models/Llama-3.1-8B-Instruct,/sharedspace/models/Llama-3.1-8B-Instruct,/home/xay/KVComm/snapshots/countries,/home/xay/KVComm/snapshots/countries/mtc_receiver/recv_w8_r0.8_0615_1524,/home/xay/KVComm/snapshots/countries/mtc_receiver/recv_w8_r0.8_0615_1524/log.log,
table8,1,llama31_same,countries,ReKV,mtc_receiver,recv_w8_r0.9_0615_1525,8,0.9,,,,0.61,,,done,0615_1525,/sharedspace/models/Llama-3.1-8B-Instruct,/sharedspace/models/Llama-3.1-8B-Instruct,/home/xay/KVComm/snapshots/countries,/home/xay/KVComm/snapshots/countries/mtc_receiver/recv_w8_r0.9_0615_1525,/home/xay/KVComm/snapshots/countries/mtc_receiver/recv_w8_r0.9_0615_1525/log.log,
table8,1,llama31_same,hotpotqa,budget-layer,budget,layer_r0.2_0619_0100,16,0.2,layer,,,0.598,0.22500895399999998,500,done,0619_0100,/sharedspace/models/Llama-3.1-8B-Instruct,/sharedspace/models/Llama-3.1-8B-Instruct,/home/xay/KVComm/snapshots/hotpotqa,/home/xay/KVComm/snapshots/hotpotqa/budget/layer_r0.2_0619_0100,/home/xay/KVComm/snapshots/hotpotqa/budget/layer_r0.2_0619_0100/log.log,/home/xay/KVComm/snapshots/hotpotqa/budget/layer_r0.2_0619_0100/per_sample.jsonl
table8,1,llama31_same,hotpotqa,budget-layer,budget,layer_r0.3_0619_0109,16,0.3,layer,,,0.7,0.321847722,500,done,0619_0109,/sharedspace/models/Llama-3.1-8B-Instruct,/sharedspace/models/Llama-3.1-8B-Instruct,/home/xay/KVComm/snapshots/hotpotqa,/home/xay/KVComm/snapshots/hotpotqa/budget/layer_r0.3_0619_0109,/home/xay/KVComm/snapshots/hotpotqa/budget/layer_r0.3_0619_0109/log.log,/home/xay/KVComm/snapshots/hotpotqa/budget/layer_r0.3_0619_0109/per_sample.jsonl
table8,1,llama31_same,hotpotqa,budget-layer,budget,layer_r0.5_0619_0116,16,0.5,layer,,,0.74,0.51562217,500,done,0619_0116,/sharedspace/models/Llama-3.1-8B-Instruct,/sharedspace/models/Llama-3.1-8B-Instruct,/home/xay/KVComm/snapshots/hotpotqa,/home/xay/KVComm/snapshots/hotpotqa/budget/layer_r0.5_0619_0116,/home/xay/KVComm/snapshots/hotpotqa/budget/layer_r0.5_0619_0116/log.log,/home/xay/KVComm/snapshots/hotpotqa/budget/layer_r0.5_0619_0116/per_sample.jsonl
table8,1,llama31_same,hotpotqa,budget-query,budget,query_0.05_0.3_0619_0120,16,0.2,query,,,0.484,0.17448203,500,done,0619_0120,/sharedspace/models/Llama-3.1-8B-Instruct,/sharedspace/models/Llama-3.1-8B-Instruct,/home/xay/KVComm/snapshots/hotpotqa,/home/xay/KVComm/snapshots/hotpotqa/budget/query_0.05_0.3_0619_0120,/home/xay/KVComm/snapshots/hotpotqa/budget/query_0.05_0.3_0619_0120/log.log,/home/xay/KVComm/snapshots/hotpotqa/budget/query_0.05_0.3_0619_0120/per_sample.jsonl
table8,1,llama31_same,hotpotqa,budget-query,budget,query_0.15_0.7_0619_0141,16,0.2,query,,,0.732,0.38505505,500,done,0619_0141,/sharedspace/models/Llama-3.1-8B-Instruct,/sharedspace/models/Llama-3.1-8B-Instruct,/home/xay/KVComm/snapshots/hotpotqa,/home/xay/KVComm/snapshots/hotpotqa/budget/query_0.15_0.7_0619_0141,/home/xay/KVComm/snapshots/hotpotqa/budget/query_0.15_0.7_0619_0141/log.log,/home/xay/KVComm/snapshots/hotpotqa/budget/query_0.15_0.7_0619_0141/per_sample.jsonl
table8,1,llama31_same,hotpotqa,budget-query,budget,query_0.1_0.5_0619_0133,16,0.2,query,,,0.67,0.27965405800000004,500,done,0619_0133,/sharedspace/models/Llama-3.1-8B-Instruct,/sharedspace/models/Llama-3.1-8B-Instruct,/home/xay/KVComm/snapshots/hotpotqa,/home/xay/KVComm/snapshots/hotpotqa/budget/query_0.1_0.5_0619_0133,/home/xay/KVComm/snapshots/hotpotqa/budget/query_0.1_0.5_0619_0133/log.log,/home/xay/KVComm/snapshots/hotpotqa/budget/query_0.1_0.5_0619_0133/per_sample.jsonl
table8,1,llama31_same,hotpotqa,budget-query+layer,budget,querylayer_0.05_0.3_0619_0127,16,0.2,query+layer,,,0.476,0.174552192,500,done,0619_0127,/sharedspace/models/Llama-3.1-8B-Instruct,/sharedspace/models/Llama-3.1-8B-Instruct,/home/xay/KVComm/snapshots/hotpotqa,/home/xay/KVComm/snapshots/hotpotqa/budget/querylayer_0.05_0.3_0619_0127,/home/xay/KVComm/snapshots/hotpotqa/budget/querylayer_0.05_0.3_0619_0127/log.log,/home/xay/KVComm/snapshots/hotpotqa/budget/querylayer_0.05_0.3_0619_0127/per_sample.jsonl
table8,1,llama31_same,hotpotqa,budget-query+layer,budget,querylayer_0.15_0.7_0619_0146,16,0.2,query+layer,,,0.724,0.38498641,500,done,0619_0146,/sharedspace/models/Llama-3.1-8B-Instruct,/sharedspace/models/Llama-3.1-8B-Instruct,/home/xay/KVComm/snapshots/hotpotqa,/home/xay/KVComm/snapshots/hotpotqa/budget/querylayer_0.15_0.7_0619_0146,/home/xay/KVComm/snapshots/hotpotqa/budget/querylayer_0.15_0.7_0619_0146/log.log,/home/xay/KVComm/snapshots/hotpotqa/budget/querylayer_0.15_0.7_0619_0146/per_sample.jsonl
table8,1,llama31_same,hotpotqa,budget-query+layer,budget,querylayer_0.1_0.5_0619_0137,16,0.2,query+layer,,,0.668,0.279759344,500,done,0619_0137,/sharedspace/models/Llama-3.1-8B-Instruct,/sharedspace/models/Llama-3.1-8B-Instruct,/home/xay/KVComm/snapshots/hotpotqa,/home/xay/KVComm/snapshots/hotpotqa/budget/querylayer_0.1_0.5_0619_0137,/home/xay/KVComm/snapshots/hotpotqa/budget/querylayer_0.1_0.5_0619_0137/log.log,/home/xay/KVComm/snapshots/hotpotqa/budget/querylayer_0.1_0.5_0619_0137/per_sample.jsonl
table8,1,llama31_same,hotpotqa,budget-uniform,budget,uniform_r0.2_0619_0054,16,0.2,uniform,,,0.614,0.224998508,500,done,0619_0054,/sharedspace/models/Llama-3.1-8B-Instruct,/sharedspace/models/Llama-3.1-8B-Instruct,/home/xay/KVComm/snapshots/hotpotqa,/home/xay/KVComm/snapshots/hotpotqa/budget/uniform_r0.2_0619_0054,/home/xay/KVComm/snapshots/hotpotqa/budget/uniform_r0.2_0619_0054/log.log,/home/xay/KVComm/snapshots/hotpotqa/budget/uniform_r0.2_0619_0054/per_sample.jsonl
table8,1,llama31_same,hotpotqa,budget-uniform,budget,uniform_r0.3_0619_0105,16,0.3,uniform,,,0.7,0.32198355,500,done,0619_0105,/sharedspace/models/Llama-3.1-8B-Instruct,/sharedspace/models/Llama-3.1-8B-Instruct,/home/xay/KVComm/snapshots/hotpotqa,/home/xay/KVComm/snapshots/hotpotqa/budget/uniform_r0.3_0619_0105,/home/xay/KVComm/snapshots/hotpotqa/budget/uniform_r0.3_0619_0105/log.log,/home/xay/KVComm/snapshots/hotpotqa/budget/uniform_r0.3_0619_0105/per_sample.jsonl
table8,1,llama31_same,hotpotqa,budget-uniform,budget,uniform_r0.5_0619_0113,16,0.5,uniform,,,0.746,0.51579219,500,done,0619_0113,/sharedspace/models/Llama-3.1-8B-Instruct,/sharedspace/models/Llama-3.1-8B-Instruct,/home/xay/KVComm/snapshots/hotpotqa,/home/xay/KVComm/snapshots/hotpotqa/budget/uniform_r0.5_0619_0113,/home/xay/KVComm/snapshots/hotpotqa/budget/uniform_r0.5_0619_0113/log.log,/home/xay/KVComm/snapshots/hotpotqa/budget/uniform_r0.5_0619_0113/per_sample.jsonl
table8,1,llama31_same,hotpotqa,B-ReKV,coverage,cov_t0.90_s0.7_w16_0623_1706,16,,coverage,0.9,0.7,0.58,0.205883968,500,done,0623_1706,/sharedspace/models/Llama-3.1-8B-Instruct,/sharedspace/models/Llama-3.1-8B-Instruct,/home/xay/KVComm/snapshots/hotpotqa,/home/xay/KVComm/snapshots/hotpotqa/coverage/cov_t0.90_s0.7_w16_0623_1706,/home/xay/KVComm/snapshots/hotpotqa/coverage/cov_t0.90_s0.7_w16_0623_1706/log.log,/home/xay/KVComm/snapshots/hotpotqa/coverage/cov_t0.90_s0.7_w16_0623_1706/per_sample.jsonl
table8,1,llama31_same,hotpotqa,B-ReKV,coverage,cov_t0.90_s0.9_w16_0623_1711,16,,coverage,0.9,0.9,0.66,0.251307172,500,done,0623_1711,/sharedspace/models/Llama-3.1-8B-Instruct,/sharedspace/models/Llama-3.1-8B-Instruct,/home/xay/KVComm/snapshots/hotpotqa,/home/xay/KVComm/snapshots/hotpotqa/coverage/cov_t0.90_s0.9_w16_0623_1711,/home/xay/KVComm/snapshots/hotpotqa/coverage/cov_t0.90_s0.9_w16_0623_1711/log.log,/home/xay/KVComm/snapshots/hotpotqa/coverage/cov_t0.90_s0.9_w16_0623_1711/per_sample.jsonl
table8,1,llama31_same,hotpotqa,B-ReKV,coverage,cov_t0.95_s0.75_w16_0701_1100,16,,coverage,0.95,0.75,0.718,0.339202826,500,done,0701_1100,/sharedspace/models/Llama-3.1-8B-Instruct,/sharedspace/models/Llama-3.1-8B-Instruct,/home/xay/KVComm/snapshots/hotpotqa,/home/xay/KVComm/snapshots/hotpotqa/coverage/cov_t0.95_s0.75_w16_0701_1100,/home/xay/KVComm/snapshots/hotpotqa/coverage/cov_t0.95_s0.75_w16_0701_1100/log.log,/home/xay/KVComm/snapshots/hotpotqa/coverage/cov_t0.95_s0.75_w16_0701_1100/per_sample.jsonl
table8,1,llama31_same,hotpotqa,B-ReKV,coverage,cov_t0.95_s0.75_w8_0624_1419,8,,coverage,0.95,0.75,0.708,0.306215208,500,done,0624_1419,/sharedspace/models/Llama-3.1-8B-Instruct,/sharedspace/models/Llama-3.1-8B-Instruct,/home/xay/KVComm/snapshots/hotpotqa,/home/xay/KVComm/snapshots/hotpotqa/coverage/cov_t0.95_s0.75_w8_0624_1419,/home/xay/KVComm/snapshots/hotpotqa/coverage/cov_t0.95_s0.75_w8_0624_1419/log.log,/home/xay/KVComm/snapshots/hotpotqa/coverage/cov_t0.95_s0.75_w8_0624_1419/per_sample.jsonl
table8,1,llama31_same,hotpotqa,B-ReKV,coverage,cov_t0.95_s0.85_w16_0701_1105,16,,coverage,0.95,0.85,0.73,0.379896916,500,done,0701_1105,/sharedspace/models/Llama-3.1-8B-Instruct,/sharedspace/models/Llama-3.1-8B-Instruct,/home/xay/KVComm/snapshots/hotpotqa,/home/xay/KVComm/snapshots/hotpotqa/coverage/cov_t0.95_s0.85_w16_0701_1105,/home/xay/KVComm/snapshots/hotpotqa/coverage/cov_t0.95_s0.85_w16_0701_1105/log.log,/home/xay/KVComm/snapshots/hotpotqa/coverage/cov_t0.95_s0.85_w16_0701_1105/per_sample.jsonl
table8,1,llama31_same,hotpotqa,B-ReKV,coverage,cov_t0.95_s0.85_w8_0625_0427,8,,coverage,0.95,0.85,0.716,0.342530822,500,done,0625_0427,/sharedspace/models/Llama-3.1-8B-Instruct,/sharedspace/models/Llama-3.1-8B-Instruct,/home/xay/KVComm/snapshots/hotpotqa,/home/xay/KVComm/snapshots/hotpotqa/coverage/cov_t0.95_s0.85_w8_0625_0427,/home/xay/KVComm/snapshots/hotpotqa/coverage/cov_t0.95_s0.85_w8_0625_0427/log.log,/home/xay/KVComm/snapshots/hotpotqa/coverage/cov_t0.95_s0.85_w8_0625_0427/per_sample.jsonl
table8,1,llama31_same,hotpotqa,B-ReKV,coverage,cov_t0.95_s0.8_w16_0623_2154,16,,coverage,0.95,0.8,0.72,0.359564094,500,done,0623_2154,/sharedspace/models/Llama-3.1-8B-Instruct,/sharedspace/models/Llama-3.1-8B-Instruct,/home/xay/KVComm/snapshots/hotpotqa,/home/xay/KVComm/snapshots/hotpotqa/coverage/cov_t0.95_s0.8_w16_0623_2154,/home/xay/KVComm/snapshots/hotpotqa/coverage/cov_t0.95_s0.8_w16_0623_2154/log.log,/home/xay/KVComm/snapshots/hotpotqa/coverage/cov_t0.95_s0.8_w16_0623_2154/per_sample.jsonl
table8,1,llama31_same,hotpotqa,B-ReKV,coverage,cov_t0.95_s0.8_w8_0624_1426,8,,coverage,0.95,0.8,0.708,0.32438691199999997,500,done,0624_1426,/sharedspace/models/Llama-3.1-8B-Instruct,/sharedspace/models/Llama-3.1-8B-Instruct,/home/xay/KVComm/snapshots/hotpotqa,/home/xay/KVComm/snapshots/hotpotqa/coverage/cov_t0.95_s0.8_w8_0624_1426,/home/xay/KVComm/snapshots/hotpotqa/coverage/cov_t0.95_s0.8_w8_0624_1426/log.log,/home/xay/KVComm/snapshots/hotpotqa/coverage/cov_t0.95_s0.8_w8_0624_1426/per_sample.jsonl
table8,1,llama31_same,hotpotqa,B-ReKV,coverage,cov_t0.95_s0.95_w16_0701_1109,16,,coverage,0.95,0.95,0.726,0.42067194,500,done,0701_1109,/sharedspace/models/Llama-3.1-8B-Instruct,/sharedspace/models/Llama-3.1-8B-Instruct,/home/xay/KVComm/snapshots/hotpotqa,/home/xay/KVComm/snapshots/hotpotqa/coverage/cov_t0.95_s0.95_w16_0701_1109,/home/xay/KVComm/snapshots/hotpotqa/coverage/cov_t0.95_s0.95_w16_0701_1109/log.log,/home/xay/KVComm/snapshots/hotpotqa/coverage/cov_t0.95_s0.95_w16_0701_1109/per_sample.jsonl
table8,1,llama31_same,hotpotqa,B-ReKV,coverage,cov_t0.95_s0.95_w8_0701_1047,8,,coverage,0.95,0.95,0.718,0.378902924,500,done,0701_1047,/sharedspace/models/Llama-3.1-8B-Instruct,/sharedspace/models/Llama-3.1-8B-Instruct,/home/xay/KVComm/snapshots/hotpotqa,/home/xay/KVComm/snapshots/hotpotqa/coverage/cov_t0.95_s0.95_w8_0701_1047,/home/xay/KVComm/snapshots/hotpotqa/coverage/cov_t0.95_s0.95_w8_0701_1047/log.log,/home/xay/KVComm/snapshots/hotpotqa/coverage/cov_t0.95_s0.95_w8_0701_1047/per_sample.jsonl
table8,1,llama31_same,hotpotqa,B-ReKV,coverage,cov_t0.95_s0.9_w16_0623_1715,16,,coverage,0.95,0.9,0.732,0.40040308399999996,500,done,0623_1715,/sharedspace/models/Llama-3.1-8B-Instruct,/sharedspace/models/Llama-3.1-8B-Instruct,/home/xay/KVComm/snapshots/hotpotqa,/home/xay/KVComm/snapshots/hotpotqa/coverage/cov_t0.95_s0.9_w16_0623_1715,/home/xay/KVComm/snapshots/hotpotqa/coverage/cov_t0.95_s0.9_w16_0623_1715/log.log,/home/xay/KVComm/snapshots/hotpotqa/coverage/cov_t0.95_s0.9_w16_0623_1715/per_sample.jsonl
table8,1,llama31_same,hotpotqa,B-ReKV,coverage,cov_t0.95_s0.9_w16_0623_2157,16,,coverage,0.95,0.9,0.732,0.40040308399999996,500,done,0623_2157,/sharedspace/models/Llama-3.1-8B-Instruct,/sharedspace/models/Llama-3.1-8B-Instruct,/home/xay/KVComm/snapshots/hotpotqa,/home/xay/KVComm/snapshots/hotpotqa/coverage/cov_t0.95_s0.9_w16_0623_2157,/home/xay/KVComm/snapshots/hotpotqa/coverage/cov_t0.95_s0.9_w16_0623_2157/log.log,/home/xay/KVComm/snapshots/hotpotqa/coverage/cov_t0.95_s0.9_w16_0623_2157/per_sample.jsonl
table8,1,llama31_same,hotpotqa,B-ReKV,coverage,cov_t0.95_s0.9_w8_0624_1431,8,,coverage,0.95,0.9,0.712,0.36084867200000004,500,done,0624_1431,/sharedspace/models/Llama-3.1-8B-Instruct,/sharedspace/models/Llama-3.1-8B-Instruct,/home/xay/KVComm/snapshots/hotpotqa,/home/xay/KVComm/snapshots/hotpotqa/coverage/cov_t0.95_s0.9_w8_0624_1431,/home/xay/KVComm/snapshots/hotpotqa/coverage/cov_t0.95_s0.9_w8_0624_1431/log.log,/home/xay/KVComm/snapshots/hotpotqa/coverage/cov_t0.95_s0.9_w8_0624_1431/per_sample.jsonl
table8,1,llama31_same,hotpotqa,B-ReKV,coverage,cov_t0.95_s1.0_w16_0623_2201,16,,coverage,0.95,1.0,0.738,0.441187608,500,done,0623_2201,/sharedspace/models/Llama-3.1-8B-Instruct,/sharedspace/models/Llama-3.1-8B-Instruct,/home/xay/KVComm/snapshots/hotpotqa,/home/xay/KVComm/snapshots/hotpotqa/coverage/cov_t0.95_s1.0_w16_0623_2201,/home/xay/KVComm/snapshots/hotpotqa/coverage/cov_t0.95_s1.0_w16_0623_2201/log.log,/home/xay/KVComm/snapshots/hotpotqa/coverage/cov_t0.95_s1.0_w16_0623_2201/per_sample.jsonl
table8,1,llama31_same,hotpotqa,B-ReKV,coverage,cov_t0.95_s1.0_w8_0624_1437,8,,coverage,0.95,1.0,0.728,0.397269094,500,done,0624_1437,/sharedspace/models/Llama-3.1-8B-Instruct,/sharedspace/models/Llama-3.1-8B-Instruct,/home/xay/KVComm/snapshots/hotpotqa,/home/xay/KVComm/snapshots/hotpotqa/coverage/cov_t0.95_s1.0_w8_0624_1437,/home/xay/KVComm/snapshots/hotpotqa/coverage/cov_t0.95_s1.0_w8_0624_1437/log.log,/home/xay/KVComm/snapshots/hotpotqa/coverage/cov_t0.95_s1.0_w8_0624_1437/per_sample.jsonl
table8,1,llama31_same,hotpotqa,B-ReKV,coverage,cov_t0.98_s0.75_w16_0701_1114,16,,coverage,0.98,0.75,0.736,0.498607696,500,done,0701_1114,/sharedspace/models/Llama-3.1-8B-Instruct,/sharedspace/models/Llama-3.1-8B-Instruct,/home/xay/KVComm/snapshots/hotpotqa,/home/xay/KVComm/snapshots/hotpotqa/coverage/cov_t0.98_s0.75_w16_0701_1114,/home/xay/KVComm/snapshots/hotpotqa/coverage/cov_t0.98_s0.75_w16_0701_1114/log.log,/home/xay/KVComm/snapshots/hotpotqa/coverage/cov_t0.98_s0.75_w16_0701_1114/per_sample.jsonl
table8,1,llama31_same,hotpotqa,B-ReKV,coverage,cov_t0.98_s0.75_w8_0624_1442,8,,coverage,0.98,0.75,0.726,0.47680122399999997,500,done,0624_1442,/sharedspace/models/Llama-3.1-8B-Instruct,/sharedspace/models/Llama-3.1-8B-Instruct,/home/xay/KVComm/snapshots/hotpotqa,/home/xay/KVComm/snapshots/hotpotqa/coverage/cov_t0.98_s0.75_w8_0624_1442,/home/xay/KVComm/snapshots/hotpotqa/coverage/cov_t0.98_s0.75_w8_0624_1442/log.log,/home/xay/KVComm/snapshots/hotpotqa/coverage/cov_t0.98_s0.75_w8_0624_1442/per_sample.jsonl
table8,1,llama31_same,hotpotqa,B-ReKV,coverage,cov_t0.98_s0.85_w16_0701_1118,16,,coverage,0.98,0.85,0.734,0.560890946,500,done,0701_1118,/sharedspace/models/Llama-3.1-8B-Instruct,/sharedspace/models/Llama-3.1-8B-Instruct,/home/xay/KVComm/snapshots/hotpotqa,/home/xay/KVComm/snapshots/hotpotqa/coverage/cov_t0.98_s0.85_w16_0701_1118,/home/xay/KVComm/snapshots/hotpotqa/coverage/cov_t0.98_s0.85_w16_0701_1118/log.log,/home/xay/KVComm/snapshots/hotpotqa/coverage/cov_t0.98_s0.85_w16_0701_1118/per_sample.jsonl
table8,1,llama31_same,hotpotqa,B-ReKV,coverage,cov_t0.98_s0.85_w8_0701_1051,8,,coverage,0.98,0.85,0.724,0.536191902,500,done,0701_1051,/sharedspace/models/Llama-3.1-8B-Instruct,/sharedspace/models/Llama-3.1-8B-Instruct,/home/xay/KVComm/snapshots/hotpotqa,/home/xay/KVComm/snapshots/hotpotqa/coverage/cov_t0.98_s0.85_w8_0701_1051,/home/xay/KVComm/snapshots/hotpotqa/coverage/cov_t0.98_s0.85_w8_0701_1051/log.log,/home/xay/KVComm/snapshots/hotpotqa/coverage/cov_t0.98_s0.85_w8_0701_1051/per_sample.jsonl
table8,1,llama31_same,hotpotqa,B-ReKV,coverage,cov_t0.98_s0.8_w16_0623_2204,16,,coverage,0.98,0.8,0.734,0.529761808,500,done,0623_2204,/sharedspace/models/Llama-3.1-8B-Instruct,/sharedspace/models/Llama-3.1-8B-Instruct,/home/xay/KVComm/snapshots/hotpotqa,/home/xay/KVComm/snapshots/hotpotqa/coverage/cov_t0.98_s0.8_w16_0623_2204,/home/xay/KVComm/snapshots/hotpotqa/coverage/cov_t0.98_s0.8_w16_0623_2204/log.log,/home/xay/KVComm/snapshots/hotpotqa/coverage/cov_t0.98_s0.8_w16_0623_2204/per_sample.jsonl
table8,1,llama31_same,hotpotqa,B-ReKV,coverage,cov_t0.98_s0.8_w8_0624_1447,8,,coverage,0.98,0.8,0.718,0.50653185,500,done,0624_1447,/sharedspace/models/Llama-3.1-8B-Instruct,/sharedspace/models/Llama-3.1-8B-Instruct,/home/xay/KVComm/snapshots/hotpotqa,/home/xay/KVComm/snapshots/hotpotqa/coverage/cov_t0.98_s0.8_w8_0624_1447,/home/xay/KVComm/snapshots/hotpotqa/coverage/cov_t0.98_s0.8_w8_0624_1447/log.log,/home/xay/KVComm/snapshots/hotpotqa/coverage/cov_t0.98_s0.8_w8_0624_1447/per_sample.jsonl
table8,1,llama31_same,hotpotqa,B-ReKV,coverage,cov_t0.98_s0.95_w16_0701_1122,16,,coverage,0.98,0.95,0.742,0.619559156,500,done,0701_1122,/sharedspace/models/Llama-3.1-8B-Instruct,/sharedspace/models/Llama-3.1-8B-Instruct,/home/xay/KVComm/snapshots/hotpotqa,/home/xay/KVComm/snapshots/hotpotqa/coverage/cov_t0.98_s0.95_w16_0701_1122,/home/xay/KVComm/snapshots/hotpotqa/coverage/cov_t0.98_s0.95_w16_0701_1122/log.log,/home/xay/KVComm/snapshots/hotpotqa/coverage/cov_t0.98_s0.95_w16_0701_1122/per_sample.jsonl
table8,1,llama31_same,hotpotqa,B-ReKV,coverage,cov_t0.98_s0.95_w8_0701_1056,8,,coverage,0.98,0.95,0.728,0.5931451759999999,500,done,0701_1056,/sharedspace/models/Llama-3.1-8B-Instruct,/sharedspace/models/Llama-3.1-8B-Instruct,/home/xay/KVComm/snapshots/hotpotqa,/home/xay/KVComm/snapshots/hotpotqa/coverage/cov_t0.98_s0.95_w8_0701_1056,/home/xay/KVComm/snapshots/hotpotqa/coverage/cov_t0.98_s0.95_w8_0701_1056/log.log,/home/xay/KVComm/snapshots/hotpotqa/coverage/cov_t0.98_s0.95_w8_0701_1056/per_sample.jsonl
table8,1,llama31_same,hotpotqa,B-ReKV,coverage,cov_t0.98_s0.9_w16_0623_2207,16,,coverage,0.98,0.9,0.744,0.5917379580000001,500,done,0623_2207,/sharedspace/models/Llama-3.1-8B-Instruct,/sharedspace/models/Llama-3.1-8B-Instruct,/home/xay/KVComm/snapshots/hotpotqa,/home/xay/KVComm/snapshots/hotpotqa/coverage/cov_t0.98_s0.9_w16_0623_2207,/home/xay/KVComm/snapshots/hotpotqa/coverage/cov_t0.98_s0.9_w16_0623_2207/log.log,/home/xay/KVComm/snapshots/hotpotqa/coverage/cov_t0.98_s0.9_w16_0623_2207/per_sample.jsonl
table8,1,llama31_same,hotpotqa,B-ReKV,coverage,cov_t0.98_s0.9_w8_0624_1452,8,,coverage,0.98,0.9,0.72,0.565825782,500,done,0624_1452,/sharedspace/models/Llama-3.1-8B-Instruct,/sharedspace/models/Llama-3.1-8B-Instruct,/home/xay/KVComm/snapshots/hotpotqa,/home/xay/KVComm/snapshots/hotpotqa/coverage/cov_t0.98_s0.9_w8_0624_1452,/home/xay/KVComm/snapshots/hotpotqa/coverage/cov_t0.98_s0.9_w8_0624_1452/log.log,/home/xay/KVComm/snapshots/hotpotqa/coverage/cov_t0.98_s0.9_w8_0624_1452/per_sample.jsonl
table8,1,llama31_same,hotpotqa,B-ReKV,coverage,cov_t0.98_s1.0_w16_0623_2210,16,,coverage,0.98,1.0,0.746,0.64307493,500,done,0623_2210,/sharedspace/models/Llama-3.1-8B-Instruct,/sharedspace/models/Llama-3.1-8B-Instruct,/home/xay/KVComm/snapshots/hotpotqa,/home/xay/KVComm/snapshots/hotpotqa/coverage/cov_t0.98_s1.0_w16_0623_2210,/home/xay/KVComm/snapshots/hotpotqa/coverage/cov_t0.98_s1.0_w16_0623_2210/log.log,/home/xay/KVComm/snapshots/hotpotqa/coverage/cov_t0.98_s1.0_w16_0623_2210/per_sample.jsonl
table8,1,llama31_same,hotpotqa,B-ReKV,coverage,cov_t0.98_s1.0_w8_0624_1458,8,,coverage,0.98,1.0,0.726,0.61699668,500,done,0624_1458,/sharedspace/models/Llama-3.1-8B-Instruct,/sharedspace/models/Llama-3.1-8B-Instruct,/home/xay/KVComm/snapshots/hotpotqa,/home/xay/KVComm/snapshots/hotpotqa/coverage/cov_t0.98_s1.0_w8_0624_1458,/home/xay/KVComm/snapshots/hotpotqa/coverage/cov_t0.98_s1.0_w8_0624_1458/log.log,/home/xay/KVComm/snapshots/hotpotqa/coverage/cov_t0.98_s1.0_w8_0624_1458/per_sample.jsonl
table8,1,llama31_same,hotpotqa,pass1-features,features,feat_w16_0622_1537,16,0.2,uniform,,,,,,unknown,0622_1537,/sharedspace/models/Llama-3.1-8B-Instruct,/sharedspace/models/Llama-3.1-8B-Instruct,/home/xay/KVComm/snapshots/hotpotqa,/home/xay/KVComm/snapshots/hotpotqa/features/feat_w16_0622_1537,/home/xay/KVComm/snapshots/hotpotqa/features/feat_w16_0622_1537/log.log,
table8,1,llama31_same,hotpotqa,KVComm,kvcomm,llama3.18binstruct-to-llama3.18binstruct_from0to26_0612_1400,,,,,,,,,unknown,0612_1400,/sharedspace/models/Llama-3.1-8B-Instruct,/sharedspace/models/Llama-3.1-8B-Instruct,/home/xay/KVComm/snapshots/hotpotqa,/home/xay/KVComm/snapshots/hotpotqa/kvcomm/llama3.18binstruct-to-llama3.18binstruct_from0to26_0612_1400,/home/xay/KVComm/snapshots/hotpotqa/kvcomm/llama3.18binstruct-to-llama3.18binstruct_from0to26_0612_1400/log.log,
table8,1,llama31_same,hotpotqa,KVComm,kvcomm,llama3.18binstruct-to-llama3.18binstruct_from0to26_0612_1544,,,,,,,,,unknown,0612_1544,/sharedspace/models/Llama-3.1-8B-Instruct,/sharedspace/models/Llama-3.1-8B-Instruct,/home/xay/KVComm/snapshots/hotpotqa,/home/xay/KVComm/snapshots/hotpotqa/kvcomm/llama3.18binstruct-to-llama3.18binstruct_from0to26_0612_1544,/home/xay/KVComm/snapshots/hotpotqa/kvcomm/llama3.18binstruct-to-llama3.18binstruct_from0to26_0612_1544/log.log,
table8,1,llama31_same,hotpotqa,KVComm,kvcomm,llama3.18binstruct-to-llama3.18binstruct_from0to26_0612_1623,,,,,,,,,unknown,0612_1623,/sharedspace/models/Llama-3.1-8B-Instruct,/sharedspace/models/Llama-3.1-8B-Instruct,/home/xay/KVComm/snapshots/hotpotqa,/home/xay/KVComm/snapshots/hotpotqa/kvcomm/llama3.18binstruct-to-llama3.18binstruct_from0to26_0612_1623,/home/xay/KVComm/snapshots/hotpotqa/kvcomm/llama3.18binstruct-to-llama3.18binstruct_from0to26_0612_1623/log.log,
table8,1,llama31_same,hotpotqa,KVComm,kvcomm,llama3.18binstruct-to-llama3.18binstruct_from0to26_0612_1624,,,,,,,,,unknown,0612_1624,/sharedspace/models/Llama-3.1-8B-Instruct,/sharedspace/models/Llama-3.1-8B-Instruct,/home/xay/KVComm/snapshots/hotpotqa,/home/xay/KVComm/snapshots/hotpotqa/kvcomm/llama3.18binstruct-to-llama3.18binstruct_from0to26_0612_1624,/home/xay/KVComm/snapshots/hotpotqa/kvcomm/llama3.18binstruct-to-llama3.18binstruct_from0to26_0612_1624/log.log,
table8,1,llama31_same,hotpotqa,KVComm,kvcomm,llama3.18binstruct-to-llama3.18binstruct_from0to26_0615_0147,,0.3,,,,0.426,,,done,0615_0147,/sharedspace/models/Llama-3.1-8B-Instruct,/sharedspace/models/Llama-3.1-8B-Instruct,/home/xay/KVComm/snapshots/hotpotqa,/home/xay/KVComm/snapshots/hotpotqa/kvcomm/llama3.18binstruct-to-llama3.18binstruct_from0to26_0615_0147,/home/xay/KVComm/snapshots/hotpotqa/kvcomm/llama3.18binstruct-to-llama3.18binstruct_from0to26_0615_0147/log.log,
table8,1,llama31_same,hotpotqa,KVComm,kvcomm,llama3.18binstruct-to-llama3.18binstruct_from0to26_0615_0151,,0.2,,,,0.276,,,done,0615_0151,/sharedspace/models/Llama-3.1-8B-Instruct,/sharedspace/models/Llama-3.1-8B-Instruct,/home/xay/KVComm/snapshots/hotpotqa,/home/xay/KVComm/snapshots/hotpotqa/kvcomm/llama3.18binstruct-to-llama3.18binstruct_from0to26_0615_0151,/home/xay/KVComm/snapshots/hotpotqa/kvcomm/llama3.18binstruct-to-llama3.18binstruct_from0to26_0615_0151/log.log,
table8,1,llama31_same,hotpotqa,KVComm,kvcomm,llama3.18binstruct-to-llama3.18binstruct_from0to26_0615_0156,,0.1,,,,0.052,,,done,0615_0156,/sharedspace/models/Llama-3.1-8B-Instruct,/sharedspace/models/Llama-3.1-8B-Instruct,/home/xay/KVComm/snapshots/hotpotqa,/home/xay/KVComm/snapshots/hotpotqa/kvcomm/llama3.18binstruct-to-llama3.18binstruct_from0to26_0615_0156,/home/xay/KVComm/snapshots/hotpotqa/kvcomm/llama3.18binstruct-to-llama3.18binstruct_from0to26_0615_0156/log.log,
table8,1,llama31_same,hotpotqa,KVComm,kvcomm,llama3.18binstruct-to-llama3.18binstruct_from0to26_0615_0206,,0.7,,,,0.712,,,done,0615_0206,/sharedspace/models/Llama-3.1-8B-Instruct,/sharedspace/models/Llama-3.1-8B-Instruct,/home/xay/KVComm/snapshots/hotpotqa,/home/xay/KVComm/snapshots/hotpotqa/kvcomm/llama3.18binstruct-to-llama3.18binstruct_from0to26_0615_0206,/home/xay/KVComm/snapshots/hotpotqa/kvcomm/llama3.18binstruct-to-llama3.18binstruct_from0to26_0615_0206/log.log,
table8,1,llama31_same,hotpotqa,KVComm,kvcomm,llama3.18binstruct-to-llama3.18binstruct_top0.3_0612_1613,,,,,,0.334,,,done,0612_1613,/sharedspace/models/Llama-3.1-8B-Instruct,/sharedspace/models/Llama-3.1-8B-Instruct,/home/xay/KVComm/snapshots/hotpotqa,/home/xay/KVComm/snapshots/hotpotqa/kvcomm/llama3.18binstruct-to-llama3.18binstruct_top0.3_0612_1613,/home/xay/KVComm/snapshots/hotpotqa/kvcomm/llama3.18binstruct-to-llama3.18binstruct_top0.3_0612_1613/log.log,
table8,1,llama31_same,hotpotqa,KVComm,kvcomm,llama3.18binstruct-to-llama3.18binstruct_top0.3_0615_0049,,,,,,0.334,,,done,0615_0049,/sharedspace/models/Llama-3.1-8B-Instruct,/sharedspace/models/Llama-3.1-8B-Instruct,/home/xay/KVComm/snapshots/hotpotqa,/home/xay/KVComm/snapshots/hotpotqa/kvcomm/llama3.18binstruct-to-llama3.18binstruct_top0.3_0615_0049,/home/xay/KVComm/snapshots/hotpotqa/kvcomm/llama3.18binstruct-to-llama3.18binstruct_top0.3_0615_0049/log.log,
table8,1,llama31_same,hotpotqa,KVComm,kvcomm,llama3.18binstruct-to-llama3.18binstruct_top0.5_0615_0048,,,,,,0.604,,,done,0615_0048,/sharedspace/models/Llama-3.1-8B-Instruct,/sharedspace/models/Llama-3.1-8B-Instruct,/home/xay/KVComm/snapshots/hotpotqa,/home/xay/KVComm/snapshots/hotpotqa/kvcomm/llama3.18binstruct-to-llama3.18binstruct_top0.5_0615_0048,/home/xay/KVComm/snapshots/hotpotqa/kvcomm/llama3.18binstruct-to-llama3.18binstruct_top0.5_0615_0048/log.log,
table8,1,llama31_same,hotpotqa,KVComm,kvcomm,llama3.18binstruct-to-llama3.18binstruct_top0.7_0615_0048,,,,,,0.692,,,done,0615_0048,/sharedspace/models/Llama-3.1-8B-Instruct,/sharedspace/models/Llama-3.1-8B-Instruct,/home/xay/KVComm/snapshots/hotpotqa,/home/xay/KVComm/snapshots/hotpotqa/kvcomm/llama3.18binstruct-to-llama3.18binstruct_top0.7_0615_0048,/home/xay/KVComm/snapshots/hotpotqa/kvcomm/llama3.18binstruct-to-llama3.18binstruct_top0.7_0615_0048/log.log,
table8,1,llama31_same,hotpotqa,KVComm,kvcomm,llama3.18binstruct-to-llama3.18binstruct_top1.0_0612_1613,,,,,,0.76,,,done,0612_1613,/sharedspace/models/Llama-3.1-8B-Instruct,/sharedspace/models/Llama-3.1-8B-Instruct,/home/xay/KVComm/snapshots/hotpotqa,/home/xay/KVComm/snapshots/hotpotqa/kvcomm/llama3.18binstruct-to-llama3.18binstruct_top1.0_0612_1613,/home/xay/KVComm/snapshots/hotpotqa/kvcomm/llama3.18binstruct-to-llama3.18binstruct_top1.0_0612_1613/log.log,
table8,1,llama31_same,hotpotqa,evict,mtc_evict,mtc_evict_r0.1_0615_1256,,0.1,,,,0.138,,,done,0615_1256,/sharedspace/models/Llama-3.1-8B-Instruct,/sharedspace/models/Llama-3.1-8B-Instruct,/home/xay/KVComm/snapshots/hotpotqa,/home/xay/KVComm/snapshots/hotpotqa/mtc_evict/mtc_evict_r0.1_0615_1256,/home/xay/KVComm/snapshots/hotpotqa/mtc_evict/mtc_evict_r0.1_0615_1256/log.log,
table8,1,llama31_same,hotpotqa,evict,mtc_evict,mtc_evict_r0.2_0615_1256,,0.2,,,,0.448,,,done,0615_1256,/sharedspace/models/Llama-3.1-8B-Instruct,/sharedspace/models/Llama-3.1-8B-Instruct,/home/xay/KVComm/snapshots/hotpotqa,/home/xay/KVComm/snapshots/hotpotqa/mtc_evict/mtc_evict_r0.2_0615_1256,/home/xay/KVComm/snapshots/hotpotqa/mtc_evict/mtc_evict_r0.2_0615_1256/log.log,
table8,1,llama31_same,hotpotqa,evict,mtc_evict,mtc_evict_r0.3_0615_1256,,0.3,,,,0.568,,,done,0615_1256,/sharedspace/models/Llama-3.1-8B-Instruct,/sharedspace/models/Llama-3.1-8B-Instruct,/home/xay/KVComm/snapshots/hotpotqa,/home/xay/KVComm/snapshots/hotpotqa/mtc_evict/mtc_evict_r0.3_0615_1256,/home/xay/KVComm/snapshots/hotpotqa/mtc_evict/mtc_evict_r0.3_0615_1256/log.log,
table8,1,llama31_same,hotpotqa,evict,mtc_evict,mtc_evict_r0.4_0615_1256,,0.4,,,,0.646,,,done,0615_1256,/sharedspace/models/Llama-3.1-8B-Instruct,/sharedspace/models/Llama-3.1-8B-Instruct,/home/xay/KVComm/snapshots/hotpotqa,/home/xay/KVComm/snapshots/hotpotqa/mtc_evict/mtc_evict_r0.4_0615_1256,/home/xay/KVComm/snapshots/hotpotqa/mtc_evict/mtc_evict_r0.4_0615_1256/log.log,
table8,1,llama31_same,hotpotqa,evict,mtc_evict,mtc_evict_r0.5_0615_1304,,0.5,,,,0.68,,,done,0615_1304,/sharedspace/models/Llama-3.1-8B-Instruct,/sharedspace/models/Llama-3.1-8B-Instruct,/home/xay/KVComm/snapshots/hotpotqa,/home/xay/KVComm/snapshots/hotpotqa/mtc_evict/mtc_evict_r0.5_0615_1304,/home/xay/KVComm/snapshots/hotpotqa/mtc_evict/mtc_evict_r0.5_0615_1304/log.log,
table8,1,llama31_same,hotpotqa,evict,mtc_evict,mtc_evict_r0.6_0615_1259,,0.6,,,,0.698,,,done,0615_1259,/sharedspace/models/Llama-3.1-8B-Instruct,/sharedspace/models/Llama-3.1-8B-Instruct,/home/xay/KVComm/snapshots/hotpotqa,/home/xay/KVComm/snapshots/hotpotqa/mtc_evict/mtc_evict_r0.6_0615_1259,/home/xay/KVComm/snapshots/hotpotqa/mtc_evict/mtc_evict_r0.6_0615_1259/log.log,
table8,1,llama31_same,hotpotqa,evict,mtc_evict,mtc_evict_r0.7_0615_1259,,0.7,,,,0.714,,,done,0615_1259,/sharedspace/models/Llama-3.1-8B-Instruct,/sharedspace/models/Llama-3.1-8B-Instruct,/home/xay/KVComm/snapshots/hotpotqa,/home/xay/KVComm/snapshots/hotpotqa/mtc_evict/mtc_evict_r0.7_0615_1259,/home/xay/KVComm/snapshots/hotpotqa/mtc_evict/mtc_evict_r0.7_0615_1259/log.log,
table8,1,llama31_same,hotpotqa,evict,mtc_evict,mtc_evict_r0.8_0615_1259,,0.8,,,,0.734,,,done,0615_1259,/sharedspace/models/Llama-3.1-8B-Instruct,/sharedspace/models/Llama-3.1-8B-Instruct,/home/xay/KVComm/snapshots/hotpotqa,/home/xay/KVComm/snapshots/hotpotqa/mtc_evict/mtc_evict_r0.8_0615_1259,/home/xay/KVComm/snapshots/hotpotqa/mtc_evict/mtc_evict_r0.8_0615_1259/log.log,
table8,1,llama31_same,hotpotqa,evict,mtc_evict,mtc_evict_r0.9_0615_1307,,0.9,,,,0.746,,,done,0615_1307,/sharedspace/models/Llama-3.1-8B-Instruct,/sharedspace/models/Llama-3.1-8B-Instruct,/home/xay/KVComm/snapshots/hotpotqa,/home/xay/KVComm/snapshots/hotpotqa/mtc_evict/mtc_evict_r0.9_0615_1307,/home/xay/KVComm/snapshots/hotpotqa/mtc_evict/mtc_evict_r0.9_0615_1307/log.log,
table8,1,llama31_same,hotpotqa,merge,mtc_merge,mtc_merge_r0.1_0615_0221,,0.1,,,,0.06,,,done,0615_0221,/sharedspace/models/Llama-3.1-8B-Instruct,/sharedspace/models/Llama-3.1-8B-Instruct,/home/xay/KVComm/snapshots/hotpotqa,/home/xay/KVComm/snapshots/hotpotqa/mtc_merge/mtc_merge_r0.1_0615_0221,/home/xay/KVComm/snapshots/hotpotqa/mtc_merge/mtc_merge_r0.1_0615_0221/log.log,
table8,1,llama31_same,hotpotqa,merge,mtc_merge,mtc_merge_r0.2_0615_0221,,0.2,,,,0.33,,,done,0615_0221,/sharedspace/models/Llama-3.1-8B-Instruct,/sharedspace/models/Llama-3.1-8B-Instruct,/home/xay/KVComm/snapshots/hotpotqa,/home/xay/KVComm/snapshots/hotpotqa/mtc_merge/mtc_merge_r0.2_0615_0221,/home/xay/KVComm/snapshots/hotpotqa/mtc_merge/mtc_merge_r0.2_0615_0221/log.log,
table8,1,llama31_same,hotpotqa,merge,mtc_merge,mtc_merge_r0.3_0615_0221,,0.3,,,,0.478,,,done,0615_0221,/sharedspace/models/Llama-3.1-8B-Instruct,/sharedspace/models/Llama-3.1-8B-Instruct,/home/xay/KVComm/snapshots/hotpotqa,/home/xay/KVComm/snapshots/hotpotqa/mtc_merge/mtc_merge_r0.3_0615_0221,/home/xay/KVComm/snapshots/hotpotqa/mtc_merge/mtc_merge_r0.3_0615_0221/log.log,
table8,1,llama31_same,hotpotqa,merge,mtc_merge,mtc_merge_r0.4_0615_0222,,0.4,,,,0.586,,,done,0615_0222,/sharedspace/models/Llama-3.1-8B-Instruct,/sharedspace/models/Llama-3.1-8B-Instruct,/home/xay/KVComm/snapshots/hotpotqa,/home/xay/KVComm/snapshots/hotpotqa/mtc_merge/mtc_merge_r0.4_0615_0222,/home/xay/KVComm/snapshots/hotpotqa/mtc_merge/mtc_merge_r0.4_0615_0222/log.log,
table8,1,llama31_same,hotpotqa,merge,mtc_merge,mtc_merge_r0.5_0615_0233,,0.5,,,,0.672,,,done,0615_0233,/sharedspace/models/Llama-3.1-8B-Instruct,/sharedspace/models/Llama-3.1-8B-Instruct,/home/xay/KVComm/snapshots/hotpotqa,/home/xay/KVComm/snapshots/hotpotqa/mtc_merge/mtc_merge_r0.5_0615_0233,/home/xay/KVComm/snapshots/hotpotqa/mtc_merge/mtc_merge_r0.5_0615_0233/log.log,
table8,1,llama31_same,hotpotqa,merge,mtc_merge,mtc_merge_r0.6_0615_0226,,0.6,,,,0.686,,,done,0615_0226,/sharedspace/models/Llama-3.1-8B-Instruct,/sharedspace/models/Llama-3.1-8B-Instruct,/home/xay/KVComm/snapshots/hotpotqa,/home/xay/KVComm/snapshots/hotpotqa/mtc_merge/mtc_merge_r0.6_0615_0226,/home/xay/KVComm/snapshots/hotpotqa/mtc_merge/mtc_merge_r0.6_0615_0226/log.log,
table8,1,llama31_same,hotpotqa,merge,mtc_merge,mtc_merge_r0.7_0615_0225,,0.7,,,,0.708,,,done,0615_0225,/sharedspace/models/Llama-3.1-8B-Instruct,/sharedspace/models/Llama-3.1-8B-Instruct,/home/xay/KVComm/snapshots/hotpotqa,/home/xay/KVComm/snapshots/hotpotqa/mtc_merge/mtc_merge_r0.7_0615_0225,/home/xay/KVComm/snapshots/hotpotqa/mtc_merge/mtc_merge_r0.7_0615_0225/log.log,
table8,1,llama31_same,hotpotqa,merge,mtc_merge,mtc_merge_r0.8_0615_0225,,0.8,,,,0.72,,,done,0615_0225,/sharedspace/models/Llama-3.1-8B-Instruct,/sharedspace/models/Llama-3.1-8B-Instruct,/home/xay/KVComm/snapshots/hotpotqa,/home/xay/KVComm/snapshots/hotpotqa/mtc_merge/mtc_merge_r0.8_0615_0225,/home/xay/KVComm/snapshots/hotpotqa/mtc_merge/mtc_merge_r0.8_0615_0225/log.log,
table8,1,llama31_same,hotpotqa,merge,mtc_merge,mtc_merge_r0.9_0615_0236,,0.9,,,,0.744,,,done,0615_0236,/sharedspace/models/Llama-3.1-8B-Instruct,/sharedspace/models/Llama-3.1-8B-Instruct,/home/xay/KVComm/snapshots/hotpotqa,/home/xay/KVComm/snapshots/hotpotqa/mtc_merge/mtc_merge_r0.9_0615_0236,/home/xay/KVComm/snapshots/hotpotqa/mtc_merge/mtc_merge_r0.9_0615_0236/log.log,
table8,1,llama31_same,hotpotqa,ReKV,mtc_receiver,mtc_evict_receiver_r0.2_0615_1350,,0.2,,,,0.386,,,done,0615_1350,/sharedspace/models/Llama-3.1-8B-Instruct,/sharedspace/models/Llama-3.1-8B-Instruct,/home/xay/KVComm/snapshots/hotpotqa,/home/xay/KVComm/snapshots/hotpotqa/mtc_receiver/mtc_evict_receiver_r0.2_0615_1350,/home/xay/KVComm/snapshots/hotpotqa/mtc_receiver/mtc_evict_receiver_r0.2_0615_1350/log.log,
table8,1,llama31_same,hotpotqa,ReKV,mtc_receiver,mtc_evict_receiver_r0.3_0615_1355,,0.3,,,,0.588,,,done,0615_1355,/sharedspace/models/Llama-3.1-8B-Instruct,/sharedspace/models/Llama-3.1-8B-Instruct,/home/xay/KVComm/snapshots/hotpotqa,/home/xay/KVComm/snapshots/hotpotqa/mtc_receiver/mtc_evict_receiver_r0.3_0615_1355,/home/xay/KVComm/snapshots/hotpotqa/mtc_receiver/mtc_evict_receiver_r0.3_0615_1355/log.log,
table8,1,llama31_same,hotpotqa,ReKV,mtc_receiver,mtc_evict_receiver_r0.4_0615_1351,,0.4,,,,0.664,,,done,0615_1351,/sharedspace/models/Llama-3.1-8B-Instruct,/sharedspace/models/Llama-3.1-8B-Instruct,/home/xay/KVComm/snapshots/hotpotqa,/home/xay/KVComm/snapshots/hotpotqa/mtc_receiver/mtc_evict_receiver_r0.4_0615_1351,/home/xay/KVComm/snapshots/hotpotqa/mtc_receiver/mtc_evict_receiver_r0.4_0615_1351/log.log,
table8,1,llama31_same,hotpotqa,ReKV,mtc_receiver,mtc_evict_receiver_r0.5_0615_1354,,0.5,,,,0.688,,,done,0615_1354,/sharedspace/models/Llama-3.1-8B-Instruct,/sharedspace/models/Llama-3.1-8B-Instruct,/home/xay/KVComm/snapshots/hotpotqa,/home/xay/KVComm/snapshots/hotpotqa/mtc_receiver/mtc_evict_receiver_r0.5_0615_1354,/home/xay/KVComm/snapshots/hotpotqa/mtc_receiver/mtc_evict_receiver_r0.5_0615_1354/log.log,
table8,1,llama31_same,hotpotqa,ReKV,mtc_receiver,mtc_evict_recv_w16_r0.1_0615_1417,16,0.1,,,,0.23,,,done,0615_1417,/sharedspace/models/Llama-3.1-8B-Instruct,/sharedspace/models/Llama-3.1-8B-Instruct,/home/xay/KVComm/snapshots/hotpotqa,/home/xay/KVComm/snapshots/hotpotqa/mtc_receiver/mtc_evict_recv_w16_r0.1_0615_1417,/home/xay/KVComm/snapshots/hotpotqa/mtc_receiver/mtc_evict_recv_w16_r0.1_0615_1417/log.log,
table8,1,llama31_same,hotpotqa,ReKV,mtc_receiver,mtc_evict_recv_w16_r0.2_0615_1405,16,0.2,,,,0.614,,,done,0615_1405,/sharedspace/models/Llama-3.1-8B-Instruct,/sharedspace/models/Llama-3.1-8B-Instruct,/home/xay/KVComm/snapshots/hotpotqa,/home/xay/KVComm/snapshots/hotpotqa/mtc_receiver/mtc_evict_recv_w16_r0.2_0615_1405,/home/xay/KVComm/snapshots/hotpotqa/mtc_receiver/mtc_evict_recv_w16_r0.2_0615_1405/log.log,
table8,1,llama31_same,hotpotqa,ReKV,mtc_receiver,mtc_evict_recv_w16_r0.3_0615_1408,16,0.3,,,,0.7,,,done,0615_1408,/sharedspace/models/Llama-3.1-8B-Instruct,/sharedspace/models/Llama-3.1-8B-Instruct,/home/xay/KVComm/snapshots/hotpotqa,/home/xay/KVComm/snapshots/hotpotqa/mtc_receiver/mtc_evict_recv_w16_r0.3_0615_1408,/home/xay/KVComm/snapshots/hotpotqa/mtc_receiver/mtc_evict_recv_w16_r0.3_0615_1408/log.log,
table8,1,llama31_same,hotpotqa,ReKV,mtc_receiver,mtc_evict_recv_w16_r0.4_0615_1425,16,0.4,,,,0.726,,,done,0615_1425,/sharedspace/models/Llama-3.1-8B-Instruct,/sharedspace/models/Llama-3.1-8B-Instruct,/home/xay/KVComm/snapshots/hotpotqa,/home/xay/KVComm/snapshots/hotpotqa/mtc_receiver/mtc_evict_recv_w16_r0.4_0615_1425,/home/xay/KVComm/snapshots/hotpotqa/mtc_receiver/mtc_evict_recv_w16_r0.4_0615_1425/log.log,
table8,1,llama31_same,hotpotqa,ReKV,mtc_receiver,mtc_evict_recv_w16_r0.5_0615_1428,16,0.5,,,,0.746,,,done,0615_1428,/sharedspace/models/Llama-3.1-8B-Instruct,/sharedspace/models/Llama-3.1-8B-Instruct,/home/xay/KVComm/snapshots/hotpotqa,/home/xay/KVComm/snapshots/hotpotqa/mtc_receiver/mtc_evict_recv_w16_r0.5_0615_1428,/home/xay/KVComm/snapshots/hotpotqa/mtc_receiver/mtc_evict_recv_w16_r0.5_0615_1428/log.log,
table8,1,llama31_same,hotpotqa,ReKV,mtc_receiver,mtc_evict_recv_w8_r0.1_0615_1417,8,0.1,,,,0.292,,,done,0615_1417,/sharedspace/models/Llama-3.1-8B-Instruct,/sharedspace/models/Llama-3.1-8B-Instruct,/home/xay/KVComm/snapshots/hotpotqa,/home/xay/KVComm/snapshots/hotpotqa/mtc_receiver/mtc_evict_recv_w8_r0.1_0615_1417,/home/xay/KVComm/snapshots/hotpotqa/mtc_receiver/mtc_evict_recv_w8_r0.1_0615_1417/log.log,
table8,1,llama31_same,hotpotqa,ReKV,mtc_receiver,mtc_evict_recv_w8_r0.2_0615_1404,8,0.2,,,,0.634,,,done,0615_1404,/sharedspace/models/Llama-3.1-8B-Instruct,/sharedspace/models/Llama-3.1-8B-Instruct,/home/xay/KVComm/snapshots/hotpotqa,/home/xay/KVComm/snapshots/hotpotqa/mtc_receiver/mtc_evict_recv_w8_r0.2_0615_1404,/home/xay/KVComm/snapshots/hotpotqa/mtc_receiver/mtc_evict_recv_w8_r0.2_0615_1404/log.log,
table8,1,llama31_same,hotpotqa,ReKV,mtc_receiver,mtc_evict_recv_w8_r0.3_0615_1408,8,0.3,,,,0.696,,,done,0615_1408,/sharedspace/models/Llama-3.1-8B-Instruct,/sharedspace/models/Llama-3.1-8B-Instruct,/home/xay/KVComm/snapshots/hotpotqa,/home/xay/KVComm/snapshots/hotpotqa/mtc_receiver/mtc_evict_recv_w8_r0.3_0615_1408,/home/xay/KVComm/snapshots/hotpotqa/mtc_receiver/mtc_evict_recv_w8_r0.3_0615_1408/log.log,
table8,1,llama31_same,hotpotqa,ReKV,mtc_receiver,mtc_evict_recv_w8_r0.4_0615_1424,8,0.4,,,,0.718,,,done,0615_1424,/sharedspace/models/Llama-3.1-8B-Instruct,/sharedspace/models/Llama-3.1-8B-Instruct,/home/xay/KVComm/snapshots/hotpotqa,/home/xay/KVComm/snapshots/hotpotqa/mtc_receiver/mtc_evict_recv_w8_r0.4_0615_1424,/home/xay/KVComm/snapshots/hotpotqa/mtc_receiver/mtc_evict_recv_w8_r0.4_0615_1424/log.log,
table8,1,llama31_same,hotpotqa,ReKV,mtc_receiver,mtc_evict_recv_w8_r0.5_0615_1427,8,0.5,,,,0.726,,,done,0615_1427,/sharedspace/models/Llama-3.1-8B-Instruct,/sharedspace/models/Llama-3.1-8B-Instruct,/home/xay/KVComm/snapshots/hotpotqa,/home/xay/KVComm/snapshots/hotpotqa/mtc_receiver/mtc_evict_recv_w8_r0.5_0615_1427,/home/xay/KVComm/snapshots/hotpotqa/mtc_receiver/mtc_evict_recv_w8_r0.5_0615_1427/log.log,
table8,1,llama31_same,hotpotqa,ReKV-probe,mtc_receiver,probe_recv_w16_r0.05_0618_2354,16,0.05,,,,0.072,,500,done,0618_2354,/sharedspace/models/Llama-3.1-8B-Instruct,/sharedspace/models/Llama-3.1-8B-Instruct,/home/xay/KVComm/snapshots/hotpotqa,/home/xay/KVComm/snapshots/hotpotqa/mtc_receiver/probe_recv_w16_r0.05_0618_2354,/home/xay/KVComm/snapshots/hotpotqa/mtc_receiver/probe_recv_w16_r0.05_0618_2354/log.log,/home/xay/KVComm/snapshots/hotpotqa/mtc_receiver/probe_recv_w16_r0.05_0618_2354/per_sample.jsonl
table8,1,llama31_same,hotpotqa,ReKV-probe,mtc_receiver,probe_recv_w16_r0.15_0619_0015,16,0.15,,,,0.488,,500,done,0619_0015,/sharedspace/models/Llama-3.1-8B-Instruct,/sharedspace/models/Llama-3.1-8B-Instruct,/home/xay/KVComm/snapshots/hotpotqa,/home/xay/KVComm/snapshots/hotpotqa/mtc_receiver/probe_recv_w16_r0.15_0619_0015,/home/xay/KVComm/snapshots/hotpotqa/mtc_receiver/probe_recv_w16_r0.15_0619_0015/log.log,/home/xay/KVComm/snapshots/hotpotqa/mtc_receiver/probe_recv_w16_r0.15_0619_0015/per_sample.jsonl
table8,1,llama31_same,hotpotqa,ReKV-probe,mtc_receiver,probe_recv_w16_r0.1_0619_0006,16,0.1,,,,0.23,,500,done,0619_0006,/sharedspace/models/Llama-3.1-8B-Instruct,/sharedspace/models/Llama-3.1-8B-Instruct,/home/xay/KVComm/snapshots/hotpotqa,/home/xay/KVComm/snapshots/hotpotqa/mtc_receiver/probe_recv_w16_r0.1_0619_0006,/home/xay/KVComm/snapshots/hotpotqa/mtc_receiver/probe_recv_w16_r0.1_0619_0006/log.log,/home/xay/KVComm/snapshots/hotpotqa/mtc_receiver/probe_recv_w16_r0.1_0619_0006/per_sample.jsonl
table8,1,llama31_same,hotpotqa,ReKV-probe,mtc_receiver,probe_recv_w16_r0.2_0619_0024,16,0.2,,,,0.614,,500,done,0619_0024,/sharedspace/models/Llama-3.1-8B-Instruct,/sharedspace/models/Llama-3.1-8B-Instruct,/home/xay/KVComm/snapshots/hotpotqa,/home/xay/KVComm/snapshots/hotpotqa/mtc_receiver/probe_recv_w16_r0.2_0619_0024,/home/xay/KVComm/snapshots/hotpotqa/mtc_receiver/probe_recv_w16_r0.2_0619_0024/log.log,/home/xay/KVComm/snapshots/hotpotqa/mtc_receiver/probe_recv_w16_r0.2_0619_0024/per_sample.jsonl
table8,1,llama31_same,hotpotqa,ReKV-probe,mtc_receiver,probe_recv_w16_r0.3_0619_0029,16,0.3,,,,0.7,,500,done,0619_0029,/sharedspace/models/Llama-3.1-8B-Instruct,/sharedspace/models/Llama-3.1-8B-Instruct,/home/xay/KVComm/snapshots/hotpotqa,/home/xay/KVComm/snapshots/hotpotqa/mtc_receiver/probe_recv_w16_r0.3_0619_0029,/home/xay/KVComm/snapshots/hotpotqa/mtc_receiver/probe_recv_w16_r0.3_0619_0029/log.log,/home/xay/KVComm/snapshots/hotpotqa/mtc_receiver/probe_recv_w16_r0.3_0619_0029/per_sample.jsonl
table8,1,llama31_same,hotpotqa,ReKV-probe,mtc_receiver,probe_recv_w16_r0.4_0619_0033,16,0.4,,,,0.726,,500,done,0619_0033,/sharedspace/models/Llama-3.1-8B-Instruct,/sharedspace/models/Llama-3.1-8B-Instruct,/home/xay/KVComm/snapshots/hotpotqa,/home/xay/KVComm/snapshots/hotpotqa/mtc_receiver/probe_recv_w16_r0.4_0619_0033,/home/xay/KVComm/snapshots/hotpotqa/mtc_receiver/probe_recv_w16_r0.4_0619_0033/log.log,/home/xay/KVComm/snapshots/hotpotqa/mtc_receiver/probe_recv_w16_r0.4_0619_0033/per_sample.jsonl
table8,1,llama31_same,hotpotqa,ReKV-probe,mtc_receiver,probe_recv_w16_r0.5_0619_0036,16,0.5,,,,0.746,,500,done,0619_0036,/sharedspace/models/Llama-3.1-8B-Instruct,/sharedspace/models/Llama-3.1-8B-Instruct,/home/xay/KVComm/snapshots/hotpotqa,/home/xay/KVComm/snapshots/hotpotqa/mtc_receiver/probe_recv_w16_r0.5_0619_0036,/home/xay/KVComm/snapshots/hotpotqa/mtc_receiver/probe_recv_w16_r0.5_0619_0036/log.log,/home/xay/KVComm/snapshots/hotpotqa/mtc_receiver/probe_recv_w16_r0.5_0619_0036/per_sample.jsonl
table8,1,llama31_same,hotpotqa,ReKV-probe,mtc_receiver,probe_recv_w16_r0.7_0619_0040,16,0.7,,,,0.748,,500,done,0619_0040,/sharedspace/models/Llama-3.1-8B-Instruct,/sharedspace/models/Llama-3.1-8B-Instruct,/home/xay/KVComm/snapshots/hotpotqa,/home/xay/KVComm/snapshots/hotpotqa/mtc_receiver/probe_recv_w16_r0.7_0619_0040,/home/xay/KVComm/snapshots/hotpotqa/mtc_receiver/probe_recv_w16_r0.7_0619_0040/log.log,/home/xay/KVComm/snapshots/hotpotqa/mtc_receiver/probe_recv_w16_r0.7_0619_0040/per_sample.jsonl
table8,1,llama31_same,hotpotqa,ReKV,mtc_receiver,recv_w16_r0.7_0701_1722,16,0.7,uniform,,,0.748,0.709383522,500,done,0701_1722,/sharedspace/models/Llama-3.1-8B-Instruct,/sharedspace/models/Llama-3.1-8B-Instruct,/home/xay/KVComm/snapshots/hotpotqa,/home/xay/KVComm/snapshots/hotpotqa/mtc_receiver/recv_w16_r0.7_0701_1722,/home/xay/KVComm/snapshots/hotpotqa/mtc_receiver/recv_w16_r0.7_0701_1722/log.log,/home/xay/KVComm/snapshots/hotpotqa/mtc_receiver/recv_w16_r0.7_0701_1722/per_sample.jsonl
table8,1,llama31_same,hotpotqa,ReKV,mtc_receiver,recv_w8_r0.7_0701_1717,8,0.7,uniform,,,0.736,0.709383522,500,done,0701_1717,/sharedspace/models/Llama-3.1-8B-Instruct,/sharedspace/models/Llama-3.1-8B-Instruct,/home/xay/KVComm/snapshots/hotpotqa,/home/xay/KVComm/snapshots/hotpotqa/mtc_receiver/recv_w8_r0.7_0701_1717,/home/xay/KVComm/snapshots/hotpotqa/mtc_receiver/recv_w8_r0.7_0701_1717/log.log,/home/xay/KVComm/snapshots/hotpotqa/mtc_receiver/recv_w8_r0.7_0701_1717/per_sample.jsonl
table8,1,llama31_same,hotpotqa,progressive,progressive,prog_w16_0.1-0.2-0.3-0.5_0622_1319,16,0.2,uniform,,,,,,unknown,0622_1319,/sharedspace/models/Llama-3.1-8B-Instruct,/sharedspace/models/Llama-3.1-8B-Instruct,/home/xay/KVComm/snapshots/hotpotqa,/home/xay/KVComm/snapshots/hotpotqa/progressive/prog_w16_0.1-0.2-0.3-0.5_0622_1319,/home/xay/KVComm/snapshots/hotpotqa/progressive/prog_w16_0.1-0.2-0.3-0.5_0622_1319/log.log,
table8,1,llama31_same,hotpotqa,progressive,progressive,prog_w16_0.1-0.2-0.3-0.5_0622_1417,16,0.2,uniform,,,,,,unknown,0622_1417,/sharedspace/models/Llama-3.1-8B-Instruct,/sharedspace/models/Llama-3.1-8B-Instruct,/home/xay/KVComm/snapshots/hotpotqa,/home/xay/KVComm/snapshots/hotpotqa/progressive/prog_w16_0.1-0.2-0.3-0.5_0622_1417,/home/xay/KVComm/snapshots/hotpotqa/progressive/prog_w16_0.1-0.2-0.3-0.5_0622_1417/log.log,
table8,1,llama31_same,multifieldqa_en,budget-layer,budget,layer_r0.2_0619_0219,16,0.2,layer,,,0.5067,0.22500060666666666,150,done,0619_0219,/sharedspace/models/Llama-3.1-8B-Instruct,/sharedspace/models/Llama-3.1-8B-Instruct,/home/xay/KVComm/snapshots/multifieldqa_en,/home/xay/KVComm/snapshots/multifieldqa_en/budget/layer_r0.2_0619_0219,/home/xay/KVComm/snapshots/multifieldqa_en/budget/layer_r0.2_0619_0219/log.log,/home/xay/KVComm/snapshots/multifieldqa_en/budget/layer_r0.2_0619_0219/per_sample.jsonl
table8,1,llama31_same,multifieldqa_en,budget-layer,budget,layer_r0.3_0619_0233,16,0.3,layer,,,0.5133,0.32187450666666667,150,done,0619_0233,/sharedspace/models/Llama-3.1-8B-Instruct,/sharedspace/models/Llama-3.1-8B-Instruct,/home/xay/KVComm/snapshots/multifieldqa_en,/home/xay/KVComm/snapshots/multifieldqa_en/budget/layer_r0.3_0619_0233,/home/xay/KVComm/snapshots/multifieldqa_en/budget/layer_r0.3_0619_0233/log.log,/home/xay/KVComm/snapshots/multifieldqa_en/budget/layer_r0.3_0619_0233/per_sample.jsonl
table8,1,llama31_same,multifieldqa_en,budget-layer,budget,layer_r0.5_0619_0247,16,0.5,layer,,,0.5267,0.5156248733333334,150,done,0619_0247,/sharedspace/models/Llama-3.1-8B-Instruct,/sharedspace/models/Llama-3.1-8B-Instruct,/home/xay/KVComm/snapshots/multifieldqa_en,/home/xay/KVComm/snapshots/multifieldqa_en/budget/layer_r0.5_0619_0247,/home/xay/KVComm/snapshots/multifieldqa_en/budget/layer_r0.5_0619_0247/log.log,/home/xay/KVComm/snapshots/multifieldqa_en/budget/layer_r0.5_0619_0247/per_sample.jsonl
table8,1,llama31_same,multifieldqa_en,budget-query,budget,query_0.05_0.3_0619_0253,16,0.2,query,,,0.5133,0.17653274000000002,150,done,0619_0253,/sharedspace/models/Llama-3.1-8B-Instruct,/sharedspace/models/Llama-3.1-8B-Instruct,/home/xay/KVComm/snapshots/multifieldqa_en,/home/xay/KVComm/snapshots/multifieldqa_en/budget/query_0.05_0.3_0619_0253,/home/xay/KVComm/snapshots/multifieldqa_en/budget/query_0.05_0.3_0619_0253/log.log,/home/xay/KVComm/snapshots/multifieldqa_en/budget/query_0.05_0.3_0619_0253/per_sample.jsonl
table8,1,llama31_same,multifieldqa_en,budget-query,budget,query_0.15_0.7_0619_0319,16,0.2,query,,,0.52,0.3896208666666666,150,done,0619_0319,/sharedspace/models/Llama-3.1-8B-Instruct,/sharedspace/models/Llama-3.1-8B-Instruct,/home/xay/KVComm/snapshots/multifieldqa_en,/home/xay/KVComm/snapshots/multifieldqa_en/budget/query_0.15_0.7_0619_0319,/home/xay/KVComm/snapshots/multifieldqa_en/budget/query_0.15_0.7_0619_0319/log.log,/home/xay/KVComm/snapshots/multifieldqa_en/budget/query_0.15_0.7_0619_0319/per_sample.jsonl
table8,1,llama31_same,multifieldqa_en,budget-query,budget,query_0.1_0.5_0619_0307,16,0.2,query,,,0.5133,0.28307646666666664,150,done,0619_0307,/sharedspace/models/Llama-3.1-8B-Instruct,/sharedspace/models/Llama-3.1-8B-Instruct,/home/xay/KVComm/snapshots/multifieldqa_en,/home/xay/KVComm/snapshots/multifieldqa_en/budget/query_0.1_0.5_0619_0307,/home/xay/KVComm/snapshots/multifieldqa_en/budget/query_0.1_0.5_0619_0307/log.log,/home/xay/KVComm/snapshots/multifieldqa_en/budget/query_0.1_0.5_0619_0307/per_sample.jsonl
table8,1,llama31_same,multifieldqa_en,budget-query+layer,budget,querylayer_0.05_0.3_0619_0300,16,0.2,query+layer,,,0.5133,0.17653242666666666,150,done,0619_0300,/sharedspace/models/Llama-3.1-8B-Instruct,/sharedspace/models/Llama-3.1-8B-Instruct,/home/xay/KVComm/snapshots/multifieldqa_en,/home/xay/KVComm/snapshots/multifieldqa_en/budget/querylayer_0.05_0.3_0619_0300,/home/xay/KVComm/snapshots/multifieldqa_en/budget/querylayer_0.05_0.3_0619_0300/log.log,/home/xay/KVComm/snapshots/multifieldqa_en/budget/querylayer_0.05_0.3_0619_0300/per_sample.jsonl
table8,1,llama31_same,multifieldqa_en,budget-query+layer,budget,querylayer_0.15_0.7_0619_0326,16,0.2,query+layer,,,0.52,0.38961907333333334,150,done,0619_0326,/sharedspace/models/Llama-3.1-8B-Instruct,/sharedspace/models/Llama-3.1-8B-Instruct,/home/xay/KVComm/snapshots/multifieldqa_en,/home/xay/KVComm/snapshots/multifieldqa_en/budget/querylayer_0.15_0.7_0619_0326,/home/xay/KVComm/snapshots/multifieldqa_en/budget/querylayer_0.15_0.7_0619_0326/log.log,/home/xay/KVComm/snapshots/multifieldqa_en/budget/querylayer_0.15_0.7_0619_0326/per_sample.jsonl
table8,1,llama31_same,multifieldqa_en,budget-query+layer,budget,querylayer_0.1_0.5_0619_0313,16,0.2,query+layer,,,0.52,0.2830766533333333,150,done,0619_0313,/sharedspace/models/Llama-3.1-8B-Instruct,/sharedspace/models/Llama-3.1-8B-Instruct,/home/xay/KVComm/snapshots/multifieldqa_en,/home/xay/KVComm/snapshots/multifieldqa_en/budget/querylayer_0.1_0.5_0619_0313,/home/xay/KVComm/snapshots/multifieldqa_en/budget/querylayer_0.1_0.5_0619_0313/log.log,/home/xay/KVComm/snapshots/multifieldqa_en/budget/querylayer_0.1_0.5_0619_0313/per_sample.jsonl
table8,1,llama31_same,multifieldqa_en,budget-uniform,budget,uniform_r0.2_0619_0213,16,0.2,uniform,,,0.5067,0.2250107266666667,150,done,0619_0213,/sharedspace/models/Llama-3.1-8B-Instruct,/sharedspace/models/Llama-3.1-8B-Instruct,/home/xay/KVComm/snapshots/multifieldqa_en,/home/xay/KVComm/snapshots/multifieldqa_en/budget/uniform_r0.2_0619_0213,/home/xay/KVComm/snapshots/multifieldqa_en/budget/uniform_r0.2_0619_0213/log.log,/home/xay/KVComm/snapshots/multifieldqa_en/budget/uniform_r0.2_0619_0213/per_sample.jsonl
table8,1,llama31_same,multifieldqa_en,budget-uniform,budget,uniform_r0.3_0619_0227,16,0.3,uniform,,,0.5133,0.32186672666666666,150,done,0619_0227,/sharedspace/models/Llama-3.1-8B-Instruct,/sharedspace/models/Llama-3.1-8B-Instruct,/home/xay/KVComm/snapshots/multifieldqa_en,/home/xay/KVComm/snapshots/multifieldqa_en/budget/uniform_r0.3_0619_0227,/home/xay/KVComm/snapshots/multifieldqa_en/budget/uniform_r0.3_0619_0227/log.log,/home/xay/KVComm/snapshots/multifieldqa_en/budget/uniform_r0.3_0619_0227/per_sample.jsonl
table8,1,llama31_same,multifieldqa_en,budget-uniform,budget,uniform_r0.5_0619_0240,16,0.5,uniform,,,0.52,0.5156132866666667,150,done,0619_0240,/sharedspace/models/Llama-3.1-8B-Instruct,/sharedspace/models/Llama-3.1-8B-Instruct,/home/xay/KVComm/snapshots/multifieldqa_en,/home/xay/KVComm/snapshots/multifieldqa_en/budget/uniform_r0.5_0619_0240,/home/xay/KVComm/snapshots/multifieldqa_en/budget/uniform_r0.5_0619_0240/log.log,/home/xay/KVComm/snapshots/multifieldqa_en/budget/uniform_r0.5_0619_0240/per_sample.jsonl
table8,1,llama31_same,multifieldqa_en,B-ReKV,coverage,cov_t0.90_s0.65_w16_0701_1141,16,,coverage,0.9,0.65,0.52,0.12760316666666666,150,done,0701_1141,/sharedspace/models/Llama-3.1-8B-Instruct,/sharedspace/models/Llama-3.1-8B-Instruct,/home/xay/KVComm/snapshots/multifieldqa_en,/home/xay/KVComm/snapshots/multifieldqa_en/coverage/cov_t0.90_s0.65_w16_0701_1141,/home/xay/KVComm/snapshots/multifieldqa_en/coverage/cov_t0.90_s0.65_w16_0701_1141/log.log,/home/xay/KVComm/snapshots/multifieldqa_en/coverage/cov_t0.90_s0.65_w16_0701_1141/per_sample.jsonl
table8,1,llama31_same,multifieldqa_en,B-ReKV,coverage,cov_t0.90_s0.65_w8_0701_1127,8,,coverage,0.9,0.65,0.5267,0.10258102666666667,150,done,0701_1127,/sharedspace/models/Llama-3.1-8B-Instruct,/sharedspace/models/Llama-3.1-8B-Instruct,/home/xay/KVComm/snapshots/multifieldqa_en,/home/xay/KVComm/snapshots/multifieldqa_en/coverage/cov_t0.90_s0.65_w8_0701_1127,/home/xay/KVComm/snapshots/multifieldqa_en/coverage/cov_t0.90_s0.65_w8_0701_1127/log.log,/home/xay/KVComm/snapshots/multifieldqa_en/coverage/cov_t0.90_s0.65_w8_0701_1127/per_sample.jsonl
table8,1,llama31_same,multifieldqa_en,B-ReKV,coverage,cov_t0.90_s0.6_w16_0623_2325,16,,coverage,0.9,0.6,0.5133,0.12097474000000001,150,done,0623_2325,/sharedspace/models/Llama-3.1-8B-Instruct,/sharedspace/models/Llama-3.1-8B-Instruct,/home/xay/KVComm/snapshots/multifieldqa_en,/home/xay/KVComm/snapshots/multifieldqa_en/coverage/cov_t0.90_s0.6_w16_0623_2325,/home/xay/KVComm/snapshots/multifieldqa_en/coverage/cov_t0.90_s0.6_w16_0623_2325/log.log,/home/xay/KVComm/snapshots/multifieldqa_en/coverage/cov_t0.90_s0.6_w16_0623_2325/per_sample.jsonl
table8,1,llama31_same,multifieldqa_en,B-ReKV,coverage,cov_t0.90_s0.6_w8_0623_2325,8,,coverage,0.9,0.6,0.54,0.0989955,150,done,0623_2325,/sharedspace/models/Llama-3.1-8B-Instruct,/sharedspace/models/Llama-3.1-8B-Instruct,/home/xay/KVComm/snapshots/multifieldqa_en,/home/xay/KVComm/snapshots/multifieldqa_en/coverage/cov_t0.90_s0.6_w8_0623_2325,/home/xay/KVComm/snapshots/multifieldqa_en/coverage/cov_t0.90_s0.6_w8_0623_2325/log.log,/home/xay/KVComm/snapshots/multifieldqa_en/coverage/cov_t0.90_s0.6_w8_0623_2325/per_sample.jsonl
table8,1,llama31_same,multifieldqa_en,B-ReKV,coverage,cov_t0.90_s0.75_w16_0623_2337,16,,coverage,0.9,0.75,0.5267,0.14109363333333336,150,done,0623_2337,/sharedspace/models/Llama-3.1-8B-Instruct,/sharedspace/models/Llama-3.1-8B-Instruct,/home/xay/KVComm/snapshots/multifieldqa_en,/home/xay/KVComm/snapshots/multifieldqa_en/coverage/cov_t0.90_s0.75_w16_0623_2337,/home/xay/KVComm/snapshots/multifieldqa_en/coverage/cov_t0.90_s0.75_w16_0623_2337/log.log,/home/xay/KVComm/snapshots/multifieldqa_en/coverage/cov_t0.90_s0.75_w16_0623_2337/per_sample.jsonl
table8,1,llama31_same,multifieldqa_en,B-ReKV,coverage,cov_t0.90_s0.75_w8_0623_2337,8,,coverage,0.9,0.75,0.5267,0.11008542666666665,150,done,0623_2337,/sharedspace/models/Llama-3.1-8B-Instruct,/sharedspace/models/Llama-3.1-8B-Instruct,/home/xay/KVComm/snapshots/multifieldqa_en,/home/xay/KVComm/snapshots/multifieldqa_en/coverage/cov_t0.90_s0.75_w8_0623_2337,/home/xay/KVComm/snapshots/multifieldqa_en/coverage/cov_t0.90_s0.75_w8_0623_2337/log.log,/home/xay/KVComm/snapshots/multifieldqa_en/coverage/cov_t0.90_s0.75_w8_0623_2337/per_sample.jsonl
table8,1,llama31_same,multifieldqa_en,B-ReKV,coverage,cov_t0.90_s0.7_w16_0623_2331,16,,coverage,0.9,0.7,0.52,0.13431204000000002,150,done,0623_2331,/sharedspace/models/Llama-3.1-8B-Instruct,/sharedspace/models/Llama-3.1-8B-Instruct,/home/xay/KVComm/snapshots/multifieldqa_en,/home/xay/KVComm/snapshots/multifieldqa_en/coverage/cov_t0.90_s0.7_w16_0623_2331,/home/xay/KVComm/snapshots/multifieldqa_en/coverage/cov_t0.90_s0.7_w16_0623_2331/log.log,/home/xay/KVComm/snapshots/multifieldqa_en/coverage/cov_t0.90_s0.7_w16_0623_2331/per_sample.jsonl
table8,1,llama31_same,multifieldqa_en,B-ReKV,coverage,cov_t0.90_s0.7_w8_0623_2331,8,,coverage,0.9,0.7,0.5333,0.10627737333333333,150,done,0623_2331,/sharedspace/models/Llama-3.1-8B-Instruct,/sharedspace/models/Llama-3.1-8B-Instruct,/home/xay/KVComm/snapshots/multifieldqa_en,/home/xay/KVComm/snapshots/multifieldqa_en/coverage/cov_t0.90_s0.7_w8_0623_2331,/home/xay/KVComm/snapshots/multifieldqa_en/coverage/cov_t0.90_s0.7_w8_0623_2331/log.log,/home/xay/KVComm/snapshots/multifieldqa_en/coverage/cov_t0.90_s0.7_w8_0623_2331/per_sample.jsonl
table8,1,llama31_same,multifieldqa_en,B-ReKV,coverage,cov_t0.90_s0.85_w16_0623_2348,16,,coverage,0.9,0.85,0.5333,0.15478298,150,done,0623_2348,/sharedspace/models/Llama-3.1-8B-Instruct,/sharedspace/models/Llama-3.1-8B-Instruct,/home/xay/KVComm/snapshots/multifieldqa_en,/home/xay/KVComm/snapshots/multifieldqa_en/coverage/cov_t0.90_s0.85_w16_0623_2348,/home/xay/KVComm/snapshots/multifieldqa_en/coverage/cov_t0.90_s0.85_w16_0623_2348/log.log,/home/xay/KVComm/snapshots/multifieldqa_en/coverage/cov_t0.90_s0.85_w16_0623_2348/per_sample.jsonl
table8,1,llama31_same,multifieldqa_en,B-ReKV,coverage,cov_t0.90_s0.85_w8_0623_2349,8,,coverage,0.9,0.85,0.5267,0.11791953333333334,150,done,0623_2349,/sharedspace/models/Llama-3.1-8B-Instruct,/sharedspace/models/Llama-3.1-8B-Instruct,/home/xay/KVComm/snapshots/multifieldqa_en,/home/xay/KVComm/snapshots/multifieldqa_en/coverage/cov_t0.90_s0.85_w8_0623_2349,/home/xay/KVComm/snapshots/multifieldqa_en/coverage/cov_t0.90_s0.85_w8_0623_2349/log.log,/home/xay/KVComm/snapshots/multifieldqa_en/coverage/cov_t0.90_s0.85_w8_0623_2349/per_sample.jsonl
table8,1,llama31_same,multifieldqa_en,B-ReKV,coverage,cov_t0.90_s0.8_w16_0623_2342,16,,coverage,0.9,0.8,0.5333,0.14792255333333332,150,done,0623_2342,/sharedspace/models/Llama-3.1-8B-Instruct,/sharedspace/models/Llama-3.1-8B-Instruct,/home/xay/KVComm/snapshots/multifieldqa_en,/home/xay/KVComm/snapshots/multifieldqa_en/coverage/cov_t0.90_s0.8_w16_0623_2342,/home/xay/KVComm/snapshots/multifieldqa_en/coverage/cov_t0.90_s0.8_w16_0623_2342/log.log,/home/xay/KVComm/snapshots/multifieldqa_en/coverage/cov_t0.90_s0.8_w16_0623_2342/per_sample.jsonl
table8,1,llama31_same,multifieldqa_en,B-ReKV,coverage,cov_t0.90_s0.8_w8_0623_2343,8,,coverage,0.9,0.8,0.5333,0.11396998666666666,150,done,0623_2343,/sharedspace/models/Llama-3.1-8B-Instruct,/sharedspace/models/Llama-3.1-8B-Instruct,/home/xay/KVComm/snapshots/multifieldqa_en,/home/xay/KVComm/snapshots/multifieldqa_en/coverage/cov_t0.90_s0.8_w8_0623_2343,/home/xay/KVComm/snapshots/multifieldqa_en/coverage/cov_t0.90_s0.8_w8_0623_2343/log.log,/home/xay/KVComm/snapshots/multifieldqa_en/coverage/cov_t0.90_s0.8_w8_0623_2343/per_sample.jsonl
table8,1,llama31_same,multifieldqa_en,B-ReKV,coverage,cov_t0.90_s0.9_w16_0623_2354,16,,coverage,0.9,0.9,0.5333,0.16168036,150,done,0623_2354,/sharedspace/models/Llama-3.1-8B-Instruct,/sharedspace/models/Llama-3.1-8B-Instruct,/home/xay/KVComm/snapshots/multifieldqa_en,/home/xay/KVComm/snapshots/multifieldqa_en/coverage/cov_t0.90_s0.9_w16_0623_2354,/home/xay/KVComm/snapshots/multifieldqa_en/coverage/cov_t0.90_s0.9_w16_0623_2354/log.log,/home/xay/KVComm/snapshots/multifieldqa_en/coverage/cov_t0.90_s0.9_w16_0623_2354/per_sample.jsonl
table8,1,llama31_same,multifieldqa_en,B-ReKV,coverage,cov_t0.90_s0.9_w8_0623_2355,8,,coverage,0.9,0.9,0.54,0.12192881333333333,150,done,0623_2355,/sharedspace/models/Llama-3.1-8B-Instruct,/sharedspace/models/Llama-3.1-8B-Instruct,/home/xay/KVComm/snapshots/multifieldqa_en,/home/xay/KVComm/snapshots/multifieldqa_en/coverage/cov_t0.90_s0.9_w8_0623_2355,/home/xay/KVComm/snapshots/multifieldqa_en/coverage/cov_t0.90_s0.9_w8_0623_2355/log.log,/home/xay/KVComm/snapshots/multifieldqa_en/coverage/cov_t0.90_s0.9_w8_0623_2355/per_sample.jsonl
table8,1,llama31_same,multifieldqa_en,B-ReKV,coverage,cov_t0.95_s0.65_w16_0701_1148,16,,coverage,0.95,0.65,0.52,0.22234686,150,done,0701_1148,/sharedspace/models/Llama-3.1-8B-Instruct,/sharedspace/models/Llama-3.1-8B-Instruct,/home/xay/KVComm/snapshots/multifieldqa_en,/home/xay/KVComm/snapshots/multifieldqa_en/coverage/cov_t0.95_s0.65_w16_0701_1148,/home/xay/KVComm/snapshots/multifieldqa_en/coverage/cov_t0.95_s0.65_w16_0701_1148/log.log,/home/xay/KVComm/snapshots/multifieldqa_en/coverage/cov_t0.95_s0.65_w16_0701_1148/per_sample.jsonl
table8,1,llama31_same,multifieldqa_en,B-ReKV,coverage,cov_t0.95_s0.65_w8_0701_1134,8,,coverage,0.95,0.65,0.5067,0.17590902,150,done,0701_1134,/sharedspace/models/Llama-3.1-8B-Instruct,/sharedspace/models/Llama-3.1-8B-Instruct,/home/xay/KVComm/snapshots/multifieldqa_en,/home/xay/KVComm/snapshots/multifieldqa_en/coverage/cov_t0.95_s0.65_w8_0701_1134,/home/xay/KVComm/snapshots/multifieldqa_en/coverage/cov_t0.95_s0.65_w8_0701_1134/log.log,/home/xay/KVComm/snapshots/multifieldqa_en/coverage/cov_t0.95_s0.65_w8_0701_1134/per_sample.jsonl
table8,1,llama31_same,multifieldqa_en,B-ReKV,coverage,cov_t0.95_s0.6_w16_0624_0000,16,,coverage,0.95,0.6,0.52,0.20766801333333335,150,done,0624_0000,/sharedspace/models/Llama-3.1-8B-Instruct,/sharedspace/models/Llama-3.1-8B-Instruct,/home/xay/KVComm/snapshots/multifieldqa_en,/home/xay/KVComm/snapshots/multifieldqa_en/coverage/cov_t0.95_s0.6_w16_0624_0000,/home/xay/KVComm/snapshots/multifieldqa_en/coverage/cov_t0.95_s0.6_w16_0624_0000/log.log,/home/xay/KVComm/snapshots/multifieldqa_en/coverage/cov_t0.95_s0.6_w16_0624_0000/per_sample.jsonl
table8,1,llama31_same,multifieldqa_en,B-ReKV,coverage,cov_t0.95_s0.6_w8_0624_0001,8,,coverage,0.95,0.6,0.52,0.16500686666666667,150,done,0624_0001,/sharedspace/models/Llama-3.1-8B-Instruct,/sharedspace/models/Llama-3.1-8B-Instruct,/home/xay/KVComm/snapshots/multifieldqa_en,/home/xay/KVComm/snapshots/multifieldqa_en/coverage/cov_t0.95_s0.6_w8_0624_0001,/home/xay/KVComm/snapshots/multifieldqa_en/coverage/cov_t0.95_s0.6_w8_0624_0001/log.log,/home/xay/KVComm/snapshots/multifieldqa_en/coverage/cov_t0.95_s0.6_w8_0624_0001/per_sample.jsonl
table8,1,llama31_same,multifieldqa_en,B-ReKV,coverage,cov_t0.95_s0.75_w16_0624_0012,16,,coverage,0.95,0.75,0.5133,0.25171686,150,done,0624_0012,/sharedspace/models/Llama-3.1-8B-Instruct,/sharedspace/models/Llama-3.1-8B-Instruct,/home/xay/KVComm/snapshots/multifieldqa_en,/home/xay/KVComm/snapshots/multifieldqa_en/coverage/cov_t0.95_s0.75_w16_0624_0012,/home/xay/KVComm/snapshots/multifieldqa_en/coverage/cov_t0.95_s0.75_w16_0624_0012/log.log,/home/xay/KVComm/snapshots/multifieldqa_en/coverage/cov_t0.95_s0.75_w16_0624_0012/per_sample.jsonl
table8,1,llama31_same,multifieldqa_en,B-ReKV,coverage,cov_t0.95_s0.75_w8_0624_0013,8,,coverage,0.95,0.75,0.52,0.19782079333333333,150,done,0624_0013,/sharedspace/models/Llama-3.1-8B-Instruct,/sharedspace/models/Llama-3.1-8B-Instruct,/home/xay/KVComm/snapshots/multifieldqa_en,/home/xay/KVComm/snapshots/multifieldqa_en/coverage/cov_t0.95_s0.75_w8_0624_0013,/home/xay/KVComm/snapshots/multifieldqa_en/coverage/cov_t0.95_s0.75_w8_0624_0013/log.log,/home/xay/KVComm/snapshots/multifieldqa_en/coverage/cov_t0.95_s0.75_w8_0624_0013/per_sample.jsonl
table8,1,llama31_same,multifieldqa_en,B-ReKV,coverage,cov_t0.95_s0.7_w16_0624_0006,16,,coverage,0.95,0.7,0.52,0.23702549333333334,150,done,0624_0006,/sharedspace/models/Llama-3.1-8B-Instruct,/sharedspace/models/Llama-3.1-8B-Instruct,/home/xay/KVComm/snapshots/multifieldqa_en,/home/xay/KVComm/snapshots/multifieldqa_en/coverage/cov_t0.95_s0.7_w16_0624_0006,/home/xay/KVComm/snapshots/multifieldqa_en/coverage/cov_t0.95_s0.7_w16_0624_0006/log.log,/home/xay/KVComm/snapshots/multifieldqa_en/coverage/cov_t0.95_s0.7_w16_0624_0006/per_sample.jsonl
table8,1,llama31_same,multifieldqa_en,B-ReKV,coverage,cov_t0.95_s0.7_w8_0624_0007,8,,coverage,0.95,0.7,0.5333,0.18684632666666665,150,done,0624_0007,/sharedspace/models/Llama-3.1-8B-Instruct,/sharedspace/models/Llama-3.1-8B-Instruct,/home/xay/KVComm/snapshots/multifieldqa_en,/home/xay/KVComm/snapshots/multifieldqa_en/coverage/cov_t0.95_s0.7_w8_0624_0007,/home/xay/KVComm/snapshots/multifieldqa_en/coverage/cov_t0.95_s0.7_w8_0624_0007/log.log,/home/xay/KVComm/snapshots/multifieldqa_en/coverage/cov_t0.95_s0.7_w8_0624_0007/per_sample.jsonl
table8,1,llama31_same,multifieldqa_en,B-ReKV,coverage,cov_t0.95_s0.85_w16_0624_0024,16,,coverage,0.95,0.85,0.5133,0.2810913133333333,150,done,0624_0024,/sharedspace/models/Llama-3.1-8B-Instruct,/sharedspace/models/Llama-3.1-8B-Instruct,/home/xay/KVComm/snapshots/multifieldqa_en,/home/xay/KVComm/snapshots/multifieldqa_en/coverage/cov_t0.95_s0.85_w16_0624_0024,/home/xay/KVComm/snapshots/multifieldqa_en/coverage/cov_t0.95_s0.85_w16_0624_0024/log.log,/home/xay/KVComm/snapshots/multifieldqa_en/coverage/cov_t0.95_s0.85_w16_0624_0024/per_sample.jsonl
table8,1,llama31_same,multifieldqa_en,B-ReKV,coverage,cov_t0.95_s0.85_w8_0624_0025,8,,coverage,0.95,0.85,0.5267,0.21982705333333333,150,done,0624_0025,/sharedspace/models/Llama-3.1-8B-Instruct,/sharedspace/models/Llama-3.1-8B-Instruct,/home/xay/KVComm/snapshots/multifieldqa_en,/home/xay/KVComm/snapshots/multifieldqa_en/coverage/cov_t0.95_s0.85_w8_0624_0025,/home/xay/KVComm/snapshots/multifieldqa_en/coverage/cov_t0.95_s0.85_w8_0624_0025/log.log,/home/xay/KVComm/snapshots/multifieldqa_en/coverage/cov_t0.95_s0.85_w8_0624_0025/per_sample.jsonl
table8,1,llama31_same,multifieldqa_en,B-ReKV,coverage,cov_t0.95_s0.8_w16_0624_0018,16,,coverage,0.95,0.8,0.52,0.2664041266666667,150,done,0624_0018,/sharedspace/models/Llama-3.1-8B-Instruct,/sharedspace/models/Llama-3.1-8B-Instruct,/home/xay/KVComm/snapshots/multifieldqa_en,/home/xay/KVComm/snapshots/multifieldqa_en/coverage/cov_t0.95_s0.8_w16_0624_0018,/home/xay/KVComm/snapshots/multifieldqa_en/coverage/cov_t0.95_s0.8_w16_0624_0018/log.log,/home/xay/KVComm/snapshots/multifieldqa_en/coverage/cov_t0.95_s0.8_w16_0624_0018/per_sample.jsonl
table8,1,llama31_same,multifieldqa_en,B-ReKV,coverage,cov_t0.95_s0.8_w8_0624_0019,8,,coverage,0.95,0.8,0.5267,0.20881197333333332,150,done,0624_0019,/sharedspace/models/Llama-3.1-8B-Instruct,/sharedspace/models/Llama-3.1-8B-Instruct,/home/xay/KVComm/snapshots/multifieldqa_en,/home/xay/KVComm/snapshots/multifieldqa_en/coverage/cov_t0.95_s0.8_w8_0624_0019,/home/xay/KVComm/snapshots/multifieldqa_en/coverage/cov_t0.95_s0.8_w8_0624_0019/log.log,/home/xay/KVComm/snapshots/multifieldqa_en/coverage/cov_t0.95_s0.8_w8_0624_0019/per_sample.jsonl
table8,1,llama31_same,multifieldqa_en,B-ReKV,coverage,cov_t0.95_s0.9_w16_0624_0030,16,,coverage,0.95,0.9,0.52,0.29578356,150,done,0624_0030,/sharedspace/models/Llama-3.1-8B-Instruct,/sharedspace/models/Llama-3.1-8B-Instruct,/home/xay/KVComm/snapshots/multifieldqa_en,/home/xay/KVComm/snapshots/multifieldqa_en/coverage/cov_t0.95_s0.9_w16_0624_0030,/home/xay/KVComm/snapshots/multifieldqa_en/coverage/cov_t0.95_s0.9_w16_0624_0030/log.log,/home/xay/KVComm/snapshots/multifieldqa_en/coverage/cov_t0.95_s0.9_w16_0624_0030/per_sample.jsonl
table8,1,llama31_same,multifieldqa_en,B-ReKV,coverage,cov_t0.95_s0.9_w8_0624_0031,8,,coverage,0.95,0.9,0.5133,0.23085664,150,done,0624_0031,/sharedspace/models/Llama-3.1-8B-Instruct,/sharedspace/models/Llama-3.1-8B-Instruct,/home/xay/KVComm/snapshots/multifieldqa_en,/home/xay/KVComm/snapshots/multifieldqa_en/coverage/cov_t0.95_s0.9_w8_0624_0031,/home/xay/KVComm/snapshots/multifieldqa_en/coverage/cov_t0.95_s0.9_w8_0624_0031/log.log,/home/xay/KVComm/snapshots/multifieldqa_en/coverage/cov_t0.95_s0.9_w8_0624_0031/per_sample.jsonl
table8,1,llama31_same,multifieldqa_en,KVComm,kvcomm,kvcomm_top0.3_0615_1647,0,0.3,,,,0.2,,,done,0615_1647,/sharedspace/models/Llama-3.1-8B-Instruct,/sharedspace/models/Llama-3.1-8B-Instruct,/home/xay/KVComm/snapshots/multifieldqa_en,/home/xay/KVComm/snapshots/multifieldqa_en/kvcomm/kvcomm_top0.3_0615_1647,/home/xay/KVComm/snapshots/multifieldqa_en/kvcomm/kvcomm_top0.3_0615_1647/log.log,
table8,1,llama31_same,multifieldqa_en,KVComm,kvcomm,kvcomm_top0.5_0615_1653,0,0.5,,,,0.4933,,,done,0615_1653,/sharedspace/models/Llama-3.1-8B-Instruct,/sharedspace/models/Llama-3.1-8B-Instruct,/home/xay/KVComm/snapshots/multifieldqa_en,/home/xay/KVComm/snapshots/multifieldqa_en/kvcomm/kvcomm_top0.5_0615_1653,/home/xay/KVComm/snapshots/multifieldqa_en/kvcomm/kvcomm_top0.5_0615_1653/log.log,
table8,1,llama31_same,multifieldqa_en,KVComm,kvcomm,kvcomm_top0.7_0615_1659,0,0.7,,,,0.54,,,done,0615_1659,/sharedspace/models/Llama-3.1-8B-Instruct,/sharedspace/models/Llama-3.1-8B-Instruct,/home/xay/KVComm/snapshots/multifieldqa_en,/home/xay/KVComm/snapshots/multifieldqa_en/kvcomm/kvcomm_top0.7_0615_1659,/home/xay/KVComm/snapshots/multifieldqa_en/kvcomm/kvcomm_top0.7_0615_1659/log.log,
table8,1,llama31_same,multifieldqa_en,KVComm,kvcomm,kvcomm_top1.0_0615_1705,0,1.0,,,,0.5733,,,done,0615_1705,/sharedspace/models/Llama-3.1-8B-Instruct,/sharedspace/models/Llama-3.1-8B-Instruct,/home/xay/KVComm/snapshots/multifieldqa_en,/home/xay/KVComm/snapshots/multifieldqa_en/kvcomm/kvcomm_top1.0_0615_1705,/home/xay/KVComm/snapshots/multifieldqa_en/kvcomm/kvcomm_top1.0_0615_1705/log.log,
table8,1,llama31_same,multifieldqa_en,evict,mtc_evict,evict_r0.1_0615_1804,0,0.1,,,,0.18,,,done,0615_1804,/sharedspace/models/Llama-3.1-8B-Instruct,/sharedspace/models/Llama-3.1-8B-Instruct,/home/xay/KVComm/snapshots/multifieldqa_en,/home/xay/KVComm/snapshots/multifieldqa_en/mtc_evict/evict_r0.1_0615_1804,/home/xay/KVComm/snapshots/multifieldqa_en/mtc_evict/evict_r0.1_0615_1804/log.log,
table8,1,llama31_same,multifieldqa_en,evict,mtc_evict,evict_r0.2_0615_1809,0,0.2,,,,0.3133,,,done,0615_1809,/sharedspace/models/Llama-3.1-8B-Instruct,/sharedspace/models/Llama-3.1-8B-Instruct,/home/xay/KVComm/snapshots/multifieldqa_en,/home/xay/KVComm/snapshots/multifieldqa_en/mtc_evict/evict_r0.2_0615_1809,/home/xay/KVComm/snapshots/multifieldqa_en/mtc_evict/evict_r0.2_0615_1809/log.log,
table8,1,llama31_same,multifieldqa_en,evict,mtc_evict,evict_r0.3_0615_1814,0,0.3,,,,0.3333,,,done,0615_1814,/sharedspace/models/Llama-3.1-8B-Instruct,/sharedspace/models/Llama-3.1-8B-Instruct,/home/xay/KVComm/snapshots/multifieldqa_en,/home/xay/KVComm/snapshots/multifieldqa_en/mtc_evict/evict_r0.3_0615_1814,/home/xay/KVComm/snapshots/multifieldqa_en/mtc_evict/evict_r0.3_0615_1814/log.log,
table8,1,llama31_same,multifieldqa_en,evict,mtc_evict,evict_r0.4_0615_1818,0,0.4,,,,0.4067,,,done,0615_1818,/sharedspace/models/Llama-3.1-8B-Instruct,/sharedspace/models/Llama-3.1-8B-Instruct,/home/xay/KVComm/snapshots/multifieldqa_en,/home/xay/KVComm/snapshots/multifieldqa_en/mtc_evict/evict_r0.4_0615_1818,/home/xay/KVComm/snapshots/multifieldqa_en/mtc_evict/evict_r0.4_0615_1818/log.log,
table8,1,llama31_same,multifieldqa_en,evict,mtc_evict,evict_r0.5_0615_1823,0,0.5,,,,0.3867,,,done,0615_1823,/sharedspace/models/Llama-3.1-8B-Instruct,/sharedspace/models/Llama-3.1-8B-Instruct,/home/xay/KVComm/snapshots/multifieldqa_en,/home/xay/KVComm/snapshots/multifieldqa_en/mtc_evict/evict_r0.5_0615_1823,/home/xay/KVComm/snapshots/multifieldqa_en/mtc_evict/evict_r0.5_0615_1823/log.log,
table8,1,llama31_same,multifieldqa_en,evict,mtc_evict,evict_r0.6_0615_1829,0,0.6,,,,0.5067,,,done,0615_1829,/sharedspace/models/Llama-3.1-8B-Instruct,/sharedspace/models/Llama-3.1-8B-Instruct,/home/xay/KVComm/snapshots/multifieldqa_en,/home/xay/KVComm/snapshots/multifieldqa_en/mtc_evict/evict_r0.6_0615_1829,/home/xay/KVComm/snapshots/multifieldqa_en/mtc_evict/evict_r0.6_0615_1829/log.log,
table8,1,llama31_same,multifieldqa_en,evict,mtc_evict,evict_r0.7_0615_1834,0,0.7,,,,0.4933,,,done,0615_1834,/sharedspace/models/Llama-3.1-8B-Instruct,/sharedspace/models/Llama-3.1-8B-Instruct,/home/xay/KVComm/snapshots/multifieldqa_en,/home/xay/KVComm/snapshots/multifieldqa_en/mtc_evict/evict_r0.7_0615_1834,/home/xay/KVComm/snapshots/multifieldqa_en/mtc_evict/evict_r0.7_0615_1834/log.log,
table8,1,llama31_same,multifieldqa_en,evict,mtc_evict,evict_r0.8_0615_1840,0,0.8,,,,0.5267,,,done,0615_1840,/sharedspace/models/Llama-3.1-8B-Instruct,/sharedspace/models/Llama-3.1-8B-Instruct,/home/xay/KVComm/snapshots/multifieldqa_en,/home/xay/KVComm/snapshots/multifieldqa_en/mtc_evict/evict_r0.8_0615_1840,/home/xay/KVComm/snapshots/multifieldqa_en/mtc_evict/evict_r0.8_0615_1840/log.log,
table8,1,llama31_same,multifieldqa_en,evict,mtc_evict,evict_r0.9_0615_1845,0,0.9,,,,0.54,,,done,0615_1845,/sharedspace/models/Llama-3.1-8B-Instruct,/sharedspace/models/Llama-3.1-8B-Instruct,/home/xay/KVComm/snapshots/multifieldqa_en,/home/xay/KVComm/snapshots/multifieldqa_en/mtc_evict/evict_r0.9_0615_1845,/home/xay/KVComm/snapshots/multifieldqa_en/mtc_evict/evict_r0.9_0615_1845/log.log,
table8,1,llama31_same,multifieldqa_en,merge,mtc_merge,merge_r0.1_0615_1711,0,0.1,,,,0.16,,,done,0615_1711,/sharedspace/models/Llama-3.1-8B-Instruct,/sharedspace/models/Llama-3.1-8B-Instruct,/home/xay/KVComm/snapshots/multifieldqa_en,/home/xay/KVComm/snapshots/multifieldqa_en/mtc_merge/merge_r0.1_0615_1711,/home/xay/KVComm/snapshots/multifieldqa_en/mtc_merge/merge_r0.1_0615_1711/log.log,
table8,1,llama31_same,multifieldqa_en,merge,mtc_merge,merge_r0.2_0615_1717,0,0.2,,,,0.26,,,done,0615_1717,/sharedspace/models/Llama-3.1-8B-Instruct,/sharedspace/models/Llama-3.1-8B-Instruct,/home/xay/KVComm/snapshots/multifieldqa_en,/home/xay/KVComm/snapshots/multifieldqa_en/mtc_merge/merge_r0.2_0615_1717,/home/xay/KVComm/snapshots/multifieldqa_en/mtc_merge/merge_r0.2_0615_1717/log.log,
table8,1,llama31_same,multifieldqa_en,merge,mtc_merge,merge_r0.3_0615_1723,0,0.3,,,,0.34,,,done,0615_1723,/sharedspace/models/Llama-3.1-8B-Instruct,/sharedspace/models/Llama-3.1-8B-Instruct,/home/xay/KVComm/snapshots/multifieldqa_en,/home/xay/KVComm/snapshots/multifieldqa_en/mtc_merge/merge_r0.3_0615_1723,/home/xay/KVComm/snapshots/multifieldqa_en/mtc_merge/merge_r0.3_0615_1723/log.log,
table8,1,llama31_same,multifieldqa_en,merge,mtc_merge,merge_r0.4_0615_1728,0,0.4,,,,0.4,,,done,0615_1728,/sharedspace/models/Llama-3.1-8B-Instruct,/sharedspace/models/Llama-3.1-8B-Instruct,/home/xay/KVComm/snapshots/multifieldqa_en,/home/xay/KVComm/snapshots/multifieldqa_en/mtc_merge/merge_r0.4_0615_1728,/home/xay/KVComm/snapshots/multifieldqa_en/mtc_merge/merge_r0.4_0615_1728/log.log,
table8,1,llama31_same,multifieldqa_en,merge,mtc_merge,merge_r0.5_0615_1734,0,0.5,,,,0.4,,,done,0615_1734,/sharedspace/models/Llama-3.1-8B-Instruct,/sharedspace/models/Llama-3.1-8B-Instruct,/home/xay/KVComm/snapshots/multifieldqa_en,/home/xay/KVComm/snapshots/multifieldqa_en/mtc_merge/merge_r0.5_0615_1734,/home/xay/KVComm/snapshots/multifieldqa_en/mtc_merge/merge_r0.5_0615_1734/log.log,
table8,1,llama31_same,multifieldqa_en,merge,mtc_merge,merge_r0.6_0615_1740,0,0.6,,,,0.52,,,done,0615_1740,/sharedspace/models/Llama-3.1-8B-Instruct,/sharedspace/models/Llama-3.1-8B-Instruct,/home/xay/KVComm/snapshots/multifieldqa_en,/home/xay/KVComm/snapshots/multifieldqa_en/mtc_merge/merge_r0.6_0615_1740,/home/xay/KVComm/snapshots/multifieldqa_en/mtc_merge/merge_r0.6_0615_1740/log.log,
table8,1,llama31_same,multifieldqa_en,merge,mtc_merge,merge_r0.7_0615_1745,0,0.7,,,,0.5533,,,done,0615_1745,/sharedspace/models/Llama-3.1-8B-Instruct,/sharedspace/models/Llama-3.1-8B-Instruct,/home/xay/KVComm/snapshots/multifieldqa_en,/home/xay/KVComm/snapshots/multifieldqa_en/mtc_merge/merge_r0.7_0615_1745,/home/xay/KVComm/snapshots/multifieldqa_en/mtc_merge/merge_r0.7_0615_1745/log.log,
table8,1,llama31_same,multifieldqa_en,merge,mtc_merge,merge_r0.8_0615_1752,0,0.8,,,,0.54,,,done,0615_1752,/sharedspace/models/Llama-3.1-8B-Instruct,/sharedspace/models/Llama-3.1-8B-Instruct,/home/xay/KVComm/snapshots/multifieldqa_en,/home/xay/KVComm/snapshots/multifieldqa_en/mtc_merge/merge_r0.8_0615_1752,/home/xay/KVComm/snapshots/multifieldqa_en/mtc_merge/merge_r0.8_0615_1752/log.log,
table8,1,llama31_same,multifieldqa_en,merge,mtc_merge,merge_r0.9_0615_1758,0,0.9,,,,0.54,,,done,0615_1758,/sharedspace/models/Llama-3.1-8B-Instruct,/sharedspace/models/Llama-3.1-8B-Instruct,/home/xay/KVComm/snapshots/multifieldqa_en,/home/xay/KVComm/snapshots/multifieldqa_en/mtc_merge/merge_r0.9_0615_1758,/home/xay/KVComm/snapshots/multifieldqa_en/mtc_merge/merge_r0.9_0615_1758/log.log,
table8,1,llama31_same,multifieldqa_en,ReKV-probe,mtc_receiver,probe_recv_w16_r0.05_0701_1158,16,0.05,uniform,,,0.5133,0.07968805999999999,150,done,0701_1158,/sharedspace/models/Llama-3.1-8B-Instruct,/sharedspace/models/Llama-3.1-8B-Instruct,/home/xay/KVComm/snapshots/multifieldqa_en,/home/xay/KVComm/snapshots/multifieldqa_en/mtc_receiver/probe_recv_w16_r0.05_0701_1158,/home/xay/KVComm/snapshots/multifieldqa_en/mtc_receiver/probe_recv_w16_r0.05_0701_1158/log.log,/home/xay/KVComm/snapshots/multifieldqa_en/mtc_receiver/probe_recv_w16_r0.05_0701_1158/per_sample.jsonl
table8,1,llama31_same,multifieldqa_en,ReKV-probe,mtc_receiver,probe_recv_w16_r0.15_0701_1212,16,0.15,uniform,,,0.5,0.17654717333333333,150,done,0701_1212,/sharedspace/models/Llama-3.1-8B-Instruct,/sharedspace/models/Llama-3.1-8B-Instruct,/home/xay/KVComm/snapshots/multifieldqa_en,/home/xay/KVComm/snapshots/multifieldqa_en/mtc_receiver/probe_recv_w16_r0.15_0701_1212,/home/xay/KVComm/snapshots/multifieldqa_en/mtc_receiver/probe_recv_w16_r0.15_0701_1212/log.log,/home/xay/KVComm/snapshots/multifieldqa_en/mtc_receiver/probe_recv_w16_r0.15_0701_1212/per_sample.jsonl
table8,1,llama31_same,multifieldqa_en,ReKV-probe,mtc_receiver,probe_recv_w16_r0.1_0701_1205,16,0.1,uniform,,,0.5333,0.12812200666666668,150,done,0701_1205,/sharedspace/models/Llama-3.1-8B-Instruct,/sharedspace/models/Llama-3.1-8B-Instruct,/home/xay/KVComm/snapshots/multifieldqa_en,/home/xay/KVComm/snapshots/multifieldqa_en/mtc_receiver/probe_recv_w16_r0.1_0701_1205,/home/xay/KVComm/snapshots/multifieldqa_en/mtc_receiver/probe_recv_w16_r0.1_0701_1205/log.log,/home/xay/KVComm/snapshots/multifieldqa_en/mtc_receiver/probe_recv_w16_r0.1_0701_1205/per_sample.jsonl
table8,1,llama31_same,multifieldqa_en,ReKV-probe,mtc_receiver,probe_recv_w16_r0.2_0701_1219,16,0.2,uniform,,,0.5067,0.2250107266666667,150,done,0701_1219,/sharedspace/models/Llama-3.1-8B-Instruct,/sharedspace/models/Llama-3.1-8B-Instruct,/home/xay/KVComm/snapshots/multifieldqa_en,/home/xay/KVComm/snapshots/multifieldqa_en/mtc_receiver/probe_recv_w16_r0.2_0701_1219,/home/xay/KVComm/snapshots/multifieldqa_en/mtc_receiver/probe_recv_w16_r0.2_0701_1219/log.log,/home/xay/KVComm/snapshots/multifieldqa_en/mtc_receiver/probe_recv_w16_r0.2_0701_1219/per_sample.jsonl
table8,1,llama31_same,multifieldqa_en,ReKV-probe,mtc_receiver,probe_recv_w16_r0.3_0701_1225,16,0.3,uniform,,,0.5133,0.32186672666666666,150,done,0701_1225,/sharedspace/models/Llama-3.1-8B-Instruct,/sharedspace/models/Llama-3.1-8B-Instruct,/home/xay/KVComm/snapshots/multifieldqa_en,/home/xay/KVComm/snapshots/multifieldqa_en/mtc_receiver/probe_recv_w16_r0.3_0701_1225,/home/xay/KVComm/snapshots/multifieldqa_en/mtc_receiver/probe_recv_w16_r0.3_0701_1225/log.log,/home/xay/KVComm/snapshots/multifieldqa_en/mtc_receiver/probe_recv_w16_r0.3_0701_1225/per_sample.jsonl
table8,1,llama31_same,multifieldqa_en,ReKV-probe,mtc_receiver,probe_recv_w16_r0.4_0701_1232,16,0.4,uniform,,,0.52,0.41876210666666663,150,done,0701_1232,/sharedspace/models/Llama-3.1-8B-Instruct,/sharedspace/models/Llama-3.1-8B-Instruct,/home/xay/KVComm/snapshots/multifieldqa_en,/home/xay/KVComm/snapshots/multifieldqa_en/mtc_receiver/probe_recv_w16_r0.4_0701_1232,/home/xay/KVComm/snapshots/multifieldqa_en/mtc_receiver/probe_recv_w16_r0.4_0701_1232/log.log,/home/xay/KVComm/snapshots/multifieldqa_en/mtc_receiver/probe_recv_w16_r0.4_0701_1232/per_sample.jsonl
table8,1,llama31_same,multifieldqa_en,ReKV-probe,mtc_receiver,probe_recv_w16_r0.5_0701_1239,16,0.5,uniform,,,0.52,0.5156132866666667,150,done,0701_1239,/sharedspace/models/Llama-3.1-8B-Instruct,/sharedspace/models/Llama-3.1-8B-Instruct,/home/xay/KVComm/snapshots/multifieldqa_en,/home/xay/KVComm/snapshots/multifieldqa_en/mtc_receiver/probe_recv_w16_r0.5_0701_1239,/home/xay/KVComm/snapshots/multifieldqa_en/mtc_receiver/probe_recv_w16_r0.5_0701_1239/log.log,/home/xay/KVComm/snapshots/multifieldqa_en/mtc_receiver/probe_recv_w16_r0.5_0701_1239/per_sample.jsonl
table8,1,llama31_same,multifieldqa_en,ReKV-probe,mtc_receiver,probe_recv_w16_r0.7_0701_1246,16,0.7,uniform,,,0.54,0.7093676999999999,150,done,0701_1246,/sharedspace/models/Llama-3.1-8B-Instruct,/sharedspace/models/Llama-3.1-8B-Instruct,/home/xay/KVComm/snapshots/multifieldqa_en,/home/xay/KVComm/snapshots/multifieldqa_en/mtc_receiver/probe_recv_w16_r0.7_0701_1246,/home/xay/KVComm/snapshots/multifieldqa_en/mtc_receiver/probe_recv_w16_r0.7_0701_1246/log.log,/home/xay/KVComm/snapshots/multifieldqa_en/mtc_receiver/probe_recv_w16_r0.7_0701_1246/per_sample.jsonl
table8,1,llama31_same,multifieldqa_en,ReKV,mtc_receiver,recv_w16_r0.1_0615_1741,16,0.1,,,,0.5333,,,done,0615_1741,/sharedspace/models/Llama-3.1-8B-Instruct,/sharedspace/models/Llama-3.1-8B-Instruct,/home/xay/KVComm/snapshots/multifieldqa_en,/home/xay/KVComm/snapshots/multifieldqa_en/mtc_receiver/recv_w16_r0.1_0615_1741,/home/xay/KVComm/snapshots/multifieldqa_en/mtc_receiver/recv_w16_r0.1_0615_1741/log.log,
table8,1,llama31_same,multifieldqa_en,ReKV,mtc_receiver,recv_w16_r0.2_0615_1746,16,0.2,,,,0.5067,,,done,0615_1746,/sharedspace/models/Llama-3.1-8B-Instruct,/sharedspace/models/Llama-3.1-8B-Instruct,/home/xay/KVComm/snapshots/multifieldqa_en,/home/xay/KVComm/snapshots/multifieldqa_en/mtc_receiver/recv_w16_r0.2_0615_1746,/home/xay/KVComm/snapshots/multifieldqa_en/mtc_receiver/recv_w16_r0.2_0615_1746/log.log,
table8,1,llama31_same,multifieldqa_en,ReKV,mtc_receiver,recv_w16_r0.3_0615_1752,16,0.3,,,,0.5133,,,done,0615_1752,/sharedspace/models/Llama-3.1-8B-Instruct,/sharedspace/models/Llama-3.1-8B-Instruct,/home/xay/KVComm/snapshots/multifieldqa_en,/home/xay/KVComm/snapshots/multifieldqa_en/mtc_receiver/recv_w16_r0.3_0615_1752,/home/xay/KVComm/snapshots/multifieldqa_en/mtc_receiver/recv_w16_r0.3_0615_1752/log.log,
table8,1,llama31_same,multifieldqa_en,ReKV,mtc_receiver,recv_w16_r0.4_0615_1758,16,0.4,,,,0.52,,,done,0615_1758,/sharedspace/models/Llama-3.1-8B-Instruct,/sharedspace/models/Llama-3.1-8B-Instruct,/home/xay/KVComm/snapshots/multifieldqa_en,/home/xay/KVComm/snapshots/multifieldqa_en/mtc_receiver/recv_w16_r0.4_0615_1758,/home/xay/KVComm/snapshots/multifieldqa_en/mtc_receiver/recv_w16_r0.4_0615_1758/log.log,
table8,1,llama31_same,multifieldqa_en,ReKV,mtc_receiver,recv_w16_r0.5_0615_1804,16,0.5,,,,0.52,,,done,0615_1804,/sharedspace/models/Llama-3.1-8B-Instruct,/sharedspace/models/Llama-3.1-8B-Instruct,/home/xay/KVComm/snapshots/multifieldqa_en,/home/xay/KVComm/snapshots/multifieldqa_en/mtc_receiver/recv_w16_r0.5_0615_1804,/home/xay/KVComm/snapshots/multifieldqa_en/mtc_receiver/recv_w16_r0.5_0615_1804/log.log,
table8,1,llama31_same,multifieldqa_en,ReKV,mtc_receiver,recv_w16_r0.6_0615_1810,16,0.6,,,,0.5267,,,done,0615_1810,/sharedspace/models/Llama-3.1-8B-Instruct,/sharedspace/models/Llama-3.1-8B-Instruct,/home/xay/KVComm/snapshots/multifieldqa_en,/home/xay/KVComm/snapshots/multifieldqa_en/mtc_receiver/recv_w16_r0.6_0615_1810,/home/xay/KVComm/snapshots/multifieldqa_en/mtc_receiver/recv_w16_r0.6_0615_1810/log.log,
table8,1,llama31_same,multifieldqa_en,ReKV,mtc_receiver,recv_w16_r0.7_0615_1816,16,0.7,,,,0.54,,,done,0615_1816,/sharedspace/models/Llama-3.1-8B-Instruct,/sharedspace/models/Llama-3.1-8B-Instruct,/home/xay/KVComm/snapshots/multifieldqa_en,/home/xay/KVComm/snapshots/multifieldqa_en/mtc_receiver/recv_w16_r0.7_0615_1816,/home/xay/KVComm/snapshots/multifieldqa_en/mtc_receiver/recv_w16_r0.7_0615_1816/log.log,
table8,1,llama31_same,multifieldqa_en,ReKV,mtc_receiver,recv_w16_r0.8_0615_1822,16,0.8,,,,0.54,,,done,0615_1822,/sharedspace/models/Llama-3.1-8B-Instruct,/sharedspace/models/Llama-3.1-8B-Instruct,/home/xay/KVComm/snapshots/multifieldqa_en,/home/xay/KVComm/snapshots/multifieldqa_en/mtc_receiver/recv_w16_r0.8_0615_1822,/home/xay/KVComm/snapshots/multifieldqa_en/mtc_receiver/recv_w16_r0.8_0615_1822/log.log,
table8,1,llama31_same,multifieldqa_en,ReKV,mtc_receiver,recv_w16_r0.9_0615_1828,16,0.9,,,,0.54,,,done,0615_1828,/sharedspace/models/Llama-3.1-8B-Instruct,/sharedspace/models/Llama-3.1-8B-Instruct,/home/xay/KVComm/snapshots/multifieldqa_en,/home/xay/KVComm/snapshots/multifieldqa_en/mtc_receiver/recv_w16_r0.9_0615_1828,/home/xay/KVComm/snapshots/multifieldqa_en/mtc_receiver/recv_w16_r0.9_0615_1828/log.log,
table8,1,llama31_same,multifieldqa_en,ReKV,mtc_receiver,recv_w8_r0.1_0615_1647,8,0.1,,,,0.52,,,done,0615_1647,/sharedspace/models/Llama-3.1-8B-Instruct,/sharedspace/models/Llama-3.1-8B-Instruct,/home/xay/KVComm/snapshots/multifieldqa_en,/home/xay/KVComm/snapshots/multifieldqa_en/mtc_receiver/recv_w8_r0.1_0615_1647,/home/xay/KVComm/snapshots/multifieldqa_en/mtc_receiver/recv_w8_r0.1_0615_1647/log.log,
table8,1,llama31_same,multifieldqa_en,ReKV,mtc_receiver,recv_w8_r0.2_0615_1653,8,0.2,,,,0.5067,,,done,0615_1653,/sharedspace/models/Llama-3.1-8B-Instruct,/sharedspace/models/Llama-3.1-8B-Instruct,/home/xay/KVComm/snapshots/multifieldqa_en,/home/xay/KVComm/snapshots/multifieldqa_en/mtc_receiver/recv_w8_r0.2_0615_1653,/home/xay/KVComm/snapshots/multifieldqa_en/mtc_receiver/recv_w8_r0.2_0615_1653/log.log,
table8,1,llama31_same,multifieldqa_en,ReKV,mtc_receiver,recv_w8_r0.3_0615_1659,8,0.3,,,,0.5067,,,done,0615_1659,/sharedspace/models/Llama-3.1-8B-Instruct,/sharedspace/models/Llama-3.1-8B-Instruct,/home/xay/KVComm/snapshots/multifieldqa_en,/home/xay/KVComm/snapshots/multifieldqa_en/mtc_receiver/recv_w8_r0.3_0615_1659,/home/xay/KVComm/snapshots/multifieldqa_en/mtc_receiver/recv_w8_r0.3_0615_1659/log.log,
table8,1,llama31_same,multifieldqa_en,ReKV,mtc_receiver,recv_w8_r0.4_0615_1705,8,0.4,,,,0.52,,,done,0615_1705,/sharedspace/models/Llama-3.1-8B-Instruct,/sharedspace/models/Llama-3.1-8B-Instruct,/home/xay/KVComm/snapshots/multifieldqa_en,/home/xay/KVComm/snapshots/multifieldqa_en/mtc_receiver/recv_w8_r0.4_0615_1705,/home/xay/KVComm/snapshots/multifieldqa_en/mtc_receiver/recv_w8_r0.4_0615_1705/log.log,
table8,1,llama31_same,multifieldqa_en,ReKV,mtc_receiver,recv_w8_r0.5_0615_1710,8,0.5,,,,0.5267,,,done,0615_1710,/sharedspace/models/Llama-3.1-8B-Instruct,/sharedspace/models/Llama-3.1-8B-Instruct,/home/xay/KVComm/snapshots/multifieldqa_en,/home/xay/KVComm/snapshots/multifieldqa_en/mtc_receiver/recv_w8_r0.5_0615_1710,/home/xay/KVComm/snapshots/multifieldqa_en/mtc_receiver/recv_w8_r0.5_0615_1710/log.log,
table8,1,llama31_same,multifieldqa_en,ReKV,mtc_receiver,recv_w8_r0.6_0615_1716,8,0.6,,,,0.5333,,,done,0615_1716,/sharedspace/models/Llama-3.1-8B-Instruct,/sharedspace/models/Llama-3.1-8B-Instruct,/home/xay/KVComm/snapshots/multifieldqa_en,/home/xay/KVComm/snapshots/multifieldqa_en/mtc_receiver/recv_w8_r0.6_0615_1716,/home/xay/KVComm/snapshots/multifieldqa_en/mtc_receiver/recv_w8_r0.6_0615_1716/log.log,
table8,1,llama31_same,multifieldqa_en,ReKV,mtc_receiver,recv_w8_r0.7_0615_1722,8,0.7,,,,0.5333,,,done,0615_1722,/sharedspace/models/Llama-3.1-8B-Instruct,/sharedspace/models/Llama-3.1-8B-Instruct,/home/xay/KVComm/snapshots/multifieldqa_en,/home/xay/KVComm/snapshots/multifieldqa_en/mtc_receiver/recv_w8_r0.7_0615_1722,/home/xay/KVComm/snapshots/multifieldqa_en/mtc_receiver/recv_w8_r0.7_0615_1722/log.log,
table8,1,llama31_same,multifieldqa_en,ReKV,mtc_receiver,recv_w8_r0.8_0615_1728,8,0.8,,,,0.5467,,,done,0615_1728,/sharedspace/models/Llama-3.1-8B-Instruct,/sharedspace/models/Llama-3.1-8B-Instruct,/home/xay/KVComm/snapshots/multifieldqa_en,/home/xay/KVComm/snapshots/multifieldqa_en/mtc_receiver/recv_w8_r0.8_0615_1728,/home/xay/KVComm/snapshots/multifieldqa_en/mtc_receiver/recv_w8_r0.8_0615_1728/log.log,
table8,1,llama31_same,multifieldqa_en,ReKV,mtc_receiver,recv_w8_r0.9_0615_1735,8,0.9,,,,0.54,,,done,0615_1735,/sharedspace/models/Llama-3.1-8B-Instruct,/sharedspace/models/Llama-3.1-8B-Instruct,/home/xay/KVComm/snapshots/multifieldqa_en,/home/xay/KVComm/snapshots/multifieldqa_en/mtc_receiver/recv_w8_r0.9_0615_1735,/home/xay/KVComm/snapshots/multifieldqa_en/mtc_receiver/recv_w8_r0.9_0615_1735/log.log,
table8,1,llama31_same,musique,budget-layer,budget,layer_r0.2_0619_0100,16,0.2,layer,,,0.406,0.225006364,500,done,0619_0100,/sharedspace/models/Llama-3.1-8B-Instruct,/sharedspace/models/Llama-3.1-8B-Instruct,/home/xay/KVComm/snapshots/musique,/home/xay/KVComm/snapshots/musique/budget/layer_r0.2_0619_0100,/home/xay/KVComm/snapshots/musique/budget/layer_r0.2_0619_0100/log.log,/home/xay/KVComm/snapshots/musique/budget/layer_r0.2_0619_0100/per_sample.jsonl
table8,1,llama31_same,musique,budget-layer,budget,layer_r0.3_0619_0111,16,0.3,layer,,,0.46,0.321863366,500,done,0619_0111,/sharedspace/models/Llama-3.1-8B-Instruct,/sharedspace/models/Llama-3.1-8B-Instruct,/home/xay/KVComm/snapshots/musique,/home/xay/KVComm/snapshots/musique/budget/layer_r0.3_0619_0111,/home/xay/KVComm/snapshots/musique/budget/layer_r0.3_0619_0111/log.log,/home/xay/KVComm/snapshots/musique/budget/layer_r0.3_0619_0111/per_sample.jsonl
table8,1,llama31_same,musique,budget-layer,budget,layer_r0.5_0619_0122,16,0.5,layer,,,0.472,0.5156259360000001,500,done,0619_0122,/sharedspace/models/Llama-3.1-8B-Instruct,/sharedspace/models/Llama-3.1-8B-Instruct,/home/xay/KVComm/snapshots/musique,/home/xay/KVComm/snapshots/musique/budget/layer_r0.5_0619_0122,/home/xay/KVComm/snapshots/musique/budget/layer_r0.5_0619_0122/log.log,/home/xay/KVComm/snapshots/musique/budget/layer_r0.5_0619_0122/per_sample.jsonl
table8,1,llama31_same,musique,budget-query,budget,query_0.05_0.3_0619_0128,16,0.2,query,,,0.37,0.17748007200000002,500,done,0619_0128,/sharedspace/models/Llama-3.1-8B-Instruct,/sharedspace/models/Llama-3.1-8B-Instruct,/home/xay/KVComm/snapshots/musique,/home/xay/KVComm/snapshots/musique/budget/query_0.05_0.3_0619_0128,/home/xay/KVComm/snapshots/musique/budget/query_0.05_0.3_0619_0128/log.log,/home/xay/KVComm/snapshots/musique/budget/query_0.05_0.3_0619_0128/per_sample.jsonl
table8,1,llama31_same,musique,budget-query,budget,query_0.15_0.7_0619_0154,16,0.2,query,,,0.474,0.391738294,500,done,0619_0154,/sharedspace/models/Llama-3.1-8B-Instruct,/sharedspace/models/Llama-3.1-8B-Instruct,/home/xay/KVComm/snapshots/musique,/home/xay/KVComm/snapshots/musique/budget/query_0.15_0.7_0619_0154,/home/xay/KVComm/snapshots/musique/budget/query_0.15_0.7_0619_0154/log.log,/home/xay/KVComm/snapshots/musique/budget/query_0.15_0.7_0619_0154/per_sample.jsonl
table8,1,llama31_same,musique,budget-query,budget,query_0.1_0.5_0619_0141,16,0.2,query,,,0.438,0.284630804,500,done,0619_0141,/sharedspace/models/Llama-3.1-8B-Instruct,/sharedspace/models/Llama-3.1-8B-Instruct,/home/xay/KVComm/snapshots/musique,/home/xay/KVComm/snapshots/musique/budget/query_0.1_0.5_0619_0141,/home/xay/KVComm/snapshots/musique/budget/query_0.1_0.5_0619_0141/log.log,/home/xay/KVComm/snapshots/musique/budget/query_0.1_0.5_0619_0141/per_sample.jsonl
table8,1,llama31_same,musique,budget-query+layer,budget,querylayer_0.05_0.3_0619_0135,16,0.2,query+layer,,,0.366,0.177502444,500,done,0619_0135,/sharedspace/models/Llama-3.1-8B-Instruct,/sharedspace/models/Llama-3.1-8B-Instruct,/home/xay/KVComm/snapshots/musique,/home/xay/KVComm/snapshots/musique/budget/querylayer_0.05_0.3_0619_0135,/home/xay/KVComm/snapshots/musique/budget/querylayer_0.05_0.3_0619_0135/log.log,/home/xay/KVComm/snapshots/musique/budget/querylayer_0.05_0.3_0619_0135/per_sample.jsonl
table8,1,llama31_same,musique,budget-query+layer,budget,querylayer_0.15_0.7_0619_0200,16,0.2,query+layer,,,0.482,0.39173179199999997,500,done,0619_0200,/sharedspace/models/Llama-3.1-8B-Instruct,/sharedspace/models/Llama-3.1-8B-Instruct,/home/xay/KVComm/snapshots/musique,/home/xay/KVComm/snapshots/musique/budget/querylayer_0.15_0.7_0619_0200,/home/xay/KVComm/snapshots/musique/budget/querylayer_0.15_0.7_0619_0200/log.log,/home/xay/KVComm/snapshots/musique/budget/querylayer_0.15_0.7_0619_0200/per_sample.jsonl
table8,1,llama31_same,musique,budget-query+layer,budget,querylayer_0.1_0.5_0619_0146,16,0.2,query+layer,,,0.438,0.284617892,500,done,0619_0146,/sharedspace/models/Llama-3.1-8B-Instruct,/sharedspace/models/Llama-3.1-8B-Instruct,/home/xay/KVComm/snapshots/musique,/home/xay/KVComm/snapshots/musique/budget/querylayer_0.1_0.5_0619_0146,/home/xay/KVComm/snapshots/musique/budget/querylayer_0.1_0.5_0619_0146/log.log,/home/xay/KVComm/snapshots/musique/budget/querylayer_0.1_0.5_0619_0146/per_sample.jsonl
table8,1,llama31_same,musique,budget-uniform,budget,uniform_r0.2_0619_0054,16,0.2,uniform,,,0.404,0.225057064,500,done,0619_0054,/sharedspace/models/Llama-3.1-8B-Instruct,/sharedspace/models/Llama-3.1-8B-Instruct,/home/xay/KVComm/snapshots/musique,/home/xay/KVComm/snapshots/musique/budget/uniform_r0.2_0619_0054,/home/xay/KVComm/snapshots/musique/budget/uniform_r0.2_0619_0054/log.log,/home/xay/KVComm/snapshots/musique/budget/uniform_r0.2_0619_0054/per_sample.jsonl
table8,1,llama31_same,musique,budget-uniform,budget,uniform_r0.3_0619_0106,16,0.3,uniform,,,0.462,0.321838688,500,done,0619_0106,/sharedspace/models/Llama-3.1-8B-Instruct,/sharedspace/models/Llama-3.1-8B-Instruct,/home/xay/KVComm/snapshots/musique,/home/xay/KVComm/snapshots/musique/budget/uniform_r0.3_0619_0106,/home/xay/KVComm/snapshots/musique/budget/uniform_r0.3_0619_0106/log.log,/home/xay/KVComm/snapshots/musique/budget/uniform_r0.3_0619_0106/per_sample.jsonl
table8,1,llama31_same,musique,budget-uniform,budget,uniform_r0.5_0619_0116,16,0.5,uniform,,,0.474,0.5156771240000001,500,done,0619_0116,/sharedspace/models/Llama-3.1-8B-Instruct,/sharedspace/models/Llama-3.1-8B-Instruct,/home/xay/KVComm/snapshots/musique,/home/xay/KVComm/snapshots/musique/budget/uniform_r0.5_0619_0116,/home/xay/KVComm/snapshots/musique/budget/uniform_r0.5_0619_0116/log.log,/home/xay/KVComm/snapshots/musique/budget/uniform_r0.5_0619_0116/per_sample.jsonl
table8,1,llama31_same,musique,B-ReKV,coverage,cov_t0.90_s0.65_w16_0701_1023,16,,coverage,0.9,0.65,0.41,0.181088624,500,done,0701_1023,/sharedspace/models/Llama-3.1-8B-Instruct,/sharedspace/models/Llama-3.1-8B-Instruct,/home/xay/KVComm/snapshots/musique,/home/xay/KVComm/snapshots/musique/coverage/cov_t0.90_s0.65_w16_0701_1023,/home/xay/KVComm/snapshots/musique/coverage/cov_t0.90_s0.65_w16_0701_1023/log.log,/home/xay/KVComm/snapshots/musique/coverage/cov_t0.90_s0.65_w16_0701_1023/per_sample.jsonl
table8,1,llama31_same,musique,B-ReKV,coverage,cov_t0.90_s0.65_w8_0701_1000,8,,coverage,0.9,0.65,0.428,0.142278176,500,done,0701_1000,/sharedspace/models/Llama-3.1-8B-Instruct,/sharedspace/models/Llama-3.1-8B-Instruct,/home/xay/KVComm/snapshots/musique,/home/xay/KVComm/snapshots/musique/coverage/cov_t0.90_s0.65_w8_0701_1000,/home/xay/KVComm/snapshots/musique/coverage/cov_t0.90_s0.65_w8_0701_1000/log.log,/home/xay/KVComm/snapshots/musique/coverage/cov_t0.90_s0.65_w8_0701_1000/per_sample.jsonl
table8,1,llama31_same,musique,B-ReKV,coverage,cov_t0.90_s0.75_w16_0623_1647,16,,coverage,0.9,0.75,0.418,0.203155006,500,done,0623_1647,/sharedspace/models/Llama-3.1-8B-Instruct,/sharedspace/models/Llama-3.1-8B-Instruct,/home/xay/KVComm/snapshots/musique,/home/xay/KVComm/snapshots/musique/coverage/cov_t0.90_s0.75_w16_0623_1647,/home/xay/KVComm/snapshots/musique/coverage/cov_t0.90_s0.75_w16_0623_1647/log.log,/home/xay/KVComm/snapshots/musique/coverage/cov_t0.90_s0.75_w16_0623_1647/per_sample.jsonl
table8,1,llama31_same,musique,B-ReKV,coverage,cov_t0.90_s0.75_w8_0623_2159,8,,coverage,0.9,0.75,0.442,0.157540796,500,done,0623_2159,/sharedspace/models/Llama-3.1-8B-Instruct,/sharedspace/models/Llama-3.1-8B-Instruct,/home/xay/KVComm/snapshots/musique,/home/xay/KVComm/snapshots/musique/coverage/cov_t0.90_s0.75_w8_0623_2159,/home/xay/KVComm/snapshots/musique/coverage/cov_t0.90_s0.75_w8_0623_2159/log.log,/home/xay/KVComm/snapshots/musique/coverage/cov_t0.90_s0.75_w8_0623_2159/per_sample.jsonl
table8,1,llama31_same,musique,B-ReKV,coverage,cov_t0.90_s0.7_w16_0623_1642,16,,coverage,0.9,0.7,0.406,0.192038136,500,done,0623_1642,/sharedspace/models/Llama-3.1-8B-Instruct,/sharedspace/models/Llama-3.1-8B-Instruct,/home/xay/KVComm/snapshots/musique,/home/xay/KVComm/snapshots/musique/coverage/cov_t0.90_s0.7_w16_0623_1642,/home/xay/KVComm/snapshots/musique/coverage/cov_t0.90_s0.7_w16_0623_1642/log.log,/home/xay/KVComm/snapshots/musique/coverage/cov_t0.90_s0.7_w16_0623_1642/per_sample.jsonl
table8,1,llama31_same,musique,B-ReKV,coverage,cov_t0.90_s0.85_w16_0701_1029,16,,coverage,0.9,0.85,0.448,0.225304704,500,done,0701_1029,/sharedspace/models/Llama-3.1-8B-Instruct,/sharedspace/models/Llama-3.1-8B-Instruct,/home/xay/KVComm/snapshots/musique,/home/xay/KVComm/snapshots/musique/coverage/cov_t0.90_s0.85_w16_0701_1029,/home/xay/KVComm/snapshots/musique/coverage/cov_t0.90_s0.85_w16_0701_1029/log.log,/home/xay/KVComm/snapshots/musique/coverage/cov_t0.90_s0.85_w16_0701_1029/per_sample.jsonl
table8,1,llama31_same,musique,B-ReKV,coverage,cov_t0.90_s0.85_w8_0701_1006,8,,coverage,0.9,0.85,0.446,0.17311087800000002,500,done,0701_1006,/sharedspace/models/Llama-3.1-8B-Instruct,/sharedspace/models/Llama-3.1-8B-Instruct,/home/xay/KVComm/snapshots/musique,/home/xay/KVComm/snapshots/musique/coverage/cov_t0.90_s0.85_w8_0701_1006,/home/xay/KVComm/snapshots/musique/coverage/cov_t0.90_s0.85_w8_0701_1006/log.log,/home/xay/KVComm/snapshots/musique/coverage/cov_t0.90_s0.85_w8_0701_1006/per_sample.jsonl
table8,1,llama31_same,musique,B-ReKV,coverage,cov_t0.90_s0.8_w16_0623_1652,16,,coverage,0.9,0.8,0.424,0.214241982,500,done,0623_1652,/sharedspace/models/Llama-3.1-8B-Instruct,/sharedspace/models/Llama-3.1-8B-Instruct,/home/xay/KVComm/snapshots/musique,/home/xay/KVComm/snapshots/musique/coverage/cov_t0.90_s0.8_w16_0623_1652,/home/xay/KVComm/snapshots/musique/coverage/cov_t0.90_s0.8_w16_0623_1652/log.log,/home/xay/KVComm/snapshots/musique/coverage/cov_t0.90_s0.8_w16_0623_1652/per_sample.jsonl
table8,1,llama31_same,musique,B-ReKV,coverage,cov_t0.90_s0.8_w8_0623_2203,8,,coverage,0.9,0.8,0.44,0.165321132,500,done,0623_2203,/sharedspace/models/Llama-3.1-8B-Instruct,/sharedspace/models/Llama-3.1-8B-Instruct,/home/xay/KVComm/snapshots/musique,/home/xay/KVComm/snapshots/musique/coverage/cov_t0.90_s0.8_w8_0623_2203,/home/xay/KVComm/snapshots/musique/coverage/cov_t0.90_s0.8_w8_0623_2203/log.log,/home/xay/KVComm/snapshots/musique/coverage/cov_t0.90_s0.8_w8_0623_2203/per_sample.jsonl
table8,1,llama31_same,musique,B-ReKV,coverage,cov_t0.90_s0.95_w16_0701_1035,16,,coverage,0.9,0.95,0.442,0.247504966,500,done,0701_1035,/sharedspace/models/Llama-3.1-8B-Instruct,/sharedspace/models/Llama-3.1-8B-Instruct,/home/xay/KVComm/snapshots/musique,/home/xay/KVComm/snapshots/musique/coverage/cov_t0.90_s0.95_w16_0701_1035,/home/xay/KVComm/snapshots/musique/coverage/cov_t0.90_s0.95_w16_0701_1035/log.log,/home/xay/KVComm/snapshots/musique/coverage/cov_t0.90_s0.95_w16_0701_1035/per_sample.jsonl
table8,1,llama31_same,musique,B-ReKV,coverage,cov_t0.90_s0.95_w8_0701_1012,8,,coverage,0.9,0.95,0.45,0.18884442999999998,500,done,0701_1012,/sharedspace/models/Llama-3.1-8B-Instruct,/sharedspace/models/Llama-3.1-8B-Instruct,/home/xay/KVComm/snapshots/musique,/home/xay/KVComm/snapshots/musique/coverage/cov_t0.90_s0.95_w8_0701_1012,/home/xay/KVComm/snapshots/musique/coverage/cov_t0.90_s0.95_w8_0701_1012/log.log,/home/xay/KVComm/snapshots/musique/coverage/cov_t0.90_s0.95_w8_0701_1012/per_sample.jsonl
table8,1,llama31_same,musique,B-ReKV,coverage,cov_t0.90_s0.9_w16_0623_1657,16,,coverage,0.9,0.9,0.442,0.23643343,500,done,0623_1657,/sharedspace/models/Llama-3.1-8B-Instruct,/sharedspace/models/Llama-3.1-8B-Instruct,/home/xay/KVComm/snapshots/musique,/home/xay/KVComm/snapshots/musique/coverage/cov_t0.90_s0.9_w16_0623_1657,/home/xay/KVComm/snapshots/musique/coverage/cov_t0.90_s0.9_w16_0623_1657/log.log,/home/xay/KVComm/snapshots/musique/coverage/cov_t0.90_s0.9_w16_0623_1657/per_sample.jsonl
table8,1,llama31_same,musique,B-ReKV,coverage,cov_t0.90_s0.9_w8_0623_2208,8,,coverage,0.9,0.9,0.428,0.18098579,500,done,0623_2208,/sharedspace/models/Llama-3.1-8B-Instruct,/sharedspace/models/Llama-3.1-8B-Instruct,/home/xay/KVComm/snapshots/musique,/home/xay/KVComm/snapshots/musique/coverage/cov_t0.90_s0.9_w8_0623_2208,/home/xay/KVComm/snapshots/musique/coverage/cov_t0.90_s0.9_w8_0623_2208/log.log,/home/xay/KVComm/snapshots/musique/coverage/cov_t0.90_s0.9_w8_0623_2208/per_sample.jsonl
table8,1,llama31_same,musique,B-ReKV,coverage,cov_t0.95_s0.65_w16_0623_2123,16,,coverage,0.95,0.65,0.45,0.29539887,500,done,0623_2123,/sharedspace/models/Llama-3.1-8B-Instruct,/sharedspace/models/Llama-3.1-8B-Instruct,/home/xay/KVComm/snapshots/musique,/home/xay/KVComm/snapshots/musique/coverage/cov_t0.95_s0.65_w16_0623_2123,/home/xay/KVComm/snapshots/musique/coverage/cov_t0.95_s0.65_w16_0623_2123/log.log,/home/xay/KVComm/snapshots/musique/coverage/cov_t0.95_s0.65_w16_0623_2123/per_sample.jsonl
table8,1,llama31_same,musique,B-ReKV,coverage,cov_t0.95_s0.65_w8_0623_2256,8,,coverage,0.95,0.65,0.464,0.246419896,500,done,0623_2256,/sharedspace/models/Llama-3.1-8B-Instruct,/sharedspace/models/Llama-3.1-8B-Instruct,/home/xay/KVComm/snapshots/musique,/home/xay/KVComm/snapshots/musique/coverage/cov_t0.95_s0.65_w8_0623_2256,/home/xay/KVComm/snapshots/musique/coverage/cov_t0.95_s0.65_w8_0623_2256/log.log,/home/xay/KVComm/snapshots/musique/coverage/cov_t0.95_s0.65_w8_0623_2256/per_sample.jsonl
table8,1,llama31_same,musique,B-ReKV,coverage,cov_t0.95_s0.75_w16_0623_2132,16,,coverage,0.95,0.75,0.47,0.335993862,500,done,0623_2132,/sharedspace/models/Llama-3.1-8B-Instruct,/sharedspace/models/Llama-3.1-8B-Instruct,/home/xay/KVComm/snapshots/musique,/home/xay/KVComm/snapshots/musique/coverage/cov_t0.95_s0.75_w16_0623_2132,/home/xay/KVComm/snapshots/musique/coverage/cov_t0.95_s0.75_w16_0623_2132/log.log,/home/xay/KVComm/snapshots/musique/coverage/cov_t0.95_s0.75_w16_0623_2132/per_sample.jsonl
table8,1,llama31_same,musique,B-ReKV,coverage,cov_t0.95_s0.75_w8_0623_2212,8,,coverage,0.95,0.75,0.482,0.279493918,500,done,0623_2212,/sharedspace/models/Llama-3.1-8B-Instruct,/sharedspace/models/Llama-3.1-8B-Instruct,/home/xay/KVComm/snapshots/musique,/home/xay/KVComm/snapshots/musique/coverage/cov_t0.95_s0.75_w8_0623_2212,/home/xay/KVComm/snapshots/musique/coverage/cov_t0.95_s0.75_w8_0623_2212/log.log,/home/xay/KVComm/snapshots/musique/coverage/cov_t0.95_s0.75_w8_0623_2212/per_sample.jsonl
table8,1,llama31_same,musique,B-ReKV,coverage,cov_t0.95_s0.75_w8_0623_2305,8,,coverage,0.95,0.75,0.482,0.279493918,500,done,0623_2305,/sharedspace/models/Llama-3.1-8B-Instruct,/sharedspace/models/Llama-3.1-8B-Instruct,/home/xay/KVComm/snapshots/musique,/home/xay/KVComm/snapshots/musique/coverage/cov_t0.95_s0.75_w8_0623_2305,/home/xay/KVComm/snapshots/musique/coverage/cov_t0.95_s0.75_w8_0623_2305/log.log,/home/xay/KVComm/snapshots/musique/coverage/cov_t0.95_s0.75_w8_0623_2305/per_sample.jsonl
table8,1,llama31_same,musique,B-ReKV,coverage,cov_t0.95_s0.7_w16_0623_2127,16,,coverage,0.95,0.7,0.456,0.31565074600000004,500,done,0623_2127,/sharedspace/models/Llama-3.1-8B-Instruct,/sharedspace/models/Llama-3.1-8B-Instruct,/home/xay/KVComm/snapshots/musique,/home/xay/KVComm/snapshots/musique/coverage/cov_t0.95_s0.7_w16_0623_2127,/home/xay/KVComm/snapshots/musique/coverage/cov_t0.95_s0.7_w16_0623_2127/log.log,/home/xay/KVComm/snapshots/musique/coverage/cov_t0.95_s0.7_w16_0623_2127/per_sample.jsonl
table8,1,llama31_same,musique,B-ReKV,coverage,cov_t0.95_s0.7_w8_0623_2301,8,,coverage,0.95,0.7,0.47,0.26288879200000004,500,done,0623_2301,/sharedspace/models/Llama-3.1-8B-Instruct,/sharedspace/models/Llama-3.1-8B-Instruct,/home/xay/KVComm/snapshots/musique,/home/xay/KVComm/snapshots/musique/coverage/cov_t0.95_s0.7_w8_0623_2301,/home/xay/KVComm/snapshots/musique/coverage/cov_t0.95_s0.7_w8_0623_2301/log.log,/home/xay/KVComm/snapshots/musique/coverage/cov_t0.95_s0.7_w8_0623_2301/per_sample.jsonl
table8,1,llama31_same,musique,B-ReKV,coverage,cov_t0.95_s0.85_w16_0623_2140,16,,coverage,0.95,0.85,0.474,0.376604736,500,done,0623_2140,/sharedspace/models/Llama-3.1-8B-Instruct,/sharedspace/models/Llama-3.1-8B-Instruct,/home/xay/KVComm/snapshots/musique,/home/xay/KVComm/snapshots/musique/coverage/cov_t0.95_s0.85_w16_0623_2140,/home/xay/KVComm/snapshots/musique/coverage/cov_t0.95_s0.85_w16_0623_2140/log.log,/home/xay/KVComm/snapshots/musique/coverage/cov_t0.95_s0.85_w16_0623_2140/per_sample.jsonl
table8,1,llama31_same,musique,B-ReKV,coverage,cov_t0.95_s0.85_w8_0623_2314,8,,coverage,0.95,0.85,0.49,0.31256655,500,done,0623_2314,/sharedspace/models/Llama-3.1-8B-Instruct,/sharedspace/models/Llama-3.1-8B-Instruct,/home/xay/KVComm/snapshots/musique,/home/xay/KVComm/snapshots/musique/coverage/cov_t0.95_s0.85_w8_0623_2314,/home/xay/KVComm/snapshots/musique/coverage/cov_t0.95_s0.85_w8_0623_2314/log.log,/home/xay/KVComm/snapshots/musique/coverage/cov_t0.95_s0.85_w8_0623_2314/per_sample.jsonl
table8,1,llama31_same,musique,B-ReKV,coverage,cov_t0.95_s0.8_w16_0623_1702,16,,coverage,0.95,0.8,0.472,0.356313,500,done,0623_1702,/sharedspace/models/Llama-3.1-8B-Instruct,/sharedspace/models/Llama-3.1-8B-Instruct,/home/xay/KVComm/snapshots/musique,/home/xay/KVComm/snapshots/musique/coverage/cov_t0.95_s0.8_w16_0623_1702,/home/xay/KVComm/snapshots/musique/coverage/cov_t0.95_s0.8_w16_0623_1702/log.log,/home/xay/KVComm/snapshots/musique/coverage/cov_t0.95_s0.8_w16_0623_1702/per_sample.jsonl
table8,1,llama31_same,musique,B-ReKV,coverage,cov_t0.95_s0.8_w16_0623_2136,16,,coverage,0.95,0.8,0.472,0.356313,500,done,0623_2136,/sharedspace/models/Llama-3.1-8B-Instruct,/sharedspace/models/Llama-3.1-8B-Instruct,/home/xay/KVComm/snapshots/musique,/home/xay/KVComm/snapshots/musique/coverage/cov_t0.95_s0.8_w16_0623_2136,/home/xay/KVComm/snapshots/musique/coverage/cov_t0.95_s0.8_w16_0623_2136/log.log,/home/xay/KVComm/snapshots/musique/coverage/cov_t0.95_s0.8_w16_0623_2136/per_sample.jsonl
table8,1,llama31_same,musique,B-ReKV,coverage,cov_t0.95_s0.8_w8_0623_2216,8,,coverage,0.95,0.8,0.47,0.296038928,500,done,0623_2216,/sharedspace/models/Llama-3.1-8B-Instruct,/sharedspace/models/Llama-3.1-8B-Instruct,/home/xay/KVComm/snapshots/musique,/home/xay/KVComm/snapshots/musique/coverage/cov_t0.95_s0.8_w8_0623_2216,/home/xay/KVComm/snapshots/musique/coverage/cov_t0.95_s0.8_w8_0623_2216/log.log,/home/xay/KVComm/snapshots/musique/coverage/cov_t0.95_s0.8_w8_0623_2216/per_sample.jsonl
table8,1,llama31_same,musique,B-ReKV,coverage,cov_t0.95_s0.8_w8_0623_2310,8,,coverage,0.95,0.8,0.47,0.296038928,500,done,0623_2310,/sharedspace/models/Llama-3.1-8B-Instruct,/sharedspace/models/Llama-3.1-8B-Instruct,/home/xay/KVComm/snapshots/musique,/home/xay/KVComm/snapshots/musique/coverage/cov_t0.95_s0.8_w8_0623_2310,/home/xay/KVComm/snapshots/musique/coverage/cov_t0.95_s0.8_w8_0623_2310/log.log,/home/xay/KVComm/snapshots/musique/coverage/cov_t0.95_s0.8_w8_0623_2310/per_sample.jsonl
table8,1,llama31_same,musique,B-ReKV,coverage,cov_t0.95_s0.95_w16_0701_1041,16,,coverage,0.95,0.95,0.472,0.417229936,500,done,0701_1041,/sharedspace/models/Llama-3.1-8B-Instruct,/sharedspace/models/Llama-3.1-8B-Instruct,/home/xay/KVComm/snapshots/musique,/home/xay/KVComm/snapshots/musique/coverage/cov_t0.95_s0.95_w16_0701_1041,/home/xay/KVComm/snapshots/musique/coverage/cov_t0.95_s0.95_w16_0701_1041/log.log,/home/xay/KVComm/snapshots/musique/coverage/cov_t0.95_s0.95_w16_0701_1041/per_sample.jsonl
table8,1,llama31_same,musique,B-ReKV,coverage,cov_t0.95_s0.95_w8_0701_1017,8,,coverage,0.95,0.95,0.474,0.345637686,500,done,0701_1017,/sharedspace/models/Llama-3.1-8B-Instruct,/sharedspace/models/Llama-3.1-8B-Instruct,/home/xay/KVComm/snapshots/musique,/home/xay/KVComm/snapshots/musique/coverage/cov_t0.95_s0.95_w8_0701_1017,/home/xay/KVComm/snapshots/musique/coverage/cov_t0.95_s0.95_w8_0701_1017/log.log,/home/xay/KVComm/snapshots/musique/coverage/cov_t0.95_s0.95_w8_0701_1017/per_sample.jsonl
table8,1,llama31_same,musique,B-ReKV,coverage,cov_t0.95_s0.9_w16_0623_2145,16,,coverage,0.95,0.9,0.48,0.39696023,500,done,0623_2145,/sharedspace/models/Llama-3.1-8B-Instruct,/sharedspace/models/Llama-3.1-8B-Instruct,/home/xay/KVComm/snapshots/musique,/home/xay/KVComm/snapshots/musique/coverage/cov_t0.95_s0.9_w16_0623_2145,/home/xay/KVComm/snapshots/musique/coverage/cov_t0.95_s0.9_w16_0623_2145/log.log,/home/xay/KVComm/snapshots/musique/coverage/cov_t0.95_s0.9_w16_0623_2145/per_sample.jsonl
table8,1,llama31_same,musique,B-ReKV,coverage,cov_t0.95_s0.9_w8_0623_2221,8,,coverage,0.95,0.9,0.48,0.32914454,500,done,0623_2221,/sharedspace/models/Llama-3.1-8B-Instruct,/sharedspace/models/Llama-3.1-8B-Instruct,/home/xay/KVComm/snapshots/musique,/home/xay/KVComm/snapshots/musique/coverage/cov_t0.95_s0.9_w8_0623_2221,/home/xay/KVComm/snapshots/musique/coverage/cov_t0.95_s0.9_w8_0623_2221/log.log,/home/xay/KVComm/snapshots/musique/coverage/cov_t0.95_s0.9_w8_0623_2221/per_sample.jsonl
table8,1,llama31_same,musique,B-ReKV,coverage,cov_t0.98_s0.65_w8_0624_1420,8,,coverage,0.98,0.65,0.48,0.39267124000000003,500,done,0624_1420,/sharedspace/models/Llama-3.1-8B-Instruct,/sharedspace/models/Llama-3.1-8B-Instruct,/home/xay/KVComm/snapshots/musique,/home/xay/KVComm/snapshots/musique/coverage/cov_t0.98_s0.65_w8_0624_1420,/home/xay/KVComm/snapshots/musique/coverage/cov_t0.98_s0.65_w8_0624_1420/log.log,/home/xay/KVComm/snapshots/musique/coverage/cov_t0.98_s0.65_w8_0624_1420/per_sample.jsonl
table8,1,llama31_same,musique,B-ReKV,coverage,cov_t0.98_s0.75_w8_0624_1434,8,,coverage,0.98,0.75,0.47,0.44825190800000003,500,done,0624_1434,/sharedspace/models/Llama-3.1-8B-Instruct,/sharedspace/models/Llama-3.1-8B-Instruct,/home/xay/KVComm/snapshots/musique,/home/xay/KVComm/snapshots/musique/coverage/cov_t0.98_s0.75_w8_0624_1434,/home/xay/KVComm/snapshots/musique/coverage/cov_t0.98_s0.75_w8_0624_1434/log.log,/home/xay/KVComm/snapshots/musique/coverage/cov_t0.98_s0.75_w8_0624_1434/per_sample.jsonl
table8,1,llama31_same,musique,B-ReKV,coverage,cov_t0.98_s0.7_w8_0624_1427,8,,coverage,0.98,0.7,0.478,0.420398432,500,done,0624_1427,/sharedspace/models/Llama-3.1-8B-Instruct,/sharedspace/models/Llama-3.1-8B-Instruct,/home/xay/KVComm/snapshots/musique,/home/xay/KVComm/snapshots/musique/coverage/cov_t0.98_s0.7_w8_0624_1427,/home/xay/KVComm/snapshots/musique/coverage/cov_t0.98_s0.7_w8_0624_1427/log.log,/home/xay/KVComm/snapshots/musique/coverage/cov_t0.98_s0.7_w8_0624_1427/per_sample.jsonl
table8,1,llama31_same,musique,B-ReKV,coverage,cov_t0.98_s0.8_w8_0624_1440,8,,coverage,0.98,0.8,0.474,0.47605919799999996,500,done,0624_1440,/sharedspace/models/Llama-3.1-8B-Instruct,/sharedspace/models/Llama-3.1-8B-Instruct,/home/xay/KVComm/snapshots/musique,/home/xay/KVComm/snapshots/musique/coverage/cov_t0.98_s0.8_w8_0624_1440,/home/xay/KVComm/snapshots/musique/coverage/cov_t0.98_s0.8_w8_0624_1440/log.log,/home/xay/KVComm/snapshots/musique/coverage/cov_t0.98_s0.8_w8_0624_1440/per_sample.jsonl
table8,1,llama31_same,musique,pass1-features,features,feat_w16_0622_1537,16,0.2,uniform,,,,,,unknown,0622_1537,/sharedspace/models/Llama-3.1-8B-Instruct,/sharedspace/models/Llama-3.1-8B-Instruct,/home/xay/KVComm/snapshots/musique,/home/xay/KVComm/snapshots/musique/features/feat_w16_0622_1537,/home/xay/KVComm/snapshots/musique/features/feat_w16_0622_1537/log.log,
table8,1,llama31_same,musique,KVComm,kvcomm,kvcomm_top0.3_0615_1559,0,0.3,,,,0.112,,,done,0615_1559,/sharedspace/models/Llama-3.1-8B-Instruct,/sharedspace/models/Llama-3.1-8B-Instruct,/home/xay/KVComm/snapshots/musique,/home/xay/KVComm/snapshots/musique/kvcomm/kvcomm_top0.3_0615_1559,/home/xay/KVComm/snapshots/musique/kvcomm/kvcomm_top0.3_0615_1559/log.log,
table8,1,llama31_same,musique,KVComm,kvcomm,kvcomm_top0.5_0615_1605,0,0.5,,,,0.34,,,done,0615_1605,/sharedspace/models/Llama-3.1-8B-Instruct,/sharedspace/models/Llama-3.1-8B-Instruct,/home/xay/KVComm/snapshots/musique,/home/xay/KVComm/snapshots/musique/kvcomm/kvcomm_top0.5_0615_1605,/home/xay/KVComm/snapshots/musique/kvcomm/kvcomm_top0.5_0615_1605/log.log,
table8,1,llama31_same,musique,KVComm,kvcomm,kvcomm_top0.7_0615_1610,0,0.7,,,,0.39,,,done,0615_1610,/sharedspace/models/Llama-3.1-8B-Instruct,/sharedspace/models/Llama-3.1-8B-Instruct,/home/xay/KVComm/snapshots/musique,/home/xay/KVComm/snapshots/musique/kvcomm/kvcomm_top0.7_0615_1610,/home/xay/KVComm/snapshots/musique/kvcomm/kvcomm_top0.7_0615_1610/log.log,
table8,1,llama31_same,musique,KVComm,kvcomm,kvcomm_top1.0_0615_1615,0,1.0,,,,0.552,,,done,0615_1615,/sharedspace/models/Llama-3.1-8B-Instruct,/sharedspace/models/Llama-3.1-8B-Instruct,/home/xay/KVComm/snapshots/musique,/home/xay/KVComm/snapshots/musique/kvcomm/kvcomm_top1.0_0615_1615,/home/xay/KVComm/snapshots/musique/kvcomm/kvcomm_top1.0_0615_1615/log.log,
table8,1,llama31_same,musique,evict,mtc_evict,evict_r0.1_0615_1702,0,0.1,,,,0.118,,,done,0615_1702,/sharedspace/models/Llama-3.1-8B-Instruct,/sharedspace/models/Llama-3.1-8B-Instruct,/home/xay/KVComm/snapshots/musique,/home/xay/KVComm/snapshots/musique/mtc_evict/evict_r0.1_0615_1702,/home/xay/KVComm/snapshots/musique/mtc_evict/evict_r0.1_0615_1702/log.log,
table8,1,llama31_same,musique,evict,mtc_evict,evict_r0.2_0615_1707,0,0.2,,,,0.246,,,done,0615_1707,/sharedspace/models/Llama-3.1-8B-Instruct,/sharedspace/models/Llama-3.1-8B-Instruct,/home/xay/KVComm/snapshots/musique,/home/xay/KVComm/snapshots/musique/mtc_evict/evict_r0.2_0615_1707,/home/xay/KVComm/snapshots/musique/mtc_evict/evict_r0.2_0615_1707/log.log,
table8,1,llama31_same,musique,evict,mtc_evict,evict_r0.3_0615_1711,0,0.3,,,,0.322,,,done,0615_1711,/sharedspace/models/Llama-3.1-8B-Instruct,/sharedspace/models/Llama-3.1-8B-Instruct,/home/xay/KVComm/snapshots/musique,/home/xay/KVComm/snapshots/musique/mtc_evict/evict_r0.3_0615_1711,/home/xay/KVComm/snapshots/musique/mtc_evict/evict_r0.3_0615_1711/log.log,
table8,1,llama31_same,musique,evict,mtc_evict,evict_r0.4_0615_1715,0,0.4,,,,0.38,,,done,0615_1715,/sharedspace/models/Llama-3.1-8B-Instruct,/sharedspace/models/Llama-3.1-8B-Instruct,/home/xay/KVComm/snapshots/musique,/home/xay/KVComm/snapshots/musique/mtc_evict/evict_r0.4_0615_1715,/home/xay/KVComm/snapshots/musique/mtc_evict/evict_r0.4_0615_1715/log.log,
table8,1,llama31_same,musique,evict,mtc_evict,evict_r0.5_0615_1719,0,0.5,,,,0.406,,,done,0615_1719,/sharedspace/models/Llama-3.1-8B-Instruct,/sharedspace/models/Llama-3.1-8B-Instruct,/home/xay/KVComm/snapshots/musique,/home/xay/KVComm/snapshots/musique/mtc_evict/evict_r0.5_0615_1719,/home/xay/KVComm/snapshots/musique/mtc_evict/evict_r0.5_0615_1719/log.log,
table8,1,llama31_same,musique,evict,mtc_evict,evict_r0.6_0615_1723,0,0.6,,,,0.456,,,done,0615_1723,/sharedspace/models/Llama-3.1-8B-Instruct,/sharedspace/models/Llama-3.1-8B-Instruct,/home/xay/KVComm/snapshots/musique,/home/xay/KVComm/snapshots/musique/mtc_evict/evict_r0.6_0615_1723,/home/xay/KVComm/snapshots/musique/mtc_evict/evict_r0.6_0615_1723/log.log,
table8,1,llama31_same,musique,evict,mtc_evict,evict_r0.7_0615_1726,0,0.7,,,,0.492,,,done,0615_1726,/sharedspace/models/Llama-3.1-8B-Instruct,/sharedspace/models/Llama-3.1-8B-Instruct,/home/xay/KVComm/snapshots/musique,/home/xay/KVComm/snapshots/musique/mtc_evict/evict_r0.7_0615_1726,/home/xay/KVComm/snapshots/musique/mtc_evict/evict_r0.7_0615_1726/log.log,
table8,1,llama31_same,musique,evict,mtc_evict,evict_r0.8_0615_1730,0,0.8,,,,0.486,,,done,0615_1730,/sharedspace/models/Llama-3.1-8B-Instruct,/sharedspace/models/Llama-3.1-8B-Instruct,/home/xay/KVComm/snapshots/musique,/home/xay/KVComm/snapshots/musique/mtc_evict/evict_r0.8_0615_1730,/home/xay/KVComm/snapshots/musique/mtc_evict/evict_r0.8_0615_1730/log.log,
table8,1,llama31_same,musique,evict,mtc_evict,evict_r0.9_0615_1733,0,0.9,,,,0.478,,,done,0615_1733,/sharedspace/models/Llama-3.1-8B-Instruct,/sharedspace/models/Llama-3.1-8B-Instruct,/home/xay/KVComm/snapshots/musique,/home/xay/KVComm/snapshots/musique/mtc_evict/evict_r0.9_0615_1733,/home/xay/KVComm/snapshots/musique/mtc_evict/evict_r0.9_0615_1733/log.log,
table8,1,llama31_same,musique,merge,mtc_merge,merge_r0.1_0615_1618,0,0.1,,,,0.04,,,done,0615_1618,/sharedspace/models/Llama-3.1-8B-Instruct,/sharedspace/models/Llama-3.1-8B-Instruct,/home/xay/KVComm/snapshots/musique,/home/xay/KVComm/snapshots/musique/mtc_merge/merge_r0.1_0615_1618,/home/xay/KVComm/snapshots/musique/mtc_merge/merge_r0.1_0615_1618/log.log,
table8,1,llama31_same,musique,merge,mtc_merge,merge_r0.2_0615_1628,0,0.2,,,,0.102,,,done,0615_1628,/sharedspace/models/Llama-3.1-8B-Instruct,/sharedspace/models/Llama-3.1-8B-Instruct,/home/xay/KVComm/snapshots/musique,/home/xay/KVComm/snapshots/musique/mtc_merge/merge_r0.2_0615_1628,/home/xay/KVComm/snapshots/musique/mtc_merge/merge_r0.2_0615_1628/log.log,
table8,1,llama31_same,musique,merge,mtc_merge,merge_r0.3_0615_1634,0,0.3,,,,0.228,,,done,0615_1634,/sharedspace/models/Llama-3.1-8B-Instruct,/sharedspace/models/Llama-3.1-8B-Instruct,/home/xay/KVComm/snapshots/musique,/home/xay/KVComm/snapshots/musique/mtc_merge/merge_r0.3_0615_1634,/home/xay/KVComm/snapshots/musique/mtc_merge/merge_r0.3_0615_1634/log.log,
table8,1,llama31_same,musique,merge,mtc_merge,merge_r0.4_0615_1639,0,0.4,,,,0.298,,,done,0615_1639,/sharedspace/models/Llama-3.1-8B-Instruct,/sharedspace/models/Llama-3.1-8B-Instruct,/home/xay/KVComm/snapshots/musique,/home/xay/KVComm/snapshots/musique/mtc_merge/merge_r0.4_0615_1639,/home/xay/KVComm/snapshots/musique/mtc_merge/merge_r0.4_0615_1639/log.log,
table8,1,llama31_same,musique,merge,mtc_merge,merge_r0.5_0615_1643,0,0.5,,,,0.402,,,done,0615_1643,/sharedspace/models/Llama-3.1-8B-Instruct,/sharedspace/models/Llama-3.1-8B-Instruct,/home/xay/KVComm/snapshots/musique,/home/xay/KVComm/snapshots/musique/mtc_merge/merge_r0.5_0615_1643,/home/xay/KVComm/snapshots/musique/mtc_merge/merge_r0.5_0615_1643/log.log,
table8,1,llama31_same,musique,merge,mtc_merge,merge_r0.6_0615_1647,0,0.6,,,,0.428,,,done,0615_1647,/sharedspace/models/Llama-3.1-8B-Instruct,/sharedspace/models/Llama-3.1-8B-Instruct,/home/xay/KVComm/snapshots/musique,/home/xay/KVComm/snapshots/musique/mtc_merge/merge_r0.6_0615_1647,/home/xay/KVComm/snapshots/musique/mtc_merge/merge_r0.6_0615_1647/log.log,
table8,1,llama31_same,musique,merge,mtc_merge,merge_r0.7_0615_1650,0,0.7,,,,0.468,,,done,0615_1650,/sharedspace/models/Llama-3.1-8B-Instruct,/sharedspace/models/Llama-3.1-8B-Instruct,/home/xay/KVComm/snapshots/musique,/home/xay/KVComm/snapshots/musique/mtc_merge/merge_r0.7_0615_1650,/home/xay/KVComm/snapshots/musique/mtc_merge/merge_r0.7_0615_1650/log.log,
table8,1,llama31_same,musique,merge,mtc_merge,merge_r0.8_0615_1654,0,0.8,,,,0.474,,,done,0615_1654,/sharedspace/models/Llama-3.1-8B-Instruct,/sharedspace/models/Llama-3.1-8B-Instruct,/home/xay/KVComm/snapshots/musique,/home/xay/KVComm/snapshots/musique/mtc_merge/merge_r0.8_0615_1654,/home/xay/KVComm/snapshots/musique/mtc_merge/merge_r0.8_0615_1654/log.log,
table8,1,llama31_same,musique,merge,mtc_merge,merge_r0.9_0615_1658,0,0.9,,,,0.482,,,done,0615_1658,/sharedspace/models/Llama-3.1-8B-Instruct,/sharedspace/models/Llama-3.1-8B-Instruct,/home/xay/KVComm/snapshots/musique,/home/xay/KVComm/snapshots/musique/mtc_merge/merge_r0.9_0615_1658,/home/xay/KVComm/snapshots/musique/mtc_merge/merge_r0.9_0615_1658/log.log,
table8,1,llama31_same,musique,ReKV-probe,mtc_receiver,probe_recv_w16_r0.05_0618_2240,16,0.05,,,,0.088,,500,done,0618_2240,/sharedspace/models/Llama-3.1-8B-Instruct,/sharedspace/models/Llama-3.1-8B-Instruct,/home/xay/KVComm/snapshots/musique,/home/xay/KVComm/snapshots/musique/mtc_receiver/probe_recv_w16_r0.05_0618_2240,/home/xay/KVComm/snapshots/musique/mtc_receiver/probe_recv_w16_r0.05_0618_2240/log.log,/home/xay/KVComm/snapshots/musique/mtc_receiver/probe_recv_w16_r0.05_0618_2240/per_sample.jsonl
table8,1,llama31_same,musique,ReKV-probe,mtc_receiver,probe_recv_w16_r0.15_0618_2301,16,0.15,,,,0.374,,500,done,0618_2301,/sharedspace/models/Llama-3.1-8B-Instruct,/sharedspace/models/Llama-3.1-8B-Instruct,/home/xay/KVComm/snapshots/musique,/home/xay/KVComm/snapshots/musique/mtc_receiver/probe_recv_w16_r0.15_0618_2301,/home/xay/KVComm/snapshots/musique/mtc_receiver/probe_recv_w16_r0.15_0618_2301/log.log,/home/xay/KVComm/snapshots/musique/mtc_receiver/probe_recv_w16_r0.15_0618_2301/per_sample.jsonl
table8,1,llama31_same,musique,ReKV-probe,mtc_receiver,probe_recv_w16_r0.1_0618_2254,16,0.1,,,,0.294,,500,done,0618_2254,/sharedspace/models/Llama-3.1-8B-Instruct,/sharedspace/models/Llama-3.1-8B-Instruct,/home/xay/KVComm/snapshots/musique,/home/xay/KVComm/snapshots/musique/mtc_receiver/probe_recv_w16_r0.1_0618_2254,/home/xay/KVComm/snapshots/musique/mtc_receiver/probe_recv_w16_r0.1_0618_2254/log.log,/home/xay/KVComm/snapshots/musique/mtc_receiver/probe_recv_w16_r0.1_0618_2254/per_sample.jsonl
table8,1,llama31_same,musique,ReKV-probe,mtc_receiver,probe_recv_w16_r0.2_0618_2308,16,0.2,,,,0.404,,500,done,0618_2308,/sharedspace/models/Llama-3.1-8B-Instruct,/sharedspace/models/Llama-3.1-8B-Instruct,/home/xay/KVComm/snapshots/musique,/home/xay/KVComm/snapshots/musique/mtc_receiver/probe_recv_w16_r0.2_0618_2308,/home/xay/KVComm/snapshots/musique/mtc_receiver/probe_recv_w16_r0.2_0618_2308/log.log,/home/xay/KVComm/snapshots/musique/mtc_receiver/probe_recv_w16_r0.2_0618_2308/per_sample.jsonl
table8,1,llama31_same,musique,ReKV-probe,mtc_receiver,probe_recv_w16_r0.3_0618_2313,16,0.3,,,,0.462,,500,done,0618_2313,/sharedspace/models/Llama-3.1-8B-Instruct,/sharedspace/models/Llama-3.1-8B-Instruct,/home/xay/KVComm/snapshots/musique,/home/xay/KVComm/snapshots/musique/mtc_receiver/probe_recv_w16_r0.3_0618_2313,/home/xay/KVComm/snapshots/musique/mtc_receiver/probe_recv_w16_r0.3_0618_2313/log.log,/home/xay/KVComm/snapshots/musique/mtc_receiver/probe_recv_w16_r0.3_0618_2313/per_sample.jsonl
table8,1,llama31_same,musique,ReKV-probe,mtc_receiver,probe_recv_w16_r0.4_0618_2318,16,0.4,,,,0.47,,500,done,0618_2318,/sharedspace/models/Llama-3.1-8B-Instruct,/sharedspace/models/Llama-3.1-8B-Instruct,/home/xay/KVComm/snapshots/musique,/home/xay/KVComm/snapshots/musique/mtc_receiver/probe_recv_w16_r0.4_0618_2318,/home/xay/KVComm/snapshots/musique/mtc_receiver/probe_recv_w16_r0.4_0618_2318/log.log,/home/xay/KVComm/snapshots/musique/mtc_receiver/probe_recv_w16_r0.4_0618_2318/per_sample.jsonl
table8,1,llama31_same,musique,ReKV-probe,mtc_receiver,probe_recv_w16_r0.5_0618_2322,16,0.5,,,,0.474,,500,done,0618_2322,/sharedspace/models/Llama-3.1-8B-Instruct,/sharedspace/models/Llama-3.1-8B-Instruct,/home/xay/KVComm/snapshots/musique,/home/xay/KVComm/snapshots/musique/mtc_receiver/probe_recv_w16_r0.5_0618_2322,/home/xay/KVComm/snapshots/musique/mtc_receiver/probe_recv_w16_r0.5_0618_2322/log.log,/home/xay/KVComm/snapshots/musique/mtc_receiver/probe_recv_w16_r0.5_0618_2322/per_sample.jsonl
table8,1,llama31_same,musique,ReKV-probe,mtc_receiver,probe_recv_w16_r0.7_0618_2328,16,0.7,,,,0.478,,500,done,0618_2328,/sharedspace/models/Llama-3.1-8B-Instruct,/sharedspace/models/Llama-3.1-8B-Instruct,/home/xay/KVComm/snapshots/musique,/home/xay/KVComm/snapshots/musique/mtc_receiver/probe_recv_w16_r0.7_0618_2328,/home/xay/KVComm/snapshots/musique/mtc_receiver/probe_recv_w16_r0.7_0618_2328/log.log,/home/xay/KVComm/snapshots/musique/mtc_receiver/probe_recv_w16_r0.7_0618_2328/per_sample.jsonl
table8,1,llama31_same,musique,ReKV,mtc_receiver,recv_w16_r0.1_0615_1653,16,0.1,,,,0.294,,,done,0615_1653,/sharedspace/models/Llama-3.1-8B-Instruct,/sharedspace/models/Llama-3.1-8B-Instruct,/home/xay/KVComm/snapshots/musique,/home/xay/KVComm/snapshots/musique/mtc_receiver/recv_w16_r0.1_0615_1653,/home/xay/KVComm/snapshots/musique/mtc_receiver/recv_w16_r0.1_0615_1653/log.log,
table8,1,llama31_same,musique,ReKV,mtc_receiver,recv_w16_r0.2_0615_1659,16,0.2,,,,0.404,,,done,0615_1659,/sharedspace/models/Llama-3.1-8B-Instruct,/sharedspace/models/Llama-3.1-8B-Instruct,/home/xay/KVComm/snapshots/musique,/home/xay/KVComm/snapshots/musique/mtc_receiver/recv_w16_r0.2_0615_1659,/home/xay/KVComm/snapshots/musique/mtc_receiver/recv_w16_r0.2_0615_1659/log.log,
table8,1,llama31_same,musique,ReKV,mtc_receiver,recv_w16_r0.3_0615_1703,16,0.3,,,,0.462,,,done,0615_1703,/sharedspace/models/Llama-3.1-8B-Instruct,/sharedspace/models/Llama-3.1-8B-Instruct,/home/xay/KVComm/snapshots/musique,/home/xay/KVComm/snapshots/musique/mtc_receiver/recv_w16_r0.3_0615_1703,/home/xay/KVComm/snapshots/musique/mtc_receiver/recv_w16_r0.3_0615_1703/log.log,
table8,1,llama31_same,musique,ReKV,mtc_receiver,recv_w16_r0.4_0615_1707,16,0.4,,,,0.47,,,done,0615_1707,/sharedspace/models/Llama-3.1-8B-Instruct,/sharedspace/models/Llama-3.1-8B-Instruct,/home/xay/KVComm/snapshots/musique,/home/xay/KVComm/snapshots/musique/mtc_receiver/recv_w16_r0.4_0615_1707,/home/xay/KVComm/snapshots/musique/mtc_receiver/recv_w16_r0.4_0615_1707/log.log,
table8,1,llama31_same,musique,ReKV,mtc_receiver,recv_w16_r0.5_0615_1712,16,0.5,,,,0.474,,,done,0615_1712,/sharedspace/models/Llama-3.1-8B-Instruct,/sharedspace/models/Llama-3.1-8B-Instruct,/home/xay/KVComm/snapshots/musique,/home/xay/KVComm/snapshots/musique/mtc_receiver/recv_w16_r0.5_0615_1712,/home/xay/KVComm/snapshots/musique/mtc_receiver/recv_w16_r0.5_0615_1712/log.log,
table8,1,llama31_same,musique,ReKV,mtc_receiver,recv_w16_r0.6_0615_1716,16,0.6,,,,0.476,,,done,0615_1716,/sharedspace/models/Llama-3.1-8B-Instruct,/sharedspace/models/Llama-3.1-8B-Instruct,/home/xay/KVComm/snapshots/musique,/home/xay/KVComm/snapshots/musique/mtc_receiver/recv_w16_r0.6_0615_1716,/home/xay/KVComm/snapshots/musique/mtc_receiver/recv_w16_r0.6_0615_1716/log.log,
table8,1,llama31_same,musique,ReKV,mtc_receiver,recv_w16_r0.7_0615_1720,16,0.7,,,,0.478,,,done,0615_1720,/sharedspace/models/Llama-3.1-8B-Instruct,/sharedspace/models/Llama-3.1-8B-Instruct,/home/xay/KVComm/snapshots/musique,/home/xay/KVComm/snapshots/musique/mtc_receiver/recv_w16_r0.7_0615_1720,/home/xay/KVComm/snapshots/musique/mtc_receiver/recv_w16_r0.7_0615_1720/log.log,
table8,1,llama31_same,musique,ReKV,mtc_receiver,recv_w16_r0.8_0615_1724,16,0.8,,,,0.486,,,done,0615_1724,/sharedspace/models/Llama-3.1-8B-Instruct,/sharedspace/models/Llama-3.1-8B-Instruct,/home/xay/KVComm/snapshots/musique,/home/xay/KVComm/snapshots/musique/mtc_receiver/recv_w16_r0.8_0615_1724,/home/xay/KVComm/snapshots/musique/mtc_receiver/recv_w16_r0.8_0615_1724/log.log,
table8,1,llama31_same,musique,ReKV,mtc_receiver,recv_w16_r0.9_0615_1729,16,0.9,,,,0.482,,,done,0615_1729,/sharedspace/models/Llama-3.1-8B-Instruct,/sharedspace/models/Llama-3.1-8B-Instruct,/home/xay/KVComm/snapshots/musique,/home/xay/KVComm/snapshots/musique/mtc_receiver/recv_w16_r0.9_0615_1729,/home/xay/KVComm/snapshots/musique/mtc_receiver/recv_w16_r0.9_0615_1729/log.log,
table8,1,llama31_same,musique,ReKV,mtc_receiver,recv_w8_r0.1_0615_1559,8,0.1,,,,,,,unknown,0615_1559,/sharedspace/models/Llama-3.1-8B-Instruct,/sharedspace/models/Llama-3.1-8B-Instruct,/home/xay/KVComm/snapshots/musique,/home/xay/KVComm/snapshots/musique/mtc_receiver/recv_w8_r0.1_0615_1559,/home/xay/KVComm/snapshots/musique/mtc_receiver/recv_w8_r0.1_0615_1559/log.log,
table8,1,llama31_same,musique,ReKV,mtc_receiver,recv_w8_r0.1_0615_1614,8,0.1,,,,0.362,,,done,0615_1614,/sharedspace/models/Llama-3.1-8B-Instruct,/sharedspace/models/Llama-3.1-8B-Instruct,/home/xay/KVComm/snapshots/musique,/home/xay/KVComm/snapshots/musique/mtc_receiver/recv_w8_r0.1_0615_1614,/home/xay/KVComm/snapshots/musique/mtc_receiver/recv_w8_r0.1_0615_1614/log.log,
table8,1,llama31_same,musique,ReKV,mtc_receiver,recv_w8_r0.2_0615_1619,8,0.2,,,,0.434,,,done,0615_1619,/sharedspace/models/Llama-3.1-8B-Instruct,/sharedspace/models/Llama-3.1-8B-Instruct,/home/xay/KVComm/snapshots/musique,/home/xay/KVComm/snapshots/musique/mtc_receiver/recv_w8_r0.2_0615_1619,/home/xay/KVComm/snapshots/musique/mtc_receiver/recv_w8_r0.2_0615_1619/log.log,
table8,1,llama31_same,musique,ReKV,mtc_receiver,recv_w8_r0.3_0615_1623,8,0.3,,,,0.48,,,done,0615_1623,/sharedspace/models/Llama-3.1-8B-Instruct,/sharedspace/models/Llama-3.1-8B-Instruct,/home/xay/KVComm/snapshots/musique,/home/xay/KVComm/snapshots/musique/mtc_receiver/recv_w8_r0.3_0615_1623,/home/xay/KVComm/snapshots/musique/mtc_receiver/recv_w8_r0.3_0615_1623/log.log,
table8,1,llama31_same,musique,ReKV,mtc_receiver,recv_w8_r0.4_0615_1628,8,0.4,,,,0.48,,,done,0615_1628,/sharedspace/models/Llama-3.1-8B-Instruct,/sharedspace/models/Llama-3.1-8B-Instruct,/home/xay/KVComm/snapshots/musique,/home/xay/KVComm/snapshots/musique/mtc_receiver/recv_w8_r0.4_0615_1628,/home/xay/KVComm/snapshots/musique/mtc_receiver/recv_w8_r0.4_0615_1628/log.log,
table8,1,llama31_same,musique,ReKV,mtc_receiver,recv_w8_r0.5_0615_1632,8,0.5,,,,0.484,,,done,0615_1632,/sharedspace/models/Llama-3.1-8B-Instruct,/sharedspace/models/Llama-3.1-8B-Instruct,/home/xay/KVComm/snapshots/musique,/home/xay/KVComm/snapshots/musique/mtc_receiver/recv_w8_r0.5_0615_1632,/home/xay/KVComm/snapshots/musique/mtc_receiver/recv_w8_r0.5_0615_1632/log.log,
table8,1,llama31_same,musique,ReKV,mtc_receiver,recv_w8_r0.6_0615_1636,8,0.6,,,,0.482,,,done,0615_1636,/sharedspace/models/Llama-3.1-8B-Instruct,/sharedspace/models/Llama-3.1-8B-Instruct,/home/xay/KVComm/snapshots/musique,/home/xay/KVComm/snapshots/musique/mtc_receiver/recv_w8_r0.6_0615_1636,/home/xay/KVComm/snapshots/musique/mtc_receiver/recv_w8_r0.6_0615_1636/log.log,
table8,1,llama31_same,musique,ReKV,mtc_receiver,recv_w8_r0.7_0615_1641,8,0.7,,,,0.48,,,done,0615_1641,/sharedspace/models/Llama-3.1-8B-Instruct,/sharedspace/models/Llama-3.1-8B-Instruct,/home/xay/KVComm/snapshots/musique,/home/xay/KVComm/snapshots/musique/mtc_receiver/recv_w8_r0.7_0615_1641,/home/xay/KVComm/snapshots/musique/mtc_receiver/recv_w8_r0.7_0615_1641/log.log,
table8,1,llama31_same,musique,ReKV,mtc_receiver,recv_w8_r0.8_0615_1645,8,0.8,,,,0.488,,,done,0615_1645,/sharedspace/models/Llama-3.1-8B-Instruct,/sharedspace/models/Llama-3.1-8B-Instruct,/home/xay/KVComm/snapshots/musique,/home/xay/KVComm/snapshots/musique/mtc_receiver/recv_w8_r0.8_0615_1645,/home/xay/KVComm/snapshots/musique/mtc_receiver/recv_w8_r0.8_0615_1645/log.log,
table8,1,llama31_same,musique,ReKV,mtc_receiver,recv_w8_r0.9_0615_1649,8,0.9,,,,0.474,,,done,0615_1649,/sharedspace/models/Llama-3.1-8B-Instruct,/sharedspace/models/Llama-3.1-8B-Instruct,/home/xay/KVComm/snapshots/musique,/home/xay/KVComm/snapshots/musique/mtc_receiver/recv_w8_r0.9_0615_1649,/home/xay/KVComm/snapshots/musique/mtc_receiver/recv_w8_r0.9_0615_1649/log.log,
table8,1,llama31_same,musique,progressive,progressive,prog_w16_0.1-0.2-0.3-0.5_0622_1325,16,0.2,uniform,,,,,,unknown,0622_1325,/sharedspace/models/Llama-3.1-8B-Instruct,/sharedspace/models/Llama-3.1-8B-Instruct,/home/xay/KVComm/snapshots/musique,/home/xay/KVComm/snapshots/musique/progressive/prog_w16_0.1-0.2-0.3-0.5_0622_1325,/home/xay/KVComm/snapshots/musique/progressive/prog_w16_0.1-0.2-0.3-0.5_0622_1325/log.log,
table8,1,llama31_same,musique,progressive,progressive,prog_w16_0.1-0.2-0.3-0.5_0622_1458,16,0.2,uniform,,,,,,unknown,0622_1458,/sharedspace/models/Llama-3.1-8B-Instruct,/sharedspace/models/Llama-3.1-8B-Instruct,/home/xay/KVComm/snapshots/musique,/home/xay/KVComm/snapshots/musique/progressive/prog_w16_0.1-0.2-0.3-0.5_0622_1458,/home/xay/KVComm/snapshots/musique/progressive/prog_w16_0.1-0.2-0.3-0.5_0622_1458/log.log,
table8,1,llama31_same,qasper,B-ReKV,coverage,cov_t0.95_s0.75_w8_0625_0032,8,,coverage,0.95,0.75,0.332,0.23144309200000002,500,done,0625_0032,/sharedspace/models/Llama-3.1-8B-Instruct,/sharedspace/models/Llama-3.1-8B-Instruct,/home/xay/KVComm/snapshots/qasper,/home/xay/KVComm/snapshots/qasper/coverage/cov_t0.95_s0.75_w8_0625_0032,/home/xay/KVComm/snapshots/qasper/coverage/cov_t0.95_s0.75_w8_0625_0032/log.log,/home/xay/KVComm/snapshots/qasper/coverage/cov_t0.95_s0.75_w8_0625_0032/per_sample.jsonl
table8,1,llama31_same,qasper,B-ReKV,coverage,cov_t0.95_s0.85_w8_0625_0052,8,,coverage,0.95,0.85,0.326,0.258093122,500,done,0625_0052,/sharedspace/models/Llama-3.1-8B-Instruct,/sharedspace/models/Llama-3.1-8B-Instruct,/home/xay/KVComm/snapshots/qasper,/home/xay/KVComm/snapshots/qasper/coverage/cov_t0.95_s0.85_w8_0625_0052,/home/xay/KVComm/snapshots/qasper/coverage/cov_t0.95_s0.85_w8_0625_0052/log.log,/home/xay/KVComm/snapshots/qasper/coverage/cov_t0.95_s0.85_w8_0625_0052/per_sample.jsonl
table8,1,llama31_same,qasper,B-ReKV,coverage,cov_t0.95_s0.90_w16_0625_0111,16,,coverage,0.95,0.9,0.338,0.328578588,500,done,0625_0111,/sharedspace/models/Llama-3.1-8B-Instruct,/sharedspace/models/Llama-3.1-8B-Instruct,/home/xay/KVComm/snapshots/qasper,/home/xay/KVComm/snapshots/qasper/coverage/cov_t0.95_s0.90_w16_0625_0111,/home/xay/KVComm/snapshots/qasper/coverage/cov_t0.95_s0.90_w16_0625_0111/log.log,/home/xay/KVComm/snapshots/qasper/coverage/cov_t0.95_s0.90_w16_0625_0111/per_sample.jsonl
table8,1,llama31_same,qasper,KVComm,kvcomm,kvcomm_top0.3_0624_2133,0,0.3,uniform,,,,,,unknown,0624_2133,/sharedspace/models/Llama-3.1-8B-Instruct,/sharedspace/models/Llama-3.1-8B-Instruct,/home/xay/KVComm/snapshots/qasper,/home/xay/KVComm/snapshots/qasper/kvcomm/kvcomm_top0.3_0624_2133,/home/xay/KVComm/snapshots/qasper/kvcomm/kvcomm_top0.3_0624_2133/log.log,
table8,1,llama31_same,qasper,KVComm,kvcomm,kvcomm_top0.3_0624_2138,0,0.3,uniform,,,0.0,,,done,0624_2138,/sharedspace/models/Llama-3.1-8B-Instruct,/sharedspace/models/Llama-3.1-8B-Instruct,/home/xay/KVComm/snapshots/qasper,/home/xay/KVComm/snapshots/qasper/kvcomm/kvcomm_top0.3_0624_2138,/home/xay/KVComm/snapshots/qasper/kvcomm/kvcomm_top0.3_0624_2138/log.log,
table8,1,llama31_same,qasper,ReKV,mtc_receiver,recv_w16_r0.1_0624_2145,16,0.1,uniform,,,0.332,0.128122974,500,done,0624_2145,/sharedspace/models/Llama-3.1-8B-Instruct,/sharedspace/models/Llama-3.1-8B-Instruct,/home/xay/KVComm/snapshots/qasper,/home/xay/KVComm/snapshots/qasper/mtc_receiver/recv_w16_r0.1_0624_2145,/home/xay/KVComm/snapshots/qasper/mtc_receiver/recv_w16_r0.1_0624_2145/log.log,/home/xay/KVComm/snapshots/qasper/mtc_receiver/recv_w16_r0.1_0624_2145/per_sample.jsonl
table8,1,llama31_same,qasper,ReKV,mtc_receiver,recv_w16_r0.2_0624_2206,16,0.2,uniform,,,0.334,0.224994884,500,done,0624_2206,/sharedspace/models/Llama-3.1-8B-Instruct,/sharedspace/models/Llama-3.1-8B-Instruct,/home/xay/KVComm/snapshots/qasper,/home/xay/KVComm/snapshots/qasper/mtc_receiver/recv_w16_r0.2_0624_2206,/home/xay/KVComm/snapshots/qasper/mtc_receiver/recv_w16_r0.2_0624_2206/log.log,/home/xay/KVComm/snapshots/qasper/mtc_receiver/recv_w16_r0.2_0624_2206/per_sample.jsonl
table8,1,llama31_same,qasper,ReKV,mtc_receiver,recv_w16_r0.3_0624_2222,16,0.3,uniform,,,0.336,0.3218737,500,done,0624_2222,/sharedspace/models/Llama-3.1-8B-Instruct,/sharedspace/models/Llama-3.1-8B-Instruct,/home/xay/KVComm/snapshots/qasper,/home/xay/KVComm/snapshots/qasper/mtc_receiver/recv_w16_r0.3_0624_2222,/home/xay/KVComm/snapshots/qasper/mtc_receiver/recv_w16_r0.3_0624_2222/log.log,/home/xay/KVComm/snapshots/qasper/mtc_receiver/recv_w16_r0.3_0624_2222/per_sample.jsonl
table8,1,llama31_same,qasper,ReKV,mtc_receiver,recv_w16_r0.4_0624_2241,16,0.4,uniform,,,0.348,0.41874731200000004,500,done,0624_2241,/sharedspace/models/Llama-3.1-8B-Instruct,/sharedspace/models/Llama-3.1-8B-Instruct,/home/xay/KVComm/snapshots/qasper,/home/xay/KVComm/snapshots/qasper/mtc_receiver/recv_w16_r0.4_0624_2241,/home/xay/KVComm/snapshots/qasper/mtc_receiver/recv_w16_r0.4_0624_2241/log.log,/home/xay/KVComm/snapshots/qasper/mtc_receiver/recv_w16_r0.4_0624_2241/per_sample.jsonl
table8,1,llama31_same,qasper,ReKV,mtc_receiver,recv_w16_r0.5_0624_2257,16,0.5,uniform,,,0.348,0.515611496,500,done,0624_2257,/sharedspace/models/Llama-3.1-8B-Instruct,/sharedspace/models/Llama-3.1-8B-Instruct,/home/xay/KVComm/snapshots/qasper,/home/xay/KVComm/snapshots/qasper/mtc_receiver/recv_w16_r0.5_0624_2257,/home/xay/KVComm/snapshots/qasper/mtc_receiver/recv_w16_r0.5_0624_2257/log.log,/home/xay/KVComm/snapshots/qasper/mtc_receiver/recv_w16_r0.5_0624_2257/per_sample.jsonl
table8,1,llama31_same,qasper,ReKV,mtc_receiver,recv_w16_r0.6_0624_2313,16,0.6,uniform,,,0.348,0.6125026880000001,500,done,0624_2313,/sharedspace/models/Llama-3.1-8B-Instruct,/sharedspace/models/Llama-3.1-8B-Instruct,/home/xay/KVComm/snapshots/qasper,/home/xay/KVComm/snapshots/qasper/mtc_receiver/recv_w16_r0.6_0624_2313,/home/xay/KVComm/snapshots/qasper/mtc_receiver/recv_w16_r0.6_0624_2313/log.log,/home/xay/KVComm/snapshots/qasper/mtc_receiver/recv_w16_r0.6_0624_2313/per_sample.jsonl
table8,1,llama31_same,qasper,ReKV,mtc_receiver,recv_w16_r0.7_0624_2330,16,0.7,uniform,,,0.342,0.709383248,500,done,0624_2330,/sharedspace/models/Llama-3.1-8B-Instruct,/sharedspace/models/Llama-3.1-8B-Instruct,/home/xay/KVComm/snapshots/qasper,/home/xay/KVComm/snapshots/qasper/mtc_receiver/recv_w16_r0.7_0624_2330,/home/xay/KVComm/snapshots/qasper/mtc_receiver/recv_w16_r0.7_0624_2330/log.log,/home/xay/KVComm/snapshots/qasper/mtc_receiver/recv_w16_r0.7_0624_2330/per_sample.jsonl
table8,1,llama31_same,qasper,ReKV,mtc_receiver,recv_w16_r0.8_0624_2357,16,0.8,uniform,,,0.348,0.806255116,500,done,0624_2357,/sharedspace/models/Llama-3.1-8B-Instruct,/sharedspace/models/Llama-3.1-8B-Instruct,/home/xay/KVComm/snapshots/qasper,/home/xay/KVComm/snapshots/qasper/mtc_receiver/recv_w16_r0.8_0624_2357,/home/xay/KVComm/snapshots/qasper/mtc_receiver/recv_w16_r0.8_0624_2357/log.log,/home/xay/KVComm/snapshots/qasper/mtc_receiver/recv_w16_r0.8_0624_2357/per_sample.jsonl
table8,1,llama31_same,qasper,ReKV,mtc_receiver,recv_w16_r0.9_0625_0014,16,0.9,uniform,,,0.342,0.90311271,500,done,0625_0014,/sharedspace/models/Llama-3.1-8B-Instruct,/sharedspace/models/Llama-3.1-8B-Instruct,/home/xay/KVComm/snapshots/qasper,/home/xay/KVComm/snapshots/qasper/mtc_receiver/recv_w16_r0.9_0625_0014,/home/xay/KVComm/snapshots/qasper/mtc_receiver/recv_w16_r0.9_0625_0014/log.log,/home/xay/KVComm/snapshots/qasper/mtc_receiver/recv_w16_r0.9_0625_0014/per_sample.jsonl
table8,1,llama31_same,qasper,ReKV,mtc_receiver,recv_w8_r0.3_0701_1726,8,0.3,uniform,,,0.344,0.3218737,500,done,0701_1726,/sharedspace/models/Llama-3.1-8B-Instruct,/sharedspace/models/Llama-3.1-8B-Instruct,/home/xay/KVComm/snapshots/qasper,/home/xay/KVComm/snapshots/qasper/mtc_receiver/recv_w8_r0.3_0701_1726,/home/xay/KVComm/snapshots/qasper/mtc_receiver/recv_w8_r0.3_0701_1726/log.log,/home/xay/KVComm/snapshots/qasper/mtc_receiver/recv_w8_r0.3_0701_1726/per_sample.jsonl
table8,1,llama31_same,qasper,ReKV,mtc_receiver,recv_w8_r0.5_0701_1743,8,0.5,uniform,,,0.342,0.515611496,500,done,0701_1743,/sharedspace/models/Llama-3.1-8B-Instruct,/sharedspace/models/Llama-3.1-8B-Instruct,/home/xay/KVComm/snapshots/qasper,/home/xay/KVComm/snapshots/qasper/mtc_receiver/recv_w8_r0.5_0701_1743,/home/xay/KVComm/snapshots/qasper/mtc_receiver/recv_w8_r0.5_0701_1743/log.log,/home/xay/KVComm/snapshots/qasper/mtc_receiver/recv_w8_r0.5_0701_1743/per_sample.jsonl
table8,1,llama31_same,qasper,ReKV,mtc_receiver,recv_w8_r0.7_0701_1801,8,0.7,uniform,,,0.344,0.709383248,500,done,0701_1801,/sharedspace/models/Llama-3.1-8B-Instruct,/sharedspace/models/Llama-3.1-8B-Instruct,/home/xay/KVComm/snapshots/qasper,/home/xay/KVComm/snapshots/qasper/mtc_receiver/recv_w8_r0.7_0701_1801,/home/xay/KVComm/snapshots/qasper/mtc_receiver/recv_w8_r0.7_0701_1801/log.log,/home/xay/KVComm/snapshots/qasper/mtc_receiver/recv_w8_r0.7_0701_1801/per_sample.jsonl
unknown,,query_fairness,hotpotqa,evict,mtc_evict,evict_r0.3_0701_1314,0,0.3,uniform,,,0.568,0.32198355,500,done,0701_1314,/sharedspace/models/Llama-3.1-8B-Instruct,/sharedspace/models/Llama-3.1-8B-Instruct,/home/xay/KVComm/snapshots/query_fairness,/home/xay/KVComm/snapshots/query_fairness/pair1_llama31_same/hotpotqa/mtc_evict/evict_r0.3_0701_1314,/home/xay/KVComm/snapshots/query_fairness/pair1_llama31_same/hotpotqa/mtc_evict/evict_r0.3_0701_1314/log.log,/home/xay/KVComm/snapshots/query_fairness/pair1_llama31_same/hotpotqa/mtc_evict/evict_r0.3_0701_1314/per_sample.jsonl
unknown,,query_fairness,hotpotqa,mtc_random,mtc_random,random_r0.3_0701_1318,0,0.3,uniform,,,0.432,0.32198355,500,done,0701_1318,/sharedspace/models/Llama-3.1-8B-Instruct,/sharedspace/models/Llama-3.1-8B-Instruct,/home/xay/KVComm/snapshots/query_fairness,/home/xay/KVComm/snapshots/query_fairness/pair1_llama31_same/hotpotqa/mtc_random/random_r0.3_0701_1318,/home/xay/KVComm/snapshots/query_fairness/pair1_llama31_same/hotpotqa/mtc_random/random_r0.3_0701_1318/log.log,/home/xay/KVComm/snapshots/query_fairness/pair1_llama31_same/hotpotqa/mtc_random/random_r0.3_0701_1318/per_sample.jsonl
unknown,,query_fairness,hotpotqa,ReKV,mtc_receiver,recv_w0_r0.3_0701_1342,0,0.3,uniform,,,0.588,0.32198355,500,done,0701_1342,/sharedspace/models/Llama-3.1-8B-Instruct,/sharedspace/models/Llama-3.1-8B-Instruct,/home/xay/KVComm/snapshots/query_fairness,/home/xay/KVComm/snapshots/query_fairness/pair1_llama31_same/hotpotqa/mtc_receiver/recv_w0_r0.3_0701_1342,/home/xay/KVComm/snapshots/query_fairness/pair1_llama31_same/hotpotqa/mtc_receiver/recv_w0_r0.3_0701_1342/log.log,/home/xay/KVComm/snapshots/query_fairness/pair1_llama31_same/hotpotqa/mtc_receiver/recv_w0_r0.3_0701_1342/per_sample.jsonl
unknown,,query_fairness,hotpotqa,ReKV,mtc_receiver,recv_w16_r0.3_0701_1333,16,0.3,uniform,,,0.7,0.32198355,500,done,0701_1333,/sharedspace/models/Llama-3.1-8B-Instruct,/sharedspace/models/Llama-3.1-8B-Instruct,/home/xay/KVComm/snapshots/query_fairness,/home/xay/KVComm/snapshots/query_fairness/pair1_llama31_same/hotpotqa/mtc_receiver/recv_w16_r0.3_0701_1333,/home/xay/KVComm/snapshots/query_fairness/pair1_llama31_same/hotpotqa/mtc_receiver/recv_w16_r0.3_0701_1333/log.log,/home/xay/KVComm/snapshots/query_fairness/pair1_llama31_same/hotpotqa/mtc_receiver/recv_w16_r0.3_0701_1333/per_sample.jsonl
unknown,,query_fairness,hotpotqa,ReKV,mtc_receiver,recv_w32_r0.3_0701_1337,32,0.3,uniform,,,0.67,0.32198355,500,done,0701_1337,/sharedspace/models/Llama-3.1-8B-Instruct,/sharedspace/models/Llama-3.1-8B-Instruct,/home/xay/KVComm/snapshots/query_fairness,/home/xay/KVComm/snapshots/query_fairness/pair1_llama31_same/hotpotqa/mtc_receiver/recv_w32_r0.3_0701_1337,/home/xay/KVComm/snapshots/query_fairness/pair1_llama31_same/hotpotqa/mtc_receiver/recv_w32_r0.3_0701_1337/log.log,/home/xay/KVComm/snapshots/query_fairness/pair1_llama31_same/hotpotqa/mtc_receiver/recv_w32_r0.3_0701_1337/per_sample.jsonl
unknown,,query_fairness,hotpotqa,ReKV,mtc_receiver,recv_w4_r0.3_0701_1323,4,0.3,uniform,,,0.654,0.32198355,500,done,0701_1323,/sharedspace/models/Llama-3.1-8B-Instruct,/sharedspace/models/Llama-3.1-8B-Instruct,/home/xay/KVComm/snapshots/query_fairness,/home/xay/KVComm/snapshots/query_fairness/pair1_llama31_same/hotpotqa/mtc_receiver/recv_w4_r0.3_0701_1323,/home/xay/KVComm/snapshots/query_fairness/pair1_llama31_same/hotpotqa/mtc_receiver/recv_w4_r0.3_0701_1323/log.log,/home/xay/KVComm/snapshots/query_fairness/pair1_llama31_same/hotpotqa/mtc_receiver/recv_w4_r0.3_0701_1323/per_sample.jsonl
unknown,,query_fairness,hotpotqa,ReKV,mtc_receiver,recv_w8_r0.3_0701_1328,8,0.3,uniform,,,0.696,0.32198355,500,done,0701_1328,/sharedspace/models/Llama-3.1-8B-Instruct,/sharedspace/models/Llama-3.1-8B-Instruct,/home/xay/KVComm/snapshots/query_fairness,/home/xay/KVComm/snapshots/query_fairness/pair1_llama31_same/hotpotqa/mtc_receiver/recv_w8_r0.3_0701_1328,/home/xay/KVComm/snapshots/query_fairness/pair1_llama31_same/hotpotqa/mtc_receiver/recv_w8_r0.3_0701_1328/log.log,/home/xay/KVComm/snapshots/query_fairness/pair1_llama31_same/hotpotqa/mtc_receiver/recv_w8_r0.3_0701_1328/per_sample.jsonl
unknown,,query_fairness,multifieldqa_en,evict,mtc_evict,evict_r0.3_0701_1354,0,0.3,uniform,,,0.3333,0.32186672666666666,150,done,0701_1354,/sharedspace/models/Llama-3.1-8B-Instruct,/sharedspace/models/Llama-3.1-8B-Instruct,/home/xay/KVComm/snapshots/query_fairness,/home/xay/KVComm/snapshots/query_fairness/pair1_llama31_same/multifieldqa_en/mtc_evict/evict_r0.3_0701_1354,/home/xay/KVComm/snapshots/query_fairness/pair1_llama31_same/multifieldqa_en/mtc_evict/evict_r0.3_0701_1354/log.log,/home/xay/KVComm/snapshots/query_fairness/pair1_llama31_same/multifieldqa_en/mtc_evict/evict_r0.3_0701_1354/per_sample.jsonl
unknown,,query_fairness,multifieldqa_en,mtc_random,mtc_random,random_r0.3_0701_1400,0,0.3,uniform,,,0.3867,0.32186672666666666,150,done,0701_1400,/sharedspace/models/Llama-3.1-8B-Instruct,/sharedspace/models/Llama-3.1-8B-Instruct,/home/xay/KVComm/snapshots/query_fairness,/home/xay/KVComm/snapshots/query_fairness/pair1_llama31_same/multifieldqa_en/mtc_random/random_r0.3_0701_1400,/home/xay/KVComm/snapshots/query_fairness/pair1_llama31_same/multifieldqa_en/mtc_random/random_r0.3_0701_1400/log.log,/home/xay/KVComm/snapshots/query_fairness/pair1_llama31_same/multifieldqa_en/mtc_random/random_r0.3_0701_1400/per_sample.jsonl
unknown,,query_fairness,multifieldqa_en,ReKV,mtc_receiver,recv_w0_r0.3_0701_1433,0,0.3,uniform,,,0.5133,0.32186672666666666,150,done,0701_1433,/sharedspace/models/Llama-3.1-8B-Instruct,/sharedspace/models/Llama-3.1-8B-Instruct,/home/xay/KVComm/snapshots/query_fairness,/home/xay/KVComm/snapshots/query_fairness/pair1_llama31_same/multifieldqa_en/mtc_receiver/recv_w0_r0.3_0701_1433,/home/xay/KVComm/snapshots/query_fairness/pair1_llama31_same/multifieldqa_en/mtc_receiver/recv_w0_r0.3_0701_1433/log.log,/home/xay/KVComm/snapshots/query_fairness/pair1_llama31_same/multifieldqa_en/mtc_receiver/recv_w0_r0.3_0701_1433/per_sample.jsonl
unknown,,query_fairness,multifieldqa_en,ReKV,mtc_receiver,recv_w16_r0.3_0701_1419,16,0.3,uniform,,,0.5133,0.32186672666666666,150,done,0701_1419,/sharedspace/models/Llama-3.1-8B-Instruct,/sharedspace/models/Llama-3.1-8B-Instruct,/home/xay/KVComm/snapshots/query_fairness,/home/xay/KVComm/snapshots/query_fairness/pair1_llama31_same/multifieldqa_en/mtc_receiver/recv_w16_r0.3_0701_1419,/home/xay/KVComm/snapshots/query_fairness/pair1_llama31_same/multifieldqa_en/mtc_receiver/recv_w16_r0.3_0701_1419/log.log,/home/xay/KVComm/snapshots/query_fairness/pair1_llama31_same/multifieldqa_en/mtc_receiver/recv_w16_r0.3_0701_1419/per_sample.jsonl
unknown,,query_fairness,multifieldqa_en,ReKV,mtc_receiver,recv_w32_r0.3_0701_1426,32,0.3,uniform,,,0.5,0.32186672666666666,150,done,0701_1426,/sharedspace/models/Llama-3.1-8B-Instruct,/sharedspace/models/Llama-3.1-8B-Instruct,/home/xay/KVComm/snapshots/query_fairness,/home/xay/KVComm/snapshots/query_fairness/pair1_llama31_same/multifieldqa_en/mtc_receiver/recv_w32_r0.3_0701_1426,/home/xay/KVComm/snapshots/query_fairness/pair1_llama31_same/multifieldqa_en/mtc_receiver/recv_w32_r0.3_0701_1426/log.log,/home/xay/KVComm/snapshots/query_fairness/pair1_llama31_same/multifieldqa_en/mtc_receiver/recv_w32_r0.3_0701_1426/per_sample.jsonl
unknown,,query_fairness,multifieldqa_en,ReKV,mtc_receiver,recv_w4_r0.3_0701_1406,4,0.3,uniform,,,0.5133,0.32186672666666666,150,done,0701_1406,/sharedspace/models/Llama-3.1-8B-Instruct,/sharedspace/models/Llama-3.1-8B-Instruct,/home/xay/KVComm/snapshots/query_fairness,/home/xay/KVComm/snapshots/query_fairness/pair1_llama31_same/multifieldqa_en/mtc_receiver/recv_w4_r0.3_0701_1406,/home/xay/KVComm/snapshots/query_fairness/pair1_llama31_same/multifieldqa_en/mtc_receiver/recv_w4_r0.3_0701_1406/log.log,/home/xay/KVComm/snapshots/query_fairness/pair1_llama31_same/multifieldqa_en/mtc_receiver/recv_w4_r0.3_0701_1406/per_sample.jsonl
unknown,,query_fairness,multifieldqa_en,ReKV,mtc_receiver,recv_w8_r0.3_0701_1413,8,0.3,uniform,,,0.5067,0.32186672666666666,150,done,0701_1413,/sharedspace/models/Llama-3.1-8B-Instruct,/sharedspace/models/Llama-3.1-8B-Instruct,/home/xay/KVComm/snapshots/query_fairness,/home/xay/KVComm/snapshots/query_fairness/pair1_llama31_same/multifieldqa_en/mtc_receiver/recv_w8_r0.3_0701_1413,/home/xay/KVComm/snapshots/query_fairness/pair1_llama31_same/multifieldqa_en/mtc_receiver/recv_w8_r0.3_0701_1413/log.log,/home/xay/KVComm/snapshots/query_fairness/pair1_llama31_same/multifieldqa_en/mtc_receiver/recv_w8_r0.3_0701_1413/per_sample.jsonl
unknown,,query_fairness,musique,evict,mtc_evict,evict_r0.3_0701_1314,0,0.3,uniform,,,0.322,0.321838688,500,done,0701_1314,/sharedspace/models/Llama-3.1-8B-Instruct,/sharedspace/models/Llama-3.1-8B-Instruct,/home/xay/KVComm/snapshots/query_fairness,/home/xay/KVComm/snapshots/query_fairness/pair1_llama31_same/musique/mtc_evict/evict_r0.3_0701_1314,/home/xay/KVComm/snapshots/query_fairness/pair1_llama31_same/musique/mtc_evict/evict_r0.3_0701_1314/log.log,/home/xay/KVComm/snapshots/query_fairness/pair1_llama31_same/musique/mtc_evict/evict_r0.3_0701_1314/per_sample.jsonl
unknown,,query_fairness,musique,mtc_random,mtc_random,random_r0.3_0701_1319,0,0.3,uniform,,,0.166,0.321838688,500,done,0701_1319,/sharedspace/models/Llama-3.1-8B-Instruct,/sharedspace/models/Llama-3.1-8B-Instruct,/home/xay/KVComm/snapshots/query_fairness,/home/xay/KVComm/snapshots/query_fairness/pair1_llama31_same/musique/mtc_random/random_r0.3_0701_1319,/home/xay/KVComm/snapshots/query_fairness/pair1_llama31_same/musique/mtc_random/random_r0.3_0701_1319/log.log,/home/xay/KVComm/snapshots/query_fairness/pair1_llama31_same/musique/mtc_random/random_r0.3_0701_1319/per_sample.jsonl
unknown,,query_fairness,musique,ReKV,mtc_receiver,recv_w0_r0.3_0701_1349,0,0.3,uniform,,,0.43,0.321838688,500,done,0701_1349,/sharedspace/models/Llama-3.1-8B-Instruct,/sharedspace/models/Llama-3.1-8B-Instruct,/home/xay/KVComm/snapshots/query_fairness,/home/xay/KVComm/snapshots/query_fairness/pair1_llama31_same/musique/mtc_receiver/recv_w0_r0.3_0701_1349,/home/xay/KVComm/snapshots/query_fairness/pair1_llama31_same/musique/mtc_receiver/recv_w0_r0.3_0701_1349/log.log,/home/xay/KVComm/snapshots/query_fairness/pair1_llama31_same/musique/mtc_receiver/recv_w0_r0.3_0701_1349/per_sample.jsonl
unknown,,query_fairness,musique,ReKV,mtc_receiver,recv_w16_r0.3_0701_1338,16,0.3,uniform,,,0.462,0.321838688,500,done,0701_1338,/sharedspace/models/Llama-3.1-8B-Instruct,/sharedspace/models/Llama-3.1-8B-Instruct,/home/xay/KVComm/snapshots/query_fairness,/home/xay/KVComm/snapshots/query_fairness/pair1_llama31_same/musique/mtc_receiver/recv_w16_r0.3_0701_1338,/home/xay/KVComm/snapshots/query_fairness/pair1_llama31_same/musique/mtc_receiver/recv_w16_r0.3_0701_1338/log.log,/home/xay/KVComm/snapshots/query_fairness/pair1_llama31_same/musique/mtc_receiver/recv_w16_r0.3_0701_1338/per_sample.jsonl
unknown,,query_fairness,musique,ReKV,mtc_receiver,recv_w32_r0.3_0701_1343,32,0.3,uniform,,,0.464,0.321838688,500,done,0701_1343,/sharedspace/models/Llama-3.1-8B-Instruct,/sharedspace/models/Llama-3.1-8B-Instruct,/home/xay/KVComm/snapshots/query_fairness,/home/xay/KVComm/snapshots/query_fairness/pair1_llama31_same/musique/mtc_receiver/recv_w32_r0.3_0701_1343,/home/xay/KVComm/snapshots/query_fairness/pair1_llama31_same/musique/mtc_receiver/recv_w32_r0.3_0701_1343/log.log,/home/xay/KVComm/snapshots/query_fairness/pair1_llama31_same/musique/mtc_receiver/recv_w32_r0.3_0701_1343/per_sample.jsonl
unknown,,query_fairness,musique,ReKV,mtc_receiver,recv_w4_r0.3_0701_1326,4,0.3,uniform,,,0.464,0.321838688,500,done,0701_1326,/sharedspace/models/Llama-3.1-8B-Instruct,/sharedspace/models/Llama-3.1-8B-Instruct,/home/xay/KVComm/snapshots/query_fairness,/home/xay/KVComm/snapshots/query_fairness/pair1_llama31_same/musique/mtc_receiver/recv_w4_r0.3_0701_1326,/home/xay/KVComm/snapshots/query_fairness/pair1_llama31_same/musique/mtc_receiver/recv_w4_r0.3_0701_1326/log.log,/home/xay/KVComm/snapshots/query_fairness/pair1_llama31_same/musique/mtc_receiver/recv_w4_r0.3_0701_1326/per_sample.jsonl
unknown,,query_fairness,musique,ReKV,mtc_receiver,recv_w8_r0.3_0701_1332,8,0.3,uniform,,,0.48,0.321838688,500,done,0701_1332,/sharedspace/models/Llama-3.1-8B-Instruct,/sharedspace/models/Llama-3.1-8B-Instruct,/home/xay/KVComm/snapshots/query_fairness,/home/xay/KVComm/snapshots/query_fairness/pair1_llama31_same/musique/mtc_receiver/recv_w8_r0.3_0701_1332,/home/xay/KVComm/snapshots/query_fairness/pair1_llama31_same/musique/mtc_receiver/recv_w8_r0.3_0701_1332/log.log,/home/xay/KVComm/snapshots/query_fairness/pair1_llama31_same/musique/mtc_receiver/recv_w8_r0.3_0701_1332/per_sample.jsonl
table1,6,llama32_abliterated_deepseek3b,countries,B-ReKV,coverage,cov_t0.95_s0.75_w8_0625_1350,8,,coverage,0.95,0.75,0.49,0.3545831,200,done,0625_1350,/sharedspace/models/Llama-3.2-3B-Instruct-abliterated,/sharedspace/models/DeepSeek-R1-Distill-Llama-3B,/home/xay/KVComm/snapshots/table1_pair6_llama32_abliterated_deepseek3b,/home/xay/KVComm/snapshots/table1_pair6_llama32_abliterated_deepseek3b/countries/coverage/cov_t0.95_s0.75_w8_0625_1350,/home/xay/KVComm/snapshots/table1_pair6_llama32_abliterated_deepseek3b/countries/coverage/cov_t0.95_s0.75_w8_0625_1350/log.log,/home/xay/KVComm/snapshots/table1_pair6_llama32_abliterated_deepseek3b/countries/coverage/cov_t0.95_s0.75_w8_0625_1350/per_sample.jsonl
table1,6,llama32_abliterated_deepseek3b,countries,B-ReKV,coverage,cov_t0.95_s0.85_w8_0625_1352,8,,coverage,0.95,0.85,0.505,0.37361970499999997,200,done,0625_1352,/sharedspace/models/Llama-3.2-3B-Instruct-abliterated,/sharedspace/models/DeepSeek-R1-Distill-Llama-3B,/home/xay/KVComm/snapshots/table1_pair6_llama32_abliterated_deepseek3b,/home/xay/KVComm/snapshots/table1_pair6_llama32_abliterated_deepseek3b/countries/coverage/cov_t0.95_s0.85_w8_0625_1352,/home/xay/KVComm/snapshots/table1_pair6_llama32_abliterated_deepseek3b/countries/coverage/cov_t0.95_s0.85_w8_0625_1352/log.log,/home/xay/KVComm/snapshots/table1_pair6_llama32_abliterated_deepseek3b/countries/coverage/cov_t0.95_s0.85_w8_0625_1352/per_sample.jsonl
table1,6,llama32_abliterated_deepseek3b,countries,B-ReKV,coverage,cov_t0.95_s0.90_w16_0625_1353,16,,coverage,0.95,0.9,0.5,0.39064545,200,done,0625_1353,/sharedspace/models/Llama-3.2-3B-Instruct-abliterated,/sharedspace/models/DeepSeek-R1-Distill-Llama-3B,/home/xay/KVComm/snapshots/table1_pair6_llama32_abliterated_deepseek3b,/home/xay/KVComm/snapshots/table1_pair6_llama32_abliterated_deepseek3b/countries/coverage/cov_t0.95_s0.90_w16_0625_1353,/home/xay/KVComm/snapshots/table1_pair6_llama32_abliterated_deepseek3b/countries/coverage/cov_t0.95_s0.90_w16_0625_1353/log.log,/home/xay/KVComm/snapshots/table1_pair6_llama32_abliterated_deepseek3b/countries/coverage/cov_t0.95_s0.90_w16_0625_1353/per_sample.jsonl
table1,6,llama32_abliterated_deepseek3b,countries,ReKV,mtc_receiver,recv_w16_r0.3_0625_1346,16,0.3,uniform,,,0.37,0.330894635,200,done,0625_1346,/sharedspace/models/Llama-3.2-3B-Instruct-abliterated,/sharedspace/models/DeepSeek-R1-Distill-Llama-3B,/home/xay/KVComm/snapshots/table1_pair6_llama32_abliterated_deepseek3b,/home/xay/KVComm/snapshots/table1_pair6_llama32_abliterated_deepseek3b/countries/mtc_receiver/recv_w16_r0.3_0625_1346,/home/xay/KVComm/snapshots/table1_pair6_llama32_abliterated_deepseek3b/countries/mtc_receiver/recv_w16_r0.3_0625_1346/log.log,/home/xay/KVComm/snapshots/table1_pair6_llama32_abliterated_deepseek3b/countries/mtc_receiver/recv_w16_r0.3_0625_1346/per_sample.jsonl
table1,6,llama32_abliterated_deepseek3b,countries,ReKV,mtc_receiver,recv_w16_r0.5_0625_1348,16,0.5,uniform,,,0.515,0.517385835,200,done,0625_1348,/sharedspace/models/Llama-3.2-3B-Instruct-abliterated,/sharedspace/models/DeepSeek-R1-Distill-Llama-3B,/home/xay/KVComm/snapshots/table1_pair6_llama32_abliterated_deepseek3b,/home/xay/KVComm/snapshots/table1_pair6_llama32_abliterated_deepseek3b/countries/mtc_receiver/recv_w16_r0.5_0625_1348,/home/xay/KVComm/snapshots/table1_pair6_llama32_abliterated_deepseek3b/countries/mtc_receiver/recv_w16_r0.5_0625_1348/log.log,/home/xay/KVComm/snapshots/table1_pair6_llama32_abliterated_deepseek3b/countries/mtc_receiver/recv_w16_r0.5_0625_1348/per_sample.jsonl
table1,6,llama32_abliterated_deepseek3b,countries,ReKV,mtc_receiver,recv_w16_r0.7_0625_1349,16,0.7,uniform,,,0.575,0.711235895,200,done,0625_1349,/sharedspace/models/Llama-3.2-3B-Instruct-abliterated,/sharedspace/models/DeepSeek-R1-Distill-Llama-3B,/home/xay/KVComm/snapshots/table1_pair6_llama32_abliterated_deepseek3b,/home/xay/KVComm/snapshots/table1_pair6_llama32_abliterated_deepseek3b/countries/mtc_receiver/recv_w16_r0.7_0625_1349,/home/xay/KVComm/snapshots/table1_pair6_llama32_abliterated_deepseek3b/countries/mtc_receiver/recv_w16_r0.7_0625_1349/log.log,/home/xay/KVComm/snapshots/table1_pair6_llama32_abliterated_deepseek3b/countries/mtc_receiver/recv_w16_r0.7_0625_1349/per_sample.jsonl
table1,6,llama32_abliterated_deepseek3b,countries,ReKV,mtc_receiver,recv_w8_r0.3_0625_1339,8,0.3,uniform,,,0.375,0.330894635,200,done,0625_1339,/sharedspace/models/Llama-3.2-3B-Instruct-abliterated,/sharedspace/models/DeepSeek-R1-Distill-Llama-3B,/home/xay/KVComm/snapshots/table1_pair6_llama32_abliterated_deepseek3b,/home/xay/KVComm/snapshots/table1_pair6_llama32_abliterated_deepseek3b/countries/mtc_receiver/recv_w8_r0.3_0625_1339,/home/xay/KVComm/snapshots/table1_pair6_llama32_abliterated_deepseek3b/countries/mtc_receiver/recv_w8_r0.3_0625_1339/log.log,/home/xay/KVComm/snapshots/table1_pair6_llama32_abliterated_deepseek3b/countries/mtc_receiver/recv_w8_r0.3_0625_1339/per_sample.jsonl
table1,6,llama32_abliterated_deepseek3b,countries,ReKV,mtc_receiver,recv_w8_r0.5_0625_1343,8,0.5,uniform,,,0.52,0.517385835,200,done,0625_1343,/sharedspace/models/Llama-3.2-3B-Instruct-abliterated,/sharedspace/models/DeepSeek-R1-Distill-Llama-3B,/home/xay/KVComm/snapshots/table1_pair6_llama32_abliterated_deepseek3b,/home/xay/KVComm/snapshots/table1_pair6_llama32_abliterated_deepseek3b/countries/mtc_receiver/recv_w8_r0.5_0625_1343,/home/xay/KVComm/snapshots/table1_pair6_llama32_abliterated_deepseek3b/countries/mtc_receiver/recv_w8_r0.5_0625_1343/log.log,/home/xay/KVComm/snapshots/table1_pair6_llama32_abliterated_deepseek3b/countries/mtc_receiver/recv_w8_r0.5_0625_1343/per_sample.jsonl
table1,6,llama32_abliterated_deepseek3b,countries,ReKV,mtc_receiver,recv_w8_r0.7_0625_1344,8,0.7,uniform,,,0.575,0.711235895,200,done,0625_1344,/sharedspace/models/Llama-3.2-3B-Instruct-abliterated,/sharedspace/models/DeepSeek-R1-Distill-Llama-3B,/home/xay/KVComm/snapshots/table1_pair6_llama32_abliterated_deepseek3b,/home/xay/KVComm/snapshots/table1_pair6_llama32_abliterated_deepseek3b/countries/mtc_receiver/recv_w8_r0.7_0625_1344,/home/xay/KVComm/snapshots/table1_pair6_llama32_abliterated_deepseek3b/countries/mtc_receiver/recv_w8_r0.7_0625_1344/log.log,/home/xay/KVComm/snapshots/table1_pair6_llama32_abliterated_deepseek3b/countries/mtc_receiver/recv_w8_r0.7_0625_1344/per_sample.jsonl
table1,6,llama32_abliterated_deepseek3b,hotpotqa,B-ReKV,coverage,cov_t0.95_s0.75_w8_0625_1442,8,,coverage,0.95,0.75,0.642,0.271505842,500,done,0625_1442,/sharedspace/models/Llama-3.2-3B-Instruct-abliterated,/sharedspace/models/DeepSeek-R1-Distill-Llama-3B,/home/xay/KVComm/snapshots/table1_pair6_llama32_abliterated_deepseek3b,/home/xay/KVComm/snapshots/table1_pair6_llama32_abliterated_deepseek3b/hotpotqa/coverage/cov_t0.95_s0.75_w8_0625_1442,/home/xay/KVComm/snapshots/table1_pair6_llama32_abliterated_deepseek3b/hotpotqa/coverage/cov_t0.95_s0.75_w8_0625_1442/log.log,/home/xay/KVComm/snapshots/table1_pair6_llama32_abliterated_deepseek3b/hotpotqa/coverage/cov_t0.95_s0.75_w8_0625_1442/per_sample.jsonl
table1,6,llama32_abliterated_deepseek3b,hotpotqa,B-ReKV,coverage,cov_t0.95_s0.85_w8_0625_1446,8,,coverage,0.95,0.85,0.64,0.30037971599999996,500,done,0625_1446,/sharedspace/models/Llama-3.2-3B-Instruct-abliterated,/sharedspace/models/DeepSeek-R1-Distill-Llama-3B,/home/xay/KVComm/snapshots/table1_pair6_llama32_abliterated_deepseek3b,/home/xay/KVComm/snapshots/table1_pair6_llama32_abliterated_deepseek3b/hotpotqa/coverage/cov_t0.95_s0.85_w8_0625_1446,/home/xay/KVComm/snapshots/table1_pair6_llama32_abliterated_deepseek3b/hotpotqa/coverage/cov_t0.95_s0.85_w8_0625_1446/log.log,/home/xay/KVComm/snapshots/table1_pair6_llama32_abliterated_deepseek3b/hotpotqa/coverage/cov_t0.95_s0.85_w8_0625_1446/per_sample.jsonl
table1,6,llama32_abliterated_deepseek3b,hotpotqa,B-ReKV,coverage,cov_t0.95_s0.90_w16_0625_1449,16,,coverage,0.95,0.9,0.674,0.367717466,500,done,0625_1449,/sharedspace/models/Llama-3.2-3B-Instruct-abliterated,/sharedspace/models/DeepSeek-R1-Distill-Llama-3B,/home/xay/KVComm/snapshots/table1_pair6_llama32_abliterated_deepseek3b,/home/xay/KVComm/snapshots/table1_pair6_llama32_abliterated_deepseek3b/hotpotqa/coverage/cov_t0.95_s0.90_w16_0625_1449,/home/xay/KVComm/snapshots/table1_pair6_llama32_abliterated_deepseek3b/hotpotqa/coverage/cov_t0.95_s0.90_w16_0625_1449/log.log,/home/xay/KVComm/snapshots/table1_pair6_llama32_abliterated_deepseek3b/hotpotqa/coverage/cov_t0.95_s0.90_w16_0625_1449/per_sample.jsonl
table1,6,llama32_abliterated_deepseek3b,hotpotqa,ReKV,mtc_receiver,recv_w16_r0.3_0625_1432,16,0.3,uniform,,,0.668,0.324935562,500,done,0625_1432,/sharedspace/models/Llama-3.2-3B-Instruct-abliterated,/sharedspace/models/DeepSeek-R1-Distill-Llama-3B,/home/xay/KVComm/snapshots/table1_pair6_llama32_abliterated_deepseek3b,/home/xay/KVComm/snapshots/table1_pair6_llama32_abliterated_deepseek3b/hotpotqa/mtc_receiver/recv_w16_r0.3_0625_1432,/home/xay/KVComm/snapshots/table1_pair6_llama32_abliterated_deepseek3b/hotpotqa/mtc_receiver/recv_w16_r0.3_0625_1432/log.log,/home/xay/KVComm/snapshots/table1_pair6_llama32_abliterated_deepseek3b/hotpotqa/mtc_receiver/recv_w16_r0.3_0625_1432/per_sample.jsonl
table1,6,llama32_abliterated_deepseek3b,hotpotqa,ReKV,mtc_receiver,recv_w16_r0.5_0625_1435,16,0.5,uniform,,,0.694,0.5179280559999999,500,done,0625_1435,/sharedspace/models/Llama-3.2-3B-Instruct-abliterated,/sharedspace/models/DeepSeek-R1-Distill-Llama-3B,/home/xay/KVComm/snapshots/table1_pair6_llama32_abliterated_deepseek3b,/home/xay/KVComm/snapshots/table1_pair6_llama32_abliterated_deepseek3b/hotpotqa/mtc_receiver/recv_w16_r0.5_0625_1435,/home/xay/KVComm/snapshots/table1_pair6_llama32_abliterated_deepseek3b/hotpotqa/mtc_receiver/recv_w16_r0.5_0625_1435/log.log,/home/xay/KVComm/snapshots/table1_pair6_llama32_abliterated_deepseek3b/hotpotqa/mtc_receiver/recv_w16_r0.5_0625_1435/per_sample.jsonl
table1,6,llama32_abliterated_deepseek3b,hotpotqa,ReKV,mtc_receiver,recv_w16_r0.7_0625_1439,16,0.7,uniform,,,0.716,0.710581822,500,done,0625_1439,/sharedspace/models/Llama-3.2-3B-Instruct-abliterated,/sharedspace/models/DeepSeek-R1-Distill-Llama-3B,/home/xay/KVComm/snapshots/table1_pair6_llama32_abliterated_deepseek3b,/home/xay/KVComm/snapshots/table1_pair6_llama32_abliterated_deepseek3b/hotpotqa/mtc_receiver/recv_w16_r0.7_0625_1439,/home/xay/KVComm/snapshots/table1_pair6_llama32_abliterated_deepseek3b/hotpotqa/mtc_receiver/recv_w16_r0.7_0625_1439/log.log,/home/xay/KVComm/snapshots/table1_pair6_llama32_abliterated_deepseek3b/hotpotqa/mtc_receiver/recv_w16_r0.7_0625_1439/per_sample.jsonl
table1,6,llama32_abliterated_deepseek3b,hotpotqa,ReKV,mtc_receiver,recv_w8_r0.3_0625_1422,8,0.3,uniform,,,0.646,0.324935562,500,done,0625_1422,/sharedspace/models/Llama-3.2-3B-Instruct-abliterated,/sharedspace/models/DeepSeek-R1-Distill-Llama-3B,/home/xay/KVComm/snapshots/table1_pair6_llama32_abliterated_deepseek3b,/home/xay/KVComm/snapshots/table1_pair6_llama32_abliterated_deepseek3b/hotpotqa/mtc_receiver/recv_w8_r0.3_0625_1422,/home/xay/KVComm/snapshots/table1_pair6_llama32_abliterated_deepseek3b/hotpotqa/mtc_receiver/recv_w8_r0.3_0625_1422/log.log,/home/xay/KVComm/snapshots/table1_pair6_llama32_abliterated_deepseek3b/hotpotqa/mtc_receiver/recv_w8_r0.3_0625_1422/per_sample.jsonl
table1,6,llama32_abliterated_deepseek3b,hotpotqa,ReKV,mtc_receiver,recv_w8_r0.5_0625_1426,8,0.5,uniform,,,0.702,0.5179280559999999,500,done,0625_1426,/sharedspace/models/Llama-3.2-3B-Instruct-abliterated,/sharedspace/models/DeepSeek-R1-Distill-Llama-3B,/home/xay/KVComm/snapshots/table1_pair6_llama32_abliterated_deepseek3b,/home/xay/KVComm/snapshots/table1_pair6_llama32_abliterated_deepseek3b/hotpotqa/mtc_receiver/recv_w8_r0.5_0625_1426,/home/xay/KVComm/snapshots/table1_pair6_llama32_abliterated_deepseek3b/hotpotqa/mtc_receiver/recv_w8_r0.5_0625_1426/log.log,/home/xay/KVComm/snapshots/table1_pair6_llama32_abliterated_deepseek3b/hotpotqa/mtc_receiver/recv_w8_r0.5_0625_1426/per_sample.jsonl
table1,6,llama32_abliterated_deepseek3b,hotpotqa,ReKV,mtc_receiver,recv_w8_r0.7_0625_1429,8,0.7,uniform,,,0.718,0.710581822,500,done,0625_1429,/sharedspace/models/Llama-3.2-3B-Instruct-abliterated,/sharedspace/models/DeepSeek-R1-Distill-Llama-3B,/home/xay/KVComm/snapshots/table1_pair6_llama32_abliterated_deepseek3b,/home/xay/KVComm/snapshots/table1_pair6_llama32_abliterated_deepseek3b/hotpotqa/mtc_receiver/recv_w8_r0.7_0625_1429,/home/xay/KVComm/snapshots/table1_pair6_llama32_abliterated_deepseek3b/hotpotqa/mtc_receiver/recv_w8_r0.7_0625_1429/log.log,/home/xay/KVComm/snapshots/table1_pair6_llama32_abliterated_deepseek3b/hotpotqa/mtc_receiver/recv_w8_r0.7_0625_1429/per_sample.jsonl
table1,6,llama32_abliterated_deepseek3b,multifieldqa_en,B-ReKV,coverage,cov_t0.95_s0.75_w8_0625_1556,8,,coverage,0.95,0.75,0.4667,0.23116606666666664,150,done,0625_1556,/sharedspace/models/Llama-3.2-3B-Instruct-abliterated,/sharedspace/models/DeepSeek-R1-Distill-Llama-3B,/home/xay/KVComm/snapshots/table1_pair6_llama32_abliterated_deepseek3b,/home/xay/KVComm/snapshots/table1_pair6_llama32_abliterated_deepseek3b/multifieldqa_en/coverage/cov_t0.95_s0.75_w8_0625_1556,/home/xay/KVComm/snapshots/table1_pair6_llama32_abliterated_deepseek3b/multifieldqa_en/coverage/cov_t0.95_s0.75_w8_0625_1556/log.log,/home/xay/KVComm/snapshots/table1_pair6_llama32_abliterated_deepseek3b/multifieldqa_en/coverage/cov_t0.95_s0.75_w8_0625_1556/per_sample.jsonl
table1,6,llama32_abliterated_deepseek3b,multifieldqa_en,B-ReKV,coverage,cov_t0.95_s0.85_w8_0625_1600,8,,coverage,0.95,0.85,0.4867,0.25706771333333334,150,done,0625_1600,/sharedspace/models/Llama-3.2-3B-Instruct-abliterated,/sharedspace/models/DeepSeek-R1-Distill-Llama-3B,/home/xay/KVComm/snapshots/table1_pair6_llama32_abliterated_deepseek3b,/home/xay/KVComm/snapshots/table1_pair6_llama32_abliterated_deepseek3b/multifieldqa_en/coverage/cov_t0.95_s0.85_w8_0625_1600,/home/xay/KVComm/snapshots/table1_pair6_llama32_abliterated_deepseek3b/multifieldqa_en/coverage/cov_t0.95_s0.85_w8_0625_1600/log.log,/home/xay/KVComm/snapshots/table1_pair6_llama32_abliterated_deepseek3b/multifieldqa_en/coverage/cov_t0.95_s0.85_w8_0625_1600/per_sample.jsonl
table1,6,llama32_abliterated_deepseek3b,multifieldqa_en,B-ReKV,coverage,cov_t0.95_s0.90_w16_0625_1604,16,,coverage,0.95,0.9,0.4933,0.32836264666666665,150,done,0625_1604,/sharedspace/models/Llama-3.2-3B-Instruct-abliterated,/sharedspace/models/DeepSeek-R1-Distill-Llama-3B,/home/xay/KVComm/snapshots/table1_pair6_llama32_abliterated_deepseek3b,/home/xay/KVComm/snapshots/table1_pair6_llama32_abliterated_deepseek3b/multifieldqa_en/coverage/cov_t0.95_s0.90_w16_0625_1604,/home/xay/KVComm/snapshots/table1_pair6_llama32_abliterated_deepseek3b/multifieldqa_en/coverage/cov_t0.95_s0.90_w16_0625_1604/log.log,/home/xay/KVComm/snapshots/table1_pair6_llama32_abliterated_deepseek3b/multifieldqa_en/coverage/cov_t0.95_s0.90_w16_0625_1604/per_sample.jsonl
table1,6,llama32_abliterated_deepseek3b,multifieldqa_en,ReKV,mtc_receiver,recv_w16_r0.3_0625_1542,16,0.3,uniform,,,0.4667,0.32499992,150,done,0625_1542,/sharedspace/models/Llama-3.2-3B-Instruct-abliterated,/sharedspace/models/DeepSeek-R1-Distill-Llama-3B,/home/xay/KVComm/snapshots/table1_pair6_llama32_abliterated_deepseek3b,/home/xay/KVComm/snapshots/table1_pair6_llama32_abliterated_deepseek3b/multifieldqa_en/mtc_receiver/recv_w16_r0.3_0625_1542,/home/xay/KVComm/snapshots/table1_pair6_llama32_abliterated_deepseek3b/multifieldqa_en/mtc_receiver/recv_w16_r0.3_0625_1542/log.log,/home/xay/KVComm/snapshots/table1_pair6_llama32_abliterated_deepseek3b/multifieldqa_en/mtc_receiver/recv_w16_r0.3_0625_1542/per_sample.jsonl
table1,6,llama32_abliterated_deepseek3b,multifieldqa_en,ReKV,mtc_receiver,recv_w16_r0.5_0625_1547,16,0.5,uniform,,,0.4867,0.5178368,150,done,0625_1547,/sharedspace/models/Llama-3.2-3B-Instruct-abliterated,/sharedspace/models/DeepSeek-R1-Distill-Llama-3B,/home/xay/KVComm/snapshots/table1_pair6_llama32_abliterated_deepseek3b,/home/xay/KVComm/snapshots/table1_pair6_llama32_abliterated_deepseek3b/multifieldqa_en/mtc_receiver/recv_w16_r0.5_0625_1547,/home/xay/KVComm/snapshots/table1_pair6_llama32_abliterated_deepseek3b/multifieldqa_en/mtc_receiver/recv_w16_r0.5_0625_1547/log.log,/home/xay/KVComm/snapshots/table1_pair6_llama32_abliterated_deepseek3b/multifieldqa_en/mtc_receiver/recv_w16_r0.5_0625_1547/per_sample.jsonl
table1,6,llama32_abliterated_deepseek3b,multifieldqa_en,ReKV,mtc_receiver,recv_w16_r0.7_0625_1551,16,0.7,uniform,,,0.46,0.71071184,150,done,0625_1551,/sharedspace/models/Llama-3.2-3B-Instruct-abliterated,/sharedspace/models/DeepSeek-R1-Distill-Llama-3B,/home/xay/KVComm/snapshots/table1_pair6_llama32_abliterated_deepseek3b,/home/xay/KVComm/snapshots/table1_pair6_llama32_abliterated_deepseek3b/multifieldqa_en/mtc_receiver/recv_w16_r0.7_0625_1551,/home/xay/KVComm/snapshots/table1_pair6_llama32_abliterated_deepseek3b/multifieldqa_en/mtc_receiver/recv_w16_r0.7_0625_1551/log.log,/home/xay/KVComm/snapshots/table1_pair6_llama32_abliterated_deepseek3b/multifieldqa_en/mtc_receiver/recv_w16_r0.7_0625_1551/per_sample.jsonl
table1,6,llama32_abliterated_deepseek3b,multifieldqa_en,ReKV,mtc_receiver,recv_w8_r0.3_0625_1529,8,0.3,uniform,,,0.4667,0.32499992,150,done,0625_1529,/sharedspace/models/Llama-3.2-3B-Instruct-abliterated,/sharedspace/models/DeepSeek-R1-Distill-Llama-3B,/home/xay/KVComm/snapshots/table1_pair6_llama32_abliterated_deepseek3b,/home/xay/KVComm/snapshots/table1_pair6_llama32_abliterated_deepseek3b/multifieldqa_en/mtc_receiver/recv_w8_r0.3_0625_1529,/home/xay/KVComm/snapshots/table1_pair6_llama32_abliterated_deepseek3b/multifieldqa_en/mtc_receiver/recv_w8_r0.3_0625_1529/log.log,/home/xay/KVComm/snapshots/table1_pair6_llama32_abliterated_deepseek3b/multifieldqa_en/mtc_receiver/recv_w8_r0.3_0625_1529/per_sample.jsonl
table1,6,llama32_abliterated_deepseek3b,multifieldqa_en,ReKV,mtc_receiver,recv_w8_r0.5_0625_1533,8,0.5,uniform,,,0.48,0.5178368,150,done,0625_1533,/sharedspace/models/Llama-3.2-3B-Instruct-abliterated,/sharedspace/models/DeepSeek-R1-Distill-Llama-3B,/home/xay/KVComm/snapshots/table1_pair6_llama32_abliterated_deepseek3b,/home/xay/KVComm/snapshots/table1_pair6_llama32_abliterated_deepseek3b/multifieldqa_en/mtc_receiver/recv_w8_r0.5_0625_1533,/home/xay/KVComm/snapshots/table1_pair6_llama32_abliterated_deepseek3b/multifieldqa_en/mtc_receiver/recv_w8_r0.5_0625_1533/log.log,/home/xay/KVComm/snapshots/table1_pair6_llama32_abliterated_deepseek3b/multifieldqa_en/mtc_receiver/recv_w8_r0.5_0625_1533/per_sample.jsonl
table1,6,llama32_abliterated_deepseek3b,multifieldqa_en,ReKV,mtc_receiver,recv_w8_r0.7_0625_1538,8,0.7,uniform,,,0.46,0.71071184,150,done,0625_1538,/sharedspace/models/Llama-3.2-3B-Instruct-abliterated,/sharedspace/models/DeepSeek-R1-Distill-Llama-3B,/home/xay/KVComm/snapshots/table1_pair6_llama32_abliterated_deepseek3b,/home/xay/KVComm/snapshots/table1_pair6_llama32_abliterated_deepseek3b/multifieldqa_en/mtc_receiver/recv_w8_r0.7_0625_1538,/home/xay/KVComm/snapshots/table1_pair6_llama32_abliterated_deepseek3b/multifieldqa_en/mtc_receiver/recv_w8_r0.7_0625_1538/log.log,/home/xay/KVComm/snapshots/table1_pair6_llama32_abliterated_deepseek3b/multifieldqa_en/mtc_receiver/recv_w8_r0.7_0625_1538/per_sample.jsonl
table1,6,llama32_abliterated_deepseek3b,musique,B-ReKV,coverage,cov_t0.95_s0.75_w8_0625_1517,8,,coverage,0.95,0.75,0.384,0.250506002,500,done,0625_1517,/sharedspace/models/Llama-3.2-3B-Instruct-abliterated,/sharedspace/models/DeepSeek-R1-Distill-Llama-3B,/home/xay/KVComm/snapshots/table1_pair6_llama32_abliterated_deepseek3b,/home/xay/KVComm/snapshots/table1_pair6_llama32_abliterated_deepseek3b/musique/coverage/cov_t0.95_s0.75_w8_0625_1517,/home/xay/KVComm/snapshots/table1_pair6_llama32_abliterated_deepseek3b/musique/coverage/cov_t0.95_s0.75_w8_0625_1517/log.log,/home/xay/KVComm/snapshots/table1_pair6_llama32_abliterated_deepseek3b/musique/coverage/cov_t0.95_s0.75_w8_0625_1517/per_sample.jsonl
table1,6,llama32_abliterated_deepseek3b,musique,B-ReKV,coverage,cov_t0.95_s0.85_w8_0625_1521,8,,coverage,0.95,0.85,0.37,0.278840034,500,done,0625_1521,/sharedspace/models/Llama-3.2-3B-Instruct-abliterated,/sharedspace/models/DeepSeek-R1-Distill-Llama-3B,/home/xay/KVComm/snapshots/table1_pair6_llama32_abliterated_deepseek3b,/home/xay/KVComm/snapshots/table1_pair6_llama32_abliterated_deepseek3b/musique/coverage/cov_t0.95_s0.85_w8_0625_1521,/home/xay/KVComm/snapshots/table1_pair6_llama32_abliterated_deepseek3b/musique/coverage/cov_t0.95_s0.85_w8_0625_1521/log.log,/home/xay/KVComm/snapshots/table1_pair6_llama32_abliterated_deepseek3b/musique/coverage/cov_t0.95_s0.85_w8_0625_1521/per_sample.jsonl
table1,6,llama32_abliterated_deepseek3b,musique,B-ReKV,coverage,cov_t0.95_s0.90_w16_0625_1525,16,,coverage,0.95,0.9,0.368,0.360301522,500,done,0625_1525,/sharedspace/models/Llama-3.2-3B-Instruct-abliterated,/sharedspace/models/DeepSeek-R1-Distill-Llama-3B,/home/xay/KVComm/snapshots/table1_pair6_llama32_abliterated_deepseek3b,/home/xay/KVComm/snapshots/table1_pair6_llama32_abliterated_deepseek3b/musique/coverage/cov_t0.95_s0.90_w16_0625_1525,/home/xay/KVComm/snapshots/table1_pair6_llama32_abliterated_deepseek3b/musique/coverage/cov_t0.95_s0.90_w16_0625_1525/log.log,/home/xay/KVComm/snapshots/table1_pair6_llama32_abliterated_deepseek3b/musique/coverage/cov_t0.95_s0.90_w16_0625_1525/per_sample.jsonl
table1,6,llama32_abliterated_deepseek3b,musique,ReKV,mtc_receiver,recv_w16_r0.3_0625_1504,16,0.3,uniform,,,0.354,0.324975174,500,done,0625_1504,/sharedspace/models/Llama-3.2-3B-Instruct-abliterated,/sharedspace/models/DeepSeek-R1-Distill-Llama-3B,/home/xay/KVComm/snapshots/table1_pair6_llama32_abliterated_deepseek3b,/home/xay/KVComm/snapshots/table1_pair6_llama32_abliterated_deepseek3b/musique/mtc_receiver/recv_w16_r0.3_0625_1504,/home/xay/KVComm/snapshots/table1_pair6_llama32_abliterated_deepseek3b/musique/mtc_receiver/recv_w16_r0.3_0625_1504/log.log,/home/xay/KVComm/snapshots/table1_pair6_llama32_abliterated_deepseek3b/musique/mtc_receiver/recv_w16_r0.3_0625_1504/per_sample.jsonl
table1,6,llama32_abliterated_deepseek3b,musique,ReKV,mtc_receiver,recv_w16_r0.5_0625_1508,16,0.5,uniform,,,0.39,0.517818944,500,done,0625_1508,/sharedspace/models/Llama-3.2-3B-Instruct-abliterated,/sharedspace/models/DeepSeek-R1-Distill-Llama-3B,/home/xay/KVComm/snapshots/table1_pair6_llama32_abliterated_deepseek3b,/home/xay/KVComm/snapshots/table1_pair6_llama32_abliterated_deepseek3b/musique/mtc_receiver/recv_w16_r0.5_0625_1508,/home/xay/KVComm/snapshots/table1_pair6_llama32_abliterated_deepseek3b/musique/mtc_receiver/recv_w16_r0.5_0625_1508/log.log,/home/xay/KVComm/snapshots/table1_pair6_llama32_abliterated_deepseek3b/musique/mtc_receiver/recv_w16_r0.5_0625_1508/per_sample.jsonl
table1,6,llama32_abliterated_deepseek3b,musique,ReKV,mtc_receiver,recv_w16_r0.7_0625_1513,16,0.7,uniform,,,0.396,0.7106729799999999,500,done,0625_1513,/sharedspace/models/Llama-3.2-3B-Instruct-abliterated,/sharedspace/models/DeepSeek-R1-Distill-Llama-3B,/home/xay/KVComm/snapshots/table1_pair6_llama32_abliterated_deepseek3b,/home/xay/KVComm/snapshots/table1_pair6_llama32_abliterated_deepseek3b/musique/mtc_receiver/recv_w16_r0.7_0625_1513,/home/xay/KVComm/snapshots/table1_pair6_llama32_abliterated_deepseek3b/musique/mtc_receiver/recv_w16_r0.7_0625_1513/log.log,/home/xay/KVComm/snapshots/table1_pair6_llama32_abliterated_deepseek3b/musique/mtc_receiver/recv_w16_r0.7_0625_1513/per_sample.jsonl
table1,6,llama32_abliterated_deepseek3b,musique,ReKV,mtc_receiver,recv_w8_r0.3_0625_1452,8,0.3,uniform,,,0.362,0.324975174,500,done,0625_1452,/sharedspace/models/Llama-3.2-3B-Instruct-abliterated,/sharedspace/models/DeepSeek-R1-Distill-Llama-3B,/home/xay/KVComm/snapshots/table1_pair6_llama32_abliterated_deepseek3b,/home/xay/KVComm/snapshots/table1_pair6_llama32_abliterated_deepseek3b/musique/mtc_receiver/recv_w8_r0.3_0625_1452,/home/xay/KVComm/snapshots/table1_pair6_llama32_abliterated_deepseek3b/musique/mtc_receiver/recv_w8_r0.3_0625_1452/log.log,/home/xay/KVComm/snapshots/table1_pair6_llama32_abliterated_deepseek3b/musique/mtc_receiver/recv_w8_r0.3_0625_1452/per_sample.jsonl
table1,6,llama32_abliterated_deepseek3b,musique,ReKV,mtc_receiver,recv_w8_r0.5_0625_1456,8,0.5,uniform,,,0.384,0.517818944,500,done,0625_1456,/sharedspace/models/Llama-3.2-3B-Instruct-abliterated,/sharedspace/models/DeepSeek-R1-Distill-Llama-3B,/home/xay/KVComm/snapshots/table1_pair6_llama32_abliterated_deepseek3b,/home/xay/KVComm/snapshots/table1_pair6_llama32_abliterated_deepseek3b/musique/mtc_receiver/recv_w8_r0.5_0625_1456,/home/xay/KVComm/snapshots/table1_pair6_llama32_abliterated_deepseek3b/musique/mtc_receiver/recv_w8_r0.5_0625_1456/log.log,/home/xay/KVComm/snapshots/table1_pair6_llama32_abliterated_deepseek3b/musique/mtc_receiver/recv_w8_r0.5_0625_1456/per_sample.jsonl
table1,6,llama32_abliterated_deepseek3b,musique,ReKV,mtc_receiver,recv_w8_r0.7_0625_1500,8,0.7,uniform,,,0.384,0.7106729799999999,500,done,0625_1500,/sharedspace/models/Llama-3.2-3B-Instruct-abliterated,/sharedspace/models/DeepSeek-R1-Distill-Llama-3B,/home/xay/KVComm/snapshots/table1_pair6_llama32_abliterated_deepseek3b,/home/xay/KVComm/snapshots/table1_pair6_llama32_abliterated_deepseek3b/musique/mtc_receiver/recv_w8_r0.7_0625_1500,/home/xay/KVComm/snapshots/table1_pair6_llama32_abliterated_deepseek3b/musique/mtc_receiver/recv_w8_r0.7_0625_1500/log.log,/home/xay/KVComm/snapshots/table1_pair6_llama32_abliterated_deepseek3b/musique/mtc_receiver/recv_w8_r0.7_0625_1500/per_sample.jsonl
table1,6,llama32_abliterated_deepseek3b,qasper,B-ReKV,coverage,cov_t0.95_s0.75_w8_0625_1746,8,,coverage,0.95,0.75,0.3,0.252926852,500,done,0625_1746,/sharedspace/models/Llama-3.2-3B-Instruct-abliterated,/sharedspace/models/DeepSeek-R1-Distill-Llama-3B,/home/xay/KVComm/snapshots/table1_pair6_llama32_abliterated_deepseek3b,/home/xay/KVComm/snapshots/table1_pair6_llama32_abliterated_deepseek3b/qasper/coverage/cov_t0.95_s0.75_w8_0625_1746,/home/xay/KVComm/snapshots/table1_pair6_llama32_abliterated_deepseek3b/qasper/coverage/cov_t0.95_s0.75_w8_0625_1746/log.log,/home/xay/KVComm/snapshots/table1_pair6_llama32_abliterated_deepseek3b/qasper/coverage/cov_t0.95_s0.75_w8_0625_1746/per_sample.jsonl
table1,6,llama32_abliterated_deepseek3b,qasper,B-ReKV,coverage,cov_t0.95_s0.85_w8_0625_1755,8,,coverage,0.95,0.85,0.306,0.281846114,500,done,0625_1755,/sharedspace/models/Llama-3.2-3B-Instruct-abliterated,/sharedspace/models/DeepSeek-R1-Distill-Llama-3B,/home/xay/KVComm/snapshots/table1_pair6_llama32_abliterated_deepseek3b,/home/xay/KVComm/snapshots/table1_pair6_llama32_abliterated_deepseek3b/qasper/coverage/cov_t0.95_s0.85_w8_0625_1755,/home/xay/KVComm/snapshots/table1_pair6_llama32_abliterated_deepseek3b/qasper/coverage/cov_t0.95_s0.85_w8_0625_1755/log.log,/home/xay/KVComm/snapshots/table1_pair6_llama32_abliterated_deepseek3b/qasper/coverage/cov_t0.95_s0.85_w8_0625_1755/per_sample.jsonl
table1,6,llama32_abliterated_deepseek3b,qasper,B-ReKV,coverage,cov_t0.95_s0.90_w16_0625_1805,16,,coverage,0.95,0.9,0.324,0.34306692600000005,500,done,0625_1805,/sharedspace/models/Llama-3.2-3B-Instruct-abliterated,/sharedspace/models/DeepSeek-R1-Distill-Llama-3B,/home/xay/KVComm/snapshots/table1_pair6_llama32_abliterated_deepseek3b,/home/xay/KVComm/snapshots/table1_pair6_llama32_abliterated_deepseek3b/qasper/coverage/cov_t0.95_s0.90_w16_0625_1805,/home/xay/KVComm/snapshots/table1_pair6_llama32_abliterated_deepseek3b/qasper/coverage/cov_t0.95_s0.90_w16_0625_1805/log.log,/home/xay/KVComm/snapshots/table1_pair6_llama32_abliterated_deepseek3b/qasper/coverage/cov_t0.95_s0.90_w16_0625_1805/per_sample.jsonl
table1,6,llama32_abliterated_deepseek3b,qasper,ReKV,mtc_receiver,recv_w16_r0.3_0625_1718,16,0.3,uniform,,,0.316,0.325006114,500,done,0625_1718,/sharedspace/models/Llama-3.2-3B-Instruct-abliterated,/sharedspace/models/DeepSeek-R1-Distill-Llama-3B,/home/xay/KVComm/snapshots/table1_pair6_llama32_abliterated_deepseek3b,/home/xay/KVComm/snapshots/table1_pair6_llama32_abliterated_deepseek3b/qasper/mtc_receiver/recv_w16_r0.3_0625_1718,/home/xay/KVComm/snapshots/table1_pair6_llama32_abliterated_deepseek3b/qasper/mtc_receiver/recv_w16_r0.3_0625_1718/log.log,/home/xay/KVComm/snapshots/table1_pair6_llama32_abliterated_deepseek3b/qasper/mtc_receiver/recv_w16_r0.3_0625_1718/per_sample.jsonl
table1,6,llama32_abliterated_deepseek3b,qasper,ReKV,mtc_receiver,recv_w16_r0.5_0625_1727,16,0.5,uniform,,,0.326,0.517868536,500,done,0625_1727,/sharedspace/models/Llama-3.2-3B-Instruct-abliterated,/sharedspace/models/DeepSeek-R1-Distill-Llama-3B,/home/xay/KVComm/snapshots/table1_pair6_llama32_abliterated_deepseek3b,/home/xay/KVComm/snapshots/table1_pair6_llama32_abliterated_deepseek3b/qasper/mtc_receiver/recv_w16_r0.5_0625_1727,/home/xay/KVComm/snapshots/table1_pair6_llama32_abliterated_deepseek3b/qasper/mtc_receiver/recv_w16_r0.5_0625_1727/log.log,/home/xay/KVComm/snapshots/table1_pair6_llama32_abliterated_deepseek3b/qasper/mtc_receiver/recv_w16_r0.5_0625_1727/per_sample.jsonl
table1,6,llama32_abliterated_deepseek3b,qasper,ReKV,mtc_receiver,recv_w16_r0.7_0625_1736,16,0.7,uniform,,,0.306,0.710700876,500,done,0625_1736,/sharedspace/models/Llama-3.2-3B-Instruct-abliterated,/sharedspace/models/DeepSeek-R1-Distill-Llama-3B,/home/xay/KVComm/snapshots/table1_pair6_llama32_abliterated_deepseek3b,/home/xay/KVComm/snapshots/table1_pair6_llama32_abliterated_deepseek3b/qasper/mtc_receiver/recv_w16_r0.7_0625_1736,/home/xay/KVComm/snapshots/table1_pair6_llama32_abliterated_deepseek3b/qasper/mtc_receiver/recv_w16_r0.7_0625_1736/log.log,/home/xay/KVComm/snapshots/table1_pair6_llama32_abliterated_deepseek3b/qasper/mtc_receiver/recv_w16_r0.7_0625_1736/per_sample.jsonl
table1,6,llama32_abliterated_deepseek3b,qasper,ReKV,mtc_receiver,recv_w8_r0.3_0625_1647,8,0.3,uniform,,,0.306,0.325006114,500,done,0625_1647,/sharedspace/models/Llama-3.2-3B-Instruct-abliterated,/sharedspace/models/DeepSeek-R1-Distill-Llama-3B,/home/xay/KVComm/snapshots/table1_pair6_llama32_abliterated_deepseek3b,/home/xay/KVComm/snapshots/table1_pair6_llama32_abliterated_deepseek3b/qasper/mtc_receiver/recv_w8_r0.3_0625_1647,/home/xay/KVComm/snapshots/table1_pair6_llama32_abliterated_deepseek3b/qasper/mtc_receiver/recv_w8_r0.3_0625_1647/log.log,/home/xay/KVComm/snapshots/table1_pair6_llama32_abliterated_deepseek3b/qasper/mtc_receiver/recv_w8_r0.3_0625_1647/per_sample.jsonl
table1,6,llama32_abliterated_deepseek3b,qasper,ReKV,mtc_receiver,recv_w8_r0.5_0625_1658,8,0.5,uniform,,,0.302,0.517868536,500,done,0625_1658,/sharedspace/models/Llama-3.2-3B-Instruct-abliterated,/sharedspace/models/DeepSeek-R1-Distill-Llama-3B,/home/xay/KVComm/snapshots/table1_pair6_llama32_abliterated_deepseek3b,/home/xay/KVComm/snapshots/table1_pair6_llama32_abliterated_deepseek3b/qasper/mtc_receiver/recv_w8_r0.5_0625_1658,/home/xay/KVComm/snapshots/table1_pair6_llama32_abliterated_deepseek3b/qasper/mtc_receiver/recv_w8_r0.5_0625_1658/log.log,/home/xay/KVComm/snapshots/table1_pair6_llama32_abliterated_deepseek3b/qasper/mtc_receiver/recv_w8_r0.5_0625_1658/per_sample.jsonl
table1,6,llama32_abliterated_deepseek3b,qasper,ReKV,mtc_receiver,recv_w8_r0.7_0625_1708,8,0.7,uniform,,,0.31,0.710700876,500,done,0625_1708,/sharedspace/models/Llama-3.2-3B-Instruct-abliterated,/sharedspace/models/DeepSeek-R1-Distill-Llama-3B,/home/xay/KVComm/snapshots/table1_pair6_llama32_abliterated_deepseek3b,/home/xay/KVComm/snapshots/table1_pair6_llama32_abliterated_deepseek3b/qasper/mtc_receiver/recv_w8_r0.7_0625_1708,/home/xay/KVComm/snapshots/table1_pair6_llama32_abliterated_deepseek3b/qasper/mtc_receiver/recv_w8_r0.7_0625_1708/log.log,/home/xay/KVComm/snapshots/table1_pair6_llama32_abliterated_deepseek3b/qasper/mtc_receiver/recv_w8_r0.7_0625_1708/per_sample.jsonl
table1,6,llama32_abliterated_deepseek3b,tipsheets,B-ReKV,coverage,cov_t0.95_s0.75_w8_0625_1413,8,,coverage,0.95,0.75,0.41,0.19612329,500,done,0625_1413,/sharedspace/models/Llama-3.2-3B-Instruct-abliterated,/sharedspace/models/DeepSeek-R1-Distill-Llama-3B,/home/xay/KVComm/snapshots/table1_pair6_llama32_abliterated_deepseek3b,/home/xay/KVComm/snapshots/table1_pair6_llama32_abliterated_deepseek3b/tipsheets/coverage/cov_t0.95_s0.75_w8_0625_1413,/home/xay/KVComm/snapshots/table1_pair6_llama32_abliterated_deepseek3b/tipsheets/coverage/cov_t0.95_s0.75_w8_0625_1413/log.log,/home/xay/KVComm/snapshots/table1_pair6_llama32_abliterated_deepseek3b/tipsheets/coverage/cov_t0.95_s0.75_w8_0625_1413/per_sample.jsonl
table1,6,llama32_abliterated_deepseek3b,tipsheets,B-ReKV,coverage,cov_t0.95_s0.85_w8_0625_1416,8,,coverage,0.95,0.85,0.412,0.210885936,500,done,0625_1416,/sharedspace/models/Llama-3.2-3B-Instruct-abliterated,/sharedspace/models/DeepSeek-R1-Distill-Llama-3B,/home/xay/KVComm/snapshots/table1_pair6_llama32_abliterated_deepseek3b,/home/xay/KVComm/snapshots/table1_pair6_llama32_abliterated_deepseek3b/tipsheets/coverage/cov_t0.95_s0.85_w8_0625_1416,/home/xay/KVComm/snapshots/table1_pair6_llama32_abliterated_deepseek3b/tipsheets/coverage/cov_t0.95_s0.85_w8_0625_1416/log.log,/home/xay/KVComm/snapshots/table1_pair6_llama32_abliterated_deepseek3b/tipsheets/coverage/cov_t0.95_s0.85_w8_0625_1416/per_sample.jsonl
table1,6,llama32_abliterated_deepseek3b,tipsheets,B-ReKV,coverage,cov_t0.95_s0.90_w16_0625_1419,16,,coverage,0.95,0.9,0.47,0.276450552,500,done,0625_1419,/sharedspace/models/Llama-3.2-3B-Instruct-abliterated,/sharedspace/models/DeepSeek-R1-Distill-Llama-3B,/home/xay/KVComm/snapshots/table1_pair6_llama32_abliterated_deepseek3b,/home/xay/KVComm/snapshots/table1_pair6_llama32_abliterated_deepseek3b/tipsheets/coverage/cov_t0.95_s0.90_w16_0625_1419,/home/xay/KVComm/snapshots/table1_pair6_llama32_abliterated_deepseek3b/tipsheets/coverage/cov_t0.95_s0.90_w16_0625_1419/log.log,/home/xay/KVComm/snapshots/table1_pair6_llama32_abliterated_deepseek3b/tipsheets/coverage/cov_t0.95_s0.90_w16_0625_1419/per_sample.jsonl
table1,6,llama32_abliterated_deepseek3b,tipsheets,ReKV,mtc_receiver,recv_w16_r0.3_0625_1404,16,0.3,uniform,,,0.484,0.324970932,500,done,0625_1404,/sharedspace/models/Llama-3.2-3B-Instruct-abliterated,/sharedspace/models/DeepSeek-R1-Distill-Llama-3B,/home/xay/KVComm/snapshots/table1_pair6_llama32_abliterated_deepseek3b,/home/xay/KVComm/snapshots/table1_pair6_llama32_abliterated_deepseek3b/tipsheets/mtc_receiver/recv_w16_r0.3_0625_1404,/home/xay/KVComm/snapshots/table1_pair6_llama32_abliterated_deepseek3b/tipsheets/mtc_receiver/recv_w16_r0.3_0625_1404/log.log,/home/xay/KVComm/snapshots/table1_pair6_llama32_abliterated_deepseek3b/tipsheets/mtc_receiver/recv_w16_r0.3_0625_1404/per_sample.jsonl
table1,6,llama32_abliterated_deepseek3b,tipsheets,ReKV,mtc_receiver,recv_w16_r0.5_0625_1407,16,0.5,uniform,,,0.604,0.517740506,500,done,0625_1407,/sharedspace/models/Llama-3.2-3B-Instruct-abliterated,/sharedspace/models/DeepSeek-R1-Distill-Llama-3B,/home/xay/KVComm/snapshots/table1_pair6_llama32_abliterated_deepseek3b,/home/xay/KVComm/snapshots/table1_pair6_llama32_abliterated_deepseek3b/tipsheets/mtc_receiver/recv_w16_r0.5_0625_1407,/home/xay/KVComm/snapshots/table1_pair6_llama32_abliterated_deepseek3b/tipsheets/mtc_receiver/recv_w16_r0.5_0625_1407/log.log,/home/xay/KVComm/snapshots/table1_pair6_llama32_abliterated_deepseek3b/tipsheets/mtc_receiver/recv_w16_r0.5_0625_1407/per_sample.jsonl
table1,6,llama32_abliterated_deepseek3b,tipsheets,ReKV,mtc_receiver,recv_w16_r0.7_0625_1410,16,0.7,uniform,,,0.716,0.7104676719999999,500,done,0625_1410,/sharedspace/models/Llama-3.2-3B-Instruct-abliterated,/sharedspace/models/DeepSeek-R1-Distill-Llama-3B,/home/xay/KVComm/snapshots/table1_pair6_llama32_abliterated_deepseek3b,/home/xay/KVComm/snapshots/table1_pair6_llama32_abliterated_deepseek3b/tipsheets/mtc_receiver/recv_w16_r0.7_0625_1410,/home/xay/KVComm/snapshots/table1_pair6_llama32_abliterated_deepseek3b/tipsheets/mtc_receiver/recv_w16_r0.7_0625_1410/log.log,/home/xay/KVComm/snapshots/table1_pair6_llama32_abliterated_deepseek3b/tipsheets/mtc_receiver/recv_w16_r0.7_0625_1410/per_sample.jsonl
table1,6,llama32_abliterated_deepseek3b,tipsheets,ReKV,mtc_receiver,recv_w8_r0.3_0625_1355,8,0.3,uniform,,,0.486,0.324970932,500,done,0625_1355,/sharedspace/models/Llama-3.2-3B-Instruct-abliterated,/sharedspace/models/DeepSeek-R1-Distill-Llama-3B,/home/xay/KVComm/snapshots/table1_pair6_llama32_abliterated_deepseek3b,/home/xay/KVComm/snapshots/table1_pair6_llama32_abliterated_deepseek3b/tipsheets/mtc_receiver/recv_w8_r0.3_0625_1355,/home/xay/KVComm/snapshots/table1_pair6_llama32_abliterated_deepseek3b/tipsheets/mtc_receiver/recv_w8_r0.3_0625_1355/log.log,/home/xay/KVComm/snapshots/table1_pair6_llama32_abliterated_deepseek3b/tipsheets/mtc_receiver/recv_w8_r0.3_0625_1355/per_sample.jsonl
table1,6,llama32_abliterated_deepseek3b,tipsheets,ReKV,mtc_receiver,recv_w8_r0.5_0625_1358,8,0.5,uniform,,,0.594,0.517740506,500,done,0625_1358,/sharedspace/models/Llama-3.2-3B-Instruct-abliterated,/sharedspace/models/DeepSeek-R1-Distill-Llama-3B,/home/xay/KVComm/snapshots/table1_pair6_llama32_abliterated_deepseek3b,/home/xay/KVComm/snapshots/table1_pair6_llama32_abliterated_deepseek3b/tipsheets/mtc_receiver/recv_w8_r0.5_0625_1358,/home/xay/KVComm/snapshots/table1_pair6_llama32_abliterated_deepseek3b/tipsheets/mtc_receiver/recv_w8_r0.5_0625_1358/log.log,/home/xay/KVComm/snapshots/table1_pair6_llama32_abliterated_deepseek3b/tipsheets/mtc_receiver/recv_w8_r0.5_0625_1358/per_sample.jsonl
table1,6,llama32_abliterated_deepseek3b,tipsheets,ReKV,mtc_receiver,recv_w8_r0.7_0625_1401,8,0.7,uniform,,,0.736,0.7104676719999999,500,done,0625_1401,/sharedspace/models/Llama-3.2-3B-Instruct-abliterated,/sharedspace/models/DeepSeek-R1-Distill-Llama-3B,/home/xay/KVComm/snapshots/table1_pair6_llama32_abliterated_deepseek3b,/home/xay/KVComm/snapshots/table1_pair6_llama32_abliterated_deepseek3b/tipsheets/mtc_receiver/recv_w8_r0.7_0625_1401,/home/xay/KVComm/snapshots/table1_pair6_llama32_abliterated_deepseek3b/tipsheets/mtc_receiver/recv_w8_r0.7_0625_1401/log.log,/home/xay/KVComm/snapshots/table1_pair6_llama32_abliterated_deepseek3b/tipsheets/mtc_receiver/recv_w8_r0.7_0625_1401/per_sample.jsonl
table1,6,llama32_abliterated_deepseek3b,tmath,B-ReKV,coverage,cov_t0.95_s0.75_w8_0625_2307,8,,coverage,0.95,0.75,0.3168,0.21825923333333336,300,done,0625_2307,/sharedspace/models/Llama-3.2-3B-Instruct-abliterated,/sharedspace/models/DeepSeek-R1-Distill-Llama-3B,/home/xay/KVComm/snapshots/table1_pair6_llama32_abliterated_deepseek3b,/home/xay/KVComm/snapshots/table1_pair6_llama32_abliterated_deepseek3b/tmath/coverage/cov_t0.95_s0.75_w8_0625_2307,/home/xay/KVComm/snapshots/table1_pair6_llama32_abliterated_deepseek3b/tmath/coverage/cov_t0.95_s0.75_w8_0625_2307/log.log,/home/xay/KVComm/snapshots/table1_pair6_llama32_abliterated_deepseek3b/tmath/coverage/cov_t0.95_s0.75_w8_0625_2307/per_sample.jsonl
table1,6,llama32_abliterated_deepseek3b,tmath,B-ReKV,coverage,cov_t0.95_s0.85_w8_0625_2351,8,,coverage,0.95,0.85,0.3193,0.24029094666666664,300,done,0625_2351,/sharedspace/models/Llama-3.2-3B-Instruct-abliterated,/sharedspace/models/DeepSeek-R1-Distill-Llama-3B,/home/xay/KVComm/snapshots/table1_pair6_llama32_abliterated_deepseek3b,/home/xay/KVComm/snapshots/table1_pair6_llama32_abliterated_deepseek3b/tmath/coverage/cov_t0.95_s0.85_w8_0625_2351,/home/xay/KVComm/snapshots/table1_pair6_llama32_abliterated_deepseek3b/tmath/coverage/cov_t0.95_s0.85_w8_0625_2351/log.log,/home/xay/KVComm/snapshots/table1_pair6_llama32_abliterated_deepseek3b/tmath/coverage/cov_t0.95_s0.85_w8_0625_2351/per_sample.jsonl
table1,6,llama32_abliterated_deepseek3b,tmath,B-ReKV,coverage,cov_t0.95_s0.90_w16_0626_0036,16,,coverage,0.95,0.9,0.3174,0.27197531333333336,300,done,0626_0036,/sharedspace/models/Llama-3.2-3B-Instruct-abliterated,/sharedspace/models/DeepSeek-R1-Distill-Llama-3B,/home/xay/KVComm/snapshots/table1_pair6_llama32_abliterated_deepseek3b,/home/xay/KVComm/snapshots/table1_pair6_llama32_abliterated_deepseek3b/tmath/coverage/cov_t0.95_s0.90_w16_0626_0036,/home/xay/KVComm/snapshots/table1_pair6_llama32_abliterated_deepseek3b/tmath/coverage/cov_t0.95_s0.90_w16_0626_0036/log.log,/home/xay/KVComm/snapshots/table1_pair6_llama32_abliterated_deepseek3b/tmath/coverage/cov_t0.95_s0.90_w16_0626_0036/per_sample.jsonl
table1,6,llama32_abliterated_deepseek3b,tmath,ReKV,mtc_receiver,recv_w16_r0.3_0625_2051,16,0.3,uniform,,,0.3167,0.32486507,300,done,0625_2051,/sharedspace/models/Llama-3.2-3B-Instruct-abliterated,/sharedspace/models/DeepSeek-R1-Distill-Llama-3B,/home/xay/KVComm/snapshots/table1_pair6_llama32_abliterated_deepseek3b,/home/xay/KVComm/snapshots/table1_pair6_llama32_abliterated_deepseek3b/tmath/mtc_receiver/recv_w16_r0.3_0625_2051,/home/xay/KVComm/snapshots/table1_pair6_llama32_abliterated_deepseek3b/tmath/mtc_receiver/recv_w16_r0.3_0625_2051/log.log,/home/xay/KVComm/snapshots/table1_pair6_llama32_abliterated_deepseek3b/tmath/mtc_receiver/recv_w16_r0.3_0625_2051/per_sample.jsonl
table1,6,llama32_abliterated_deepseek3b,tmath,ReKV,mtc_receiver,recv_w16_r0.5_0625_2136,16,0.5,uniform,,,0.3213,0.5178197766666667,300,done,0625_2136,/sharedspace/models/Llama-3.2-3B-Instruct-abliterated,/sharedspace/models/DeepSeek-R1-Distill-Llama-3B,/home/xay/KVComm/snapshots/table1_pair6_llama32_abliterated_deepseek3b,/home/xay/KVComm/snapshots/table1_pair6_llama32_abliterated_deepseek3b/tmath/mtc_receiver/recv_w16_r0.5_0625_2136,/home/xay/KVComm/snapshots/table1_pair6_llama32_abliterated_deepseek3b/tmath/mtc_receiver/recv_w16_r0.5_0625_2136/log.log,/home/xay/KVComm/snapshots/table1_pair6_llama32_abliterated_deepseek3b/tmath/mtc_receiver/recv_w16_r0.5_0625_2136/per_sample.jsonl
table1,6,llama32_abliterated_deepseek3b,tmath,ReKV,mtc_receiver,recv_w16_r0.7_0625_2222,16,0.7,uniform,,,0.3202,0.7108494633333333,300,done,0625_2222,/sharedspace/models/Llama-3.2-3B-Instruct-abliterated,/sharedspace/models/DeepSeek-R1-Distill-Llama-3B,/home/xay/KVComm/snapshots/table1_pair6_llama32_abliterated_deepseek3b,/home/xay/KVComm/snapshots/table1_pair6_llama32_abliterated_deepseek3b/tmath/mtc_receiver/recv_w16_r0.7_0625_2222,/home/xay/KVComm/snapshots/table1_pair6_llama32_abliterated_deepseek3b/tmath/mtc_receiver/recv_w16_r0.7_0625_2222/log.log,/home/xay/KVComm/snapshots/table1_pair6_llama32_abliterated_deepseek3b/tmath/mtc_receiver/recv_w16_r0.7_0625_2222/per_sample.jsonl
table1,6,llama32_abliterated_deepseek3b,tmath,ReKV,mtc_receiver,recv_w8_r0.3_0625_1815,8,0.3,uniform,,,0.3177,0.32486507,300,done,0625_1815,/sharedspace/models/Llama-3.2-3B-Instruct-abliterated,/sharedspace/models/DeepSeek-R1-Distill-Llama-3B,/home/xay/KVComm/snapshots/table1_pair6_llama32_abliterated_deepseek3b,/home/xay/KVComm/snapshots/table1_pair6_llama32_abliterated_deepseek3b/tmath/mtc_receiver/recv_w8_r0.3_0625_1815,/home/xay/KVComm/snapshots/table1_pair6_llama32_abliterated_deepseek3b/tmath/mtc_receiver/recv_w8_r0.3_0625_1815/log.log,/home/xay/KVComm/snapshots/table1_pair6_llama32_abliterated_deepseek3b/tmath/mtc_receiver/recv_w8_r0.3_0625_1815/per_sample.jsonl
table1,6,llama32_abliterated_deepseek3b,tmath,ReKV,mtc_receiver,recv_w8_r0.5_0625_1910,8,0.5,uniform,,,0.3209,0.5178197766666667,300,done,0625_1910,/sharedspace/models/Llama-3.2-3B-Instruct-abliterated,/sharedspace/models/DeepSeek-R1-Distill-Llama-3B,/home/xay/KVComm/snapshots/table1_pair6_llama32_abliterated_deepseek3b,/home/xay/KVComm/snapshots/table1_pair6_llama32_abliterated_deepseek3b/tmath/mtc_receiver/recv_w8_r0.5_0625_1910,/home/xay/KVComm/snapshots/table1_pair6_llama32_abliterated_deepseek3b/tmath/mtc_receiver/recv_w8_r0.5_0625_1910/log.log,/home/xay/KVComm/snapshots/table1_pair6_llama32_abliterated_deepseek3b/tmath/mtc_receiver/recv_w8_r0.5_0625_1910/per_sample.jsonl
table1,6,llama32_abliterated_deepseek3b,tmath,ReKV,mtc_receiver,recv_w8_r0.7_0625_2006,8,0.7,uniform,,,0.3232,0.7108494633333333,300,done,0625_2006,/sharedspace/models/Llama-3.2-3B-Instruct-abliterated,/sharedspace/models/DeepSeek-R1-Distill-Llama-3B,/home/xay/KVComm/snapshots/table1_pair6_llama32_abliterated_deepseek3b,/home/xay/KVComm/snapshots/table1_pair6_llama32_abliterated_deepseek3b/tmath/mtc_receiver/recv_w8_r0.7_0625_2006,/home/xay/KVComm/snapshots/table1_pair6_llama32_abliterated_deepseek3b/tmath/mtc_receiver/recv_w8_r0.7_0625_2006/log.log,/home/xay/KVComm/snapshots/table1_pair6_llama32_abliterated_deepseek3b/tmath/mtc_receiver/recv_w8_r0.7_0625_2006/per_sample.jsonl
table1,6,llama32_abliterated_deepseek3b,twowikimqa,B-ReKV,coverage,cov_t0.95_s0.75_w8_0625_1634,8,,coverage,0.95,0.75,0.4,0.21993853000000002,200,done,0625_1634,/sharedspace/models/Llama-3.2-3B-Instruct-abliterated,/sharedspace/models/DeepSeek-R1-Distill-Llama-3B,/home/xay/KVComm/snapshots/table1_pair6_llama32_abliterated_deepseek3b,/home/xay/KVComm/snapshots/table1_pair6_llama32_abliterated_deepseek3b/twowikimqa/coverage/cov_t0.95_s0.75_w8_0625_1634,/home/xay/KVComm/snapshots/table1_pair6_llama32_abliterated_deepseek3b/twowikimqa/coverage/cov_t0.95_s0.75_w8_0625_1634/log.log,/home/xay/KVComm/snapshots/table1_pair6_llama32_abliterated_deepseek3b/twowikimqa/coverage/cov_t0.95_s0.75_w8_0625_1634/per_sample.jsonl
table1,6,llama32_abliterated_deepseek3b,twowikimqa,B-ReKV,coverage,cov_t0.95_s0.85_w8_0625_1639,8,,coverage,0.95,0.85,0.395,0.24438785500000001,200,done,0625_1639,/sharedspace/models/Llama-3.2-3B-Instruct-abliterated,/sharedspace/models/DeepSeek-R1-Distill-Llama-3B,/home/xay/KVComm/snapshots/table1_pair6_llama32_abliterated_deepseek3b,/home/xay/KVComm/snapshots/table1_pair6_llama32_abliterated_deepseek3b/twowikimqa/coverage/cov_t0.95_s0.85_w8_0625_1639,/home/xay/KVComm/snapshots/table1_pair6_llama32_abliterated_deepseek3b/twowikimqa/coverage/cov_t0.95_s0.85_w8_0625_1639/log.log,/home/xay/KVComm/snapshots/table1_pair6_llama32_abliterated_deepseek3b/twowikimqa/coverage/cov_t0.95_s0.85_w8_0625_1639/per_sample.jsonl
table1,6,llama32_abliterated_deepseek3b,twowikimqa,B-ReKV,coverage,cov_t0.95_s0.90_w16_0625_1643,16,,coverage,0.95,0.9,0.41,0.301921485,200,done,0625_1643,/sharedspace/models/Llama-3.2-3B-Instruct-abliterated,/sharedspace/models/DeepSeek-R1-Distill-Llama-3B,/home/xay/KVComm/snapshots/table1_pair6_llama32_abliterated_deepseek3b,/home/xay/KVComm/snapshots/table1_pair6_llama32_abliterated_deepseek3b/twowikimqa/coverage/cov_t0.95_s0.90_w16_0625_1643,/home/xay/KVComm/snapshots/table1_pair6_llama32_abliterated_deepseek3b/twowikimqa/coverage/cov_t0.95_s0.90_w16_0625_1643/log.log,/home/xay/KVComm/snapshots/table1_pair6_llama32_abliterated_deepseek3b/twowikimqa/coverage/cov_t0.95_s0.90_w16_0625_1643/per_sample.jsonl
table1,6,llama32_abliterated_deepseek3b,twowikimqa,ReKV,mtc_receiver,recv_w16_r0.3_0625_1621,16,0.3,uniform,,,0.41,0.325002255,200,done,0625_1621,/sharedspace/models/Llama-3.2-3B-Instruct-abliterated,/sharedspace/models/DeepSeek-R1-Distill-Llama-3B,/home/xay/KVComm/snapshots/table1_pair6_llama32_abliterated_deepseek3b,/home/xay/KVComm/snapshots/table1_pair6_llama32_abliterated_deepseek3b/twowikimqa/mtc_receiver/recv_w16_r0.3_0625_1621,/home/xay/KVComm/snapshots/table1_pair6_llama32_abliterated_deepseek3b/twowikimqa/mtc_receiver/recv_w16_r0.3_0625_1621/log.log,/home/xay/KVComm/snapshots/table1_pair6_llama32_abliterated_deepseek3b/twowikimqa/mtc_receiver/recv_w16_r0.3_0625_1621/per_sample.jsonl
table1,6,llama32_abliterated_deepseek3b,twowikimqa,ReKV,mtc_receiver,recv_w16_r0.5_0625_1626,16,0.5,uniform,,,0.42,0.51786316,200,done,0625_1626,/sharedspace/models/Llama-3.2-3B-Instruct-abliterated,/sharedspace/models/DeepSeek-R1-Distill-Llama-3B,/home/xay/KVComm/snapshots/table1_pair6_llama32_abliterated_deepseek3b,/home/xay/KVComm/snapshots/table1_pair6_llama32_abliterated_deepseek3b/twowikimqa/mtc_receiver/recv_w16_r0.5_0625_1626,/home/xay/KVComm/snapshots/table1_pair6_llama32_abliterated_deepseek3b/twowikimqa/mtc_receiver/recv_w16_r0.5_0625_1626/log.log,/home/xay/KVComm/snapshots/table1_pair6_llama32_abliterated_deepseek3b/twowikimqa/mtc_receiver/recv_w16_r0.5_0625_1626/per_sample.jsonl
table1,6,llama32_abliterated_deepseek3b,twowikimqa,ReKV,mtc_receiver,recv_w16_r0.7_0625_1630,16,0.7,uniform,,,0.42,0.71070258,200,done,0625_1630,/sharedspace/models/Llama-3.2-3B-Instruct-abliterated,/sharedspace/models/DeepSeek-R1-Distill-Llama-3B,/home/xay/KVComm/snapshots/table1_pair6_llama32_abliterated_deepseek3b,/home/xay/KVComm/snapshots/table1_pair6_llama32_abliterated_deepseek3b/twowikimqa/mtc_receiver/recv_w16_r0.7_0625_1630,/home/xay/KVComm/snapshots/table1_pair6_llama32_abliterated_deepseek3b/twowikimqa/mtc_receiver/recv_w16_r0.7_0625_1630/log.log,/home/xay/KVComm/snapshots/table1_pair6_llama32_abliterated_deepseek3b/twowikimqa/mtc_receiver/recv_w16_r0.7_0625_1630/per_sample.jsonl
table1,6,llama32_abliterated_deepseek3b,twowikimqa,ReKV,mtc_receiver,recv_w8_r0.3_0625_1609,8,0.3,uniform,,,0.395,0.325002255,200,done,0625_1609,/sharedspace/models/Llama-3.2-3B-Instruct-abliterated,/sharedspace/models/DeepSeek-R1-Distill-Llama-3B,/home/xay/KVComm/snapshots/table1_pair6_llama32_abliterated_deepseek3b,/home/xay/KVComm/snapshots/table1_pair6_llama32_abliterated_deepseek3b/twowikimqa/mtc_receiver/recv_w8_r0.3_0625_1609,/home/xay/KVComm/snapshots/table1_pair6_llama32_abliterated_deepseek3b/twowikimqa/mtc_receiver/recv_w8_r0.3_0625_1609/log.log,/home/xay/KVComm/snapshots/table1_pair6_llama32_abliterated_deepseek3b/twowikimqa/mtc_receiver/recv_w8_r0.3_0625_1609/per_sample.jsonl
table1,6,llama32_abliterated_deepseek3b,twowikimqa,ReKV,mtc_receiver,recv_w8_r0.5_0625_1613,8,0.5,uniform,,,0.425,0.51786316,200,done,0625_1613,/sharedspace/models/Llama-3.2-3B-Instruct-abliterated,/sharedspace/models/DeepSeek-R1-Distill-Llama-3B,/home/xay/KVComm/snapshots/table1_pair6_llama32_abliterated_deepseek3b,/home/xay/KVComm/snapshots/table1_pair6_llama32_abliterated_deepseek3b/twowikimqa/mtc_receiver/recv_w8_r0.5_0625_1613,/home/xay/KVComm/snapshots/table1_pair6_llama32_abliterated_deepseek3b/twowikimqa/mtc_receiver/recv_w8_r0.5_0625_1613/log.log,/home/xay/KVComm/snapshots/table1_pair6_llama32_abliterated_deepseek3b/twowikimqa/mtc_receiver/recv_w8_r0.5_0625_1613/per_sample.jsonl
table1,6,llama32_abliterated_deepseek3b,twowikimqa,ReKV,mtc_receiver,recv_w8_r0.7_0625_1617,8,0.7,uniform,,,0.42,0.71070258,200,done,0625_1617,/sharedspace/models/Llama-3.2-3B-Instruct-abliterated,/sharedspace/models/DeepSeek-R1-Distill-Llama-3B,/home/xay/KVComm/snapshots/table1_pair6_llama32_abliterated_deepseek3b,/home/xay/KVComm/snapshots/table1_pair6_llama32_abliterated_deepseek3b/twowikimqa/mtc_receiver/recv_w8_r0.7_0625_1617,/home/xay/KVComm/snapshots/table1_pair6_llama32_abliterated_deepseek3b/twowikimqa/mtc_receiver/recv_w8_r0.7_0625_1617/log.log,/home/xay/KVComm/snapshots/table1_pair6_llama32_abliterated_deepseek3b/twowikimqa/mtc_receiver/recv_w8_r0.7_0625_1617/per_sample.jsonl
table1,7,qwen25_uncensored_bespoke,countries,B-ReKV,coverage,cov_t0.95_s0.75_w8_0629_1653,8,,coverage,0.95,0.75,0.355,0.341215705,200,done,0629_1653,/sharedspace/models/Qwen2.5-7B-Instruct-Uncensored,/sharedspace/models/Bespoke-Stratos-7B,/home/xay/KVComm/snapshots/table1_pair7_qwen25_uncensored_bespoke,/home/xay/KVComm/snapshots/table1_pair7_qwen25_uncensored_bespoke/countries/coverage/cov_t0.95_s0.75_w8_0629_1653,/home/xay/KVComm/snapshots/table1_pair7_qwen25_uncensored_bespoke/countries/coverage/cov_t0.95_s0.75_w8_0629_1653/log.log,/home/xay/KVComm/snapshots/table1_pair7_qwen25_uncensored_bespoke/countries/coverage/cov_t0.95_s0.75_w8_0629_1653/per_sample.jsonl
table1,7,qwen25_uncensored_bespoke,countries,B-ReKV,coverage,cov_t0.95_s0.85_w8_0629_1659,8,,coverage,0.95,0.85,0.455,0.378430505,200,done,0629_1659,/sharedspace/models/Qwen2.5-7B-Instruct-Uncensored,/sharedspace/models/Bespoke-Stratos-7B,/home/xay/KVComm/snapshots/table1_pair7_qwen25_uncensored_bespoke,/home/xay/KVComm/snapshots/table1_pair7_qwen25_uncensored_bespoke/countries/coverage/cov_t0.95_s0.85_w8_0629_1659,/home/xay/KVComm/snapshots/table1_pair7_qwen25_uncensored_bespoke/countries/coverage/cov_t0.95_s0.85_w8_0629_1659/log.log,/home/xay/KVComm/snapshots/table1_pair7_qwen25_uncensored_bespoke/countries/coverage/cov_t0.95_s0.85_w8_0629_1659/per_sample.jsonl
table1,7,qwen25_uncensored_bespoke,countries,B-ReKV,coverage,cov_t0.95_s0.90_w16_0629_1703,16,,coverage,0.95,0.9,0.41,0.37459944,200,done,0629_1703,/sharedspace/models/Qwen2.5-7B-Instruct-Uncensored,/sharedspace/models/Bespoke-Stratos-7B,/home/xay/KVComm/snapshots/table1_pair7_qwen25_uncensored_bespoke,/home/xay/KVComm/snapshots/table1_pair7_qwen25_uncensored_bespoke/countries/coverage/cov_t0.95_s0.90_w16_0629_1703,/home/xay/KVComm/snapshots/table1_pair7_qwen25_uncensored_bespoke/countries/coverage/cov_t0.95_s0.90_w16_0629_1703/log.log,/home/xay/KVComm/snapshots/table1_pair7_qwen25_uncensored_bespoke/countries/coverage/cov_t0.95_s0.90_w16_0629_1703/per_sample.jsonl
table1,7,qwen25_uncensored_bespoke,countries,ReKV,mtc_receiver,recv_w16_r0.3_0629_1640,16,0.3,uniform,,,0.185,0.32487059,200,done,0629_1640,/sharedspace/models/Qwen2.5-7B-Instruct-Uncensored,/sharedspace/models/Bespoke-Stratos-7B,/home/xay/KVComm/snapshots/table1_pair7_qwen25_uncensored_bespoke,/home/xay/KVComm/snapshots/table1_pair7_qwen25_uncensored_bespoke/countries/mtc_receiver/recv_w16_r0.3_0629_1640,/home/xay/KVComm/snapshots/table1_pair7_qwen25_uncensored_bespoke/countries/mtc_receiver/recv_w16_r0.3_0629_1640/log.log,/home/xay/KVComm/snapshots/table1_pair7_qwen25_uncensored_bespoke/countries/mtc_receiver/recv_w16_r0.3_0629_1640/per_sample.jsonl
table1,7,qwen25_uncensored_bespoke,countries,ReKV,mtc_receiver,recv_w16_r0.5_0629_1645,16,0.5,uniform,,,0.47,0.516752975,200,done,0629_1645,/sharedspace/models/Qwen2.5-7B-Instruct-Uncensored,/sharedspace/models/Bespoke-Stratos-7B,/home/xay/KVComm/snapshots/table1_pair7_qwen25_uncensored_bespoke,/home/xay/KVComm/snapshots/table1_pair7_qwen25_uncensored_bespoke/countries/mtc_receiver/recv_w16_r0.5_0629_1645,/home/xay/KVComm/snapshots/table1_pair7_qwen25_uncensored_bespoke/countries/mtc_receiver/recv_w16_r0.5_0629_1645/log.log,/home/xay/KVComm/snapshots/table1_pair7_qwen25_uncensored_bespoke/countries/mtc_receiver/recv_w16_r0.5_0629_1645/per_sample.jsonl
table1,7,qwen25_uncensored_bespoke,countries,ReKV,mtc_receiver,recv_w16_r0.7_0629_1649,16,0.7,uniform,,,0.45,0.7115855550000001,200,done,0629_1649,/sharedspace/models/Qwen2.5-7B-Instruct-Uncensored,/sharedspace/models/Bespoke-Stratos-7B,/home/xay/KVComm/snapshots/table1_pair7_qwen25_uncensored_bespoke,/home/xay/KVComm/snapshots/table1_pair7_qwen25_uncensored_bespoke/countries/mtc_receiver/recv_w16_r0.7_0629_1649,/home/xay/KVComm/snapshots/table1_pair7_qwen25_uncensored_bespoke/countries/mtc_receiver/recv_w16_r0.7_0629_1649/log.log,/home/xay/KVComm/snapshots/table1_pair7_qwen25_uncensored_bespoke/countries/mtc_receiver/recv_w16_r0.7_0629_1649/per_sample.jsonl
table1,7,qwen25_uncensored_bespoke,countries,ReKV,mtc_receiver,recv_w8_r0.3_0629_1621,8,0.3,uniform,,,0.21,0.32487059,200,done,0629_1621,/sharedspace/models/Qwen2.5-7B-Instruct-Uncensored,/sharedspace/models/Bespoke-Stratos-7B,/home/xay/KVComm/snapshots/table1_pair7_qwen25_uncensored_bespoke,/home/xay/KVComm/snapshots/table1_pair7_qwen25_uncensored_bespoke/countries/mtc_receiver/recv_w8_r0.3_0629_1621,/home/xay/KVComm/snapshots/table1_pair7_qwen25_uncensored_bespoke/countries/mtc_receiver/recv_w8_r0.3_0629_1621/log.log,/home/xay/KVComm/snapshots/table1_pair7_qwen25_uncensored_bespoke/countries/mtc_receiver/recv_w8_r0.3_0629_1621/per_sample.jsonl
table1,7,qwen25_uncensored_bespoke,countries,ReKV,mtc_receiver,recv_w8_r0.5_0629_1632,8,0.5,uniform,,,0.43,0.516752975,200,done,0629_1632,/sharedspace/models/Qwen2.5-7B-Instruct-Uncensored,/sharedspace/models/Bespoke-Stratos-7B,/home/xay/KVComm/snapshots/table1_pair7_qwen25_uncensored_bespoke,/home/xay/KVComm/snapshots/table1_pair7_qwen25_uncensored_bespoke/countries/mtc_receiver/recv_w8_r0.5_0629_1632,/home/xay/KVComm/snapshots/table1_pair7_qwen25_uncensored_bespoke/countries/mtc_receiver/recv_w8_r0.5_0629_1632/log.log,/home/xay/KVComm/snapshots/table1_pair7_qwen25_uncensored_bespoke/countries/mtc_receiver/recv_w8_r0.5_0629_1632/per_sample.jsonl
table1,7,qwen25_uncensored_bespoke,countries,ReKV,mtc_receiver,recv_w8_r0.7_0629_1636,8,0.7,uniform,,,0.405,0.7115855550000001,200,done,0629_1636,/sharedspace/models/Qwen2.5-7B-Instruct-Uncensored,/sharedspace/models/Bespoke-Stratos-7B,/home/xay/KVComm/snapshots/table1_pair7_qwen25_uncensored_bespoke,/home/xay/KVComm/snapshots/table1_pair7_qwen25_uncensored_bespoke/countries/mtc_receiver/recv_w8_r0.7_0629_1636,/home/xay/KVComm/snapshots/table1_pair7_qwen25_uncensored_bespoke/countries/mtc_receiver/recv_w8_r0.7_0629_1636/log.log,/home/xay/KVComm/snapshots/table1_pair7_qwen25_uncensored_bespoke/countries/mtc_receiver/recv_w8_r0.7_0629_1636/per_sample.jsonl
table1,7,qwen25_uncensored_bespoke,hotpotqa,B-ReKV,coverage,cov_t0.95_s0.75_w8_0629_2219,8,,coverage,0.95,0.75,0.414,0.3307615,500,done,0629_2219,/sharedspace/models/Qwen2.5-7B-Instruct-Uncensored,/sharedspace/models/Bespoke-Stratos-7B,/home/xay/KVComm/snapshots/table1_pair7_qwen25_uncensored_bespoke,/home/xay/KVComm/snapshots/table1_pair7_qwen25_uncensored_bespoke/hotpotqa/coverage/cov_t0.95_s0.75_w8_0629_2219,/home/xay/KVComm/snapshots/table1_pair7_qwen25_uncensored_bespoke/hotpotqa/coverage/cov_t0.95_s0.75_w8_0629_2219/log.log,/home/xay/KVComm/snapshots/table1_pair7_qwen25_uncensored_bespoke/hotpotqa/coverage/cov_t0.95_s0.75_w8_0629_2219/per_sample.jsonl
table1,7,qwen25_uncensored_bespoke,hotpotqa,B-ReKV,coverage,cov_t0.95_s0.85_w8_0629_2248,8,,coverage,0.95,0.85,0.446,0.369024846,500,done,0629_2248,/sharedspace/models/Qwen2.5-7B-Instruct-Uncensored,/sharedspace/models/Bespoke-Stratos-7B,/home/xay/KVComm/snapshots/table1_pair7_qwen25_uncensored_bespoke,/home/xay/KVComm/snapshots/table1_pair7_qwen25_uncensored_bespoke/hotpotqa/coverage/cov_t0.95_s0.85_w8_0629_2248,/home/xay/KVComm/snapshots/table1_pair7_qwen25_uncensored_bespoke/hotpotqa/coverage/cov_t0.95_s0.85_w8_0629_2248/log.log,/home/xay/KVComm/snapshots/table1_pair7_qwen25_uncensored_bespoke/hotpotqa/coverage/cov_t0.95_s0.85_w8_0629_2248/per_sample.jsonl
table1,7,qwen25_uncensored_bespoke,hotpotqa,B-ReKV,coverage,cov_t0.95_s0.90_w16_0629_2329,16,,coverage,0.95,0.9,0.402,0.435622454,500,done,0629_2329,/sharedspace/models/Qwen2.5-7B-Instruct-Uncensored,/sharedspace/models/Bespoke-Stratos-7B,/home/xay/KVComm/snapshots/table1_pair7_qwen25_uncensored_bespoke,/home/xay/KVComm/snapshots/table1_pair7_qwen25_uncensored_bespoke/hotpotqa/coverage/cov_t0.95_s0.90_w16_0629_2329,/home/xay/KVComm/snapshots/table1_pair7_qwen25_uncensored_bespoke/hotpotqa/coverage/cov_t0.95_s0.90_w16_0629_2329/log.log,/home/xay/KVComm/snapshots/table1_pair7_qwen25_uncensored_bespoke/hotpotqa/coverage/cov_t0.95_s0.90_w16_0629_2329/per_sample.jsonl
table1,7,qwen25_uncensored_bespoke,hotpotqa,ReKV,mtc_receiver,recv_w16_r0.3_0629_2036,16,0.3,uniform,,,0.376,0.32497538000000004,500,done,0629_2036,/sharedspace/models/Qwen2.5-7B-Instruct-Uncensored,/sharedspace/models/Bespoke-Stratos-7B,/home/xay/KVComm/snapshots/table1_pair7_qwen25_uncensored_bespoke,/home/xay/KVComm/snapshots/table1_pair7_qwen25_uncensored_bespoke/hotpotqa/mtc_receiver/recv_w16_r0.3_0629_2036,/home/xay/KVComm/snapshots/table1_pair7_qwen25_uncensored_bespoke/hotpotqa/mtc_receiver/recv_w16_r0.3_0629_2036/log.log,/home/xay/KVComm/snapshots/table1_pair7_qwen25_uncensored_bespoke/hotpotqa/mtc_receiver/recv_w16_r0.3_0629_2036/per_sample.jsonl
table1,7,qwen25_uncensored_bespoke,hotpotqa,ReKV,mtc_receiver,recv_w16_r0.5_0629_2124,16,0.5,uniform,,,0.442,0.517895998,500,done,0629_2124,/sharedspace/models/Qwen2.5-7B-Instruct-Uncensored,/sharedspace/models/Bespoke-Stratos-7B,/home/xay/KVComm/snapshots/table1_pair7_qwen25_uncensored_bespoke,/home/xay/KVComm/snapshots/table1_pair7_qwen25_uncensored_bespoke/hotpotqa/mtc_receiver/recv_w16_r0.5_0629_2124,/home/xay/KVComm/snapshots/table1_pair7_qwen25_uncensored_bespoke/hotpotqa/mtc_receiver/recv_w16_r0.5_0629_2124/log.log,/home/xay/KVComm/snapshots/table1_pair7_qwen25_uncensored_bespoke/hotpotqa/mtc_receiver/recv_w16_r0.5_0629_2124/per_sample.jsonl
table1,7,qwen25_uncensored_bespoke,hotpotqa,ReKV,mtc_receiver,recv_w16_r0.7_0629_2157,16,0.7,uniform,,,0.498,0.710735482,500,done,0629_2157,/sharedspace/models/Qwen2.5-7B-Instruct-Uncensored,/sharedspace/models/Bespoke-Stratos-7B,/home/xay/KVComm/snapshots/table1_pair7_qwen25_uncensored_bespoke,/home/xay/KVComm/snapshots/table1_pair7_qwen25_uncensored_bespoke/hotpotqa/mtc_receiver/recv_w16_r0.7_0629_2157,/home/xay/KVComm/snapshots/table1_pair7_qwen25_uncensored_bespoke/hotpotqa/mtc_receiver/recv_w16_r0.7_0629_2157/log.log,/home/xay/KVComm/snapshots/table1_pair7_qwen25_uncensored_bespoke/hotpotqa/mtc_receiver/recv_w16_r0.7_0629_2157/per_sample.jsonl
table1,7,qwen25_uncensored_bespoke,hotpotqa,ReKV,mtc_receiver,recv_w8_r0.3_0629_1839,8,0.3,uniform,,,0.396,0.32497538000000004,500,done,0629_1839,/sharedspace/models/Qwen2.5-7B-Instruct-Uncensored,/sharedspace/models/Bespoke-Stratos-7B,/home/xay/KVComm/snapshots/table1_pair7_qwen25_uncensored_bespoke,/home/xay/KVComm/snapshots/table1_pair7_qwen25_uncensored_bespoke/hotpotqa/mtc_receiver/recv_w8_r0.3_0629_1839,/home/xay/KVComm/snapshots/table1_pair7_qwen25_uncensored_bespoke/hotpotqa/mtc_receiver/recv_w8_r0.3_0629_1839/log.log,/home/xay/KVComm/snapshots/table1_pair7_qwen25_uncensored_bespoke/hotpotqa/mtc_receiver/recv_w8_r0.3_0629_1839/per_sample.jsonl
table1,7,qwen25_uncensored_bespoke,hotpotqa,ReKV,mtc_receiver,recv_w8_r0.5_0629_1922,8,0.5,uniform,,,0.454,0.517895998,500,done,0629_1922,/sharedspace/models/Qwen2.5-7B-Instruct-Uncensored,/sharedspace/models/Bespoke-Stratos-7B,/home/xay/KVComm/snapshots/table1_pair7_qwen25_uncensored_bespoke,/home/xay/KVComm/snapshots/table1_pair7_qwen25_uncensored_bespoke/hotpotqa/mtc_receiver/recv_w8_r0.5_0629_1922,/home/xay/KVComm/snapshots/table1_pair7_qwen25_uncensored_bespoke/hotpotqa/mtc_receiver/recv_w8_r0.5_0629_1922/log.log,/home/xay/KVComm/snapshots/table1_pair7_qwen25_uncensored_bespoke/hotpotqa/mtc_receiver/recv_w8_r0.5_0629_1922/per_sample.jsonl
table1,7,qwen25_uncensored_bespoke,hotpotqa,ReKV,mtc_receiver,recv_w8_r0.7_0629_2000,8,0.7,uniform,,,0.504,0.710735482,500,done,0629_2000,/sharedspace/models/Qwen2.5-7B-Instruct-Uncensored,/sharedspace/models/Bespoke-Stratos-7B,/home/xay/KVComm/snapshots/table1_pair7_qwen25_uncensored_bespoke,/home/xay/KVComm/snapshots/table1_pair7_qwen25_uncensored_bespoke/hotpotqa/mtc_receiver/recv_w8_r0.7_0629_2000,/home/xay/KVComm/snapshots/table1_pair7_qwen25_uncensored_bespoke/hotpotqa/mtc_receiver/recv_w8_r0.7_0629_2000/log.log,/home/xay/KVComm/snapshots/table1_pair7_qwen25_uncensored_bespoke/hotpotqa/mtc_receiver/recv_w8_r0.7_0629_2000/per_sample.jsonl
table1,7,qwen25_uncensored_bespoke,multifieldqa_en,B-ReKV,coverage,cov_t0.95_s0.75_w8_0630_0713,8,,coverage,0.95,0.75,0.3933,0.2093583,150,done,0630_0713,/sharedspace/models/Qwen2.5-7B-Instruct-Uncensored,/sharedspace/models/Bespoke-Stratos-7B,/home/xay/KVComm/snapshots/table1_pair7_qwen25_uncensored_bespoke,/home/xay/KVComm/snapshots/table1_pair7_qwen25_uncensored_bespoke/multifieldqa_en/coverage/cov_t0.95_s0.75_w8_0630_0713,/home/xay/KVComm/snapshots/table1_pair7_qwen25_uncensored_bespoke/multifieldqa_en/coverage/cov_t0.95_s0.75_w8_0630_0713/log.log,/home/xay/KVComm/snapshots/table1_pair7_qwen25_uncensored_bespoke/multifieldqa_en/coverage/cov_t0.95_s0.75_w8_0630_0713/per_sample.jsonl
table1,7,qwen25_uncensored_bespoke,multifieldqa_en,B-ReKV,coverage,cov_t0.95_s0.85_w8_0630_0722,8,,coverage,0.95,0.85,0.38,0.23216232,150,done,0630_0722,/sharedspace/models/Qwen2.5-7B-Instruct-Uncensored,/sharedspace/models/Bespoke-Stratos-7B,/home/xay/KVComm/snapshots/table1_pair7_qwen25_uncensored_bespoke,/home/xay/KVComm/snapshots/table1_pair7_qwen25_uncensored_bespoke/multifieldqa_en/coverage/cov_t0.95_s0.85_w8_0630_0722,/home/xay/KVComm/snapshots/table1_pair7_qwen25_uncensored_bespoke/multifieldqa_en/coverage/cov_t0.95_s0.85_w8_0630_0722/log.log,/home/xay/KVComm/snapshots/table1_pair7_qwen25_uncensored_bespoke/multifieldqa_en/coverage/cov_t0.95_s0.85_w8_0630_0722/per_sample.jsonl
table1,7,qwen25_uncensored_bespoke,multifieldqa_en,B-ReKV,coverage,cov_t0.95_s0.90_w16_0630_0732,16,,coverage,0.95,0.9,0.3733,0.30911193333333337,150,done,0630_0732,/sharedspace/models/Qwen2.5-7B-Instruct-Uncensored,/sharedspace/models/Bespoke-Stratos-7B,/home/xay/KVComm/snapshots/table1_pair7_qwen25_uncensored_bespoke,/home/xay/KVComm/snapshots/table1_pair7_qwen25_uncensored_bespoke/multifieldqa_en/coverage/cov_t0.95_s0.90_w16_0630_0732,/home/xay/KVComm/snapshots/table1_pair7_qwen25_uncensored_bespoke/multifieldqa_en/coverage/cov_t0.95_s0.90_w16_0630_0732/log.log,/home/xay/KVComm/snapshots/table1_pair7_qwen25_uncensored_bespoke/multifieldqa_en/coverage/cov_t0.95_s0.90_w16_0630_0732/per_sample.jsonl
table1,7,qwen25_uncensored_bespoke,multifieldqa_en,ReKV,mtc_receiver,recv_w16_r0.3_0630_0643,16,0.3,uniform,,,0.3933,0.32500122666666664,150,done,0630_0643,/sharedspace/models/Qwen2.5-7B-Instruct-Uncensored,/sharedspace/models/Bespoke-Stratos-7B,/home/xay/KVComm/snapshots/table1_pair7_qwen25_uncensored_bespoke,/home/xay/KVComm/snapshots/table1_pair7_qwen25_uncensored_bespoke/multifieldqa_en/mtc_receiver/recv_w16_r0.3_0630_0643,/home/xay/KVComm/snapshots/table1_pair7_qwen25_uncensored_bespoke/multifieldqa_en/mtc_receiver/recv_w16_r0.3_0630_0643/log.log,/home/xay/KVComm/snapshots/table1_pair7_qwen25_uncensored_bespoke/multifieldqa_en/mtc_receiver/recv_w16_r0.3_0630_0643/per_sample.jsonl
table1,7,qwen25_uncensored_bespoke,multifieldqa_en,ReKV,mtc_receiver,recv_w16_r0.5_0630_0653,16,0.5,uniform,,,0.3933,0.51786798,150,done,0630_0653,/sharedspace/models/Qwen2.5-7B-Instruct-Uncensored,/sharedspace/models/Bespoke-Stratos-7B,/home/xay/KVComm/snapshots/table1_pair7_qwen25_uncensored_bespoke,/home/xay/KVComm/snapshots/table1_pair7_qwen25_uncensored_bespoke/multifieldqa_en/mtc_receiver/recv_w16_r0.5_0630_0653,/home/xay/KVComm/snapshots/table1_pair7_qwen25_uncensored_bespoke/multifieldqa_en/mtc_receiver/recv_w16_r0.5_0630_0653/log.log,/home/xay/KVComm/snapshots/table1_pair7_qwen25_uncensored_bespoke/multifieldqa_en/mtc_receiver/recv_w16_r0.5_0630_0653/per_sample.jsonl
table1,7,qwen25_uncensored_bespoke,multifieldqa_en,ReKV,mtc_receiver,recv_w16_r0.7_0630_0703,16,0.7,uniform,,,0.4,0.7107060000000001,150,done,0630_0703,/sharedspace/models/Qwen2.5-7B-Instruct-Uncensored,/sharedspace/models/Bespoke-Stratos-7B,/home/xay/KVComm/snapshots/table1_pair7_qwen25_uncensored_bespoke,/home/xay/KVComm/snapshots/table1_pair7_qwen25_uncensored_bespoke/multifieldqa_en/mtc_receiver/recv_w16_r0.7_0630_0703,/home/xay/KVComm/snapshots/table1_pair7_qwen25_uncensored_bespoke/multifieldqa_en/mtc_receiver/recv_w16_r0.7_0630_0703/log.log,/home/xay/KVComm/snapshots/table1_pair7_qwen25_uncensored_bespoke/multifieldqa_en/mtc_receiver/recv_w16_r0.7_0630_0703/per_sample.jsonl
table1,7,qwen25_uncensored_bespoke,multifieldqa_en,ReKV,mtc_receiver,recv_w8_r0.3_0630_0612,8,0.3,uniform,,,0.38,0.32500122666666664,150,done,0630_0612,/sharedspace/models/Qwen2.5-7B-Instruct-Uncensored,/sharedspace/models/Bespoke-Stratos-7B,/home/xay/KVComm/snapshots/table1_pair7_qwen25_uncensored_bespoke,/home/xay/KVComm/snapshots/table1_pair7_qwen25_uncensored_bespoke/multifieldqa_en/mtc_receiver/recv_w8_r0.3_0630_0612,/home/xay/KVComm/snapshots/table1_pair7_qwen25_uncensored_bespoke/multifieldqa_en/mtc_receiver/recv_w8_r0.3_0630_0612/log.log,/home/xay/KVComm/snapshots/table1_pair7_qwen25_uncensored_bespoke/multifieldqa_en/mtc_receiver/recv_w8_r0.3_0630_0612/per_sample.jsonl
table1,7,qwen25_uncensored_bespoke,multifieldqa_en,ReKV,mtc_receiver,recv_w8_r0.5_0630_0622,8,0.5,uniform,,,0.4267,0.51786798,150,done,0630_0622,/sharedspace/models/Qwen2.5-7B-Instruct-Uncensored,/sharedspace/models/Bespoke-Stratos-7B,/home/xay/KVComm/snapshots/table1_pair7_qwen25_uncensored_bespoke,/home/xay/KVComm/snapshots/table1_pair7_qwen25_uncensored_bespoke/multifieldqa_en/mtc_receiver/recv_w8_r0.5_0630_0622,/home/xay/KVComm/snapshots/table1_pair7_qwen25_uncensored_bespoke/multifieldqa_en/mtc_receiver/recv_w8_r0.5_0630_0622/log.log,/home/xay/KVComm/snapshots/table1_pair7_qwen25_uncensored_bespoke/multifieldqa_en/mtc_receiver/recv_w8_r0.5_0630_0622/per_sample.jsonl
table1,7,qwen25_uncensored_bespoke,multifieldqa_en,ReKV,mtc_receiver,recv_w8_r0.7_0630_0633,8,0.7,uniform,,,0.4,0.7107060000000001,150,done,0630_0633,/sharedspace/models/Qwen2.5-7B-Instruct-Uncensored,/sharedspace/models/Bespoke-Stratos-7B,/home/xay/KVComm/snapshots/table1_pair7_qwen25_uncensored_bespoke,/home/xay/KVComm/snapshots/table1_pair7_qwen25_uncensored_bespoke/multifieldqa_en/mtc_receiver/recv_w8_r0.7_0630_0633,/home/xay/KVComm/snapshots/table1_pair7_qwen25_uncensored_bespoke/multifieldqa_en/mtc_receiver/recv_w8_r0.7_0630_0633/log.log,/home/xay/KVComm/snapshots/table1_pair7_qwen25_uncensored_bespoke/multifieldqa_en/mtc_receiver/recv_w8_r0.7_0630_0633/per_sample.jsonl
table1,7,qwen25_uncensored_bespoke,musique,B-ReKV,coverage,cov_t0.95_s0.75_w8_0630_0447,8,,coverage,0.95,0.75,0.3,0.292020978,500,done,0630_0447,/sharedspace/models/Qwen2.5-7B-Instruct-Uncensored,/sharedspace/models/Bespoke-Stratos-7B,/home/xay/KVComm/snapshots/table1_pair7_qwen25_uncensored_bespoke,/home/xay/KVComm/snapshots/table1_pair7_qwen25_uncensored_bespoke/musique/coverage/cov_t0.95_s0.75_w8_0630_0447,/home/xay/KVComm/snapshots/table1_pair7_qwen25_uncensored_bespoke/musique/coverage/cov_t0.95_s0.75_w8_0630_0447/log.log,/home/xay/KVComm/snapshots/table1_pair7_qwen25_uncensored_bespoke/musique/coverage/cov_t0.95_s0.75_w8_0630_0447/per_sample.jsonl
table1,7,qwen25_uncensored_bespoke,musique,B-ReKV,coverage,cov_t0.95_s0.85_w8_0630_0520,8,,coverage,0.95,0.85,0.308,0.325507412,500,done,0630_0520,/sharedspace/models/Qwen2.5-7B-Instruct-Uncensored,/sharedspace/models/Bespoke-Stratos-7B,/home/xay/KVComm/snapshots/table1_pair7_qwen25_uncensored_bespoke,/home/xay/KVComm/snapshots/table1_pair7_qwen25_uncensored_bespoke/musique/coverage/cov_t0.95_s0.85_w8_0630_0520,/home/xay/KVComm/snapshots/table1_pair7_qwen25_uncensored_bespoke/musique/coverage/cov_t0.95_s0.85_w8_0630_0520/log.log,/home/xay/KVComm/snapshots/table1_pair7_qwen25_uncensored_bespoke/musique/coverage/cov_t0.95_s0.85_w8_0630_0520/per_sample.jsonl
table1,7,qwen25_uncensored_bespoke,musique,B-ReKV,coverage,cov_t0.95_s0.90_w16_0630_0553,16,,coverage,0.95,0.9,0.3,0.41213762600000003,500,done,0630_0553,/sharedspace/models/Qwen2.5-7B-Instruct-Uncensored,/sharedspace/models/Bespoke-Stratos-7B,/home/xay/KVComm/snapshots/table1_pair7_qwen25_uncensored_bespoke,/home/xay/KVComm/snapshots/table1_pair7_qwen25_uncensored_bespoke/musique/coverage/cov_t0.95_s0.90_w16_0630_0553,/home/xay/KVComm/snapshots/table1_pair7_qwen25_uncensored_bespoke/musique/coverage/cov_t0.95_s0.90_w16_0630_0553/log.log,/home/xay/KVComm/snapshots/table1_pair7_qwen25_uncensored_bespoke/musique/coverage/cov_t0.95_s0.90_w16_0630_0553/per_sample.jsonl
table1,7,qwen25_uncensored_bespoke,musique,ReKV,mtc_receiver,recv_w16_r0.3_0630_0232,16,0.3,uniform,,,0.298,0.324936894,500,done,0630_0232,/sharedspace/models/Qwen2.5-7B-Instruct-Uncensored,/sharedspace/models/Bespoke-Stratos-7B,/home/xay/KVComm/snapshots/table1_pair7_qwen25_uncensored_bespoke,/home/xay/KVComm/snapshots/table1_pair7_qwen25_uncensored_bespoke/musique/mtc_receiver/recv_w16_r0.3_0630_0232,/home/xay/KVComm/snapshots/table1_pair7_qwen25_uncensored_bespoke/musique/mtc_receiver/recv_w16_r0.3_0630_0232/log.log,/home/xay/KVComm/snapshots/table1_pair7_qwen25_uncensored_bespoke/musique/mtc_receiver/recv_w16_r0.3_0630_0232/per_sample.jsonl
table1,7,qwen25_uncensored_bespoke,musique,ReKV,mtc_receiver,recv_w16_r0.5_0630_0317,16,0.5,uniform,,,0.318,0.51782897,500,done,0630_0317,/sharedspace/models/Qwen2.5-7B-Instruct-Uncensored,/sharedspace/models/Bespoke-Stratos-7B,/home/xay/KVComm/snapshots/table1_pair7_qwen25_uncensored_bespoke,/home/xay/KVComm/snapshots/table1_pair7_qwen25_uncensored_bespoke/musique/mtc_receiver/recv_w16_r0.5_0630_0317,/home/xay/KVComm/snapshots/table1_pair7_qwen25_uncensored_bespoke/musique/mtc_receiver/recv_w16_r0.5_0630_0317/log.log,/home/xay/KVComm/snapshots/table1_pair7_qwen25_uncensored_bespoke/musique/mtc_receiver/recv_w16_r0.5_0630_0317/per_sample.jsonl
table1,7,qwen25_uncensored_bespoke,musique,ReKV,mtc_receiver,recv_w16_r0.7_0630_0403,16,0.7,uniform,,,0.352,0.7107727119999999,500,done,0630_0403,/sharedspace/models/Qwen2.5-7B-Instruct-Uncensored,/sharedspace/models/Bespoke-Stratos-7B,/home/xay/KVComm/snapshots/table1_pair7_qwen25_uncensored_bespoke,/home/xay/KVComm/snapshots/table1_pair7_qwen25_uncensored_bespoke/musique/mtc_receiver/recv_w16_r0.7_0630_0403,/home/xay/KVComm/snapshots/table1_pair7_qwen25_uncensored_bespoke/musique/mtc_receiver/recv_w16_r0.7_0630_0403/log.log,/home/xay/KVComm/snapshots/table1_pair7_qwen25_uncensored_bespoke/musique/mtc_receiver/recv_w16_r0.7_0630_0403/per_sample.jsonl
table1,7,qwen25_uncensored_bespoke,musique,ReKV,mtc_receiver,recv_w8_r0.3_0630_0011,8,0.3,uniform,,,0.288,0.324936894,500,done,0630_0011,/sharedspace/models/Qwen2.5-7B-Instruct-Uncensored,/sharedspace/models/Bespoke-Stratos-7B,/home/xay/KVComm/snapshots/table1_pair7_qwen25_uncensored_bespoke,/home/xay/KVComm/snapshots/table1_pair7_qwen25_uncensored_bespoke/musique/mtc_receiver/recv_w8_r0.3_0630_0011,/home/xay/KVComm/snapshots/table1_pair7_qwen25_uncensored_bespoke/musique/mtc_receiver/recv_w8_r0.3_0630_0011/log.log,/home/xay/KVComm/snapshots/table1_pair7_qwen25_uncensored_bespoke/musique/mtc_receiver/recv_w8_r0.3_0630_0011/per_sample.jsonl
table1,7,qwen25_uncensored_bespoke,musique,ReKV,mtc_receiver,recv_w8_r0.5_0630_0101,8,0.5,uniform,,,0.338,0.51782897,500,done,0630_0101,/sharedspace/models/Qwen2.5-7B-Instruct-Uncensored,/sharedspace/models/Bespoke-Stratos-7B,/home/xay/KVComm/snapshots/table1_pair7_qwen25_uncensored_bespoke,/home/xay/KVComm/snapshots/table1_pair7_qwen25_uncensored_bespoke/musique/mtc_receiver/recv_w8_r0.5_0630_0101,/home/xay/KVComm/snapshots/table1_pair7_qwen25_uncensored_bespoke/musique/mtc_receiver/recv_w8_r0.5_0630_0101/log.log,/home/xay/KVComm/snapshots/table1_pair7_qwen25_uncensored_bespoke/musique/mtc_receiver/recv_w8_r0.5_0630_0101/per_sample.jsonl
table1,7,qwen25_uncensored_bespoke,musique,ReKV,mtc_receiver,recv_w8_r0.7_0630_0148,8,0.7,uniform,,,0.358,0.7107727119999999,500,done,0630_0148,/sharedspace/models/Qwen2.5-7B-Instruct-Uncensored,/sharedspace/models/Bespoke-Stratos-7B,/home/xay/KVComm/snapshots/table1_pair7_qwen25_uncensored_bespoke,/home/xay/KVComm/snapshots/table1_pair7_qwen25_uncensored_bespoke/musique/mtc_receiver/recv_w8_r0.7_0630_0148,/home/xay/KVComm/snapshots/table1_pair7_qwen25_uncensored_bespoke/musique/mtc_receiver/recv_w8_r0.7_0630_0148/log.log,/home/xay/KVComm/snapshots/table1_pair7_qwen25_uncensored_bespoke/musique/mtc_receiver/recv_w8_r0.7_0630_0148/per_sample.jsonl
table1,7,qwen25_uncensored_bespoke,qasper,B-ReKV,coverage,cov_t0.95_s0.75_w8_0630_1311,8,,coverage,0.95,0.75,0.194,0.251794468,500,done,0630_1311,/sharedspace/models/Qwen2.5-7B-Instruct-Uncensored,/sharedspace/models/Bespoke-Stratos-7B,/home/xay/KVComm/snapshots/table1_pair7_qwen25_uncensored_bespoke,/home/xay/KVComm/snapshots/table1_pair7_qwen25_uncensored_bespoke/qasper/coverage/cov_t0.95_s0.75_w8_0630_1311,/home/xay/KVComm/snapshots/table1_pair7_qwen25_uncensored_bespoke/qasper/coverage/cov_t0.95_s0.75_w8_0630_1311/log.log,/home/xay/KVComm/snapshots/table1_pair7_qwen25_uncensored_bespoke/qasper/coverage/cov_t0.95_s0.75_w8_0630_1311/per_sample.jsonl
table1,7,qwen25_uncensored_bespoke,qasper,B-ReKV,coverage,cov_t0.95_s0.85_w8_0630_1350,8,,coverage,0.95,0.85,0.204,0.280575362,500,done,0630_1350,/sharedspace/models/Qwen2.5-7B-Instruct-Uncensored,/sharedspace/models/Bespoke-Stratos-7B,/home/xay/KVComm/snapshots/table1_pair7_qwen25_uncensored_bespoke,/home/xay/KVComm/snapshots/table1_pair7_qwen25_uncensored_bespoke/qasper/coverage/cov_t0.95_s0.85_w8_0630_1350,/home/xay/KVComm/snapshots/table1_pair7_qwen25_uncensored_bespoke/qasper/coverage/cov_t0.95_s0.85_w8_0630_1350/log.log,/home/xay/KVComm/snapshots/table1_pair7_qwen25_uncensored_bespoke/qasper/coverage/cov_t0.95_s0.85_w8_0630_1350/per_sample.jsonl
table1,7,qwen25_uncensored_bespoke,qasper,B-ReKV,coverage,cov_t0.95_s0.90_w16_0630_1428,16,,coverage,0.95,0.9,0.212,0.344357514,500,done,0630_1428,/sharedspace/models/Qwen2.5-7B-Instruct-Uncensored,/sharedspace/models/Bespoke-Stratos-7B,/home/xay/KVComm/snapshots/table1_pair7_qwen25_uncensored_bespoke,/home/xay/KVComm/snapshots/table1_pair7_qwen25_uncensored_bespoke/qasper/coverage/cov_t0.95_s0.90_w16_0630_1428,/home/xay/KVComm/snapshots/table1_pair7_qwen25_uncensored_bespoke/qasper/coverage/cov_t0.95_s0.90_w16_0630_1428/log.log,/home/xay/KVComm/snapshots/table1_pair7_qwen25_uncensored_bespoke/qasper/coverage/cov_t0.95_s0.90_w16_0630_1428/per_sample.jsonl
table1,7,qwen25_uncensored_bespoke,qasper,ReKV,mtc_receiver,recv_w16_r0.3_0630_1111,16,0.3,uniform,,,0.228,0.32499756,500,done,0630_1111,/sharedspace/models/Qwen2.5-7B-Instruct-Uncensored,/sharedspace/models/Bespoke-Stratos-7B,/home/xay/KVComm/snapshots/table1_pair7_qwen25_uncensored_bespoke,/home/xay/KVComm/snapshots/table1_pair7_qwen25_uncensored_bespoke/qasper/mtc_receiver/recv_w16_r0.3_0630_1111,/home/xay/KVComm/snapshots/table1_pair7_qwen25_uncensored_bespoke/qasper/mtc_receiver/recv_w16_r0.3_0630_1111/log.log,/home/xay/KVComm/snapshots/table1_pair7_qwen25_uncensored_bespoke/qasper/mtc_receiver/recv_w16_r0.3_0630_1111/per_sample.jsonl
table1,7,qwen25_uncensored_bespoke,qasper,ReKV,mtc_receiver,recv_w16_r0.5_0630_1148,16,0.5,uniform,,,0.224,0.517865804,500,done,0630_1148,/sharedspace/models/Qwen2.5-7B-Instruct-Uncensored,/sharedspace/models/Bespoke-Stratos-7B,/home/xay/KVComm/snapshots/table1_pair7_qwen25_uncensored_bespoke,/home/xay/KVComm/snapshots/table1_pair7_qwen25_uncensored_bespoke/qasper/mtc_receiver/recv_w16_r0.5_0630_1148,/home/xay/KVComm/snapshots/table1_pair7_qwen25_uncensored_bespoke/qasper/mtc_receiver/recv_w16_r0.5_0630_1148/log.log,/home/xay/KVComm/snapshots/table1_pair7_qwen25_uncensored_bespoke/qasper/mtc_receiver/recv_w16_r0.5_0630_1148/per_sample.jsonl
table1,7,qwen25_uncensored_bespoke,qasper,ReKV,mtc_receiver,recv_w16_r0.7_0630_1229,16,0.7,uniform,,,0.208,0.710712166,500,done,0630_1229,/sharedspace/models/Qwen2.5-7B-Instruct-Uncensored,/sharedspace/models/Bespoke-Stratos-7B,/home/xay/KVComm/snapshots/table1_pair7_qwen25_uncensored_bespoke,/home/xay/KVComm/snapshots/table1_pair7_qwen25_uncensored_bespoke/qasper/mtc_receiver/recv_w16_r0.7_0630_1229,/home/xay/KVComm/snapshots/table1_pair7_qwen25_uncensored_bespoke/qasper/mtc_receiver/recv_w16_r0.7_0630_1229/log.log,/home/xay/KVComm/snapshots/table1_pair7_qwen25_uncensored_bespoke/qasper/mtc_receiver/recv_w16_r0.7_0630_1229/per_sample.jsonl
table1,7,qwen25_uncensored_bespoke,qasper,ReKV,mtc_receiver,recv_w8_r0.3_0630_0912,8,0.3,uniform,,,0.224,0.32499756,500,done,0630_0912,/sharedspace/models/Qwen2.5-7B-Instruct-Uncensored,/sharedspace/models/Bespoke-Stratos-7B,/home/xay/KVComm/snapshots/table1_pair7_qwen25_uncensored_bespoke,/home/xay/KVComm/snapshots/table1_pair7_qwen25_uncensored_bespoke/qasper/mtc_receiver/recv_w8_r0.3_0630_0912,/home/xay/KVComm/snapshots/table1_pair7_qwen25_uncensored_bespoke/qasper/mtc_receiver/recv_w8_r0.3_0630_0912/log.log,/home/xay/KVComm/snapshots/table1_pair7_qwen25_uncensored_bespoke/qasper/mtc_receiver/recv_w8_r0.3_0630_0912/per_sample.jsonl
table1,7,qwen25_uncensored_bespoke,qasper,ReKV,mtc_receiver,recv_w8_r0.5_0630_0951,8,0.5,uniform,,,0.218,0.517865804,500,done,0630_0951,/sharedspace/models/Qwen2.5-7B-Instruct-Uncensored,/sharedspace/models/Bespoke-Stratos-7B,/home/xay/KVComm/snapshots/table1_pair7_qwen25_uncensored_bespoke,/home/xay/KVComm/snapshots/table1_pair7_qwen25_uncensored_bespoke/qasper/mtc_receiver/recv_w8_r0.5_0630_0951,/home/xay/KVComm/snapshots/table1_pair7_qwen25_uncensored_bespoke/qasper/mtc_receiver/recv_w8_r0.5_0630_0951/log.log,/home/xay/KVComm/snapshots/table1_pair7_qwen25_uncensored_bespoke/qasper/mtc_receiver/recv_w8_r0.5_0630_0951/per_sample.jsonl
table1,7,qwen25_uncensored_bespoke,qasper,ReKV,mtc_receiver,recv_w8_r0.7_0630_1031,8,0.7,uniform,,,0.222,0.710712166,500,done,0630_1031,/sharedspace/models/Qwen2.5-7B-Instruct-Uncensored,/sharedspace/models/Bespoke-Stratos-7B,/home/xay/KVComm/snapshots/table1_pair7_qwen25_uncensored_bespoke,/home/xay/KVComm/snapshots/table1_pair7_qwen25_uncensored_bespoke/qasper/mtc_receiver/recv_w8_r0.7_0630_1031,/home/xay/KVComm/snapshots/table1_pair7_qwen25_uncensored_bespoke/qasper/mtc_receiver/recv_w8_r0.7_0630_1031/log.log,/home/xay/KVComm/snapshots/table1_pair7_qwen25_uncensored_bespoke/qasper/mtc_receiver/recv_w8_r0.7_0630_1031/per_sample.jsonl
table1,7,qwen25_uncensored_bespoke,tipsheets,B-ReKV,coverage,cov_t0.95_s0.75_w8_0629_1806,8,,coverage,0.95,0.75,0.9,0.29397200199999995,500,done,0629_1806,/sharedspace/models/Qwen2.5-7B-Instruct-Uncensored,/sharedspace/models/Bespoke-Stratos-7B,/home/xay/KVComm/snapshots/table1_pair7_qwen25_uncensored_bespoke,/home/xay/KVComm/snapshots/table1_pair7_qwen25_uncensored_bespoke/tipsheets/coverage/cov_t0.95_s0.75_w8_0629_1806,/home/xay/KVComm/snapshots/table1_pair7_qwen25_uncensored_bespoke/tipsheets/coverage/cov_t0.95_s0.75_w8_0629_1806/log.log,/home/xay/KVComm/snapshots/table1_pair7_qwen25_uncensored_bespoke/tipsheets/coverage/cov_t0.95_s0.75_w8_0629_1806/per_sample.jsonl
table1,7,qwen25_uncensored_bespoke,tipsheets,B-ReKV,coverage,cov_t0.95_s0.85_w8_0629_1816,8,,coverage,0.95,0.85,0.92,0.326699892,500,done,0629_1816,/sharedspace/models/Qwen2.5-7B-Instruct-Uncensored,/sharedspace/models/Bespoke-Stratos-7B,/home/xay/KVComm/snapshots/table1_pair7_qwen25_uncensored_bespoke,/home/xay/KVComm/snapshots/table1_pair7_qwen25_uncensored_bespoke/tipsheets/coverage/cov_t0.95_s0.85_w8_0629_1816,/home/xay/KVComm/snapshots/table1_pair7_qwen25_uncensored_bespoke/tipsheets/coverage/cov_t0.95_s0.85_w8_0629_1816/log.log,/home/xay/KVComm/snapshots/table1_pair7_qwen25_uncensored_bespoke/tipsheets/coverage/cov_t0.95_s0.85_w8_0629_1816/per_sample.jsonl
table1,7,qwen25_uncensored_bespoke,tipsheets,B-ReKV,coverage,cov_t0.95_s0.90_w16_0629_1827,16,,coverage,0.95,0.9,0.824,0.347720598,500,done,0629_1827,/sharedspace/models/Qwen2.5-7B-Instruct-Uncensored,/sharedspace/models/Bespoke-Stratos-7B,/home/xay/KVComm/snapshots/table1_pair7_qwen25_uncensored_bespoke,/home/xay/KVComm/snapshots/table1_pair7_qwen25_uncensored_bespoke/tipsheets/coverage/cov_t0.95_s0.90_w16_0629_1827,/home/xay/KVComm/snapshots/table1_pair7_qwen25_uncensored_bespoke/tipsheets/coverage/cov_t0.95_s0.90_w16_0629_1827/log.log,/home/xay/KVComm/snapshots/table1_pair7_qwen25_uncensored_bespoke/tipsheets/coverage/cov_t0.95_s0.90_w16_0629_1827/per_sample.jsonl
table1,7,qwen25_uncensored_bespoke,tipsheets,ReKV,mtc_receiver,recv_w16_r0.3_0629_1736,16,0.3,uniform,,,0.822,0.324858998,500,done,0629_1736,/sharedspace/models/Qwen2.5-7B-Instruct-Uncensored,/sharedspace/models/Bespoke-Stratos-7B,/home/xay/KVComm/snapshots/table1_pair7_qwen25_uncensored_bespoke,/home/xay/KVComm/snapshots/table1_pair7_qwen25_uncensored_bespoke/tipsheets/mtc_receiver/recv_w16_r0.3_0629_1736,/home/xay/KVComm/snapshots/table1_pair7_qwen25_uncensored_bespoke/tipsheets/mtc_receiver/recv_w16_r0.3_0629_1736/log.log,/home/xay/KVComm/snapshots/table1_pair7_qwen25_uncensored_bespoke/tipsheets/mtc_receiver/recv_w16_r0.3_0629_1736/per_sample.jsonl
table1,7,qwen25_uncensored_bespoke,tipsheets,ReKV,mtc_receiver,recv_w16_r0.5_0629_1746,16,0.5,uniform,,,0.932,0.518005278,500,done,0629_1746,/sharedspace/models/Qwen2.5-7B-Instruct-Uncensored,/sharedspace/models/Bespoke-Stratos-7B,/home/xay/KVComm/snapshots/table1_pair7_qwen25_uncensored_bespoke,/home/xay/KVComm/snapshots/table1_pair7_qwen25_uncensored_bespoke/tipsheets/mtc_receiver/recv_w16_r0.5_0629_1746,/home/xay/KVComm/snapshots/table1_pair7_qwen25_uncensored_bespoke/tipsheets/mtc_receiver/recv_w16_r0.5_0629_1746/log.log,/home/xay/KVComm/snapshots/table1_pair7_qwen25_uncensored_bespoke/tipsheets/mtc_receiver/recv_w16_r0.5_0629_1746/per_sample.jsonl
table1,7,qwen25_uncensored_bespoke,tipsheets,ReKV,mtc_receiver,recv_w16_r0.7_0629_1756,16,0.7,uniform,,,0.956,0.71074351,500,done,0629_1756,/sharedspace/models/Qwen2.5-7B-Instruct-Uncensored,/sharedspace/models/Bespoke-Stratos-7B,/home/xay/KVComm/snapshots/table1_pair7_qwen25_uncensored_bespoke,/home/xay/KVComm/snapshots/table1_pair7_qwen25_uncensored_bespoke/tipsheets/mtc_receiver/recv_w16_r0.7_0629_1756,/home/xay/KVComm/snapshots/table1_pair7_qwen25_uncensored_bespoke/tipsheets/mtc_receiver/recv_w16_r0.7_0629_1756/log.log,/home/xay/KVComm/snapshots/table1_pair7_qwen25_uncensored_bespoke/tipsheets/mtc_receiver/recv_w16_r0.7_0629_1756/per_sample.jsonl
table1,7,qwen25_uncensored_bespoke,tipsheets,ReKV,mtc_receiver,recv_w8_r0.3_0629_1708,8,0.3,uniform,,,0.902,0.324858998,500,done,0629_1708,/sharedspace/models/Qwen2.5-7B-Instruct-Uncensored,/sharedspace/models/Bespoke-Stratos-7B,/home/xay/KVComm/snapshots/table1_pair7_qwen25_uncensored_bespoke,/home/xay/KVComm/snapshots/table1_pair7_qwen25_uncensored_bespoke/tipsheets/mtc_receiver/recv_w8_r0.3_0629_1708,/home/xay/KVComm/snapshots/table1_pair7_qwen25_uncensored_bespoke/tipsheets/mtc_receiver/recv_w8_r0.3_0629_1708/log.log,/home/xay/KVComm/snapshots/table1_pair7_qwen25_uncensored_bespoke/tipsheets/mtc_receiver/recv_w8_r0.3_0629_1708/per_sample.jsonl
table1,7,qwen25_uncensored_bespoke,tipsheets,ReKV,mtc_receiver,recv_w8_r0.5_0629_1716,8,0.5,uniform,,,0.944,0.518005278,500,done,0629_1716,/sharedspace/models/Qwen2.5-7B-Instruct-Uncensored,/sharedspace/models/Bespoke-Stratos-7B,/home/xay/KVComm/snapshots/table1_pair7_qwen25_uncensored_bespoke,/home/xay/KVComm/snapshots/table1_pair7_qwen25_uncensored_bespoke/tipsheets/mtc_receiver/recv_w8_r0.5_0629_1716,/home/xay/KVComm/snapshots/table1_pair7_qwen25_uncensored_bespoke/tipsheets/mtc_receiver/recv_w8_r0.5_0629_1716/log.log,/home/xay/KVComm/snapshots/table1_pair7_qwen25_uncensored_bespoke/tipsheets/mtc_receiver/recv_w8_r0.5_0629_1716/per_sample.jsonl
table1,7,qwen25_uncensored_bespoke,tipsheets,ReKV,mtc_receiver,recv_w8_r0.7_0629_1726,8,0.7,uniform,,,0.952,0.71074351,500,done,0629_1726,/sharedspace/models/Qwen2.5-7B-Instruct-Uncensored,/sharedspace/models/Bespoke-Stratos-7B,/home/xay/KVComm/snapshots/table1_pair7_qwen25_uncensored_bespoke,/home/xay/KVComm/snapshots/table1_pair7_qwen25_uncensored_bespoke/tipsheets/mtc_receiver/recv_w8_r0.7_0629_1726,/home/xay/KVComm/snapshots/table1_pair7_qwen25_uncensored_bespoke/tipsheets/mtc_receiver/recv_w8_r0.7_0629_1726/log.log,/home/xay/KVComm/snapshots/table1_pair7_qwen25_uncensored_bespoke/tipsheets/mtc_receiver/recv_w8_r0.7_0629_1726/per_sample.jsonl
table1,7,qwen25_uncensored_bespoke,tmath,B-ReKV,coverage,cov_t0.95_s0.75_w8_0630_2359,8,,coverage,0.95,0.75,0.3304,0.30839935,300,done,0630_2359,/sharedspace/models/Qwen2.5-7B-Instruct-Uncensored,/sharedspace/models/Bespoke-Stratos-7B,/home/xay/KVComm/snapshots/table1_pair7_qwen25_uncensored_bespoke,/home/xay/KVComm/snapshots/table1_pair7_qwen25_uncensored_bespoke/tmath/coverage/cov_t0.95_s0.75_w8_0630_2359,/home/xay/KVComm/snapshots/table1_pair7_qwen25_uncensored_bespoke/tmath/coverage/cov_t0.95_s0.75_w8_0630_2359/log.log,/home/xay/KVComm/snapshots/table1_pair7_qwen25_uncensored_bespoke/tmath/coverage/cov_t0.95_s0.75_w8_0630_2359/per_sample.jsonl
table1,7,qwen25_uncensored_bespoke,tmath,B-ReKV,coverage,cov_t0.95_s0.85_w8_0701_0136,8,,coverage,0.95,0.85,0.3286,0.34350003,300,done,0701_0136,/sharedspace/models/Qwen2.5-7B-Instruct-Uncensored,/sharedspace/models/Bespoke-Stratos-7B,/home/xay/KVComm/snapshots/table1_pair7_qwen25_uncensored_bespoke,/home/xay/KVComm/snapshots/table1_pair7_qwen25_uncensored_bespoke/tmath/coverage/cov_t0.95_s0.85_w8_0701_0136,/home/xay/KVComm/snapshots/table1_pair7_qwen25_uncensored_bespoke/tmath/coverage/cov_t0.95_s0.85_w8_0701_0136/log.log,/home/xay/KVComm/snapshots/table1_pair7_qwen25_uncensored_bespoke/tmath/coverage/cov_t0.95_s0.85_w8_0701_0136/per_sample.jsonl
table1,7,qwen25_uncensored_bespoke,tmath,B-ReKV,coverage,cov_t0.95_s0.90_w16_0701_0320,16,,coverage,0.95,0.9,0.3295,0.36998077333333335,300,done,0701_0320,/sharedspace/models/Qwen2.5-7B-Instruct-Uncensored,/sharedspace/models/Bespoke-Stratos-7B,/home/xay/KVComm/snapshots/table1_pair7_qwen25_uncensored_bespoke,/home/xay/KVComm/snapshots/table1_pair7_qwen25_uncensored_bespoke/tmath/coverage/cov_t0.95_s0.90_w16_0701_0320,/home/xay/KVComm/snapshots/table1_pair7_qwen25_uncensored_bespoke/tmath/coverage/cov_t0.95_s0.90_w16_0701_0320/log.log,/home/xay/KVComm/snapshots/table1_pair7_qwen25_uncensored_bespoke/tmath/coverage/cov_t0.95_s0.90_w16_0701_0320/per_sample.jsonl
table1,7,qwen25_uncensored_bespoke,tmath,ReKV,mtc_receiver,recv_w16_r0.3_0630_1934,16,0.3,uniform,,,0.3311,0.32493297,300,done,0630_1934,/sharedspace/models/Qwen2.5-7B-Instruct-Uncensored,/sharedspace/models/Bespoke-Stratos-7B,/home/xay/KVComm/snapshots/table1_pair7_qwen25_uncensored_bespoke,/home/xay/KVComm/snapshots/table1_pair7_qwen25_uncensored_bespoke/tmath/mtc_receiver/recv_w16_r0.3_0630_1934,/home/xay/KVComm/snapshots/table1_pair7_qwen25_uncensored_bespoke/tmath/mtc_receiver/recv_w16_r0.3_0630_1934/log.log,/home/xay/KVComm/snapshots/table1_pair7_qwen25_uncensored_bespoke/tmath/mtc_receiver/recv_w16_r0.3_0630_1934/per_sample.jsonl
table1,7,qwen25_uncensored_bespoke,tmath,ReKV,mtc_receiver,recv_w16_r0.5_0630_2058,16,0.5,uniform,,,0.3356,0.51794604,300,done,0630_2058,/sharedspace/models/Qwen2.5-7B-Instruct-Uncensored,/sharedspace/models/Bespoke-Stratos-7B,/home/xay/KVComm/snapshots/table1_pair7_qwen25_uncensored_bespoke,/home/xay/KVComm/snapshots/table1_pair7_qwen25_uncensored_bespoke/tmath/mtc_receiver/recv_w16_r0.5_0630_2058,/home/xay/KVComm/snapshots/table1_pair7_qwen25_uncensored_bespoke/tmath/mtc_receiver/recv_w16_r0.5_0630_2058/log.log,/home/xay/KVComm/snapshots/table1_pair7_qwen25_uncensored_bespoke/tmath/mtc_receiver/recv_w16_r0.5_0630_2058/per_sample.jsonl
table1,7,qwen25_uncensored_bespoke,tmath,ReKV,mtc_receiver,recv_w16_r0.7_0630_2219,16,0.7,uniform,,,0.3309,0.7107159200000001,300,done,0630_2219,/sharedspace/models/Qwen2.5-7B-Instruct-Uncensored,/sharedspace/models/Bespoke-Stratos-7B,/home/xay/KVComm/snapshots/table1_pair7_qwen25_uncensored_bespoke,/home/xay/KVComm/snapshots/table1_pair7_qwen25_uncensored_bespoke/tmath/mtc_receiver/recv_w16_r0.7_0630_2219,/home/xay/KVComm/snapshots/table1_pair7_qwen25_uncensored_bespoke/tmath/mtc_receiver/recv_w16_r0.7_0630_2219/log.log,/home/xay/KVComm/snapshots/table1_pair7_qwen25_uncensored_bespoke/tmath/mtc_receiver/recv_w16_r0.7_0630_2219/per_sample.jsonl
table1,7,qwen25_uncensored_bespoke,tmath,ReKV,mtc_receiver,recv_w8_r0.3_0630_1505,8,0.3,uniform,,,0.3274,0.32493297,300,done,0630_1505,/sharedspace/models/Qwen2.5-7B-Instruct-Uncensored,/sharedspace/models/Bespoke-Stratos-7B,/home/xay/KVComm/snapshots/table1_pair7_qwen25_uncensored_bespoke,/home/xay/KVComm/snapshots/table1_pair7_qwen25_uncensored_bespoke/tmath/mtc_receiver/recv_w8_r0.3_0630_1505,/home/xay/KVComm/snapshots/table1_pair7_qwen25_uncensored_bespoke/tmath/mtc_receiver/recv_w8_r0.3_0630_1505/log.log,/home/xay/KVComm/snapshots/table1_pair7_qwen25_uncensored_bespoke/tmath/mtc_receiver/recv_w8_r0.3_0630_1505/per_sample.jsonl
table1,7,qwen25_uncensored_bespoke,tmath,ReKV,mtc_receiver,recv_w8_r0.5_0630_1632,8,0.5,uniform,,,0.3301,0.51794604,300,done,0630_1632,/sharedspace/models/Qwen2.5-7B-Instruct-Uncensored,/sharedspace/models/Bespoke-Stratos-7B,/home/xay/KVComm/snapshots/table1_pair7_qwen25_uncensored_bespoke,/home/xay/KVComm/snapshots/table1_pair7_qwen25_uncensored_bespoke/tmath/mtc_receiver/recv_w8_r0.5_0630_1632,/home/xay/KVComm/snapshots/table1_pair7_qwen25_uncensored_bespoke/tmath/mtc_receiver/recv_w8_r0.5_0630_1632/log.log,/home/xay/KVComm/snapshots/table1_pair7_qwen25_uncensored_bespoke/tmath/mtc_receiver/recv_w8_r0.5_0630_1632/per_sample.jsonl
table1,7,qwen25_uncensored_bespoke,tmath,ReKV,mtc_receiver,recv_w8_r0.7_0630_1756,8,0.7,uniform,,,0.3342,0.7107159200000001,300,done,0630_1756,/sharedspace/models/Qwen2.5-7B-Instruct-Uncensored,/sharedspace/models/Bespoke-Stratos-7B,/home/xay/KVComm/snapshots/table1_pair7_qwen25_uncensored_bespoke,/home/xay/KVComm/snapshots/table1_pair7_qwen25_uncensored_bespoke/tmath/mtc_receiver/recv_w8_r0.7_0630_1756,/home/xay/KVComm/snapshots/table1_pair7_qwen25_uncensored_bespoke/tmath/mtc_receiver/recv_w8_r0.7_0630_1756/log.log,/home/xay/KVComm/snapshots/table1_pair7_qwen25_uncensored_bespoke/tmath/mtc_receiver/recv_w8_r0.7_0630_1756/per_sample.jsonl
table1,7,qwen25_uncensored_bespoke,twowikimqa,B-ReKV,coverage,cov_t0.95_s0.75_w8_0630_0842,8,,coverage,0.95,0.75,0.135,0.18891426,200,done,0630_0842,/sharedspace/models/Qwen2.5-7B-Instruct-Uncensored,/sharedspace/models/Bespoke-Stratos-7B,/home/xay/KVComm/snapshots/table1_pair7_qwen25_uncensored_bespoke,/home/xay/KVComm/snapshots/table1_pair7_qwen25_uncensored_bespoke/twowikimqa/coverage/cov_t0.95_s0.75_w8_0630_0842,/home/xay/KVComm/snapshots/table1_pair7_qwen25_uncensored_bespoke/twowikimqa/coverage/cov_t0.95_s0.75_w8_0630_0842/log.log,/home/xay/KVComm/snapshots/table1_pair7_qwen25_uncensored_bespoke/twowikimqa/coverage/cov_t0.95_s0.75_w8_0630_0842/per_sample.jsonl
table1,7,qwen25_uncensored_bespoke,twowikimqa,B-ReKV,coverage,cov_t0.95_s0.85_w8_0630_0852,8,,coverage,0.95,0.85,0.145,0.20869178000000002,200,done,0630_0852,/sharedspace/models/Qwen2.5-7B-Instruct-Uncensored,/sharedspace/models/Bespoke-Stratos-7B,/home/xay/KVComm/snapshots/table1_pair7_qwen25_uncensored_bespoke,/home/xay/KVComm/snapshots/table1_pair7_qwen25_uncensored_bespoke/twowikimqa/coverage/cov_t0.95_s0.85_w8_0630_0852,/home/xay/KVComm/snapshots/table1_pair7_qwen25_uncensored_bespoke/twowikimqa/coverage/cov_t0.95_s0.85_w8_0630_0852/log.log,/home/xay/KVComm/snapshots/table1_pair7_qwen25_uncensored_bespoke/twowikimqa/coverage/cov_t0.95_s0.85_w8_0630_0852/per_sample.jsonl
table1,7,qwen25_uncensored_bespoke,twowikimqa,B-ReKV,coverage,cov_t0.95_s0.90_w16_0630_0902,16,,coverage,0.95,0.9,0.115,0.281580565,200,done,0630_0902,/sharedspace/models/Qwen2.5-7B-Instruct-Uncensored,/sharedspace/models/Bespoke-Stratos-7B,/home/xay/KVComm/snapshots/table1_pair7_qwen25_uncensored_bespoke,/home/xay/KVComm/snapshots/table1_pair7_qwen25_uncensored_bespoke/twowikimqa/coverage/cov_t0.95_s0.90_w16_0630_0902,/home/xay/KVComm/snapshots/table1_pair7_qwen25_uncensored_bespoke/twowikimqa/coverage/cov_t0.95_s0.90_w16_0630_0902/log.log,/home/xay/KVComm/snapshots/table1_pair7_qwen25_uncensored_bespoke/twowikimqa/coverage/cov_t0.95_s0.90_w16_0630_0902/per_sample.jsonl
table1,7,qwen25_uncensored_bespoke,twowikimqa,ReKV,mtc_receiver,recv_w16_r0.3_0630_0812,16,0.3,uniform,,,0.135,0.32500169,200,done,0630_0812,/sharedspace/models/Qwen2.5-7B-Instruct-Uncensored,/sharedspace/models/Bespoke-Stratos-7B,/home/xay/KVComm/snapshots/table1_pair7_qwen25_uncensored_bespoke,/home/xay/KVComm/snapshots/table1_pair7_qwen25_uncensored_bespoke/twowikimqa/mtc_receiver/recv_w16_r0.3_0630_0812,/home/xay/KVComm/snapshots/table1_pair7_qwen25_uncensored_bespoke/twowikimqa/mtc_receiver/recv_w16_r0.3_0630_0812/log.log,/home/xay/KVComm/snapshots/table1_pair7_qwen25_uncensored_bespoke/twowikimqa/mtc_receiver/recv_w16_r0.3_0630_0812/per_sample.jsonl
table1,7,qwen25_uncensored_bespoke,twowikimqa,ReKV,mtc_receiver,recv_w16_r0.5_0630_0822,16,0.5,uniform,,,0.15,0.51785811,200,done,0630_0822,/sharedspace/models/Qwen2.5-7B-Instruct-Uncensored,/sharedspace/models/Bespoke-Stratos-7B,/home/xay/KVComm/snapshots/table1_pair7_qwen25_uncensored_bespoke,/home/xay/KVComm/snapshots/table1_pair7_qwen25_uncensored_bespoke/twowikimqa/mtc_receiver/recv_w16_r0.5_0630_0822,/home/xay/KVComm/snapshots/table1_pair7_qwen25_uncensored_bespoke/twowikimqa/mtc_receiver/recv_w16_r0.5_0630_0822/log.log,/home/xay/KVComm/snapshots/table1_pair7_qwen25_uncensored_bespoke/twowikimqa/mtc_receiver/recv_w16_r0.5_0630_0822/per_sample.jsonl
table1,7,qwen25_uncensored_bespoke,twowikimqa,ReKV,mtc_receiver,recv_w16_r0.7_0630_0832,16,0.7,uniform,,,0.175,0.710712895,200,done,0630_0832,/sharedspace/models/Qwen2.5-7B-Instruct-Uncensored,/sharedspace/models/Bespoke-Stratos-7B,/home/xay/KVComm/snapshots/table1_pair7_qwen25_uncensored_bespoke,/home/xay/KVComm/snapshots/table1_pair7_qwen25_uncensored_bespoke/twowikimqa/mtc_receiver/recv_w16_r0.7_0630_0832,/home/xay/KVComm/snapshots/table1_pair7_qwen25_uncensored_bespoke/twowikimqa/mtc_receiver/recv_w16_r0.7_0630_0832/log.log,/home/xay/KVComm/snapshots/table1_pair7_qwen25_uncensored_bespoke/twowikimqa/mtc_receiver/recv_w16_r0.7_0630_0832/per_sample.jsonl
table1,7,qwen25_uncensored_bespoke,twowikimqa,ReKV,mtc_receiver,recv_w8_r0.3_0630_0742,8,0.3,uniform,,,0.15,0.32500169,200,done,0630_0742,/sharedspace/models/Qwen2.5-7B-Instruct-Uncensored,/sharedspace/models/Bespoke-Stratos-7B,/home/xay/KVComm/snapshots/table1_pair7_qwen25_uncensored_bespoke,/home/xay/KVComm/snapshots/table1_pair7_qwen25_uncensored_bespoke/twowikimqa/mtc_receiver/recv_w8_r0.3_0630_0742,/home/xay/KVComm/snapshots/table1_pair7_qwen25_uncensored_bespoke/twowikimqa/mtc_receiver/recv_w8_r0.3_0630_0742/log.log,/home/xay/KVComm/snapshots/table1_pair7_qwen25_uncensored_bespoke/twowikimqa/mtc_receiver/recv_w8_r0.3_0630_0742/per_sample.jsonl
table1,7,qwen25_uncensored_bespoke,twowikimqa,ReKV,mtc_receiver,recv_w8_r0.5_0630_0752,8,0.5,uniform,,,0.175,0.51785811,200,done,0630_0752,/sharedspace/models/Qwen2.5-7B-Instruct-Uncensored,/sharedspace/models/Bespoke-Stratos-7B,/home/xay/KVComm/snapshots/table1_pair7_qwen25_uncensored_bespoke,/home/xay/KVComm/snapshots/table1_pair7_qwen25_uncensored_bespoke/twowikimqa/mtc_receiver/recv_w8_r0.5_0630_0752,/home/xay/KVComm/snapshots/table1_pair7_qwen25_uncensored_bespoke/twowikimqa/mtc_receiver/recv_w8_r0.5_0630_0752/log.log,/home/xay/KVComm/snapshots/table1_pair7_qwen25_uncensored_bespoke/twowikimqa/mtc_receiver/recv_w8_r0.5_0630_0752/per_sample.jsonl
table1,7,qwen25_uncensored_bespoke,twowikimqa,ReKV,mtc_receiver,recv_w8_r0.7_0630_0802,8,0.7,uniform,,,0.2,0.710712895,200,done,0630_0802,/sharedspace/models/Qwen2.5-7B-Instruct-Uncensored,/sharedspace/models/Bespoke-Stratos-7B,/home/xay/KVComm/snapshots/table1_pair7_qwen25_uncensored_bespoke,/home/xay/KVComm/snapshots/table1_pair7_qwen25_uncensored_bespoke/twowikimqa/mtc_receiver/recv_w8_r0.7_0630_0802,/home/xay/KVComm/snapshots/table1_pair7_qwen25_uncensored_bespoke/twowikimqa/mtc_receiver/recv_w8_r0.7_0630_0802/log.log,/home/xay/KVComm/snapshots/table1_pair7_qwen25_uncensored_bespoke/twowikimqa/mtc_receiver/recv_w8_r0.7_0630_0802/per_sample.jsonl
table1,8,falcon3_ultraset_abliterated,countries,ReKV,mtc_receiver,recv_w8_r0.3_0630_0904,8,0.3,uniform,,,,,,unknown,0630_0904,/sharedspace/models/falcon3-ultraset,/sharedspace/models/Falcon3-7B-Instruct-abliterated,/home/xay/KVComm/snapshots/table1_pair8_falcon3_ultraset_abliterated,/home/xay/KVComm/snapshots/table1_pair8_falcon3_ultraset_abliterated/countries/mtc_receiver/recv_w8_r0.3_0630_0904,/home/xay/KVComm/snapshots/table1_pair8_falcon3_ultraset_abliterated/countries/mtc_receiver/recv_w8_r0.3_0630_0904/log.log,
table1,8,falcon3_ultraset_abliterated,multifieldqa_en,ReKV,mtc_receiver,recv_w8_r0.3_0630_0904,8,0.3,uniform,,,,,,unknown,0630_0904,/sharedspace/models/falcon3-ultraset,/sharedspace/models/Falcon3-7B-Instruct-abliterated,/home/xay/KVComm/snapshots/table1_pair8_falcon3_ultraset_abliterated,/home/xay/KVComm/snapshots/table1_pair8_falcon3_ultraset_abliterated/multifieldqa_en/mtc_receiver/recv_w8_r0.3_0630_0904,/home/xay/KVComm/snapshots/table1_pair8_falcon3_ultraset_abliterated/multifieldqa_en/mtc_receiver/recv_w8_r0.3_0630_0904/log.log,
table8,2,llama32_same,countries,B-ReKV,coverage,cov_t0.95_s0.75_w8_0625_0006,8,,coverage,0.95,0.75,0.53,0.28481742,200,done,0625_0006,/sharedspace/models/Llama-3.2-3B-Instruct,/sharedspace/models/Llama-3.2-3B-Instruct,/home/xay/KVComm/snapshots/table8_pair2_llama32_same,/home/xay/KVComm/snapshots/table8_pair2_llama32_same/countries/coverage/cov_t0.95_s0.75_w8_0625_0006,/home/xay/KVComm/snapshots/table8_pair2_llama32_same/countries/coverage/cov_t0.95_s0.75_w8_0625_0006/log.log,/home/xay/KVComm/snapshots/table8_pair2_llama32_same/countries/coverage/cov_t0.95_s0.75_w8_0625_0006/per_sample.jsonl
table8,2,llama32_same,countries,B-ReKV,coverage,cov_t0.95_s0.85_w8_0625_0008,8,,coverage,0.95,0.85,0.525,0.310953955,200,done,0625_0008,/sharedspace/models/Llama-3.2-3B-Instruct,/sharedspace/models/Llama-3.2-3B-Instruct,/home/xay/KVComm/snapshots/table8_pair2_llama32_same,/home/xay/KVComm/snapshots/table8_pair2_llama32_same/countries/coverage/cov_t0.95_s0.85_w8_0625_0008,/home/xay/KVComm/snapshots/table8_pair2_llama32_same/countries/coverage/cov_t0.95_s0.85_w8_0625_0008/log.log,/home/xay/KVComm/snapshots/table8_pair2_llama32_same/countries/coverage/cov_t0.95_s0.85_w8_0625_0008/per_sample.jsonl
table8,2,llama32_same,countries,B-ReKV,coverage,cov_t0.95_s0.90_w16_0625_0009,16,,coverage,0.95,0.9,0.565,0.32918999499999996,200,done,0625_0009,/sharedspace/models/Llama-3.2-3B-Instruct,/sharedspace/models/Llama-3.2-3B-Instruct,/home/xay/KVComm/snapshots/table8_pair2_llama32_same,/home/xay/KVComm/snapshots/table8_pair2_llama32_same/countries/coverage/cov_t0.95_s0.90_w16_0625_0009,/home/xay/KVComm/snapshots/table8_pair2_llama32_same/countries/coverage/cov_t0.95_s0.90_w16_0625_0009/log.log,/home/xay/KVComm/snapshots/table8_pair2_llama32_same/countries/coverage/cov_t0.95_s0.90_w16_0625_0009/per_sample.jsonl
table8,2,llama32_same,countries,ReKV,mtc_receiver,recv_w16_r0.3_0625_0003,16,0.3,uniform,,,0.5,0.32664267,200,done,0625_0003,/sharedspace/models/Llama-3.2-3B-Instruct,/sharedspace/models/Llama-3.2-3B-Instruct,/home/xay/KVComm/snapshots/table8_pair2_llama32_same,/home/xay/KVComm/snapshots/table8_pair2_llama32_same/countries/mtc_receiver/recv_w16_r0.3_0625_0003,/home/xay/KVComm/snapshots/table8_pair2_llama32_same/countries/mtc_receiver/recv_w16_r0.3_0625_0003/log.log,/home/xay/KVComm/snapshots/table8_pair2_llama32_same/countries/mtc_receiver/recv_w16_r0.3_0625_0003/per_sample.jsonl
table8,2,llama32_same,countries,ReKV,mtc_receiver,recv_w16_r0.5_0625_0004,16,0.5,uniform,,,0.565,0.5182822149999999,200,done,0625_0004,/sharedspace/models/Llama-3.2-3B-Instruct,/sharedspace/models/Llama-3.2-3B-Instruct,/home/xay/KVComm/snapshots/table8_pair2_llama32_same,/home/xay/KVComm/snapshots/table8_pair2_llama32_same/countries/mtc_receiver/recv_w16_r0.5_0625_0004,/home/xay/KVComm/snapshots/table8_pair2_llama32_same/countries/mtc_receiver/recv_w16_r0.5_0625_0004/log.log,/home/xay/KVComm/snapshots/table8_pair2_llama32_same/countries/mtc_receiver/recv_w16_r0.5_0625_0004/per_sample.jsonl
table8,2,llama32_same,countries,ReKV,mtc_receiver,recv_w16_r0.7_0625_0005,16,0.7,uniform,,,0.57,0.71138137,200,done,0625_0005,/sharedspace/models/Llama-3.2-3B-Instruct,/sharedspace/models/Llama-3.2-3B-Instruct,/home/xay/KVComm/snapshots/table8_pair2_llama32_same,/home/xay/KVComm/snapshots/table8_pair2_llama32_same/countries/mtc_receiver/recv_w16_r0.7_0625_0005,/home/xay/KVComm/snapshots/table8_pair2_llama32_same/countries/mtc_receiver/recv_w16_r0.7_0625_0005/log.log,/home/xay/KVComm/snapshots/table8_pair2_llama32_same/countries/mtc_receiver/recv_w16_r0.7_0625_0005/per_sample.jsonl
table8,2,llama32_same,countries,ReKV,mtc_receiver,recv_w8_r0.3_0624_2358,8,0.3,uniform,,,0.505,0.32664267,200,done,0624_2358,/sharedspace/models/Llama-3.2-3B-Instruct,/sharedspace/models/Llama-3.2-3B-Instruct,/home/xay/KVComm/snapshots/table8_pair2_llama32_same,/home/xay/KVComm/snapshots/table8_pair2_llama32_same/countries/mtc_receiver/recv_w8_r0.3_0624_2358,/home/xay/KVComm/snapshots/table8_pair2_llama32_same/countries/mtc_receiver/recv_w8_r0.3_0624_2358/log.log,/home/xay/KVComm/snapshots/table8_pair2_llama32_same/countries/mtc_receiver/recv_w8_r0.3_0624_2358/per_sample.jsonl
table8,2,llama32_same,countries,ReKV,mtc_receiver,recv_w8_r0.5_0625_0000,8,0.5,uniform,,,0.565,0.5182822149999999,200,done,0625_0000,/sharedspace/models/Llama-3.2-3B-Instruct,/sharedspace/models/Llama-3.2-3B-Instruct,/home/xay/KVComm/snapshots/table8_pair2_llama32_same,/home/xay/KVComm/snapshots/table8_pair2_llama32_same/countries/mtc_receiver/recv_w8_r0.5_0625_0000,/home/xay/KVComm/snapshots/table8_pair2_llama32_same/countries/mtc_receiver/recv_w8_r0.5_0625_0000/log.log,/home/xay/KVComm/snapshots/table8_pair2_llama32_same/countries/mtc_receiver/recv_w8_r0.5_0625_0000/per_sample.jsonl
table8,2,llama32_same,countries,ReKV,mtc_receiver,recv_w8_r0.7_0625_0001,8,0.7,uniform,,,0.565,0.71138137,200,done,0625_0001,/sharedspace/models/Llama-3.2-3B-Instruct,/sharedspace/models/Llama-3.2-3B-Instruct,/home/xay/KVComm/snapshots/table8_pair2_llama32_same,/home/xay/KVComm/snapshots/table8_pair2_llama32_same/countries/mtc_receiver/recv_w8_r0.7_0625_0001,/home/xay/KVComm/snapshots/table8_pair2_llama32_same/countries/mtc_receiver/recv_w8_r0.7_0625_0001/log.log,/home/xay/KVComm/snapshots/table8_pair2_llama32_same/countries/mtc_receiver/recv_w8_r0.7_0625_0001/per_sample.jsonl
table8,2,llama32_same,hotpotqa,B-ReKV,coverage,cov_t0.95_s0.75_w8_0625_0054,8,,coverage,0.95,0.75,0.642,0.27501179400000003,500,done,0625_0054,/sharedspace/models/Llama-3.2-3B-Instruct,/sharedspace/models/Llama-3.2-3B-Instruct,/home/xay/KVComm/snapshots/table8_pair2_llama32_same,/home/xay/KVComm/snapshots/table8_pair2_llama32_same/hotpotqa/coverage/cov_t0.95_s0.75_w8_0625_0054,/home/xay/KVComm/snapshots/table8_pair2_llama32_same/hotpotqa/coverage/cov_t0.95_s0.75_w8_0625_0054/log.log,/home/xay/KVComm/snapshots/table8_pair2_llama32_same/hotpotqa/coverage/cov_t0.95_s0.75_w8_0625_0054/per_sample.jsonl
table8,2,llama32_same,hotpotqa,B-ReKV,coverage,cov_t0.95_s0.85_w8_0625_0057,8,,coverage,0.95,0.85,0.652,0.305927694,500,done,0625_0057,/sharedspace/models/Llama-3.2-3B-Instruct,/sharedspace/models/Llama-3.2-3B-Instruct,/home/xay/KVComm/snapshots/table8_pair2_llama32_same,/home/xay/KVComm/snapshots/table8_pair2_llama32_same/hotpotqa/coverage/cov_t0.95_s0.85_w8_0625_0057,/home/xay/KVComm/snapshots/table8_pair2_llama32_same/hotpotqa/coverage/cov_t0.95_s0.85_w8_0625_0057/log.log,/home/xay/KVComm/snapshots/table8_pair2_llama32_same/hotpotqa/coverage/cov_t0.95_s0.85_w8_0625_0057/per_sample.jsonl
table8,2,llama32_same,hotpotqa,B-ReKV,coverage,cov_t0.95_s0.90_w16_0624_2356,16,,coverage,0.95,0.9,,,,unknown,0624_2356,/sharedspace/models/Llama-3.2-3B-Instruct,/sharedspace/models/Llama-3.2-3B-Instruct,/home/xay/KVComm/snapshots/table8_pair2_llama32_same,/home/xay/KVComm/snapshots/table8_pair2_llama32_same/hotpotqa/coverage/cov_t0.95_s0.90_w16_0624_2356,/home/xay/KVComm/snapshots/table8_pair2_llama32_same/hotpotqa/coverage/cov_t0.95_s0.90_w16_0624_2356/log.log,
table8,2,llama32_same,hotpotqa,B-ReKV,coverage,cov_t0.95_s0.90_w16_0625_0101,16,,coverage,0.95,0.9,0.676,0.354448058,500,done,0625_0101,/sharedspace/models/Llama-3.2-3B-Instruct,/sharedspace/models/Llama-3.2-3B-Instruct,/home/xay/KVComm/snapshots/table8_pair2_llama32_same,/home/xay/KVComm/snapshots/table8_pair2_llama32_same/hotpotqa/coverage/cov_t0.95_s0.90_w16_0625_0101,/home/xay/KVComm/snapshots/table8_pair2_llama32_same/hotpotqa/coverage/cov_t0.95_s0.90_w16_0625_0101/log.log,/home/xay/KVComm/snapshots/table8_pair2_llama32_same/hotpotqa/coverage/cov_t0.95_s0.90_w16_0625_0101/per_sample.jsonl
table8,2,llama32_same,hotpotqa,ReKV,mtc_receiver,recv_w16_r0.3_0625_0045,16,0.3,uniform,,,0.666,0.32510808,500,done,0625_0045,/sharedspace/models/Llama-3.2-3B-Instruct,/sharedspace/models/Llama-3.2-3B-Instruct,/home/xay/KVComm/snapshots/table8_pair2_llama32_same,/home/xay/KVComm/snapshots/table8_pair2_llama32_same/hotpotqa/mtc_receiver/recv_w16_r0.3_0625_0045,/home/xay/KVComm/snapshots/table8_pair2_llama32_same/hotpotqa/mtc_receiver/recv_w16_r0.3_0625_0045/log.log,/home/xay/KVComm/snapshots/table8_pair2_llama32_same/hotpotqa/mtc_receiver/recv_w16_r0.3_0625_0045/per_sample.jsonl
table8,2,llama32_same,hotpotqa,ReKV,mtc_receiver,recv_w16_r0.5_0625_0048,16,0.5,uniform,,,0.696,0.518023516,500,done,0625_0048,/sharedspace/models/Llama-3.2-3B-Instruct,/sharedspace/models/Llama-3.2-3B-Instruct,/home/xay/KVComm/snapshots/table8_pair2_llama32_same,/home/xay/KVComm/snapshots/table8_pair2_llama32_same/hotpotqa/mtc_receiver/recv_w16_r0.5_0625_0048,/home/xay/KVComm/snapshots/table8_pair2_llama32_same/hotpotqa/mtc_receiver/recv_w16_r0.5_0625_0048/log.log,/home/xay/KVComm/snapshots/table8_pair2_llama32_same/hotpotqa/mtc_receiver/recv_w16_r0.5_0625_0048/per_sample.jsonl
table8,2,llama32_same,hotpotqa,ReKV,mtc_receiver,recv_w16_r0.7_0625_0051,16,0.7,uniform,,,0.696,0.710722674,500,done,0625_0051,/sharedspace/models/Llama-3.2-3B-Instruct,/sharedspace/models/Llama-3.2-3B-Instruct,/home/xay/KVComm/snapshots/table8_pair2_llama32_same,/home/xay/KVComm/snapshots/table8_pair2_llama32_same/hotpotqa/mtc_receiver/recv_w16_r0.7_0625_0051,/home/xay/KVComm/snapshots/table8_pair2_llama32_same/hotpotqa/mtc_receiver/recv_w16_r0.7_0625_0051/log.log,/home/xay/KVComm/snapshots/table8_pair2_llama32_same/hotpotqa/mtc_receiver/recv_w16_r0.7_0625_0051/per_sample.jsonl
table8,2,llama32_same,hotpotqa,ReKV,mtc_receiver,recv_w8_r0.3_0625_0036,8,0.3,uniform,,,0.654,0.32510808,500,done,0625_0036,/sharedspace/models/Llama-3.2-3B-Instruct,/sharedspace/models/Llama-3.2-3B-Instruct,/home/xay/KVComm/snapshots/table8_pair2_llama32_same,/home/xay/KVComm/snapshots/table8_pair2_llama32_same/hotpotqa/mtc_receiver/recv_w8_r0.3_0625_0036,/home/xay/KVComm/snapshots/table8_pair2_llama32_same/hotpotqa/mtc_receiver/recv_w8_r0.3_0625_0036/log.log,/home/xay/KVComm/snapshots/table8_pair2_llama32_same/hotpotqa/mtc_receiver/recv_w8_r0.3_0625_0036/per_sample.jsonl
table8,2,llama32_same,hotpotqa,ReKV,mtc_receiver,recv_w8_r0.5_0625_0039,8,0.5,uniform,,,0.702,0.518023516,500,done,0625_0039,/sharedspace/models/Llama-3.2-3B-Instruct,/sharedspace/models/Llama-3.2-3B-Instruct,/home/xay/KVComm/snapshots/table8_pair2_llama32_same,/home/xay/KVComm/snapshots/table8_pair2_llama32_same/hotpotqa/mtc_receiver/recv_w8_r0.5_0625_0039,/home/xay/KVComm/snapshots/table8_pair2_llama32_same/hotpotqa/mtc_receiver/recv_w8_r0.5_0625_0039/log.log,/home/xay/KVComm/snapshots/table8_pair2_llama32_same/hotpotqa/mtc_receiver/recv_w8_r0.5_0625_0039/per_sample.jsonl
table8,2,llama32_same,hotpotqa,ReKV,mtc_receiver,recv_w8_r0.7_0625_0042,8,0.7,uniform,,,0.692,0.710722674,500,done,0625_0042,/sharedspace/models/Llama-3.2-3B-Instruct,/sharedspace/models/Llama-3.2-3B-Instruct,/home/xay/KVComm/snapshots/table8_pair2_llama32_same,/home/xay/KVComm/snapshots/table8_pair2_llama32_same/hotpotqa/mtc_receiver/recv_w8_r0.7_0625_0042,/home/xay/KVComm/snapshots/table8_pair2_llama32_same/hotpotqa/mtc_receiver/recv_w8_r0.7_0625_0042/log.log,/home/xay/KVComm/snapshots/table8_pair2_llama32_same/hotpotqa/mtc_receiver/recv_w8_r0.7_0625_0042/per_sample.jsonl
table8,2,llama32_same,multifieldqa_en,B-ReKV,coverage,cov_t0.95_s0.75_w8_0625_0204,8,,coverage,0.95,0.75,0.5667,0.23703687333333334,150,done,0625_0204,/sharedspace/models/Llama-3.2-3B-Instruct,/sharedspace/models/Llama-3.2-3B-Instruct,/home/xay/KVComm/snapshots/table8_pair2_llama32_same,/home/xay/KVComm/snapshots/table8_pair2_llama32_same/multifieldqa_en/coverage/cov_t0.95_s0.75_w8_0625_0204,/home/xay/KVComm/snapshots/table8_pair2_llama32_same/multifieldqa_en/coverage/cov_t0.95_s0.75_w8_0625_0204/log.log,/home/xay/KVComm/snapshots/table8_pair2_llama32_same/multifieldqa_en/coverage/cov_t0.95_s0.75_w8_0625_0204/per_sample.jsonl
table8,2,llama32_same,multifieldqa_en,B-ReKV,coverage,cov_t0.95_s0.85_w8_0625_0208,8,,coverage,0.95,0.85,0.56,0.2637695666666667,150,done,0625_0208,/sharedspace/models/Llama-3.2-3B-Instruct,/sharedspace/models/Llama-3.2-3B-Instruct,/home/xay/KVComm/snapshots/table8_pair2_llama32_same,/home/xay/KVComm/snapshots/table8_pair2_llama32_same/multifieldqa_en/coverage/cov_t0.95_s0.85_w8_0625_0208,/home/xay/KVComm/snapshots/table8_pair2_llama32_same/multifieldqa_en/coverage/cov_t0.95_s0.85_w8_0625_0208/log.log,/home/xay/KVComm/snapshots/table8_pair2_llama32_same/multifieldqa_en/coverage/cov_t0.95_s0.85_w8_0625_0208/per_sample.jsonl
table8,2,llama32_same,multifieldqa_en,B-ReKV,coverage,cov_t0.95_s0.90_w16_0625_0212,16,,coverage,0.95,0.9,0.5333,0.33121537333333334,150,done,0625_0212,/sharedspace/models/Llama-3.2-3B-Instruct,/sharedspace/models/Llama-3.2-3B-Instruct,/home/xay/KVComm/snapshots/table8_pair2_llama32_same,/home/xay/KVComm/snapshots/table8_pair2_llama32_same/multifieldqa_en/coverage/cov_t0.95_s0.90_w16_0625_0212,/home/xay/KVComm/snapshots/table8_pair2_llama32_same/multifieldqa_en/coverage/cov_t0.95_s0.90_w16_0625_0212/log.log,/home/xay/KVComm/snapshots/table8_pair2_llama32_same/multifieldqa_en/coverage/cov_t0.95_s0.90_w16_0625_0212/per_sample.jsonl
table8,2,llama32_same,multifieldqa_en,ReKV,mtc_receiver,recv_w16_r0.3_0625_0151,16,0.3,uniform,,,0.5,0.32499175333333336,150,done,0625_0151,/sharedspace/models/Llama-3.2-3B-Instruct,/sharedspace/models/Llama-3.2-3B-Instruct,/home/xay/KVComm/snapshots/table8_pair2_llama32_same,/home/xay/KVComm/snapshots/table8_pair2_llama32_same/multifieldqa_en/mtc_receiver/recv_w16_r0.3_0625_0151,/home/xay/KVComm/snapshots/table8_pair2_llama32_same/multifieldqa_en/mtc_receiver/recv_w16_r0.3_0625_0151/log.log,/home/xay/KVComm/snapshots/table8_pair2_llama32_same/multifieldqa_en/mtc_receiver/recv_w16_r0.3_0625_0151/per_sample.jsonl
table8,2,llama32_same,multifieldqa_en,ReKV,mtc_receiver,recv_w16_r0.5_0625_0155,16,0.5,uniform,,,0.5133,0.5178454333333333,150,done,0625_0155,/sharedspace/models/Llama-3.2-3B-Instruct,/sharedspace/models/Llama-3.2-3B-Instruct,/home/xay/KVComm/snapshots/table8_pair2_llama32_same,/home/xay/KVComm/snapshots/table8_pair2_llama32_same/multifieldqa_en/mtc_receiver/recv_w16_r0.5_0625_0155,/home/xay/KVComm/snapshots/table8_pair2_llama32_same/multifieldqa_en/mtc_receiver/recv_w16_r0.5_0625_0155/log.log,/home/xay/KVComm/snapshots/table8_pair2_llama32_same/multifieldqa_en/mtc_receiver/recv_w16_r0.5_0625_0155/per_sample.jsonl
table8,2,llama32_same,multifieldqa_en,ReKV,mtc_receiver,recv_w16_r0.7_0625_0200,16,0.7,uniform,,,0.4933,0.7107070133333334,150,done,0625_0200,/sharedspace/models/Llama-3.2-3B-Instruct,/sharedspace/models/Llama-3.2-3B-Instruct,/home/xay/KVComm/snapshots/table8_pair2_llama32_same,/home/xay/KVComm/snapshots/table8_pair2_llama32_same/multifieldqa_en/mtc_receiver/recv_w16_r0.7_0625_0200,/home/xay/KVComm/snapshots/table8_pair2_llama32_same/multifieldqa_en/mtc_receiver/recv_w16_r0.7_0625_0200/log.log,/home/xay/KVComm/snapshots/table8_pair2_llama32_same/multifieldqa_en/mtc_receiver/recv_w16_r0.7_0625_0200/per_sample.jsonl
table8,2,llama32_same,multifieldqa_en,ReKV,mtc_receiver,recv_w8_r0.3_0625_0138,8,0.3,uniform,,,0.5133,0.32499175333333336,150,done,0625_0138,/sharedspace/models/Llama-3.2-3B-Instruct,/sharedspace/models/Llama-3.2-3B-Instruct,/home/xay/KVComm/snapshots/table8_pair2_llama32_same,/home/xay/KVComm/snapshots/table8_pair2_llama32_same/multifieldqa_en/mtc_receiver/recv_w8_r0.3_0625_0138,/home/xay/KVComm/snapshots/table8_pair2_llama32_same/multifieldqa_en/mtc_receiver/recv_w8_r0.3_0625_0138/log.log,/home/xay/KVComm/snapshots/table8_pair2_llama32_same/multifieldqa_en/mtc_receiver/recv_w8_r0.3_0625_0138/per_sample.jsonl
table8,2,llama32_same,multifieldqa_en,ReKV,mtc_receiver,recv_w8_r0.5_0625_0143,8,0.5,uniform,,,0.5,0.5178454333333333,150,done,0625_0143,/sharedspace/models/Llama-3.2-3B-Instruct,/sharedspace/models/Llama-3.2-3B-Instruct,/home/xay/KVComm/snapshots/table8_pair2_llama32_same,/home/xay/KVComm/snapshots/table8_pair2_llama32_same/multifieldqa_en/mtc_receiver/recv_w8_r0.5_0625_0143,/home/xay/KVComm/snapshots/table8_pair2_llama32_same/multifieldqa_en/mtc_receiver/recv_w8_r0.5_0625_0143/log.log,/home/xay/KVComm/snapshots/table8_pair2_llama32_same/multifieldqa_en/mtc_receiver/recv_w8_r0.5_0625_0143/per_sample.jsonl
table8,2,llama32_same,multifieldqa_en,ReKV,mtc_receiver,recv_w8_r0.7_0625_0147,8,0.7,uniform,,,0.5067,0.7107070133333334,150,done,0625_0147,/sharedspace/models/Llama-3.2-3B-Instruct,/sharedspace/models/Llama-3.2-3B-Instruct,/home/xay/KVComm/snapshots/table8_pair2_llama32_same,/home/xay/KVComm/snapshots/table8_pair2_llama32_same/multifieldqa_en/mtc_receiver/recv_w8_r0.7_0625_0147,/home/xay/KVComm/snapshots/table8_pair2_llama32_same/multifieldqa_en/mtc_receiver/recv_w8_r0.7_0625_0147/log.log,/home/xay/KVComm/snapshots/table8_pair2_llama32_same/multifieldqa_en/mtc_receiver/recv_w8_r0.7_0625_0147/per_sample.jsonl
table8,2,llama32_same,musique,B-ReKV,coverage,cov_t0.95_s0.75_w8_0625_0126,8,,coverage,0.95,0.75,0.34,0.260838662,500,done,0625_0126,/sharedspace/models/Llama-3.2-3B-Instruct,/sharedspace/models/Llama-3.2-3B-Instruct,/home/xay/KVComm/snapshots/table8_pair2_llama32_same,/home/xay/KVComm/snapshots/table8_pair2_llama32_same/musique/coverage/cov_t0.95_s0.75_w8_0625_0126,/home/xay/KVComm/snapshots/table8_pair2_llama32_same/musique/coverage/cov_t0.95_s0.75_w8_0625_0126/log.log,/home/xay/KVComm/snapshots/table8_pair2_llama32_same/musique/coverage/cov_t0.95_s0.75_w8_0625_0126/per_sample.jsonl
table8,2,llama32_same,musique,B-ReKV,coverage,cov_t0.95_s0.85_w8_0625_0130,8,,coverage,0.95,0.85,0.342,0.29063499200000004,500,done,0625_0130,/sharedspace/models/Llama-3.2-3B-Instruct,/sharedspace/models/Llama-3.2-3B-Instruct,/home/xay/KVComm/snapshots/table8_pair2_llama32_same,/home/xay/KVComm/snapshots/table8_pair2_llama32_same/musique/coverage/cov_t0.95_s0.85_w8_0625_0130,/home/xay/KVComm/snapshots/table8_pair2_llama32_same/musique/coverage/cov_t0.95_s0.85_w8_0625_0130/log.log,/home/xay/KVComm/snapshots/table8_pair2_llama32_same/musique/coverage/cov_t0.95_s0.85_w8_0625_0130/per_sample.jsonl
table8,2,llama32_same,musique,B-ReKV,coverage,cov_t0.95_s0.90_w16_0625_0133,16,,coverage,0.95,0.9,0.344,0.36201443,500,done,0625_0133,/sharedspace/models/Llama-3.2-3B-Instruct,/sharedspace/models/Llama-3.2-3B-Instruct,/home/xay/KVComm/snapshots/table8_pair2_llama32_same,/home/xay/KVComm/snapshots/table8_pair2_llama32_same/musique/coverage/cov_t0.95_s0.90_w16_0625_0133,/home/xay/KVComm/snapshots/table8_pair2_llama32_same/musique/coverage/cov_t0.95_s0.90_w16_0625_0133/log.log,/home/xay/KVComm/snapshots/table8_pair2_llama32_same/musique/coverage/cov_t0.95_s0.90_w16_0625_0133/per_sample.jsonl
table8,2,llama32_same,musique,ReKV,mtc_receiver,recv_w16_r0.3_0625_0115,16,0.3,uniform,,,0.338,0.324963924,500,done,0625_0115,/sharedspace/models/Llama-3.2-3B-Instruct,/sharedspace/models/Llama-3.2-3B-Instruct,/home/xay/KVComm/snapshots/table8_pair2_llama32_same,/home/xay/KVComm/snapshots/table8_pair2_llama32_same/musique/mtc_receiver/recv_w16_r0.3_0625_0115,/home/xay/KVComm/snapshots/table8_pair2_llama32_same/musique/mtc_receiver/recv_w16_r0.3_0625_0115/log.log,/home/xay/KVComm/snapshots/table8_pair2_llama32_same/musique/mtc_receiver/recv_w16_r0.3_0625_0115/per_sample.jsonl
table8,2,llama32_same,musique,ReKV,mtc_receiver,recv_w16_r0.5_0625_0118,16,0.5,uniform,,,0.37,0.5179089699999999,500,done,0625_0118,/sharedspace/models/Llama-3.2-3B-Instruct,/sharedspace/models/Llama-3.2-3B-Instruct,/home/xay/KVComm/snapshots/table8_pair2_llama32_same,/home/xay/KVComm/snapshots/table8_pair2_llama32_same/musique/mtc_receiver/recv_w16_r0.5_0625_0118,/home/xay/KVComm/snapshots/table8_pair2_llama32_same/musique/mtc_receiver/recv_w16_r0.5_0625_0118/log.log,/home/xay/KVComm/snapshots/table8_pair2_llama32_same/musique/mtc_receiver/recv_w16_r0.5_0625_0118/per_sample.jsonl
table8,2,llama32_same,musique,ReKV,mtc_receiver,recv_w16_r0.7_0625_0122,16,0.7,uniform,,,0.384,0.71070106,500,done,0625_0122,/sharedspace/models/Llama-3.2-3B-Instruct,/sharedspace/models/Llama-3.2-3B-Instruct,/home/xay/KVComm/snapshots/table8_pair2_llama32_same,/home/xay/KVComm/snapshots/table8_pair2_llama32_same/musique/mtc_receiver/recv_w16_r0.7_0625_0122,/home/xay/KVComm/snapshots/table8_pair2_llama32_same/musique/mtc_receiver/recv_w16_r0.7_0625_0122/log.log,/home/xay/KVComm/snapshots/table8_pair2_llama32_same/musique/mtc_receiver/recv_w16_r0.7_0625_0122/per_sample.jsonl
table8,2,llama32_same,musique,ReKV,mtc_receiver,recv_w8_r0.3_0625_0104,8,0.3,uniform,,,0.35,0.324963924,500,done,0625_0104,/sharedspace/models/Llama-3.2-3B-Instruct,/sharedspace/models/Llama-3.2-3B-Instruct,/home/xay/KVComm/snapshots/table8_pair2_llama32_same,/home/xay/KVComm/snapshots/table8_pair2_llama32_same/musique/mtc_receiver/recv_w8_r0.3_0625_0104,/home/xay/KVComm/snapshots/table8_pair2_llama32_same/musique/mtc_receiver/recv_w8_r0.3_0625_0104/log.log,/home/xay/KVComm/snapshots/table8_pair2_llama32_same/musique/mtc_receiver/recv_w8_r0.3_0625_0104/per_sample.jsonl
table8,2,llama32_same,musique,ReKV,mtc_receiver,recv_w8_r0.5_0625_0107,8,0.5,uniform,,,0.356,0.5179089699999999,500,done,0625_0107,/sharedspace/models/Llama-3.2-3B-Instruct,/sharedspace/models/Llama-3.2-3B-Instruct,/home/xay/KVComm/snapshots/table8_pair2_llama32_same,/home/xay/KVComm/snapshots/table8_pair2_llama32_same/musique/mtc_receiver/recv_w8_r0.5_0625_0107,/home/xay/KVComm/snapshots/table8_pair2_llama32_same/musique/mtc_receiver/recv_w8_r0.5_0625_0107/log.log,/home/xay/KVComm/snapshots/table8_pair2_llama32_same/musique/mtc_receiver/recv_w8_r0.5_0625_0107/per_sample.jsonl
table8,2,llama32_same,musique,ReKV,mtc_receiver,recv_w8_r0.7_0625_0111,8,0.7,uniform,,,0.376,0.71070106,500,done,0625_0111,/sharedspace/models/Llama-3.2-3B-Instruct,/sharedspace/models/Llama-3.2-3B-Instruct,/home/xay/KVComm/snapshots/table8_pair2_llama32_same,/home/xay/KVComm/snapshots/table8_pair2_llama32_same/musique/mtc_receiver/recv_w8_r0.7_0625_0111,/home/xay/KVComm/snapshots/table8_pair2_llama32_same/musique/mtc_receiver/recv_w8_r0.7_0625_0111/log.log,/home/xay/KVComm/snapshots/table8_pair2_llama32_same/musique/mtc_receiver/recv_w8_r0.7_0625_0111/per_sample.jsonl
table8,2,llama32_same,qasper,B-ReKV,coverage,cov_t0.95_s0.75_w8_0625_0356,8,,coverage,0.95,0.75,0.316,0.257603078,500,done,0625_0356,/sharedspace/models/Llama-3.2-3B-Instruct,/sharedspace/models/Llama-3.2-3B-Instruct,/home/xay/KVComm/snapshots/table8_pair2_llama32_same,/home/xay/KVComm/snapshots/table8_pair2_llama32_same/qasper/coverage/cov_t0.95_s0.75_w8_0625_0356,/home/xay/KVComm/snapshots/table8_pair2_llama32_same/qasper/coverage/cov_t0.95_s0.75_w8_0625_0356/log.log,/home/xay/KVComm/snapshots/table8_pair2_llama32_same/qasper/coverage/cov_t0.95_s0.75_w8_0625_0356/per_sample.jsonl
table8,2,llama32_same,qasper,B-ReKV,coverage,cov_t0.95_s0.85_w8_0625_0407,8,,coverage,0.95,0.85,0.33,0.28715595,500,done,0625_0407,/sharedspace/models/Llama-3.2-3B-Instruct,/sharedspace/models/Llama-3.2-3B-Instruct,/home/xay/KVComm/snapshots/table8_pair2_llama32_same,/home/xay/KVComm/snapshots/table8_pair2_llama32_same/qasper/coverage/cov_t0.95_s0.85_w8_0625_0407,/home/xay/KVComm/snapshots/table8_pair2_llama32_same/qasper/coverage/cov_t0.95_s0.85_w8_0625_0407/log.log,/home/xay/KVComm/snapshots/table8_pair2_llama32_same/qasper/coverage/cov_t0.95_s0.85_w8_0625_0407/per_sample.jsonl
table8,2,llama32_same,qasper,B-ReKV,coverage,cov_t0.95_s0.90_w16_0624_2356,16,,coverage,0.95,0.9,,,,unknown,0624_2356,/sharedspace/models/Llama-3.2-3B-Instruct,/sharedspace/models/Llama-3.2-3B-Instruct,/home/xay/KVComm/snapshots/table8_pair2_llama32_same,/home/xay/KVComm/snapshots/table8_pair2_llama32_same/qasper/coverage/cov_t0.95_s0.90_w16_0624_2356,/home/xay/KVComm/snapshots/table8_pair2_llama32_same/qasper/coverage/cov_t0.95_s0.90_w16_0624_2356/log.log,
table8,2,llama32_same,qasper,B-ReKV,coverage,cov_t0.95_s0.90_w16_0625_0418,16,,coverage,0.95,0.9,0.33,0.34350547,500,done,0625_0418,/sharedspace/models/Llama-3.2-3B-Instruct,/sharedspace/models/Llama-3.2-3B-Instruct,/home/xay/KVComm/snapshots/table8_pair2_llama32_same,/home/xay/KVComm/snapshots/table8_pair2_llama32_same/qasper/coverage/cov_t0.95_s0.90_w16_0625_0418,/home/xay/KVComm/snapshots/table8_pair2_llama32_same/qasper/coverage/cov_t0.95_s0.90_w16_0625_0418/log.log,/home/xay/KVComm/snapshots/table8_pair2_llama32_same/qasper/coverage/cov_t0.95_s0.90_w16_0625_0418/per_sample.jsonl
table8,2,llama32_same,qasper,ReKV,mtc_receiver,recv_w16_r0.3_0625_0324,16,0.3,uniform,,,0.328,0.324998752,500,done,0625_0324,/sharedspace/models/Llama-3.2-3B-Instruct,/sharedspace/models/Llama-3.2-3B-Instruct,/home/xay/KVComm/snapshots/table8_pair2_llama32_same,/home/xay/KVComm/snapshots/table8_pair2_llama32_same/qasper/mtc_receiver/recv_w16_r0.3_0625_0324,/home/xay/KVComm/snapshots/table8_pair2_llama32_same/qasper/mtc_receiver/recv_w16_r0.3_0625_0324/log.log,/home/xay/KVComm/snapshots/table8_pair2_llama32_same/qasper/mtc_receiver/recv_w16_r0.3_0625_0324/per_sample.jsonl
table8,2,llama32_same,qasper,ReKV,mtc_receiver,recv_w16_r0.5_0625_0335,16,0.5,uniform,,,0.33,0.517843642,500,done,0625_0335,/sharedspace/models/Llama-3.2-3B-Instruct,/sharedspace/models/Llama-3.2-3B-Instruct,/home/xay/KVComm/snapshots/table8_pair2_llama32_same,/home/xay/KVComm/snapshots/table8_pair2_llama32_same/qasper/mtc_receiver/recv_w16_r0.5_0625_0335,/home/xay/KVComm/snapshots/table8_pair2_llama32_same/qasper/mtc_receiver/recv_w16_r0.5_0625_0335/log.log,/home/xay/KVComm/snapshots/table8_pair2_llama32_same/qasper/mtc_receiver/recv_w16_r0.5_0625_0335/per_sample.jsonl
table8,2,llama32_same,qasper,ReKV,mtc_receiver,recv_w16_r0.7_0625_0346,16,0.7,uniform,,,0.318,0.710722498,500,done,0625_0346,/sharedspace/models/Llama-3.2-3B-Instruct,/sharedspace/models/Llama-3.2-3B-Instruct,/home/xay/KVComm/snapshots/table8_pair2_llama32_same,/home/xay/KVComm/snapshots/table8_pair2_llama32_same/qasper/mtc_receiver/recv_w16_r0.7_0625_0346,/home/xay/KVComm/snapshots/table8_pair2_llama32_same/qasper/mtc_receiver/recv_w16_r0.7_0625_0346/log.log,/home/xay/KVComm/snapshots/table8_pair2_llama32_same/qasper/mtc_receiver/recv_w16_r0.7_0625_0346/per_sample.jsonl
table8,2,llama32_same,qasper,ReKV,mtc_receiver,recv_w8_r0.3_0625_0252,8,0.3,uniform,,,0.32,0.324998752,500,done,0625_0252,/sharedspace/models/Llama-3.2-3B-Instruct,/sharedspace/models/Llama-3.2-3B-Instruct,/home/xay/KVComm/snapshots/table8_pair2_llama32_same,/home/xay/KVComm/snapshots/table8_pair2_llama32_same/qasper/mtc_receiver/recv_w8_r0.3_0625_0252,/home/xay/KVComm/snapshots/table8_pair2_llama32_same/qasper/mtc_receiver/recv_w8_r0.3_0625_0252/log.log,/home/xay/KVComm/snapshots/table8_pair2_llama32_same/qasper/mtc_receiver/recv_w8_r0.3_0625_0252/per_sample.jsonl
table8,2,llama32_same,qasper,ReKV,mtc_receiver,recv_w8_r0.5_0625_0302,8,0.5,uniform,,,0.324,0.517843642,500,done,0625_0302,/sharedspace/models/Llama-3.2-3B-Instruct,/sharedspace/models/Llama-3.2-3B-Instruct,/home/xay/KVComm/snapshots/table8_pair2_llama32_same,/home/xay/KVComm/snapshots/table8_pair2_llama32_same/qasper/mtc_receiver/recv_w8_r0.5_0625_0302,/home/xay/KVComm/snapshots/table8_pair2_llama32_same/qasper/mtc_receiver/recv_w8_r0.5_0625_0302/log.log,/home/xay/KVComm/snapshots/table8_pair2_llama32_same/qasper/mtc_receiver/recv_w8_r0.5_0625_0302/per_sample.jsonl
table8,2,llama32_same,qasper,ReKV,mtc_receiver,recv_w8_r0.7_0625_0313,8,0.7,uniform,,,0.33,0.710722498,500,done,0625_0313,/sharedspace/models/Llama-3.2-3B-Instruct,/sharedspace/models/Llama-3.2-3B-Instruct,/home/xay/KVComm/snapshots/table8_pair2_llama32_same,/home/xay/KVComm/snapshots/table8_pair2_llama32_same/qasper/mtc_receiver/recv_w8_r0.7_0625_0313,/home/xay/KVComm/snapshots/table8_pair2_llama32_same/qasper/mtc_receiver/recv_w8_r0.7_0625_0313/log.log,/home/xay/KVComm/snapshots/table8_pair2_llama32_same/qasper/mtc_receiver/recv_w8_r0.7_0625_0313/per_sample.jsonl
table8,2,llama32_same,tipsheets,B-ReKV,coverage,cov_t0.95_s0.75_w8_0625_0028,8,,coverage,0.95,0.75,0.434,0.21734294399999998,500,done,0625_0028,/sharedspace/models/Llama-3.2-3B-Instruct,/sharedspace/models/Llama-3.2-3B-Instruct,/home/xay/KVComm/snapshots/table8_pair2_llama32_same,/home/xay/KVComm/snapshots/table8_pair2_llama32_same/tipsheets/coverage/cov_t0.95_s0.75_w8_0625_0028,/home/xay/KVComm/snapshots/table8_pair2_llama32_same/tipsheets/coverage/cov_t0.95_s0.75_w8_0625_0028/log.log,/home/xay/KVComm/snapshots/table8_pair2_llama32_same/tipsheets/coverage/cov_t0.95_s0.75_w8_0625_0028/per_sample.jsonl
table8,2,llama32_same,tipsheets,B-ReKV,coverage,cov_t0.95_s0.85_w8_0625_0031,8,,coverage,0.95,0.85,0.446,0.239712536,500,done,0625_0031,/sharedspace/models/Llama-3.2-3B-Instruct,/sharedspace/models/Llama-3.2-3B-Instruct,/home/xay/KVComm/snapshots/table8_pair2_llama32_same,/home/xay/KVComm/snapshots/table8_pair2_llama32_same/tipsheets/coverage/cov_t0.95_s0.85_w8_0625_0031,/home/xay/KVComm/snapshots/table8_pair2_llama32_same/tipsheets/coverage/cov_t0.95_s0.85_w8_0625_0031/log.log,/home/xay/KVComm/snapshots/table8_pair2_llama32_same/tipsheets/coverage/cov_t0.95_s0.85_w8_0625_0031/per_sample.jsonl
table8,2,llama32_same,tipsheets,B-ReKV,coverage,cov_t0.95_s0.90_w16_0625_0033,16,,coverage,0.95,0.9,0.552,0.295060738,500,done,0625_0033,/sharedspace/models/Llama-3.2-3B-Instruct,/sharedspace/models/Llama-3.2-3B-Instruct,/home/xay/KVComm/snapshots/table8_pair2_llama32_same,/home/xay/KVComm/snapshots/table8_pair2_llama32_same/tipsheets/coverage/cov_t0.95_s0.90_w16_0625_0033,/home/xay/KVComm/snapshots/table8_pair2_llama32_same/tipsheets/coverage/cov_t0.95_s0.90_w16_0625_0033/log.log,/home/xay/KVComm/snapshots/table8_pair2_llama32_same/tipsheets/coverage/cov_t0.95_s0.90_w16_0625_0033/per_sample.jsonl
table8,2,llama32_same,tipsheets,ReKV,mtc_receiver,recv_w16_r0.3_0625_0019,16,0.3,uniform,,,0.554,0.324983628,500,done,0625_0019,/sharedspace/models/Llama-3.2-3B-Instruct,/sharedspace/models/Llama-3.2-3B-Instruct,/home/xay/KVComm/snapshots/table8_pair2_llama32_same,/home/xay/KVComm/snapshots/table8_pair2_llama32_same/tipsheets/mtc_receiver/recv_w16_r0.3_0625_0019,/home/xay/KVComm/snapshots/table8_pair2_llama32_same/tipsheets/mtc_receiver/recv_w16_r0.3_0625_0019/log.log,/home/xay/KVComm/snapshots/table8_pair2_llama32_same/tipsheets/mtc_receiver/recv_w16_r0.3_0625_0019/per_sample.jsonl
table8,2,llama32_same,tipsheets,ReKV,mtc_receiver,recv_w16_r0.5_0625_0022,16,0.5,uniform,,,0.666,0.5178213819999999,500,done,0625_0022,/sharedspace/models/Llama-3.2-3B-Instruct,/sharedspace/models/Llama-3.2-3B-Instruct,/home/xay/KVComm/snapshots/table8_pair2_llama32_same,/home/xay/KVComm/snapshots/table8_pair2_llama32_same/tipsheets/mtc_receiver/recv_w16_r0.5_0625_0022,/home/xay/KVComm/snapshots/table8_pair2_llama32_same/tipsheets/mtc_receiver/recv_w16_r0.5_0625_0022/log.log,/home/xay/KVComm/snapshots/table8_pair2_llama32_same/tipsheets/mtc_receiver/recv_w16_r0.5_0625_0022/per_sample.jsonl
table8,2,llama32_same,tipsheets,ReKV,mtc_receiver,recv_w16_r0.7_0625_0024,16,0.7,uniform,,,0.792,0.7106483180000001,500,done,0625_0024,/sharedspace/models/Llama-3.2-3B-Instruct,/sharedspace/models/Llama-3.2-3B-Instruct,/home/xay/KVComm/snapshots/table8_pair2_llama32_same,/home/xay/KVComm/snapshots/table8_pair2_llama32_same/tipsheets/mtc_receiver/recv_w16_r0.7_0625_0024,/home/xay/KVComm/snapshots/table8_pair2_llama32_same/tipsheets/mtc_receiver/recv_w16_r0.7_0625_0024/log.log,/home/xay/KVComm/snapshots/table8_pair2_llama32_same/tipsheets/mtc_receiver/recv_w16_r0.7_0625_0024/per_sample.jsonl
table8,2,llama32_same,tipsheets,ReKV,mtc_receiver,recv_w8_r0.3_0625_0011,8,0.3,uniform,,,0.42,0.324983628,500,done,0625_0011,/sharedspace/models/Llama-3.2-3B-Instruct,/sharedspace/models/Llama-3.2-3B-Instruct,/home/xay/KVComm/snapshots/table8_pair2_llama32_same,/home/xay/KVComm/snapshots/table8_pair2_llama32_same/tipsheets/mtc_receiver/recv_w8_r0.3_0625_0011,/home/xay/KVComm/snapshots/table8_pair2_llama32_same/tipsheets/mtc_receiver/recv_w8_r0.3_0625_0011/log.log,/home/xay/KVComm/snapshots/table8_pair2_llama32_same/tipsheets/mtc_receiver/recv_w8_r0.3_0625_0011/per_sample.jsonl
table8,2,llama32_same,tipsheets,ReKV,mtc_receiver,recv_w8_r0.5_0625_0014,8,0.5,uniform,,,0.61,0.5178213819999999,500,done,0625_0014,/sharedspace/models/Llama-3.2-3B-Instruct,/sharedspace/models/Llama-3.2-3B-Instruct,/home/xay/KVComm/snapshots/table8_pair2_llama32_same,/home/xay/KVComm/snapshots/table8_pair2_llama32_same/tipsheets/mtc_receiver/recv_w8_r0.5_0625_0014,/home/xay/KVComm/snapshots/table8_pair2_llama32_same/tipsheets/mtc_receiver/recv_w8_r0.5_0625_0014/log.log,/home/xay/KVComm/snapshots/table8_pair2_llama32_same/tipsheets/mtc_receiver/recv_w8_r0.5_0625_0014/per_sample.jsonl
table8,2,llama32_same,tipsheets,ReKV,mtc_receiver,recv_w8_r0.7_0625_0016,8,0.7,uniform,,,0.782,0.7106483180000001,500,done,0625_0016,/sharedspace/models/Llama-3.2-3B-Instruct,/sharedspace/models/Llama-3.2-3B-Instruct,/home/xay/KVComm/snapshots/table8_pair2_llama32_same,/home/xay/KVComm/snapshots/table8_pair2_llama32_same/tipsheets/mtc_receiver/recv_w8_r0.7_0625_0016,/home/xay/KVComm/snapshots/table8_pair2_llama32_same/tipsheets/mtc_receiver/recv_w8_r0.7_0625_0016/log.log,/home/xay/KVComm/snapshots/table8_pair2_llama32_same/tipsheets/mtc_receiver/recv_w8_r0.7_0625_0016/per_sample.jsonl
table8,2,llama32_same,tmath,B-ReKV,coverage,cov_t0.95_s0.75_w8_0625_0946,8,,coverage,0.95,0.75,0.3403,0.23634219666666667,300,done,0625_0946,/sharedspace/models/Llama-3.2-3B-Instruct,/sharedspace/models/Llama-3.2-3B-Instruct,/home/xay/KVComm/snapshots/table8_pair2_llama32_same,/home/xay/KVComm/snapshots/table8_pair2_llama32_same/tmath/coverage/cov_t0.95_s0.75_w8_0625_0946,/home/xay/KVComm/snapshots/table8_pair2_llama32_same/tmath/coverage/cov_t0.95_s0.75_w8_0625_0946/log.log,/home/xay/KVComm/snapshots/table8_pair2_llama32_same/tmath/coverage/cov_t0.95_s0.75_w8_0625_0946/per_sample.jsonl
table8,2,llama32_same,tmath,B-ReKV,coverage,cov_t0.95_s0.85_w8_0625_1036,8,,coverage,0.95,0.85,0.3399,0.26215729666666665,300,done,0625_1036,/sharedspace/models/Llama-3.2-3B-Instruct,/sharedspace/models/Llama-3.2-3B-Instruct,/home/xay/KVComm/snapshots/table8_pair2_llama32_same,/home/xay/KVComm/snapshots/table8_pair2_llama32_same/tmath/coverage/cov_t0.95_s0.85_w8_0625_1036,/home/xay/KVComm/snapshots/table8_pair2_llama32_same/tmath/coverage/cov_t0.95_s0.85_w8_0625_1036/log.log,/home/xay/KVComm/snapshots/table8_pair2_llama32_same/tmath/coverage/cov_t0.95_s0.85_w8_0625_1036/per_sample.jsonl
table8,2,llama32_same,tmath,B-ReKV,coverage,cov_t0.95_s0.90_w16_0625_1128,16,,coverage,0.95,0.9,0.3447,0.28304633333333334,300,done,0625_1128,/sharedspace/models/Llama-3.2-3B-Instruct,/sharedspace/models/Llama-3.2-3B-Instruct,/home/xay/KVComm/snapshots/table8_pair2_llama32_same,/home/xay/KVComm/snapshots/table8_pair2_llama32_same/tmath/coverage/cov_t0.95_s0.90_w16_0625_1128,/home/xay/KVComm/snapshots/table8_pair2_llama32_same/tmath/coverage/cov_t0.95_s0.90_w16_0625_1128/log.log,/home/xay/KVComm/snapshots/table8_pair2_llama32_same/tmath/coverage/cov_t0.95_s0.90_w16_0625_1128/per_sample.jsonl
table8,2,llama32_same,tmath,ReKV,mtc_receiver,recv_w16_r0.3_0625_0705,16,0.3,uniform,,,0.3443,0.32502525,300,done,0625_0705,/sharedspace/models/Llama-3.2-3B-Instruct,/sharedspace/models/Llama-3.2-3B-Instruct,/home/xay/KVComm/snapshots/table8_pair2_llama32_same,/home/xay/KVComm/snapshots/table8_pair2_llama32_same/tmath/mtc_receiver/recv_w16_r0.3_0625_0705,/home/xay/KVComm/snapshots/table8_pair2_llama32_same/tmath/mtc_receiver/recv_w16_r0.3_0625_0705/log.log,/home/xay/KVComm/snapshots/table8_pair2_llama32_same/tmath/mtc_receiver/recv_w16_r0.3_0625_0705/per_sample.jsonl
table8,2,llama32_same,tmath,ReKV,mtc_receiver,recv_w16_r0.5_0625_0759,16,0.5,uniform,,,0.3456,0.5178736033333333,300,done,0625_0759,/sharedspace/models/Llama-3.2-3B-Instruct,/sharedspace/models/Llama-3.2-3B-Instruct,/home/xay/KVComm/snapshots/table8_pair2_llama32_same,/home/xay/KVComm/snapshots/table8_pair2_llama32_same/tmath/mtc_receiver/recv_w16_r0.5_0625_0759,/home/xay/KVComm/snapshots/table8_pair2_llama32_same/tmath/mtc_receiver/recv_w16_r0.5_0625_0759/log.log,/home/xay/KVComm/snapshots/table8_pair2_llama32_same/tmath/mtc_receiver/recv_w16_r0.5_0625_0759/per_sample.jsonl
table8,2,llama32_same,tmath,ReKV,mtc_receiver,recv_w16_r0.7_0625_0854,16,0.7,uniform,,,0.3534,0.7106738133333333,300,done,0625_0854,/sharedspace/models/Llama-3.2-3B-Instruct,/sharedspace/models/Llama-3.2-3B-Instruct,/home/xay/KVComm/snapshots/table8_pair2_llama32_same,/home/xay/KVComm/snapshots/table8_pair2_llama32_same/tmath/mtc_receiver/recv_w16_r0.7_0625_0854,/home/xay/KVComm/snapshots/table8_pair2_llama32_same/tmath/mtc_receiver/recv_w16_r0.7_0625_0854/log.log,/home/xay/KVComm/snapshots/table8_pair2_llama32_same/tmath/mtc_receiver/recv_w16_r0.7_0625_0854/per_sample.jsonl
table8,2,llama32_same,tmath,ReKV,mtc_receiver,recv_w8_r0.3_0625_0429,8,0.3,uniform,,,0.3414,0.32502525,300,done,0625_0429,/sharedspace/models/Llama-3.2-3B-Instruct,/sharedspace/models/Llama-3.2-3B-Instruct,/home/xay/KVComm/snapshots/table8_pair2_llama32_same,/home/xay/KVComm/snapshots/table8_pair2_llama32_same/tmath/mtc_receiver/recv_w8_r0.3_0625_0429,/home/xay/KVComm/snapshots/table8_pair2_llama32_same/tmath/mtc_receiver/recv_w8_r0.3_0625_0429/log.log,/home/xay/KVComm/snapshots/table8_pair2_llama32_same/tmath/mtc_receiver/recv_w8_r0.3_0625_0429/per_sample.jsonl
table8,2,llama32_same,tmath,ReKV,mtc_receiver,recv_w8_r0.5_0625_0520,8,0.5,uniform,,,0.35,0.5178736033333333,300,done,0625_0520,/sharedspace/models/Llama-3.2-3B-Instruct,/sharedspace/models/Llama-3.2-3B-Instruct,/home/xay/KVComm/snapshots/table8_pair2_llama32_same,/home/xay/KVComm/snapshots/table8_pair2_llama32_same/tmath/mtc_receiver/recv_w8_r0.5_0625_0520,/home/xay/KVComm/snapshots/table8_pair2_llama32_same/tmath/mtc_receiver/recv_w8_r0.5_0625_0520/log.log,/home/xay/KVComm/snapshots/table8_pair2_llama32_same/tmath/mtc_receiver/recv_w8_r0.5_0625_0520/per_sample.jsonl
table8,2,llama32_same,tmath,ReKV,mtc_receiver,recv_w8_r0.7_0625_0612,8,0.7,uniform,,,0.3527,0.7106738133333333,300,done,0625_0612,/sharedspace/models/Llama-3.2-3B-Instruct,/sharedspace/models/Llama-3.2-3B-Instruct,/home/xay/KVComm/snapshots/table8_pair2_llama32_same,/home/xay/KVComm/snapshots/table8_pair2_llama32_same/tmath/mtc_receiver/recv_w8_r0.7_0625_0612,/home/xay/KVComm/snapshots/table8_pair2_llama32_same/tmath/mtc_receiver/recv_w8_r0.7_0625_0612/log.log,/home/xay/KVComm/snapshots/table8_pair2_llama32_same/tmath/mtc_receiver/recv_w8_r0.7_0625_0612/per_sample.jsonl
table8,2,llama32_same,twowikimqa,B-ReKV,coverage,cov_t0.95_s0.75_w8_0625_0240,8,,coverage,0.95,0.75,0.38,0.22299486000000002,200,done,0625_0240,/sharedspace/models/Llama-3.2-3B-Instruct,/sharedspace/models/Llama-3.2-3B-Instruct,/home/xay/KVComm/snapshots/table8_pair2_llama32_same,/home/xay/KVComm/snapshots/table8_pair2_llama32_same/twowikimqa/coverage/cov_t0.95_s0.75_w8_0625_0240,/home/xay/KVComm/snapshots/table8_pair2_llama32_same/twowikimqa/coverage/cov_t0.95_s0.75_w8_0625_0240/log.log,/home/xay/KVComm/snapshots/table8_pair2_llama32_same/twowikimqa/coverage/cov_t0.95_s0.75_w8_0625_0240/per_sample.jsonl
table8,2,llama32_same,twowikimqa,B-ReKV,coverage,cov_t0.95_s0.85_w8_0625_0243,8,,coverage,0.95,0.85,0.38,0.24786063,200,done,0625_0243,/sharedspace/models/Llama-3.2-3B-Instruct,/sharedspace/models/Llama-3.2-3B-Instruct,/home/xay/KVComm/snapshots/table8_pair2_llama32_same,/home/xay/KVComm/snapshots/table8_pair2_llama32_same/twowikimqa/coverage/cov_t0.95_s0.85_w8_0625_0243,/home/xay/KVComm/snapshots/table8_pair2_llama32_same/twowikimqa/coverage/cov_t0.95_s0.85_w8_0625_0243/log.log,/home/xay/KVComm/snapshots/table8_pair2_llama32_same/twowikimqa/coverage/cov_t0.95_s0.85_w8_0625_0243/per_sample.jsonl
table8,2,llama32_same,twowikimqa,B-ReKV,coverage,cov_t0.95_s0.90_w16_0625_0248,16,,coverage,0.95,0.9,0.41,0.30175998,200,done,0625_0248,/sharedspace/models/Llama-3.2-3B-Instruct,/sharedspace/models/Llama-3.2-3B-Instruct,/home/xay/KVComm/snapshots/table8_pair2_llama32_same,/home/xay/KVComm/snapshots/table8_pair2_llama32_same/twowikimqa/coverage/cov_t0.95_s0.90_w16_0625_0248,/home/xay/KVComm/snapshots/table8_pair2_llama32_same/twowikimqa/coverage/cov_t0.95_s0.90_w16_0625_0248/log.log,/home/xay/KVComm/snapshots/table8_pair2_llama32_same/twowikimqa/coverage/cov_t0.95_s0.90_w16_0625_0248/per_sample.jsonl
table8,2,llama32_same,twowikimqa,ReKV,mtc_receiver,recv_w16_r0.3_0625_0228,16,0.3,uniform,,,0.395,0.32500169,200,done,0625_0228,/sharedspace/models/Llama-3.2-3B-Instruct,/sharedspace/models/Llama-3.2-3B-Instruct,/home/xay/KVComm/snapshots/table8_pair2_llama32_same,/home/xay/KVComm/snapshots/table8_pair2_llama32_same/twowikimqa/mtc_receiver/recv_w16_r0.3_0625_0228,/home/xay/KVComm/snapshots/table8_pair2_llama32_same/twowikimqa/mtc_receiver/recv_w16_r0.3_0625_0228/log.log,/home/xay/KVComm/snapshots/table8_pair2_llama32_same/twowikimqa/mtc_receiver/recv_w16_r0.3_0625_0228/per_sample.jsonl
table8,2,llama32_same,twowikimqa,ReKV,mtc_receiver,recv_w16_r0.5_0625_0232,16,0.5,uniform,,,0.415,0.517848225,200,done,0625_0232,/sharedspace/models/Llama-3.2-3B-Instruct,/sharedspace/models/Llama-3.2-3B-Instruct,/home/xay/KVComm/snapshots/table8_pair2_llama32_same,/home/xay/KVComm/snapshots/table8_pair2_llama32_same/twowikimqa/mtc_receiver/recv_w16_r0.5_0625_0232,/home/xay/KVComm/snapshots/table8_pair2_llama32_same/twowikimqa/mtc_receiver/recv_w16_r0.5_0625_0232/log.log,/home/xay/KVComm/snapshots/table8_pair2_llama32_same/twowikimqa/mtc_receiver/recv_w16_r0.5_0625_0232/per_sample.jsonl
table8,2,llama32_same,twowikimqa,ReKV,mtc_receiver,recv_w16_r0.7_0625_0236,16,0.7,uniform,,,0.415,0.710714595,200,done,0625_0236,/sharedspace/models/Llama-3.2-3B-Instruct,/sharedspace/models/Llama-3.2-3B-Instruct,/home/xay/KVComm/snapshots/table8_pair2_llama32_same,/home/xay/KVComm/snapshots/table8_pair2_llama32_same/twowikimqa/mtc_receiver/recv_w16_r0.7_0625_0236,/home/xay/KVComm/snapshots/table8_pair2_llama32_same/twowikimqa/mtc_receiver/recv_w16_r0.7_0625_0236/log.log,/home/xay/KVComm/snapshots/table8_pair2_llama32_same/twowikimqa/mtc_receiver/recv_w16_r0.7_0625_0236/per_sample.jsonl
table8,2,llama32_same,twowikimqa,ReKV,mtc_receiver,recv_w8_r0.3_0625_0216,8,0.3,uniform,,,0.395,0.32500169,200,done,0625_0216,/sharedspace/models/Llama-3.2-3B-Instruct,/sharedspace/models/Llama-3.2-3B-Instruct,/home/xay/KVComm/snapshots/table8_pair2_llama32_same,/home/xay/KVComm/snapshots/table8_pair2_llama32_same/twowikimqa/mtc_receiver/recv_w8_r0.3_0625_0216,/home/xay/KVComm/snapshots/table8_pair2_llama32_same/twowikimqa/mtc_receiver/recv_w8_r0.3_0625_0216/log.log,/home/xay/KVComm/snapshots/table8_pair2_llama32_same/twowikimqa/mtc_receiver/recv_w8_r0.3_0625_0216/per_sample.jsonl
table8,2,llama32_same,twowikimqa,ReKV,mtc_receiver,recv_w8_r0.5_0625_0220,8,0.5,uniform,,,0.415,0.517848225,200,done,0625_0220,/sharedspace/models/Llama-3.2-3B-Instruct,/sharedspace/models/Llama-3.2-3B-Instruct,/home/xay/KVComm/snapshots/table8_pair2_llama32_same,/home/xay/KVComm/snapshots/table8_pair2_llama32_same/twowikimqa/mtc_receiver/recv_w8_r0.5_0625_0220,/home/xay/KVComm/snapshots/table8_pair2_llama32_same/twowikimqa/mtc_receiver/recv_w8_r0.5_0625_0220/log.log,/home/xay/KVComm/snapshots/table8_pair2_llama32_same/twowikimqa/mtc_receiver/recv_w8_r0.5_0625_0220/per_sample.jsonl
table8,2,llama32_same,twowikimqa,ReKV,mtc_receiver,recv_w8_r0.7_0625_0224,8,0.7,uniform,,,0.415,0.710714595,200,done,0625_0224,/sharedspace/models/Llama-3.2-3B-Instruct,/sharedspace/models/Llama-3.2-3B-Instruct,/home/xay/KVComm/snapshots/table8_pair2_llama32_same,/home/xay/KVComm/snapshots/table8_pair2_llama32_same/twowikimqa/mtc_receiver/recv_w8_r0.7_0625_0224,/home/xay/KVComm/snapshots/table8_pair2_llama32_same/twowikimqa/mtc_receiver/recv_w8_r0.7_0625_0224/log.log,/home/xay/KVComm/snapshots/table8_pair2_llama32_same/twowikimqa/mtc_receiver/recv_w8_r0.7_0625_0224/per_sample.jsonl
table8,3,qwen25_7b_same,countries,B-ReKV,coverage,cov_t0.95_s0.75_w8_0625_0014,8,,coverage,0.95,0.75,0.27,0.34025971499999996,200,done,0625_0014,/sharedspace/models/Qwen2.5-7B-Instruct,/sharedspace/models/Qwen2.5-7B-Instruct,/home/xay/KVComm/snapshots/table8_pair3_qwen25_7b_same,/home/xay/KVComm/snapshots/table8_pair3_qwen25_7b_same/countries/coverage/cov_t0.95_s0.75_w8_0625_0014,/home/xay/KVComm/snapshots/table8_pair3_qwen25_7b_same/countries/coverage/cov_t0.95_s0.75_w8_0625_0014/log.log,/home/xay/KVComm/snapshots/table8_pair3_qwen25_7b_same/countries/coverage/cov_t0.95_s0.75_w8_0625_0014/per_sample.jsonl
table8,3,qwen25_7b_same,countries,B-ReKV,coverage,cov_t0.95_s0.85_w8_0625_0016,8,,coverage,0.95,0.85,0.26,0.37760039,200,done,0625_0016,/sharedspace/models/Qwen2.5-7B-Instruct,/sharedspace/models/Qwen2.5-7B-Instruct,/home/xay/KVComm/snapshots/table8_pair3_qwen25_7b_same,/home/xay/KVComm/snapshots/table8_pair3_qwen25_7b_same/countries/coverage/cov_t0.95_s0.85_w8_0625_0016,/home/xay/KVComm/snapshots/table8_pair3_qwen25_7b_same/countries/coverage/cov_t0.95_s0.85_w8_0625_0016/log.log,/home/xay/KVComm/snapshots/table8_pair3_qwen25_7b_same/countries/coverage/cov_t0.95_s0.85_w8_0625_0016/per_sample.jsonl
table8,3,qwen25_7b_same,countries,B-ReKV,coverage,cov_t0.95_s0.90_w16_0625_0017,16,,coverage,0.95,0.9,0.295,0.37873468000000005,200,done,0625_0017,/sharedspace/models/Qwen2.5-7B-Instruct,/sharedspace/models/Qwen2.5-7B-Instruct,/home/xay/KVComm/snapshots/table8_pair3_qwen25_7b_same,/home/xay/KVComm/snapshots/table8_pair3_qwen25_7b_same/countries/coverage/cov_t0.95_s0.90_w16_0625_0017,/home/xay/KVComm/snapshots/table8_pair3_qwen25_7b_same/countries/coverage/cov_t0.95_s0.90_w16_0625_0017/log.log,/home/xay/KVComm/snapshots/table8_pair3_qwen25_7b_same/countries/coverage/cov_t0.95_s0.90_w16_0625_0017/per_sample.jsonl
table8,3,qwen25_7b_same,countries,ReKV,mtc_receiver,recv_w16_r0.3_0625_0009,16,0.3,uniform,,,0.02,0.32487059,200,done,0625_0009,/sharedspace/models/Qwen2.5-7B-Instruct,/sharedspace/models/Qwen2.5-7B-Instruct,/home/xay/KVComm/snapshots/table8_pair3_qwen25_7b_same,/home/xay/KVComm/snapshots/table8_pair3_qwen25_7b_same/countries/mtc_receiver/recv_w16_r0.3_0625_0009,/home/xay/KVComm/snapshots/table8_pair3_qwen25_7b_same/countries/mtc_receiver/recv_w16_r0.3_0625_0009/log.log,/home/xay/KVComm/snapshots/table8_pair3_qwen25_7b_same/countries/mtc_receiver/recv_w16_r0.3_0625_0009/per_sample.jsonl
table8,3,qwen25_7b_same,countries,ReKV,mtc_receiver,recv_w16_r0.5_0625_0011,16,0.5,uniform,,,0.265,0.516752975,200,done,0625_0011,/sharedspace/models/Qwen2.5-7B-Instruct,/sharedspace/models/Qwen2.5-7B-Instruct,/home/xay/KVComm/snapshots/table8_pair3_qwen25_7b_same,/home/xay/KVComm/snapshots/table8_pair3_qwen25_7b_same/countries/mtc_receiver/recv_w16_r0.5_0625_0011,/home/xay/KVComm/snapshots/table8_pair3_qwen25_7b_same/countries/mtc_receiver/recv_w16_r0.5_0625_0011/log.log,/home/xay/KVComm/snapshots/table8_pair3_qwen25_7b_same/countries/mtc_receiver/recv_w16_r0.5_0625_0011/per_sample.jsonl
table8,3,qwen25_7b_same,countries,ReKV,mtc_receiver,recv_w16_r0.7_0625_0012,16,0.7,uniform,,,0.36,0.7115855550000001,200,done,0625_0012,/sharedspace/models/Qwen2.5-7B-Instruct,/sharedspace/models/Qwen2.5-7B-Instruct,/home/xay/KVComm/snapshots/table8_pair3_qwen25_7b_same,/home/xay/KVComm/snapshots/table8_pair3_qwen25_7b_same/countries/mtc_receiver/recv_w16_r0.7_0625_0012,/home/xay/KVComm/snapshots/table8_pair3_qwen25_7b_same/countries/mtc_receiver/recv_w16_r0.7_0625_0012/log.log,/home/xay/KVComm/snapshots/table8_pair3_qwen25_7b_same/countries/mtc_receiver/recv_w16_r0.7_0625_0012/per_sample.jsonl
table8,3,qwen25_7b_same,countries,ReKV,mtc_receiver,recv_w8_r0.3_0625_0001,8,0.3,uniform,,,0.025,0.32487059,200,done,0625_0001,/sharedspace/models/Qwen2.5-7B-Instruct,/sharedspace/models/Qwen2.5-7B-Instruct,/home/xay/KVComm/snapshots/table8_pair3_qwen25_7b_same,/home/xay/KVComm/snapshots/table8_pair3_qwen25_7b_same/countries/mtc_receiver/recv_w8_r0.3_0625_0001,/home/xay/KVComm/snapshots/table8_pair3_qwen25_7b_same/countries/mtc_receiver/recv_w8_r0.3_0625_0001/log.log,/home/xay/KVComm/snapshots/table8_pair3_qwen25_7b_same/countries/mtc_receiver/recv_w8_r0.3_0625_0001/per_sample.jsonl
table8,3,qwen25_7b_same,countries,ReKV,mtc_receiver,recv_w8_r0.5_0625_0006,8,0.5,uniform,,,0.21,0.516752975,200,done,0625_0006,/sharedspace/models/Qwen2.5-7B-Instruct,/sharedspace/models/Qwen2.5-7B-Instruct,/home/xay/KVComm/snapshots/table8_pair3_qwen25_7b_same,/home/xay/KVComm/snapshots/table8_pair3_qwen25_7b_same/countries/mtc_receiver/recv_w8_r0.5_0625_0006,/home/xay/KVComm/snapshots/table8_pair3_qwen25_7b_same/countries/mtc_receiver/recv_w8_r0.5_0625_0006/log.log,/home/xay/KVComm/snapshots/table8_pair3_qwen25_7b_same/countries/mtc_receiver/recv_w8_r0.5_0625_0006/per_sample.jsonl
table8,3,qwen25_7b_same,countries,ReKV,mtc_receiver,recv_w8_r0.7_0625_0007,8,0.7,uniform,,,0.36,0.7115855550000001,200,done,0625_0007,/sharedspace/models/Qwen2.5-7B-Instruct,/sharedspace/models/Qwen2.5-7B-Instruct,/home/xay/KVComm/snapshots/table8_pair3_qwen25_7b_same,/home/xay/KVComm/snapshots/table8_pair3_qwen25_7b_same/countries/mtc_receiver/recv_w8_r0.7_0625_0007,/home/xay/KVComm/snapshots/table8_pair3_qwen25_7b_same/countries/mtc_receiver/recv_w8_r0.7_0625_0007/log.log,/home/xay/KVComm/snapshots/table8_pair3_qwen25_7b_same/countries/mtc_receiver/recv_w8_r0.7_0625_0007/per_sample.jsonl
table8,3,qwen25_7b_same,hotpotqa,B-ReKV,coverage,cov_t0.95_s0.75_w8_0625_0116,8,,coverage,0.95,0.75,0.58,0.32159730200000003,500,done,0625_0116,/sharedspace/models/Qwen2.5-7B-Instruct,/sharedspace/models/Qwen2.5-7B-Instruct,/home/xay/KVComm/snapshots/table8_pair3_qwen25_7b_same,/home/xay/KVComm/snapshots/table8_pair3_qwen25_7b_same/hotpotqa/coverage/cov_t0.95_s0.75_w8_0625_0116,/home/xay/KVComm/snapshots/table8_pair3_qwen25_7b_same/hotpotqa/coverage/cov_t0.95_s0.75_w8_0625_0116/log.log,/home/xay/KVComm/snapshots/table8_pair3_qwen25_7b_same/hotpotqa/coverage/cov_t0.95_s0.75_w8_0625_0116/per_sample.jsonl
table8,3,qwen25_7b_same,hotpotqa,B-ReKV,coverage,cov_t0.95_s0.85_w8_0625_0122,8,,coverage,0.95,0.85,0.606,0.358694118,500,done,0625_0122,/sharedspace/models/Qwen2.5-7B-Instruct,/sharedspace/models/Qwen2.5-7B-Instruct,/home/xay/KVComm/snapshots/table8_pair3_qwen25_7b_same,/home/xay/KVComm/snapshots/table8_pair3_qwen25_7b_same/hotpotqa/coverage/cov_t0.95_s0.85_w8_0625_0122,/home/xay/KVComm/snapshots/table8_pair3_qwen25_7b_same/hotpotqa/coverage/cov_t0.95_s0.85_w8_0625_0122/log.log,/home/xay/KVComm/snapshots/table8_pair3_qwen25_7b_same/hotpotqa/coverage/cov_t0.95_s0.85_w8_0625_0122/per_sample.jsonl
table8,3,qwen25_7b_same,hotpotqa,B-ReKV,coverage,cov_t0.95_s0.90_w16_0625_0128,16,,coverage,0.95,0.9,0.666,0.42999823600000003,500,done,0625_0128,/sharedspace/models/Qwen2.5-7B-Instruct,/sharedspace/models/Qwen2.5-7B-Instruct,/home/xay/KVComm/snapshots/table8_pair3_qwen25_7b_same,/home/xay/KVComm/snapshots/table8_pair3_qwen25_7b_same/hotpotqa/coverage/cov_t0.95_s0.90_w16_0625_0128,/home/xay/KVComm/snapshots/table8_pair3_qwen25_7b_same/hotpotqa/coverage/cov_t0.95_s0.90_w16_0625_0128/log.log,/home/xay/KVComm/snapshots/table8_pair3_qwen25_7b_same/hotpotqa/coverage/cov_t0.95_s0.90_w16_0625_0128/per_sample.jsonl
table8,3,qwen25_7b_same,hotpotqa,ReKV,mtc_receiver,recv_w16_r0.3_0625_0101,16,0.3,uniform,,,0.602,0.32497538000000004,500,done,0625_0101,/sharedspace/models/Qwen2.5-7B-Instruct,/sharedspace/models/Qwen2.5-7B-Instruct,/home/xay/KVComm/snapshots/table8_pair3_qwen25_7b_same,/home/xay/KVComm/snapshots/table8_pair3_qwen25_7b_same/hotpotqa/mtc_receiver/recv_w16_r0.3_0625_0101,/home/xay/KVComm/snapshots/table8_pair3_qwen25_7b_same/hotpotqa/mtc_receiver/recv_w16_r0.3_0625_0101/log.log,/home/xay/KVComm/snapshots/table8_pair3_qwen25_7b_same/hotpotqa/mtc_receiver/recv_w16_r0.3_0625_0101/per_sample.jsonl
table8,3,qwen25_7b_same,hotpotqa,ReKV,mtc_receiver,recv_w16_r0.5_0625_0107,16,0.5,uniform,,,0.658,0.517895998,500,done,0625_0107,/sharedspace/models/Qwen2.5-7B-Instruct,/sharedspace/models/Qwen2.5-7B-Instruct,/home/xay/KVComm/snapshots/table8_pair3_qwen25_7b_same,/home/xay/KVComm/snapshots/table8_pair3_qwen25_7b_same/hotpotqa/mtc_receiver/recv_w16_r0.5_0625_0107,/home/xay/KVComm/snapshots/table8_pair3_qwen25_7b_same/hotpotqa/mtc_receiver/recv_w16_r0.5_0625_0107/log.log,/home/xay/KVComm/snapshots/table8_pair3_qwen25_7b_same/hotpotqa/mtc_receiver/recv_w16_r0.5_0625_0107/per_sample.jsonl
table8,3,qwen25_7b_same,hotpotqa,ReKV,mtc_receiver,recv_w16_r0.7_0625_0112,16,0.7,uniform,,,0.668,0.710735482,500,done,0625_0112,/sharedspace/models/Qwen2.5-7B-Instruct,/sharedspace/models/Qwen2.5-7B-Instruct,/home/xay/KVComm/snapshots/table8_pair3_qwen25_7b_same,/home/xay/KVComm/snapshots/table8_pair3_qwen25_7b_same/hotpotqa/mtc_receiver/recv_w16_r0.7_0625_0112,/home/xay/KVComm/snapshots/table8_pair3_qwen25_7b_same/hotpotqa/mtc_receiver/recv_w16_r0.7_0625_0112/log.log,/home/xay/KVComm/snapshots/table8_pair3_qwen25_7b_same/hotpotqa/mtc_receiver/recv_w16_r0.7_0625_0112/per_sample.jsonl
table8,3,qwen25_7b_same,hotpotqa,ReKV,mtc_receiver,recv_w8_r0.3_0625_0045,8,0.3,uniform,,,0.532,0.32497538000000004,500,done,0625_0045,/sharedspace/models/Qwen2.5-7B-Instruct,/sharedspace/models/Qwen2.5-7B-Instruct,/home/xay/KVComm/snapshots/table8_pair3_qwen25_7b_same,/home/xay/KVComm/snapshots/table8_pair3_qwen25_7b_same/hotpotqa/mtc_receiver/recv_w8_r0.3_0625_0045,/home/xay/KVComm/snapshots/table8_pair3_qwen25_7b_same/hotpotqa/mtc_receiver/recv_w8_r0.3_0625_0045/log.log,/home/xay/KVComm/snapshots/table8_pair3_qwen25_7b_same/hotpotqa/mtc_receiver/recv_w8_r0.3_0625_0045/per_sample.jsonl
table8,3,qwen25_7b_same,hotpotqa,ReKV,mtc_receiver,recv_w8_r0.5_0625_0051,8,0.5,uniform,,,0.634,0.517895998,500,done,0625_0051,/sharedspace/models/Qwen2.5-7B-Instruct,/sharedspace/models/Qwen2.5-7B-Instruct,/home/xay/KVComm/snapshots/table8_pair3_qwen25_7b_same,/home/xay/KVComm/snapshots/table8_pair3_qwen25_7b_same/hotpotqa/mtc_receiver/recv_w8_r0.5_0625_0051,/home/xay/KVComm/snapshots/table8_pair3_qwen25_7b_same/hotpotqa/mtc_receiver/recv_w8_r0.5_0625_0051/log.log,/home/xay/KVComm/snapshots/table8_pair3_qwen25_7b_same/hotpotqa/mtc_receiver/recv_w8_r0.5_0625_0051/per_sample.jsonl
table8,3,qwen25_7b_same,hotpotqa,ReKV,mtc_receiver,recv_w8_r0.7_0625_0056,8,0.7,uniform,,,0.698,0.710735482,500,done,0625_0056,/sharedspace/models/Qwen2.5-7B-Instruct,/sharedspace/models/Qwen2.5-7B-Instruct,/home/xay/KVComm/snapshots/table8_pair3_qwen25_7b_same,/home/xay/KVComm/snapshots/table8_pair3_qwen25_7b_same/hotpotqa/mtc_receiver/recv_w8_r0.7_0625_0056,/home/xay/KVComm/snapshots/table8_pair3_qwen25_7b_same/hotpotqa/mtc_receiver/recv_w8_r0.7_0625_0056/log.log,/home/xay/KVComm/snapshots/table8_pair3_qwen25_7b_same/hotpotqa/mtc_receiver/recv_w8_r0.7_0625_0056/per_sample.jsonl
table8,3,qwen25_7b_same,multifieldqa_en,B-ReKV,coverage,cov_t0.95_s0.75_w8_0625_0324,8,,coverage,0.95,0.75,0.44,0.20334130666666667,150,done,0625_0324,/sharedspace/models/Qwen2.5-7B-Instruct,/sharedspace/models/Qwen2.5-7B-Instruct,/home/xay/KVComm/snapshots/table8_pair3_qwen25_7b_same,/home/xay/KVComm/snapshots/table8_pair3_qwen25_7b_same/multifieldqa_en/coverage/cov_t0.95_s0.75_w8_0625_0324,/home/xay/KVComm/snapshots/table8_pair3_qwen25_7b_same/multifieldqa_en/coverage/cov_t0.95_s0.75_w8_0625_0324/log.log,/home/xay/KVComm/snapshots/table8_pair3_qwen25_7b_same/multifieldqa_en/coverage/cov_t0.95_s0.75_w8_0625_0324/per_sample.jsonl
table8,3,qwen25_7b_same,multifieldqa_en,B-ReKV,coverage,cov_t0.95_s0.85_w8_0625_0330,8,,coverage,0.95,0.85,0.46,0.22529252,150,done,0625_0330,/sharedspace/models/Qwen2.5-7B-Instruct,/sharedspace/models/Qwen2.5-7B-Instruct,/home/xay/KVComm/snapshots/table8_pair3_qwen25_7b_same,/home/xay/KVComm/snapshots/table8_pair3_qwen25_7b_same/multifieldqa_en/coverage/cov_t0.95_s0.85_w8_0625_0330,/home/xay/KVComm/snapshots/table8_pair3_qwen25_7b_same/multifieldqa_en/coverage/cov_t0.95_s0.85_w8_0625_0330/log.log,/home/xay/KVComm/snapshots/table8_pair3_qwen25_7b_same/multifieldqa_en/coverage/cov_t0.95_s0.85_w8_0625_0330/per_sample.jsonl
table8,3,qwen25_7b_same,multifieldqa_en,B-ReKV,coverage,cov_t0.95_s0.90_w16_0625_0337,16,,coverage,0.95,0.9,0.4733,0.30735534666666664,150,done,0625_0337,/sharedspace/models/Qwen2.5-7B-Instruct,/sharedspace/models/Qwen2.5-7B-Instruct,/home/xay/KVComm/snapshots/table8_pair3_qwen25_7b_same,/home/xay/KVComm/snapshots/table8_pair3_qwen25_7b_same/multifieldqa_en/coverage/cov_t0.95_s0.90_w16_0625_0337,/home/xay/KVComm/snapshots/table8_pair3_qwen25_7b_same/multifieldqa_en/coverage/cov_t0.95_s0.90_w16_0625_0337/log.log,/home/xay/KVComm/snapshots/table8_pair3_qwen25_7b_same/multifieldqa_en/coverage/cov_t0.95_s0.90_w16_0625_0337/per_sample.jsonl
table8,3,qwen25_7b_same,multifieldqa_en,ReKV,mtc_receiver,recv_w16_r0.3_0625_0303,16,0.3,uniform,,,0.48,0.32500122666666664,150,done,0625_0303,/sharedspace/models/Qwen2.5-7B-Instruct,/sharedspace/models/Qwen2.5-7B-Instruct,/home/xay/KVComm/snapshots/table8_pair3_qwen25_7b_same,/home/xay/KVComm/snapshots/table8_pair3_qwen25_7b_same/multifieldqa_en/mtc_receiver/recv_w16_r0.3_0625_0303,/home/xay/KVComm/snapshots/table8_pair3_qwen25_7b_same/multifieldqa_en/mtc_receiver/recv_w16_r0.3_0625_0303/log.log,/home/xay/KVComm/snapshots/table8_pair3_qwen25_7b_same/multifieldqa_en/mtc_receiver/recv_w16_r0.3_0625_0303/per_sample.jsonl
table8,3,qwen25_7b_same,multifieldqa_en,ReKV,mtc_receiver,recv_w16_r0.5_0625_0310,16,0.5,uniform,,,0.46,0.51786798,150,done,0625_0310,/sharedspace/models/Qwen2.5-7B-Instruct,/sharedspace/models/Qwen2.5-7B-Instruct,/home/xay/KVComm/snapshots/table8_pair3_qwen25_7b_same,/home/xay/KVComm/snapshots/table8_pair3_qwen25_7b_same/multifieldqa_en/mtc_receiver/recv_w16_r0.5_0625_0310,/home/xay/KVComm/snapshots/table8_pair3_qwen25_7b_same/multifieldqa_en/mtc_receiver/recv_w16_r0.5_0625_0310/log.log,/home/xay/KVComm/snapshots/table8_pair3_qwen25_7b_same/multifieldqa_en/mtc_receiver/recv_w16_r0.5_0625_0310/per_sample.jsonl
table8,3,qwen25_7b_same,multifieldqa_en,ReKV,mtc_receiver,recv_w16_r0.7_0625_0317,16,0.7,uniform,,,0.4867,0.7107060000000001,150,done,0625_0317,/sharedspace/models/Qwen2.5-7B-Instruct,/sharedspace/models/Qwen2.5-7B-Instruct,/home/xay/KVComm/snapshots/table8_pair3_qwen25_7b_same,/home/xay/KVComm/snapshots/table8_pair3_qwen25_7b_same/multifieldqa_en/mtc_receiver/recv_w16_r0.7_0625_0317,/home/xay/KVComm/snapshots/table8_pair3_qwen25_7b_same/multifieldqa_en/mtc_receiver/recv_w16_r0.7_0625_0317/log.log,/home/xay/KVComm/snapshots/table8_pair3_qwen25_7b_same/multifieldqa_en/mtc_receiver/recv_w16_r0.7_0625_0317/per_sample.jsonl
table8,3,qwen25_7b_same,multifieldqa_en,ReKV,mtc_receiver,recv_w8_r0.3_0625_0241,8,0.3,uniform,,,0.46,0.32500122666666664,150,done,0625_0241,/sharedspace/models/Qwen2.5-7B-Instruct,/sharedspace/models/Qwen2.5-7B-Instruct,/home/xay/KVComm/snapshots/table8_pair3_qwen25_7b_same,/home/xay/KVComm/snapshots/table8_pair3_qwen25_7b_same/multifieldqa_en/mtc_receiver/recv_w8_r0.3_0625_0241,/home/xay/KVComm/snapshots/table8_pair3_qwen25_7b_same/multifieldqa_en/mtc_receiver/recv_w8_r0.3_0625_0241/log.log,/home/xay/KVComm/snapshots/table8_pair3_qwen25_7b_same/multifieldqa_en/mtc_receiver/recv_w8_r0.3_0625_0241/per_sample.jsonl
table8,3,qwen25_7b_same,multifieldqa_en,ReKV,mtc_receiver,recv_w8_r0.5_0625_0250,8,0.5,uniform,,,0.4933,0.51786798,150,done,0625_0250,/sharedspace/models/Qwen2.5-7B-Instruct,/sharedspace/models/Qwen2.5-7B-Instruct,/home/xay/KVComm/snapshots/table8_pair3_qwen25_7b_same,/home/xay/KVComm/snapshots/table8_pair3_qwen25_7b_same/multifieldqa_en/mtc_receiver/recv_w8_r0.5_0625_0250,/home/xay/KVComm/snapshots/table8_pair3_qwen25_7b_same/multifieldqa_en/mtc_receiver/recv_w8_r0.5_0625_0250/log.log,/home/xay/KVComm/snapshots/table8_pair3_qwen25_7b_same/multifieldqa_en/mtc_receiver/recv_w8_r0.5_0625_0250/per_sample.jsonl
table8,3,qwen25_7b_same,multifieldqa_en,ReKV,mtc_receiver,recv_w8_r0.7_0625_0256,8,0.7,uniform,,,0.4867,0.7107060000000001,150,done,0625_0256,/sharedspace/models/Qwen2.5-7B-Instruct,/sharedspace/models/Qwen2.5-7B-Instruct,/home/xay/KVComm/snapshots/table8_pair3_qwen25_7b_same,/home/xay/KVComm/snapshots/table8_pair3_qwen25_7b_same/multifieldqa_en/mtc_receiver/recv_w8_r0.7_0625_0256,/home/xay/KVComm/snapshots/table8_pair3_qwen25_7b_same/multifieldqa_en/mtc_receiver/recv_w8_r0.7_0625_0256/log.log,/home/xay/KVComm/snapshots/table8_pair3_qwen25_7b_same/multifieldqa_en/mtc_receiver/recv_w8_r0.7_0625_0256/per_sample.jsonl
table8,3,qwen25_7b_same,musique,B-ReKV,coverage,cov_t0.95_s0.75_w8_0625_0218,8,,coverage,0.95,0.75,0.354,0.28660717199999997,500,done,0625_0218,/sharedspace/models/Qwen2.5-7B-Instruct,/sharedspace/models/Qwen2.5-7B-Instruct,/home/xay/KVComm/snapshots/table8_pair3_qwen25_7b_same,/home/xay/KVComm/snapshots/table8_pair3_qwen25_7b_same/musique/coverage/cov_t0.95_s0.75_w8_0625_0218,/home/xay/KVComm/snapshots/table8_pair3_qwen25_7b_same/musique/coverage/cov_t0.95_s0.75_w8_0625_0218/log.log,/home/xay/KVComm/snapshots/table8_pair3_qwen25_7b_same/musique/coverage/cov_t0.95_s0.75_w8_0625_0218/per_sample.jsonl
table8,3,qwen25_7b_same,musique,B-ReKV,coverage,cov_t0.95_s0.85_w8_0625_0225,8,,coverage,0.95,0.85,0.356,0.31940179,500,done,0625_0225,/sharedspace/models/Qwen2.5-7B-Instruct,/sharedspace/models/Qwen2.5-7B-Instruct,/home/xay/KVComm/snapshots/table8_pair3_qwen25_7b_same,/home/xay/KVComm/snapshots/table8_pair3_qwen25_7b_same/musique/coverage/cov_t0.95_s0.85_w8_0625_0225,/home/xay/KVComm/snapshots/table8_pair3_qwen25_7b_same/musique/coverage/cov_t0.95_s0.85_w8_0625_0225/log.log,/home/xay/KVComm/snapshots/table8_pair3_qwen25_7b_same/musique/coverage/cov_t0.95_s0.85_w8_0625_0225/per_sample.jsonl
table8,3,qwen25_7b_same,musique,B-ReKV,coverage,cov_t0.95_s0.90_w16_0625_0234,16,,coverage,0.95,0.9,0.41,0.410849274,500,done,0625_0234,/sharedspace/models/Qwen2.5-7B-Instruct,/sharedspace/models/Qwen2.5-7B-Instruct,/home/xay/KVComm/snapshots/table8_pair3_qwen25_7b_same,/home/xay/KVComm/snapshots/table8_pair3_qwen25_7b_same/musique/coverage/cov_t0.95_s0.90_w16_0625_0234,/home/xay/KVComm/snapshots/table8_pair3_qwen25_7b_same/musique/coverage/cov_t0.95_s0.90_w16_0625_0234/log.log,/home/xay/KVComm/snapshots/table8_pair3_qwen25_7b_same/musique/coverage/cov_t0.95_s0.90_w16_0625_0234/per_sample.jsonl
table8,3,qwen25_7b_same,musique,ReKV,mtc_receiver,recv_w16_r0.3_0625_0157,16,0.3,uniform,,,0.37,0.324936894,500,done,0625_0157,/sharedspace/models/Qwen2.5-7B-Instruct,/sharedspace/models/Qwen2.5-7B-Instruct,/home/xay/KVComm/snapshots/table8_pair3_qwen25_7b_same,/home/xay/KVComm/snapshots/table8_pair3_qwen25_7b_same/musique/mtc_receiver/recv_w16_r0.3_0625_0157,/home/xay/KVComm/snapshots/table8_pair3_qwen25_7b_same/musique/mtc_receiver/recv_w16_r0.3_0625_0157/log.log,/home/xay/KVComm/snapshots/table8_pair3_qwen25_7b_same/musique/mtc_receiver/recv_w16_r0.3_0625_0157/per_sample.jsonl
table8,3,qwen25_7b_same,musique,ReKV,mtc_receiver,recv_w16_r0.5_0625_0206,16,0.5,uniform,,,0.454,0.51782897,500,done,0625_0206,/sharedspace/models/Qwen2.5-7B-Instruct,/sharedspace/models/Qwen2.5-7B-Instruct,/home/xay/KVComm/snapshots/table8_pair3_qwen25_7b_same,/home/xay/KVComm/snapshots/table8_pair3_qwen25_7b_same/musique/mtc_receiver/recv_w16_r0.5_0625_0206,/home/xay/KVComm/snapshots/table8_pair3_qwen25_7b_same/musique/mtc_receiver/recv_w16_r0.5_0625_0206/log.log,/home/xay/KVComm/snapshots/table8_pair3_qwen25_7b_same/musique/mtc_receiver/recv_w16_r0.5_0625_0206/per_sample.jsonl
table8,3,qwen25_7b_same,musique,ReKV,mtc_receiver,recv_w16_r0.7_0625_0212,16,0.7,uniform,,,0.446,0.7107727119999999,500,done,0625_0212,/sharedspace/models/Qwen2.5-7B-Instruct,/sharedspace/models/Qwen2.5-7B-Instruct,/home/xay/KVComm/snapshots/table8_pair3_qwen25_7b_same,/home/xay/KVComm/snapshots/table8_pair3_qwen25_7b_same/musique/mtc_receiver/recv_w16_r0.7_0625_0212,/home/xay/KVComm/snapshots/table8_pair3_qwen25_7b_same/musique/mtc_receiver/recv_w16_r0.7_0625_0212/log.log,/home/xay/KVComm/snapshots/table8_pair3_qwen25_7b_same/musique/mtc_receiver/recv_w16_r0.7_0625_0212/per_sample.jsonl
table8,3,qwen25_7b_same,musique,ReKV,mtc_receiver,recv_w8_r0.3_0625_0134,8,0.3,uniform,,,0.34,0.324936894,500,done,0625_0134,/sharedspace/models/Qwen2.5-7B-Instruct,/sharedspace/models/Qwen2.5-7B-Instruct,/home/xay/KVComm/snapshots/table8_pair3_qwen25_7b_same,/home/xay/KVComm/snapshots/table8_pair3_qwen25_7b_same/musique/mtc_receiver/recv_w8_r0.3_0625_0134,/home/xay/KVComm/snapshots/table8_pair3_qwen25_7b_same/musique/mtc_receiver/recv_w8_r0.3_0625_0134/log.log,/home/xay/KVComm/snapshots/table8_pair3_qwen25_7b_same/musique/mtc_receiver/recv_w8_r0.3_0625_0134/per_sample.jsonl
table8,3,qwen25_7b_same,musique,ReKV,mtc_receiver,recv_w8_r0.5_0625_0141,8,0.5,uniform,,,0.434,0.51782897,500,done,0625_0141,/sharedspace/models/Qwen2.5-7B-Instruct,/sharedspace/models/Qwen2.5-7B-Instruct,/home/xay/KVComm/snapshots/table8_pair3_qwen25_7b_same,/home/xay/KVComm/snapshots/table8_pair3_qwen25_7b_same/musique/mtc_receiver/recv_w8_r0.5_0625_0141,/home/xay/KVComm/snapshots/table8_pair3_qwen25_7b_same/musique/mtc_receiver/recv_w8_r0.5_0625_0141/log.log,/home/xay/KVComm/snapshots/table8_pair3_qwen25_7b_same/musique/mtc_receiver/recv_w8_r0.5_0625_0141/per_sample.jsonl
table8,3,qwen25_7b_same,musique,ReKV,mtc_receiver,recv_w8_r0.7_0625_0150,8,0.7,uniform,,,0.458,0.7107727119999999,500,done,0625_0150,/sharedspace/models/Qwen2.5-7B-Instruct,/sharedspace/models/Qwen2.5-7B-Instruct,/home/xay/KVComm/snapshots/table8_pair3_qwen25_7b_same,/home/xay/KVComm/snapshots/table8_pair3_qwen25_7b_same/musique/mtc_receiver/recv_w8_r0.7_0625_0150,/home/xay/KVComm/snapshots/table8_pair3_qwen25_7b_same/musique/mtc_receiver/recv_w8_r0.7_0625_0150/log.log,/home/xay/KVComm/snapshots/table8_pair3_qwen25_7b_same/musique/mtc_receiver/recv_w8_r0.7_0625_0150/per_sample.jsonl
table8,3,qwen25_7b_same,qasper,B-ReKV,coverage,cov_t0.95_s0.75_w8_0625_0640,8,,coverage,0.95,0.75,0.296,0.24921827600000002,500,done,0625_0640,/sharedspace/models/Qwen2.5-7B-Instruct,/sharedspace/models/Qwen2.5-7B-Instruct,/home/xay/KVComm/snapshots/table8_pair3_qwen25_7b_same,/home/xay/KVComm/snapshots/table8_pair3_qwen25_7b_same/qasper/coverage/cov_t0.95_s0.75_w8_0625_0640,/home/xay/KVComm/snapshots/table8_pair3_qwen25_7b_same/qasper/coverage/cov_t0.95_s0.75_w8_0625_0640/log.log,/home/xay/KVComm/snapshots/table8_pair3_qwen25_7b_same/qasper/coverage/cov_t0.95_s0.75_w8_0625_0640/per_sample.jsonl
table8,3,qwen25_7b_same,qasper,B-ReKV,coverage,cov_t0.95_s0.85_w8_0625_0659,8,,coverage,0.95,0.85,0.296,0.277651808,500,done,0625_0659,/sharedspace/models/Qwen2.5-7B-Instruct,/sharedspace/models/Qwen2.5-7B-Instruct,/home/xay/KVComm/snapshots/table8_pair3_qwen25_7b_same,/home/xay/KVComm/snapshots/table8_pair3_qwen25_7b_same/qasper/coverage/cov_t0.95_s0.85_w8_0625_0659,/home/xay/KVComm/snapshots/table8_pair3_qwen25_7b_same/qasper/coverage/cov_t0.95_s0.85_w8_0625_0659/log.log,/home/xay/KVComm/snapshots/table8_pair3_qwen25_7b_same/qasper/coverage/cov_t0.95_s0.85_w8_0625_0659/per_sample.jsonl
table8,3,qwen25_7b_same,qasper,B-ReKV,coverage,cov_t0.95_s0.90_w16_0625_0718,16,,coverage,0.95,0.9,0.312,0.34896774199999997,500,done,0625_0718,/sharedspace/models/Qwen2.5-7B-Instruct,/sharedspace/models/Qwen2.5-7B-Instruct,/home/xay/KVComm/snapshots/table8_pair3_qwen25_7b_same,/home/xay/KVComm/snapshots/table8_pair3_qwen25_7b_same/qasper/coverage/cov_t0.95_s0.90_w16_0625_0718,/home/xay/KVComm/snapshots/table8_pair3_qwen25_7b_same/qasper/coverage/cov_t0.95_s0.90_w16_0625_0718/log.log,/home/xay/KVComm/snapshots/table8_pair3_qwen25_7b_same/qasper/coverage/cov_t0.95_s0.90_w16_0625_0718/per_sample.jsonl
table8,3,qwen25_7b_same,qasper,ReKV,mtc_receiver,recv_w16_r0.3_0625_0541,16,0.3,uniform,,,0.338,0.32499756,500,done,0625_0541,/sharedspace/models/Qwen2.5-7B-Instruct,/sharedspace/models/Qwen2.5-7B-Instruct,/home/xay/KVComm/snapshots/table8_pair3_qwen25_7b_same,/home/xay/KVComm/snapshots/table8_pair3_qwen25_7b_same/qasper/mtc_receiver/recv_w16_r0.3_0625_0541,/home/xay/KVComm/snapshots/table8_pair3_qwen25_7b_same/qasper/mtc_receiver/recv_w16_r0.3_0625_0541/log.log,/home/xay/KVComm/snapshots/table8_pair3_qwen25_7b_same/qasper/mtc_receiver/recv_w16_r0.3_0625_0541/per_sample.jsonl
table8,3,qwen25_7b_same,qasper,ReKV,mtc_receiver,recv_w16_r0.5_0625_0601,16,0.5,uniform,,,0.34,0.517865804,500,done,0625_0601,/sharedspace/models/Qwen2.5-7B-Instruct,/sharedspace/models/Qwen2.5-7B-Instruct,/home/xay/KVComm/snapshots/table8_pair3_qwen25_7b_same,/home/xay/KVComm/snapshots/table8_pair3_qwen25_7b_same/qasper/mtc_receiver/recv_w16_r0.5_0625_0601,/home/xay/KVComm/snapshots/table8_pair3_qwen25_7b_same/qasper/mtc_receiver/recv_w16_r0.5_0625_0601/log.log,/home/xay/KVComm/snapshots/table8_pair3_qwen25_7b_same/qasper/mtc_receiver/recv_w16_r0.5_0625_0601/per_sample.jsonl
table8,3,qwen25_7b_same,qasper,ReKV,mtc_receiver,recv_w16_r0.7_0625_0620,16,0.7,uniform,,,0.34,0.710712166,500,done,0625_0620,/sharedspace/models/Qwen2.5-7B-Instruct,/sharedspace/models/Qwen2.5-7B-Instruct,/home/xay/KVComm/snapshots/table8_pair3_qwen25_7b_same,/home/xay/KVComm/snapshots/table8_pair3_qwen25_7b_same/qasper/mtc_receiver/recv_w16_r0.7_0625_0620,/home/xay/KVComm/snapshots/table8_pair3_qwen25_7b_same/qasper/mtc_receiver/recv_w16_r0.7_0625_0620/log.log,/home/xay/KVComm/snapshots/table8_pair3_qwen25_7b_same/qasper/mtc_receiver/recv_w16_r0.7_0625_0620/per_sample.jsonl
table8,3,qwen25_7b_same,qasper,ReKV,mtc_receiver,recv_w8_r0.3_0625_0443,8,0.3,uniform,,,0.332,0.32499756,500,done,0625_0443,/sharedspace/models/Qwen2.5-7B-Instruct,/sharedspace/models/Qwen2.5-7B-Instruct,/home/xay/KVComm/snapshots/table8_pair3_qwen25_7b_same,/home/xay/KVComm/snapshots/table8_pair3_qwen25_7b_same/qasper/mtc_receiver/recv_w8_r0.3_0625_0443,/home/xay/KVComm/snapshots/table8_pair3_qwen25_7b_same/qasper/mtc_receiver/recv_w8_r0.3_0625_0443/log.log,/home/xay/KVComm/snapshots/table8_pair3_qwen25_7b_same/qasper/mtc_receiver/recv_w8_r0.3_0625_0443/per_sample.jsonl
table8,3,qwen25_7b_same,qasper,ReKV,mtc_receiver,recv_w8_r0.5_0625_0502,8,0.5,uniform,,,0.34,0.517865804,500,done,0625_0502,/sharedspace/models/Qwen2.5-7B-Instruct,/sharedspace/models/Qwen2.5-7B-Instruct,/home/xay/KVComm/snapshots/table8_pair3_qwen25_7b_same,/home/xay/KVComm/snapshots/table8_pair3_qwen25_7b_same/qasper/mtc_receiver/recv_w8_r0.5_0625_0502,/home/xay/KVComm/snapshots/table8_pair3_qwen25_7b_same/qasper/mtc_receiver/recv_w8_r0.5_0625_0502/log.log,/home/xay/KVComm/snapshots/table8_pair3_qwen25_7b_same/qasper/mtc_receiver/recv_w8_r0.5_0625_0502/per_sample.jsonl
table8,3,qwen25_7b_same,qasper,ReKV,mtc_receiver,recv_w8_r0.7_0625_0522,8,0.7,uniform,,,0.342,0.710712166,500,done,0625_0522,/sharedspace/models/Qwen2.5-7B-Instruct,/sharedspace/models/Qwen2.5-7B-Instruct,/home/xay/KVComm/snapshots/table8_pair3_qwen25_7b_same,/home/xay/KVComm/snapshots/table8_pair3_qwen25_7b_same/qasper/mtc_receiver/recv_w8_r0.7_0625_0522,/home/xay/KVComm/snapshots/table8_pair3_qwen25_7b_same/qasper/mtc_receiver/recv_w8_r0.7_0625_0522/log.log,/home/xay/KVComm/snapshots/table8_pair3_qwen25_7b_same/qasper/mtc_receiver/recv_w8_r0.7_0625_0522/per_sample.jsonl
table8,3,qwen25_7b_same,tipsheets,B-ReKV,coverage,cov_t0.95_s0.75_w8_0625_0036,8,,coverage,0.95,0.75,0.848,0.27547513199999996,500,done,0625_0036,/sharedspace/models/Qwen2.5-7B-Instruct,/sharedspace/models/Qwen2.5-7B-Instruct,/home/xay/KVComm/snapshots/table8_pair3_qwen25_7b_same,/home/xay/KVComm/snapshots/table8_pair3_qwen25_7b_same/tipsheets/coverage/cov_t0.95_s0.75_w8_0625_0036,/home/xay/KVComm/snapshots/table8_pair3_qwen25_7b_same/tipsheets/coverage/cov_t0.95_s0.75_w8_0625_0036/log.log,/home/xay/KVComm/snapshots/table8_pair3_qwen25_7b_same/tipsheets/coverage/cov_t0.95_s0.75_w8_0625_0036/per_sample.jsonl
table8,3,qwen25_7b_same,tipsheets,B-ReKV,coverage,cov_t0.95_s0.85_w8_0625_0039,8,,coverage,0.95,0.85,0.872,0.305455686,500,done,0625_0039,/sharedspace/models/Qwen2.5-7B-Instruct,/sharedspace/models/Qwen2.5-7B-Instruct,/home/xay/KVComm/snapshots/table8_pair3_qwen25_7b_same,/home/xay/KVComm/snapshots/table8_pair3_qwen25_7b_same/tipsheets/coverage/cov_t0.95_s0.85_w8_0625_0039,/home/xay/KVComm/snapshots/table8_pair3_qwen25_7b_same/tipsheets/coverage/cov_t0.95_s0.85_w8_0625_0039/log.log,/home/xay/KVComm/snapshots/table8_pair3_qwen25_7b_same/tipsheets/coverage/cov_t0.95_s0.85_w8_0625_0039/per_sample.jsonl
table8,3,qwen25_7b_same,tipsheets,B-ReKV,coverage,cov_t0.95_s0.90_w16_0625_0043,16,,coverage,0.95,0.9,0.866,0.337167258,500,done,0625_0043,/sharedspace/models/Qwen2.5-7B-Instruct,/sharedspace/models/Qwen2.5-7B-Instruct,/home/xay/KVComm/snapshots/table8_pair3_qwen25_7b_same,/home/xay/KVComm/snapshots/table8_pair3_qwen25_7b_same/tipsheets/coverage/cov_t0.95_s0.90_w16_0625_0043,/home/xay/KVComm/snapshots/table8_pair3_qwen25_7b_same/tipsheets/coverage/cov_t0.95_s0.90_w16_0625_0043/log.log,/home/xay/KVComm/snapshots/table8_pair3_qwen25_7b_same/tipsheets/coverage/cov_t0.95_s0.90_w16_0625_0043/per_sample.jsonl
table8,3,qwen25_7b_same,tipsheets,ReKV,mtc_receiver,recv_w16_r0.3_0625_0027,16,0.3,uniform,,,0.916,0.324858998,500,done,0625_0027,/sharedspace/models/Qwen2.5-7B-Instruct,/sharedspace/models/Qwen2.5-7B-Instruct,/home/xay/KVComm/snapshots/table8_pair3_qwen25_7b_same,/home/xay/KVComm/snapshots/table8_pair3_qwen25_7b_same/tipsheets/mtc_receiver/recv_w16_r0.3_0625_0027,/home/xay/KVComm/snapshots/table8_pair3_qwen25_7b_same/tipsheets/mtc_receiver/recv_w16_r0.3_0625_0027/log.log,/home/xay/KVComm/snapshots/table8_pair3_qwen25_7b_same/tipsheets/mtc_receiver/recv_w16_r0.3_0625_0027/per_sample.jsonl
table8,3,qwen25_7b_same,tipsheets,ReKV,mtc_receiver,recv_w16_r0.5_0625_0030,16,0.5,uniform,,,0.932,0.518005278,500,done,0625_0030,/sharedspace/models/Qwen2.5-7B-Instruct,/sharedspace/models/Qwen2.5-7B-Instruct,/home/xay/KVComm/snapshots/table8_pair3_qwen25_7b_same,/home/xay/KVComm/snapshots/table8_pair3_qwen25_7b_same/tipsheets/mtc_receiver/recv_w16_r0.5_0625_0030,/home/xay/KVComm/snapshots/table8_pair3_qwen25_7b_same/tipsheets/mtc_receiver/recv_w16_r0.5_0625_0030/log.log,/home/xay/KVComm/snapshots/table8_pair3_qwen25_7b_same/tipsheets/mtc_receiver/recv_w16_r0.5_0625_0030/per_sample.jsonl
table8,3,qwen25_7b_same,tipsheets,ReKV,mtc_receiver,recv_w16_r0.7_0625_0033,16,0.7,uniform,,,0.94,0.71074351,500,done,0625_0033,/sharedspace/models/Qwen2.5-7B-Instruct,/sharedspace/models/Qwen2.5-7B-Instruct,/home/xay/KVComm/snapshots/table8_pair3_qwen25_7b_same,/home/xay/KVComm/snapshots/table8_pair3_qwen25_7b_same/tipsheets/mtc_receiver/recv_w16_r0.7_0625_0033,/home/xay/KVComm/snapshots/table8_pair3_qwen25_7b_same/tipsheets/mtc_receiver/recv_w16_r0.7_0625_0033/log.log,/home/xay/KVComm/snapshots/table8_pair3_qwen25_7b_same/tipsheets/mtc_receiver/recv_w16_r0.7_0625_0033/per_sample.jsonl
table8,3,qwen25_7b_same,tipsheets,ReKV,mtc_receiver,recv_w8_r0.3_0625_0019,8,0.3,uniform,,,0.89,0.324858998,500,done,0625_0019,/sharedspace/models/Qwen2.5-7B-Instruct,/sharedspace/models/Qwen2.5-7B-Instruct,/home/xay/KVComm/snapshots/table8_pair3_qwen25_7b_same,/home/xay/KVComm/snapshots/table8_pair3_qwen25_7b_same/tipsheets/mtc_receiver/recv_w8_r0.3_0625_0019,/home/xay/KVComm/snapshots/table8_pair3_qwen25_7b_same/tipsheets/mtc_receiver/recv_w8_r0.3_0625_0019/log.log,/home/xay/KVComm/snapshots/table8_pair3_qwen25_7b_same/tipsheets/mtc_receiver/recv_w8_r0.3_0625_0019/per_sample.jsonl
table8,3,qwen25_7b_same,tipsheets,ReKV,mtc_receiver,recv_w8_r0.5_0625_0022,8,0.5,uniform,,,0.912,0.518005278,500,done,0625_0022,/sharedspace/models/Qwen2.5-7B-Instruct,/sharedspace/models/Qwen2.5-7B-Instruct,/home/xay/KVComm/snapshots/table8_pair3_qwen25_7b_same,/home/xay/KVComm/snapshots/table8_pair3_qwen25_7b_same/tipsheets/mtc_receiver/recv_w8_r0.5_0625_0022,/home/xay/KVComm/snapshots/table8_pair3_qwen25_7b_same/tipsheets/mtc_receiver/recv_w8_r0.5_0625_0022/log.log,/home/xay/KVComm/snapshots/table8_pair3_qwen25_7b_same/tipsheets/mtc_receiver/recv_w8_r0.5_0625_0022/per_sample.jsonl
table8,3,qwen25_7b_same,tipsheets,ReKV,mtc_receiver,recv_w8_r0.7_0625_0024,8,0.7,uniform,,,0.948,0.71074351,500,done,0625_0024,/sharedspace/models/Qwen2.5-7B-Instruct,/sharedspace/models/Qwen2.5-7B-Instruct,/home/xay/KVComm/snapshots/table8_pair3_qwen25_7b_same,/home/xay/KVComm/snapshots/table8_pair3_qwen25_7b_same/tipsheets/mtc_receiver/recv_w8_r0.7_0625_0024,/home/xay/KVComm/snapshots/table8_pair3_qwen25_7b_same/tipsheets/mtc_receiver/recv_w8_r0.7_0625_0024/log.log,/home/xay/KVComm/snapshots/table8_pair3_qwen25_7b_same/tipsheets/mtc_receiver/recv_w8_r0.7_0625_0024/per_sample.jsonl
table8,3,qwen25_7b_same,tmath,B-ReKV,coverage,cov_t0.95_s0.75_w8_0625_1308,8,,coverage,0.95,0.75,0.3117,0.29912499666666664,300,done,0625_1308,/sharedspace/models/Qwen2.5-7B-Instruct,/sharedspace/models/Qwen2.5-7B-Instruct,/home/xay/KVComm/snapshots/table8_pair3_qwen25_7b_same,/home/xay/KVComm/snapshots/table8_pair3_qwen25_7b_same/tmath/coverage/cov_t0.95_s0.75_w8_0625_1308,/home/xay/KVComm/snapshots/table8_pair3_qwen25_7b_same/tmath/coverage/cov_t0.95_s0.75_w8_0625_1308/log.log,/home/xay/KVComm/snapshots/table8_pair3_qwen25_7b_same/tmath/coverage/cov_t0.95_s0.75_w8_0625_1308/per_sample.jsonl
table8,3,qwen25_7b_same,tmath,B-ReKV,coverage,cov_t0.95_s0.85_w8_0625_1403,8,,coverage,0.95,0.85,0.318,0.33306584333333333,300,done,0625_1403,/sharedspace/models/Qwen2.5-7B-Instruct,/sharedspace/models/Qwen2.5-7B-Instruct,/home/xay/KVComm/snapshots/table8_pair3_qwen25_7b_same,/home/xay/KVComm/snapshots/table8_pair3_qwen25_7b_same/tmath/coverage/cov_t0.95_s0.85_w8_0625_1403,/home/xay/KVComm/snapshots/table8_pair3_qwen25_7b_same/tmath/coverage/cov_t0.95_s0.85_w8_0625_1403/log.log,/home/xay/KVComm/snapshots/table8_pair3_qwen25_7b_same/tmath/coverage/cov_t0.95_s0.85_w8_0625_1403/per_sample.jsonl
table8,3,qwen25_7b_same,tmath,B-ReKV,coverage,cov_t0.95_s0.90_w16_0625_1458,16,,coverage,0.95,0.9,0.3111,0.36957023666666666,300,done,0625_1458,/sharedspace/models/Qwen2.5-7B-Instruct,/sharedspace/models/Qwen2.5-7B-Instruct,/home/xay/KVComm/snapshots/table8_pair3_qwen25_7b_same,/home/xay/KVComm/snapshots/table8_pair3_qwen25_7b_same/tmath/coverage/cov_t0.95_s0.90_w16_0625_1458,/home/xay/KVComm/snapshots/table8_pair3_qwen25_7b_same/tmath/coverage/cov_t0.95_s0.90_w16_0625_1458/log.log,/home/xay/KVComm/snapshots/table8_pair3_qwen25_7b_same/tmath/coverage/cov_t0.95_s0.90_w16_0625_1458/per_sample.jsonl
table8,3,qwen25_7b_same,tmath,ReKV,mtc_receiver,recv_w16_r0.3_0625_1025,16,0.3,uniform,,,0.3099,0.32493297,300,done,0625_1025,/sharedspace/models/Qwen2.5-7B-Instruct,/sharedspace/models/Qwen2.5-7B-Instruct,/home/xay/KVComm/snapshots/table8_pair3_qwen25_7b_same,/home/xay/KVComm/snapshots/table8_pair3_qwen25_7b_same/tmath/mtc_receiver/recv_w16_r0.3_0625_1025,/home/xay/KVComm/snapshots/table8_pair3_qwen25_7b_same/tmath/mtc_receiver/recv_w16_r0.3_0625_1025/log.log,/home/xay/KVComm/snapshots/table8_pair3_qwen25_7b_same/tmath/mtc_receiver/recv_w16_r0.3_0625_1025/per_sample.jsonl
table8,3,qwen25_7b_same,tmath,ReKV,mtc_receiver,recv_w16_r0.5_0625_1120,16,0.5,uniform,,,0.3164,0.51794604,300,done,0625_1120,/sharedspace/models/Qwen2.5-7B-Instruct,/sharedspace/models/Qwen2.5-7B-Instruct,/home/xay/KVComm/snapshots/table8_pair3_qwen25_7b_same,/home/xay/KVComm/snapshots/table8_pair3_qwen25_7b_same/tmath/mtc_receiver/recv_w16_r0.5_0625_1120,/home/xay/KVComm/snapshots/table8_pair3_qwen25_7b_same/tmath/mtc_receiver/recv_w16_r0.5_0625_1120/log.log,/home/xay/KVComm/snapshots/table8_pair3_qwen25_7b_same/tmath/mtc_receiver/recv_w16_r0.5_0625_1120/per_sample.jsonl
table8,3,qwen25_7b_same,tmath,ReKV,mtc_receiver,recv_w16_r0.7_0625_1214,16,0.7,uniform,,,0.3162,0.7107159200000001,300,done,0625_1214,/sharedspace/models/Qwen2.5-7B-Instruct,/sharedspace/models/Qwen2.5-7B-Instruct,/home/xay/KVComm/snapshots/table8_pair3_qwen25_7b_same,/home/xay/KVComm/snapshots/table8_pair3_qwen25_7b_same/tmath/mtc_receiver/recv_w16_r0.7_0625_1214,/home/xay/KVComm/snapshots/table8_pair3_qwen25_7b_same/tmath/mtc_receiver/recv_w16_r0.7_0625_1214/log.log,/home/xay/KVComm/snapshots/table8_pair3_qwen25_7b_same/tmath/mtc_receiver/recv_w16_r0.7_0625_1214/per_sample.jsonl
table8,3,qwen25_7b_same,tmath,ReKV,mtc_receiver,recv_w8_r0.3_0625_0738,8,0.3,uniform,,,0.3112,0.32493297,300,done,0625_0738,/sharedspace/models/Qwen2.5-7B-Instruct,/sharedspace/models/Qwen2.5-7B-Instruct,/home/xay/KVComm/snapshots/table8_pair3_qwen25_7b_same,/home/xay/KVComm/snapshots/table8_pair3_qwen25_7b_same/tmath/mtc_receiver/recv_w8_r0.3_0625_0738,/home/xay/KVComm/snapshots/table8_pair3_qwen25_7b_same/tmath/mtc_receiver/recv_w8_r0.3_0625_0738/log.log,/home/xay/KVComm/snapshots/table8_pair3_qwen25_7b_same/tmath/mtc_receiver/recv_w8_r0.3_0625_0738/per_sample.jsonl
table8,3,qwen25_7b_same,tmath,ReKV,mtc_receiver,recv_w8_r0.5_0625_0836,8,0.5,uniform,,,0.3111,0.51794604,300,done,0625_0836,/sharedspace/models/Qwen2.5-7B-Instruct,/sharedspace/models/Qwen2.5-7B-Instruct,/home/xay/KVComm/snapshots/table8_pair3_qwen25_7b_same,/home/xay/KVComm/snapshots/table8_pair3_qwen25_7b_same/tmath/mtc_receiver/recv_w8_r0.5_0625_0836,/home/xay/KVComm/snapshots/table8_pair3_qwen25_7b_same/tmath/mtc_receiver/recv_w8_r0.5_0625_0836/log.log,/home/xay/KVComm/snapshots/table8_pair3_qwen25_7b_same/tmath/mtc_receiver/recv_w8_r0.5_0625_0836/per_sample.jsonl
table8,3,qwen25_7b_same,tmath,ReKV,mtc_receiver,recv_w8_r0.7_0625_0933,8,0.7,uniform,,,0.3172,0.7107159200000001,300,done,0625_0933,/sharedspace/models/Qwen2.5-7B-Instruct,/sharedspace/models/Qwen2.5-7B-Instruct,/home/xay/KVComm/snapshots/table8_pair3_qwen25_7b_same,/home/xay/KVComm/snapshots/table8_pair3_qwen25_7b_same/tmath/mtc_receiver/recv_w8_r0.7_0625_0933,/home/xay/KVComm/snapshots/table8_pair3_qwen25_7b_same/tmath/mtc_receiver/recv_w8_r0.7_0625_0933/log.log,/home/xay/KVComm/snapshots/table8_pair3_qwen25_7b_same/tmath/mtc_receiver/recv_w8_r0.7_0625_0933/per_sample.jsonl
table8,3,qwen25_7b_same,twowikimqa,B-ReKV,coverage,cov_t0.95_s0.75_w8_0625_0423,8,,coverage,0.95,0.75,0.42,0.18474681499999998,200,done,0625_0423,/sharedspace/models/Qwen2.5-7B-Instruct,/sharedspace/models/Qwen2.5-7B-Instruct,/home/xay/KVComm/snapshots/table8_pair3_qwen25_7b_same,/home/xay/KVComm/snapshots/table8_pair3_qwen25_7b_same/twowikimqa/coverage/cov_t0.95_s0.75_w8_0625_0423,/home/xay/KVComm/snapshots/table8_pair3_qwen25_7b_same/twowikimqa/coverage/cov_t0.95_s0.75_w8_0625_0423/log.log,/home/xay/KVComm/snapshots/table8_pair3_qwen25_7b_same/twowikimqa/coverage/cov_t0.95_s0.75_w8_0625_0423/per_sample.jsonl
table8,3,qwen25_7b_same,twowikimqa,B-ReKV,coverage,cov_t0.95_s0.85_w8_0625_0430,8,,coverage,0.95,0.85,0.395,0.20381401,200,done,0625_0430,/sharedspace/models/Qwen2.5-7B-Instruct,/sharedspace/models/Qwen2.5-7B-Instruct,/home/xay/KVComm/snapshots/table8_pair3_qwen25_7b_same,/home/xay/KVComm/snapshots/table8_pair3_qwen25_7b_same/twowikimqa/coverage/cov_t0.95_s0.85_w8_0625_0430,/home/xay/KVComm/snapshots/table8_pair3_qwen25_7b_same/twowikimqa/coverage/cov_t0.95_s0.85_w8_0625_0430/log.log,/home/xay/KVComm/snapshots/table8_pair3_qwen25_7b_same/twowikimqa/coverage/cov_t0.95_s0.85_w8_0625_0430/per_sample.jsonl
table8,3,qwen25_7b_same,twowikimqa,B-ReKV,coverage,cov_t0.95_s0.90_w16_0625_0436,16,,coverage,0.95,0.9,0.44,0.27769787,200,done,0625_0436,/sharedspace/models/Qwen2.5-7B-Instruct,/sharedspace/models/Qwen2.5-7B-Instruct,/home/xay/KVComm/snapshots/table8_pair3_qwen25_7b_same,/home/xay/KVComm/snapshots/table8_pair3_qwen25_7b_same/twowikimqa/coverage/cov_t0.95_s0.90_w16_0625_0436,/home/xay/KVComm/snapshots/table8_pair3_qwen25_7b_same/twowikimqa/coverage/cov_t0.95_s0.90_w16_0625_0436/log.log,/home/xay/KVComm/snapshots/table8_pair3_qwen25_7b_same/twowikimqa/coverage/cov_t0.95_s0.90_w16_0625_0436/per_sample.jsonl
table8,3,qwen25_7b_same,twowikimqa,ReKV,mtc_receiver,recv_w16_r0.3_0625_0403,16,0.3,uniform,,,0.435,0.32500169,200,done,0625_0403,/sharedspace/models/Qwen2.5-7B-Instruct,/sharedspace/models/Qwen2.5-7B-Instruct,/home/xay/KVComm/snapshots/table8_pair3_qwen25_7b_same,/home/xay/KVComm/snapshots/table8_pair3_qwen25_7b_same/twowikimqa/mtc_receiver/recv_w16_r0.3_0625_0403,/home/xay/KVComm/snapshots/table8_pair3_qwen25_7b_same/twowikimqa/mtc_receiver/recv_w16_r0.3_0625_0403/log.log,/home/xay/KVComm/snapshots/table8_pair3_qwen25_7b_same/twowikimqa/mtc_receiver/recv_w16_r0.3_0625_0403/per_sample.jsonl
table8,3,qwen25_7b_same,twowikimqa,ReKV,mtc_receiver,recv_w16_r0.5_0625_0410,16,0.5,uniform,,,0.465,0.51785811,200,done,0625_0410,/sharedspace/models/Qwen2.5-7B-Instruct,/sharedspace/models/Qwen2.5-7B-Instruct,/home/xay/KVComm/snapshots/table8_pair3_qwen25_7b_same,/home/xay/KVComm/snapshots/table8_pair3_qwen25_7b_same/twowikimqa/mtc_receiver/recv_w16_r0.5_0625_0410,/home/xay/KVComm/snapshots/table8_pair3_qwen25_7b_same/twowikimqa/mtc_receiver/recv_w16_r0.5_0625_0410/log.log,/home/xay/KVComm/snapshots/table8_pair3_qwen25_7b_same/twowikimqa/mtc_receiver/recv_w16_r0.5_0625_0410/per_sample.jsonl
table8,3,qwen25_7b_same,twowikimqa,ReKV,mtc_receiver,recv_w16_r0.7_0625_0416,16,0.7,uniform,,,0.46,0.710712895,200,done,0625_0416,/sharedspace/models/Qwen2.5-7B-Instruct,/sharedspace/models/Qwen2.5-7B-Instruct,/home/xay/KVComm/snapshots/table8_pair3_qwen25_7b_same,/home/xay/KVComm/snapshots/table8_pair3_qwen25_7b_same/twowikimqa/mtc_receiver/recv_w16_r0.7_0625_0416,/home/xay/KVComm/snapshots/table8_pair3_qwen25_7b_same/twowikimqa/mtc_receiver/recv_w16_r0.7_0625_0416/log.log,/home/xay/KVComm/snapshots/table8_pair3_qwen25_7b_same/twowikimqa/mtc_receiver/recv_w16_r0.7_0625_0416/per_sample.jsonl
table8,3,qwen25_7b_same,twowikimqa,ReKV,mtc_receiver,recv_w8_r0.3_0625_0344,8,0.3,uniform,,,0.44,0.32500169,200,done,0625_0344,/sharedspace/models/Qwen2.5-7B-Instruct,/sharedspace/models/Qwen2.5-7B-Instruct,/home/xay/KVComm/snapshots/table8_pair3_qwen25_7b_same,/home/xay/KVComm/snapshots/table8_pair3_qwen25_7b_same/twowikimqa/mtc_receiver/recv_w8_r0.3_0625_0344,/home/xay/KVComm/snapshots/table8_pair3_qwen25_7b_same/twowikimqa/mtc_receiver/recv_w8_r0.3_0625_0344/log.log,/home/xay/KVComm/snapshots/table8_pair3_qwen25_7b_same/twowikimqa/mtc_receiver/recv_w8_r0.3_0625_0344/per_sample.jsonl
table8,3,qwen25_7b_same,twowikimqa,ReKV,mtc_receiver,recv_w8_r0.5_0625_0350,8,0.5,uniform,,,0.445,0.51785811,200,done,0625_0350,/sharedspace/models/Qwen2.5-7B-Instruct,/sharedspace/models/Qwen2.5-7B-Instruct,/home/xay/KVComm/snapshots/table8_pair3_qwen25_7b_same,/home/xay/KVComm/snapshots/table8_pair3_qwen25_7b_same/twowikimqa/mtc_receiver/recv_w8_r0.5_0625_0350,/home/xay/KVComm/snapshots/table8_pair3_qwen25_7b_same/twowikimqa/mtc_receiver/recv_w8_r0.5_0625_0350/log.log,/home/xay/KVComm/snapshots/table8_pair3_qwen25_7b_same/twowikimqa/mtc_receiver/recv_w8_r0.5_0625_0350/per_sample.jsonl
table8,3,qwen25_7b_same,twowikimqa,ReKV,mtc_receiver,recv_w8_r0.7_0625_0356,8,0.7,uniform,,,0.45,0.710712895,200,done,0625_0356,/sharedspace/models/Qwen2.5-7B-Instruct,/sharedspace/models/Qwen2.5-7B-Instruct,/home/xay/KVComm/snapshots/table8_pair3_qwen25_7b_same,/home/xay/KVComm/snapshots/table8_pair3_qwen25_7b_same/twowikimqa/mtc_receiver/recv_w8_r0.7_0625_0356,/home/xay/KVComm/snapshots/table8_pair3_qwen25_7b_same/twowikimqa/mtc_receiver/recv_w8_r0.7_0625_0356/log.log,/home/xay/KVComm/snapshots/table8_pair3_qwen25_7b_same/twowikimqa/mtc_receiver/recv_w8_r0.7_0625_0356/per_sample.jsonl
table8,1,llama31_same,tipsheets,budget-layer,budget,layer_r0.2_0619_0210,16,0.2,layer,,,0.86,0.22497252599999998,500,done,0619_0210,/sharedspace/models/Llama-3.1-8B-Instruct,/sharedspace/models/Llama-3.1-8B-Instruct,/home/xay/KVComm/snapshots/tipsheets,/home/xay/KVComm/snapshots/tipsheets/budget/layer_r0.2_0619_0210,/home/xay/KVComm/snapshots/tipsheets/budget/layer_r0.2_0619_0210/log.log,/home/xay/KVComm/snapshots/tipsheets/budget/layer_r0.2_0619_0210/per_sample.jsonl
table8,1,llama31_same,tipsheets,budget-layer,budget,layer_r0.3_0619_0218,16,0.3,layer,,,0.878,0.321885386,500,done,0619_0218,/sharedspace/models/Llama-3.1-8B-Instruct,/sharedspace/models/Llama-3.1-8B-Instruct,/home/xay/KVComm/snapshots/tipsheets,/home/xay/KVComm/snapshots/tipsheets/budget/layer_r0.3_0619_0218,/home/xay/KVComm/snapshots/tipsheets/budget/layer_r0.3_0619_0218/log.log,/home/xay/KVComm/snapshots/tipsheets/budget/layer_r0.3_0619_0218/per_sample.jsonl
table8,1,llama31_same,tipsheets,budget-layer,budget,layer_r0.5_0619_0226,16,0.5,layer,,,0.884,0.51561349,500,done,0619_0226,/sharedspace/models/Llama-3.1-8B-Instruct,/sharedspace/models/Llama-3.1-8B-Instruct,/home/xay/KVComm/snapshots/tipsheets,/home/xay/KVComm/snapshots/tipsheets/budget/layer_r0.5_0619_0226,/home/xay/KVComm/snapshots/tipsheets/budget/layer_r0.5_0619_0226/log.log,/home/xay/KVComm/snapshots/tipsheets/budget/layer_r0.5_0619_0226/per_sample.jsonl
table8,1,llama31_same,tipsheets,budget-query,budget,query_0.05_0.3_0619_0229,16,0.2,query,,,0.718,0.161949374,500,done,0619_0229,/sharedspace/models/Llama-3.1-8B-Instruct,/sharedspace/models/Llama-3.1-8B-Instruct,/home/xay/KVComm/snapshots/tipsheets,/home/xay/KVComm/snapshots/tipsheets/budget/query_0.05_0.3_0619_0229,/home/xay/KVComm/snapshots/tipsheets/budget/query_0.05_0.3_0619_0229/log.log,/home/xay/KVComm/snapshots/tipsheets/budget/query_0.05_0.3_0619_0229/per_sample.jsonl
table8,1,llama31_same,tipsheets,budget-query,budget,query_0.15_0.7_0619_0243,16,0.2,query,,,0.892,0.357548114,500,done,0619_0243,/sharedspace/models/Llama-3.1-8B-Instruct,/sharedspace/models/Llama-3.1-8B-Instruct,/home/xay/KVComm/snapshots/tipsheets,/home/xay/KVComm/snapshots/tipsheets/budget/query_0.15_0.7_0619_0243,/home/xay/KVComm/snapshots/tipsheets/budget/query_0.15_0.7_0619_0243/log.log,/home/xay/KVComm/snapshots/tipsheets/budget/query_0.15_0.7_0619_0243/per_sample.jsonl
table8,1,llama31_same,tipsheets,budget-query,budget,query_0.1_0.5_0619_0237,16,0.2,query,,,0.88,0.259701978,500,done,0619_0237,/sharedspace/models/Llama-3.1-8B-Instruct,/sharedspace/models/Llama-3.1-8B-Instruct,/home/xay/KVComm/snapshots/tipsheets,/home/xay/KVComm/snapshots/tipsheets/budget/query_0.1_0.5_0619_0237,/home/xay/KVComm/snapshots/tipsheets/budget/query_0.1_0.5_0619_0237/log.log,/home/xay/KVComm/snapshots/tipsheets/budget/query_0.1_0.5_0619_0237/per_sample.jsonl
table8,1,llama31_same,tipsheets,budget-query+layer,budget,querylayer_0.05_0.3_0619_0234,16,0.2,query+layer,,,0.68,0.162098072,500,done,0619_0234,/sharedspace/models/Llama-3.1-8B-Instruct,/sharedspace/models/Llama-3.1-8B-Instruct,/home/xay/KVComm/snapshots/tipsheets,/home/xay/KVComm/snapshots/tipsheets/budget/querylayer_0.05_0.3_0619_0234,/home/xay/KVComm/snapshots/tipsheets/budget/querylayer_0.05_0.3_0619_0234/log.log,/home/xay/KVComm/snapshots/tipsheets/budget/querylayer_0.05_0.3_0619_0234/per_sample.jsonl
table8,1,llama31_same,tipsheets,budget-query+layer,budget,querylayer_0.15_0.7_0619_0246,16,0.2,query+layer,,,0.886,0.35754104999999997,500,done,0619_0246,/sharedspace/models/Llama-3.1-8B-Instruct,/sharedspace/models/Llama-3.1-8B-Instruct,/home/xay/KVComm/snapshots/tipsheets,/home/xay/KVComm/snapshots/tipsheets/budget/querylayer_0.15_0.7_0619_0246,/home/xay/KVComm/snapshots/tipsheets/budget/querylayer_0.15_0.7_0619_0246/log.log,/home/xay/KVComm/snapshots/tipsheets/budget/querylayer_0.15_0.7_0619_0246/per_sample.jsonl
table8,1,llama31_same,tipsheets,budget-query+layer,budget,querylayer_0.1_0.5_0619_0240,16,0.2,query+layer,,,0.88,0.259733942,500,done,0619_0240,/sharedspace/models/Llama-3.1-8B-Instruct,/sharedspace/models/Llama-3.1-8B-Instruct,/home/xay/KVComm/snapshots/tipsheets,/home/xay/KVComm/snapshots/tipsheets/budget/querylayer_0.1_0.5_0619_0240,/home/xay/KVComm/snapshots/tipsheets/budget/querylayer_0.1_0.5_0619_0240/log.log,/home/xay/KVComm/snapshots/tipsheets/budget/querylayer_0.1_0.5_0619_0240/per_sample.jsonl
table8,1,llama31_same,tipsheets,budget-uniform,budget,uniform_r0.2_0619_0207,16,0.2,uniform,,,0.87,0.22509827200000002,500,done,0619_0207,/sharedspace/models/Llama-3.1-8B-Instruct,/sharedspace/models/Llama-3.1-8B-Instruct,/home/xay/KVComm/snapshots/tipsheets,/home/xay/KVComm/snapshots/tipsheets/budget/uniform_r0.2_0619_0207,/home/xay/KVComm/snapshots/tipsheets/budget/uniform_r0.2_0619_0207/log.log,/home/xay/KVComm/snapshots/tipsheets/budget/uniform_r0.2_0619_0207/per_sample.jsonl
table8,1,llama31_same,tipsheets,budget-uniform,budget,uniform_r0.3_0619_0214,16,0.3,uniform,,,0.874,0.321858474,500,done,0619_0214,/sharedspace/models/Llama-3.1-8B-Instruct,/sharedspace/models/Llama-3.1-8B-Instruct,/home/xay/KVComm/snapshots/tipsheets,/home/xay/KVComm/snapshots/tipsheets/budget/uniform_r0.3_0619_0214,/home/xay/KVComm/snapshots/tipsheets/budget/uniform_r0.3_0619_0214/log.log,/home/xay/KVComm/snapshots/tipsheets/budget/uniform_r0.3_0619_0214/per_sample.jsonl
table8,1,llama31_same,tipsheets,budget-uniform,budget,uniform_r0.5_0619_0223,16,0.5,uniform,,,0.888,0.51558912,500,done,0619_0223,/sharedspace/models/Llama-3.1-8B-Instruct,/sharedspace/models/Llama-3.1-8B-Instruct,/home/xay/KVComm/snapshots/tipsheets,/home/xay/KVComm/snapshots/tipsheets/budget/uniform_r0.5_0619_0223,/home/xay/KVComm/snapshots/tipsheets/budget/uniform_r0.5_0619_0223/log.log,/home/xay/KVComm/snapshots/tipsheets/budget/uniform_r0.5_0619_0223/per_sample.jsonl
table8,1,llama31_same,tipsheets,B-ReKV,coverage,cov_t0.90_s0.6_w8_0624_2126,8,,coverage,0.9,0.6,0.746,0.15316324599999998,500,done,0624_2126,/sharedspace/models/Llama-3.1-8B-Instruct,/sharedspace/models/Llama-3.1-8B-Instruct,/home/xay/KVComm/snapshots/tipsheets,/home/xay/KVComm/snapshots/tipsheets/coverage/cov_t0.90_s0.6_w8_0624_2126,/home/xay/KVComm/snapshots/tipsheets/coverage/cov_t0.90_s0.6_w8_0624_2126/log.log,/home/xay/KVComm/snapshots/tipsheets/coverage/cov_t0.90_s0.6_w8_0624_2126/per_sample.jsonl
table8,1,llama31_same,tipsheets,B-ReKV,coverage,cov_t0.90_s0.7_w8_0624_2133,8,,coverage,0.9,0.7,,,,unknown,0624_2133,/sharedspace/models/Llama-3.1-8B-Instruct,/sharedspace/models/Llama-3.1-8B-Instruct,/home/xay/KVComm/snapshots/tipsheets,/home/xay/KVComm/snapshots/tipsheets/coverage/cov_t0.90_s0.7_w8_0624_2133,/home/xay/KVComm/snapshots/tipsheets/coverage/cov_t0.90_s0.7_w8_0624_2133/log.log,
table8,1,llama31_same,tipsheets,B-ReKV,coverage,cov_t0.95_s0.75_w8_0624_2151,8,,coverage,0.95,0.75,0.878,0.272309548,500,done,0624_2151,/sharedspace/models/Llama-3.1-8B-Instruct,/sharedspace/models/Llama-3.1-8B-Instruct,/home/xay/KVComm/snapshots/tipsheets,/home/xay/KVComm/snapshots/tipsheets/coverage/cov_t0.95_s0.75_w8_0624_2151,/home/xay/KVComm/snapshots/tipsheets/coverage/cov_t0.95_s0.75_w8_0624_2151/log.log,/home/xay/KVComm/snapshots/tipsheets/coverage/cov_t0.95_s0.75_w8_0624_2151/per_sample.jsonl
table8,1,llama31_same,tipsheets,B-ReKV,coverage,cov_t0.95_s0.85_w8_0624_2155,8,,coverage,0.95,0.85,0.878,0.303888386,500,done,0624_2155,/sharedspace/models/Llama-3.1-8B-Instruct,/sharedspace/models/Llama-3.1-8B-Instruct,/home/xay/KVComm/snapshots/tipsheets,/home/xay/KVComm/snapshots/tipsheets/coverage/cov_t0.95_s0.85_w8_0624_2155,/home/xay/KVComm/snapshots/tipsheets/coverage/cov_t0.95_s0.85_w8_0624_2155/log.log,/home/xay/KVComm/snapshots/tipsheets/coverage/cov_t0.95_s0.85_w8_0624_2155/per_sample.jsonl
table8,1,llama31_same,tipsheets,B-ReKV,coverage,cov_t0.95_s0.90_w16_0624_2159,16,,coverage,0.95,0.9,0.906,0.370163568,500,done,0624_2159,/sharedspace/models/Llama-3.1-8B-Instruct,/sharedspace/models/Llama-3.1-8B-Instruct,/home/xay/KVComm/snapshots/tipsheets,/home/xay/KVComm/snapshots/tipsheets/coverage/cov_t0.95_s0.90_w16_0624_2159,/home/xay/KVComm/snapshots/tipsheets/coverage/cov_t0.95_s0.90_w16_0624_2159/log.log,/home/xay/KVComm/snapshots/tipsheets/coverage/cov_t0.95_s0.90_w16_0624_2159/per_sample.jsonl
table8,1,llama31_same,tipsheets,KVComm,kvcomm,kvcomm_top0.3_0615_1548,0,0.3,,,,0.92,,,done,0615_1548,/sharedspace/models/Llama-3.1-8B-Instruct,/sharedspace/models/Llama-3.1-8B-Instruct,/home/xay/KVComm/snapshots/tipsheets,/home/xay/KVComm/snapshots/tipsheets/kvcomm/kvcomm_top0.3_0615_1548,/home/xay/KVComm/snapshots/tipsheets/kvcomm/kvcomm_top0.3_0615_1548/log.log,
table8,1,llama31_same,tipsheets,KVComm,kvcomm,kvcomm_top0.5_0615_1550,0,0.5,,,,0.946,,,done,0615_1550,/sharedspace/models/Llama-3.1-8B-Instruct,/sharedspace/models/Llama-3.1-8B-Instruct,/home/xay/KVComm/snapshots/tipsheets,/home/xay/KVComm/snapshots/tipsheets/kvcomm/kvcomm_top0.5_0615_1550,/home/xay/KVComm/snapshots/tipsheets/kvcomm/kvcomm_top0.5_0615_1550/log.log,
table8,1,llama31_same,tipsheets,KVComm,kvcomm,kvcomm_top0.7_0615_1552,0,0.7,,,,0.952,,,done,0615_1552,/sharedspace/models/Llama-3.1-8B-Instruct,/sharedspace/models/Llama-3.1-8B-Instruct,/home/xay/KVComm/snapshots/tipsheets,/home/xay/KVComm/snapshots/tipsheets/kvcomm/kvcomm_top0.7_0615_1552,/home/xay/KVComm/snapshots/tipsheets/kvcomm/kvcomm_top0.7_0615_1552/log.log,
table8,1,llama31_same,tipsheets,KVComm,kvcomm,kvcomm_top1.0_0615_1554,0,1.0,,,,0.942,,,done,0615_1554,/sharedspace/models/Llama-3.1-8B-Instruct,/sharedspace/models/Llama-3.1-8B-Instruct,/home/xay/KVComm/snapshots/tipsheets,/home/xay/KVComm/snapshots/tipsheets/kvcomm/kvcomm_top1.0_0615_1554,/home/xay/KVComm/snapshots/tipsheets/kvcomm/kvcomm_top1.0_0615_1554/log.log,
table8,1,llama31_same,tipsheets,evict,mtc_evict,evict_r0.1_0615_1615,0,0.1,,,,0.374,,,done,0615_1615,/sharedspace/models/Llama-3.1-8B-Instruct,/sharedspace/models/Llama-3.1-8B-Instruct,/home/xay/KVComm/snapshots/tipsheets,/home/xay/KVComm/snapshots/tipsheets/mtc_evict/evict_r0.1_0615_1615,/home/xay/KVComm/snapshots/tipsheets/mtc_evict/evict_r0.1_0615_1615/log.log,
table8,1,llama31_same,tipsheets,evict,mtc_evict,evict_r0.2_0615_1618,0,0.2,,,,0.58,,,done,0615_1618,/sharedspace/models/Llama-3.1-8B-Instruct,/sharedspace/models/Llama-3.1-8B-Instruct,/home/xay/KVComm/snapshots/tipsheets,/home/xay/KVComm/snapshots/tipsheets/mtc_evict/evict_r0.2_0615_1618,/home/xay/KVComm/snapshots/tipsheets/mtc_evict/evict_r0.2_0615_1618/log.log,
table8,1,llama31_same,tipsheets,evict,mtc_evict,evict_r0.3_0615_1620,0,0.3,,,,0.68,,,done,0615_1620,/sharedspace/models/Llama-3.1-8B-Instruct,/sharedspace/models/Llama-3.1-8B-Instruct,/home/xay/KVComm/snapshots/tipsheets,/home/xay/KVComm/snapshots/tipsheets/mtc_evict/evict_r0.3_0615_1620,/home/xay/KVComm/snapshots/tipsheets/mtc_evict/evict_r0.3_0615_1620/log.log,
table8,1,llama31_same,tipsheets,evict,mtc_evict,evict_r0.4_0615_1622,0,0.4,,,,0.772,,,done,0615_1622,/sharedspace/models/Llama-3.1-8B-Instruct,/sharedspace/models/Llama-3.1-8B-Instruct,/home/xay/KVComm/snapshots/tipsheets,/home/xay/KVComm/snapshots/tipsheets/mtc_evict/evict_r0.4_0615_1622,/home/xay/KVComm/snapshots/tipsheets/mtc_evict/evict_r0.4_0615_1622/log.log,
table8,1,llama31_same,tipsheets,evict,mtc_evict,evict_r0.5_0615_1624,0,0.5,,,,0.776,,,done,0615_1624,/sharedspace/models/Llama-3.1-8B-Instruct,/sharedspace/models/Llama-3.1-8B-Instruct,/home/xay/KVComm/snapshots/tipsheets,/home/xay/KVComm/snapshots/tipsheets/mtc_evict/evict_r0.5_0615_1624,/home/xay/KVComm/snapshots/tipsheets/mtc_evict/evict_r0.5_0615_1624/log.log,
table8,1,llama31_same,tipsheets,evict,mtc_evict,evict_r0.6_0615_1626,0,0.6,,,,0.806,,,done,0615_1626,/sharedspace/models/Llama-3.1-8B-Instruct,/sharedspace/models/Llama-3.1-8B-Instruct,/home/xay/KVComm/snapshots/tipsheets,/home/xay/KVComm/snapshots/tipsheets/mtc_evict/evict_r0.6_0615_1626,/home/xay/KVComm/snapshots/tipsheets/mtc_evict/evict_r0.6_0615_1626/log.log,
table8,1,llama31_same,tipsheets,evict,mtc_evict,evict_r0.7_0615_1628,0,0.7,,,,0.826,,,done,0615_1628,/sharedspace/models/Llama-3.1-8B-Instruct,/sharedspace/models/Llama-3.1-8B-Instruct,/home/xay/KVComm/snapshots/tipsheets,/home/xay/KVComm/snapshots/tipsheets/mtc_evict/evict_r0.7_0615_1628,/home/xay/KVComm/snapshots/tipsheets/mtc_evict/evict_r0.7_0615_1628/log.log,
table8,1,llama31_same,tipsheets,evict,mtc_evict,evict_r0.8_0615_1630,0,0.8,,,,0.886,,,done,0615_1630,/sharedspace/models/Llama-3.1-8B-Instruct,/sharedspace/models/Llama-3.1-8B-Instruct,/home/xay/KVComm/snapshots/tipsheets,/home/xay/KVComm/snapshots/tipsheets/mtc_evict/evict_r0.8_0615_1630,/home/xay/KVComm/snapshots/tipsheets/mtc_evict/evict_r0.8_0615_1630/log.log,
table8,1,llama31_same,tipsheets,evict,mtc_evict,evict_r0.9_0615_1632,0,0.9,,,,0.914,,,done,0615_1632,/sharedspace/models/Llama-3.1-8B-Instruct,/sharedspace/models/Llama-3.1-8B-Instruct,/home/xay/KVComm/snapshots/tipsheets,/home/xay/KVComm/snapshots/tipsheets/mtc_evict/evict_r0.9_0615_1632,/home/xay/KVComm/snapshots/tipsheets/mtc_evict/evict_r0.9_0615_1632/log.log,
table8,1,llama31_same,tipsheets,merge,mtc_merge,merge_r0.1_0615_1556,0,0.1,,,,0.4,,,done,0615_1556,/sharedspace/models/Llama-3.1-8B-Instruct,/sharedspace/models/Llama-3.1-8B-Instruct,/home/xay/KVComm/snapshots/tipsheets,/home/xay/KVComm/snapshots/tipsheets/mtc_merge/merge_r0.1_0615_1556,/home/xay/KVComm/snapshots/tipsheets/mtc_merge/merge_r0.1_0615_1556/log.log,
table8,1,llama31_same,tipsheets,merge,mtc_merge,merge_r0.2_0615_1558,0,0.2,,,,0.556,,,done,0615_1558,/sharedspace/models/Llama-3.1-8B-Instruct,/sharedspace/models/Llama-3.1-8B-Instruct,/home/xay/KVComm/snapshots/tipsheets,/home/xay/KVComm/snapshots/tipsheets/mtc_merge/merge_r0.2_0615_1558,/home/xay/KVComm/snapshots/tipsheets/mtc_merge/merge_r0.2_0615_1558/log.log,
table8,1,llama31_same,tipsheets,merge,mtc_merge,merge_r0.3_0615_1600,0,0.3,,,,0.656,,,done,0615_1600,/sharedspace/models/Llama-3.1-8B-Instruct,/sharedspace/models/Llama-3.1-8B-Instruct,/home/xay/KVComm/snapshots/tipsheets,/home/xay/KVComm/snapshots/tipsheets/mtc_merge/merge_r0.3_0615_1600,/home/xay/KVComm/snapshots/tipsheets/mtc_merge/merge_r0.3_0615_1600/log.log,
table8,1,llama31_same,tipsheets,merge,mtc_merge,merge_r0.4_0615_1602,0,0.4,,,,0.756,,,done,0615_1602,/sharedspace/models/Llama-3.1-8B-Instruct,/sharedspace/models/Llama-3.1-8B-Instruct,/home/xay/KVComm/snapshots/tipsheets,/home/xay/KVComm/snapshots/tipsheets/mtc_merge/merge_r0.4_0615_1602,/home/xay/KVComm/snapshots/tipsheets/mtc_merge/merge_r0.4_0615_1602/log.log,
table8,1,llama31_same,tipsheets,merge,mtc_merge,merge_r0.5_0615_1605,0,0.5,,,,0.784,,,done,0615_1605,/sharedspace/models/Llama-3.1-8B-Instruct,/sharedspace/models/Llama-3.1-8B-Instruct,/home/xay/KVComm/snapshots/tipsheets,/home/xay/KVComm/snapshots/tipsheets/mtc_merge/merge_r0.5_0615_1605,/home/xay/KVComm/snapshots/tipsheets/mtc_merge/merge_r0.5_0615_1605/log.log,
table8,1,llama31_same,tipsheets,merge,mtc_merge,merge_r0.6_0615_1607,0,0.6,,,,0.804,,,done,0615_1607,/sharedspace/models/Llama-3.1-8B-Instruct,/sharedspace/models/Llama-3.1-8B-Instruct,/home/xay/KVComm/snapshots/tipsheets,/home/xay/KVComm/snapshots/tipsheets/mtc_merge/merge_r0.6_0615_1607,/home/xay/KVComm/snapshots/tipsheets/mtc_merge/merge_r0.6_0615_1607/log.log,
table8,1,llama31_same,tipsheets,merge,mtc_merge,merge_r0.7_0615_1609,0,0.7,,,,0.818,,,done,0615_1609,/sharedspace/models/Llama-3.1-8B-Instruct,/sharedspace/models/Llama-3.1-8B-Instruct,/home/xay/KVComm/snapshots/tipsheets,/home/xay/KVComm/snapshots/tipsheets/mtc_merge/merge_r0.7_0615_1609,/home/xay/KVComm/snapshots/tipsheets/mtc_merge/merge_r0.7_0615_1609/log.log,
table8,1,llama31_same,tipsheets,merge,mtc_merge,merge_r0.8_0615_1611,0,0.8,,,,0.9,,,done,0615_1611,/sharedspace/models/Llama-3.1-8B-Instruct,/sharedspace/models/Llama-3.1-8B-Instruct,/home/xay/KVComm/snapshots/tipsheets,/home/xay/KVComm/snapshots/tipsheets/mtc_merge/merge_r0.8_0615_1611,/home/xay/KVComm/snapshots/tipsheets/mtc_merge/merge_r0.8_0615_1611/log.log,
table8,1,llama31_same,tipsheets,merge,mtc_merge,merge_r0.9_0615_1613,0,0.9,,,,0.914,,,done,0615_1613,/sharedspace/models/Llama-3.1-8B-Instruct,/sharedspace/models/Llama-3.1-8B-Instruct,/home/xay/KVComm/snapshots/tipsheets,/home/xay/KVComm/snapshots/tipsheets/mtc_merge/merge_r0.9_0615_1613,/home/xay/KVComm/snapshots/tipsheets/mtc_merge/merge_r0.9_0615_1613/log.log,
table8,1,llama31_same,tipsheets,ReKV,mtc_receiver,recv_w16_r0.1_0615_1612,16,0.1,,,,0.4,,,done,0615_1612,/sharedspace/models/Llama-3.1-8B-Instruct,/sharedspace/models/Llama-3.1-8B-Instruct,/home/xay/KVComm/snapshots/tipsheets,/home/xay/KVComm/snapshots/tipsheets/mtc_receiver/recv_w16_r0.1_0615_1612,/home/xay/KVComm/snapshots/tipsheets/mtc_receiver/recv_w16_r0.1_0615_1612/log.log,
table8,1,llama31_same,tipsheets,ReKV,mtc_receiver,recv_w16_r0.2_0615_1615,16,0.2,,,,0.87,,,done,0615_1615,/sharedspace/models/Llama-3.1-8B-Instruct,/sharedspace/models/Llama-3.1-8B-Instruct,/home/xay/KVComm/snapshots/tipsheets,/home/xay/KVComm/snapshots/tipsheets/mtc_receiver/recv_w16_r0.2_0615_1615,/home/xay/KVComm/snapshots/tipsheets/mtc_receiver/recv_w16_r0.2_0615_1615/log.log,
table8,1,llama31_same,tipsheets,ReKV,mtc_receiver,recv_w16_r0.3_0615_1618,16,0.3,,,,0.874,,,done,0615_1618,/sharedspace/models/Llama-3.1-8B-Instruct,/sharedspace/models/Llama-3.1-8B-Instruct,/home/xay/KVComm/snapshots/tipsheets,/home/xay/KVComm/snapshots/tipsheets/mtc_receiver/recv_w16_r0.3_0615_1618,/home/xay/KVComm/snapshots/tipsheets/mtc_receiver/recv_w16_r0.3_0615_1618/log.log,
table8,1,llama31_same,tipsheets,ReKV,mtc_receiver,recv_w16_r0.4_0615_1620,16,0.4,,,,0.896,,,done,0615_1620,/sharedspace/models/Llama-3.1-8B-Instruct,/sharedspace/models/Llama-3.1-8B-Instruct,/home/xay/KVComm/snapshots/tipsheets,/home/xay/KVComm/snapshots/tipsheets/mtc_receiver/recv_w16_r0.4_0615_1620,/home/xay/KVComm/snapshots/tipsheets/mtc_receiver/recv_w16_r0.4_0615_1620/log.log,
table8,1,llama31_same,tipsheets,ReKV,mtc_receiver,recv_w16_r0.5_0615_1623,16,0.5,,,,0.888,,,done,0615_1623,/sharedspace/models/Llama-3.1-8B-Instruct,/sharedspace/models/Llama-3.1-8B-Instruct,/home/xay/KVComm/snapshots/tipsheets,/home/xay/KVComm/snapshots/tipsheets/mtc_receiver/recv_w16_r0.5_0615_1623,/home/xay/KVComm/snapshots/tipsheets/mtc_receiver/recv_w16_r0.5_0615_1623/log.log,
table8,1,llama31_same,tipsheets,ReKV,mtc_receiver,recv_w16_r0.6_0615_1626,16,0.6,,,,0.904,,,done,0615_1626,/sharedspace/models/Llama-3.1-8B-Instruct,/sharedspace/models/Llama-3.1-8B-Instruct,/home/xay/KVComm/snapshots/tipsheets,/home/xay/KVComm/snapshots/tipsheets/mtc_receiver/recv_w16_r0.6_0615_1626,/home/xay/KVComm/snapshots/tipsheets/mtc_receiver/recv_w16_r0.6_0615_1626/log.log,
table8,1,llama31_same,tipsheets,ReKV,mtc_receiver,recv_w16_r0.7_0615_1628,16,0.7,,,,0.894,,,done,0615_1628,/sharedspace/models/Llama-3.1-8B-Instruct,/sharedspace/models/Llama-3.1-8B-Instruct,/home/xay/KVComm/snapshots/tipsheets,/home/xay/KVComm/snapshots/tipsheets/mtc_receiver/recv_w16_r0.7_0615_1628,/home/xay/KVComm/snapshots/tipsheets/mtc_receiver/recv_w16_r0.7_0615_1628/log.log,
table8,1,llama31_same,tipsheets,ReKV,mtc_receiver,recv_w16_r0.8_0615_1631,16,0.8,,,,0.9,,,done,0615_1631,/sharedspace/models/Llama-3.1-8B-Instruct,/sharedspace/models/Llama-3.1-8B-Instruct,/home/xay/KVComm/snapshots/tipsheets,/home/xay/KVComm/snapshots/tipsheets/mtc_receiver/recv_w16_r0.8_0615_1631,/home/xay/KVComm/snapshots/tipsheets/mtc_receiver/recv_w16_r0.8_0615_1631/log.log,
table8,1,llama31_same,tipsheets,ReKV,mtc_receiver,recv_w16_r0.9_0615_1634,16,0.9,,,,0.916,,,done,0615_1634,/sharedspace/models/Llama-3.1-8B-Instruct,/sharedspace/models/Llama-3.1-8B-Instruct,/home/xay/KVComm/snapshots/tipsheets,/home/xay/KVComm/snapshots/tipsheets/mtc_receiver/recv_w16_r0.9_0615_1634,/home/xay/KVComm/snapshots/tipsheets/mtc_receiver/recv_w16_r0.9_0615_1634/log.log,
table8,1,llama31_same,tipsheets,ReKV,mtc_receiver,recv_w8_r0.1_0615_1548,8,0.1,,,,0.416,,,done,0615_1548,/sharedspace/models/Llama-3.1-8B-Instruct,/sharedspace/models/Llama-3.1-8B-Instruct,/home/xay/KVComm/snapshots/tipsheets,/home/xay/KVComm/snapshots/tipsheets/mtc_receiver/recv_w8_r0.1_0615_1548,/home/xay/KVComm/snapshots/tipsheets/mtc_receiver/recv_w8_r0.1_0615_1548/log.log,
table8,1,llama31_same,tipsheets,ReKV,mtc_receiver,recv_w8_r0.2_0615_1550,8,0.2,,,,0.858,,,done,0615_1550,/sharedspace/models/Llama-3.1-8B-Instruct,/sharedspace/models/Llama-3.1-8B-Instruct,/home/xay/KVComm/snapshots/tipsheets,/home/xay/KVComm/snapshots/tipsheets/mtc_receiver/recv_w8_r0.2_0615_1550,/home/xay/KVComm/snapshots/tipsheets/mtc_receiver/recv_w8_r0.2_0615_1550/log.log,
table8,1,llama31_same,tipsheets,ReKV,mtc_receiver,recv_w8_r0.3_0615_1553,8,0.3,,,,0.868,,,done,0615_1553,/sharedspace/models/Llama-3.1-8B-Instruct,/sharedspace/models/Llama-3.1-8B-Instruct,/home/xay/KVComm/snapshots/tipsheets,/home/xay/KVComm/snapshots/tipsheets/mtc_receiver/recv_w8_r0.3_0615_1553,/home/xay/KVComm/snapshots/tipsheets/mtc_receiver/recv_w8_r0.3_0615_1553/log.log,
table8,1,llama31_same,tipsheets,ReKV,mtc_receiver,recv_w8_r0.4_0615_1556,8,0.4,,,,0.89,,,done,0615_1556,/sharedspace/models/Llama-3.1-8B-Instruct,/sharedspace/models/Llama-3.1-8B-Instruct,/home/xay/KVComm/snapshots/tipsheets,/home/xay/KVComm/snapshots/tipsheets/mtc_receiver/recv_w8_r0.4_0615_1556,/home/xay/KVComm/snapshots/tipsheets/mtc_receiver/recv_w8_r0.4_0615_1556/log.log,
table8,1,llama31_same,tipsheets,ReKV,mtc_receiver,recv_w8_r0.5_0615_1559,8,0.5,,,,0.876,,,done,0615_1559,/sharedspace/models/Llama-3.1-8B-Instruct,/sharedspace/models/Llama-3.1-8B-Instruct,/home/xay/KVComm/snapshots/tipsheets,/home/xay/KVComm/snapshots/tipsheets/mtc_receiver/recv_w8_r0.5_0615_1559,/home/xay/KVComm/snapshots/tipsheets/mtc_receiver/recv_w8_r0.5_0615_1559/log.log,
table8,1,llama31_same,tipsheets,ReKV,mtc_receiver,recv_w8_r0.6_0615_1601,8,0.6,,,,0.894,,,done,0615_1601,/sharedspace/models/Llama-3.1-8B-Instruct,/sharedspace/models/Llama-3.1-8B-Instruct,/home/xay/KVComm/snapshots/tipsheets,/home/xay/KVComm/snapshots/tipsheets/mtc_receiver/recv_w8_r0.6_0615_1601,/home/xay/KVComm/snapshots/tipsheets/mtc_receiver/recv_w8_r0.6_0615_1601/log.log,
table8,1,llama31_same,tipsheets,ReKV,mtc_receiver,recv_w8_r0.7_0615_1604,8,0.7,,,,0.892,,,done,0615_1604,/sharedspace/models/Llama-3.1-8B-Instruct,/sharedspace/models/Llama-3.1-8B-Instruct,/home/xay/KVComm/snapshots/tipsheets,/home/xay/KVComm/snapshots/tipsheets/mtc_receiver/recv_w8_r0.7_0615_1604,/home/xay/KVComm/snapshots/tipsheets/mtc_receiver/recv_w8_r0.7_0615_1604/log.log,
table8,1,llama31_same,tipsheets,ReKV,mtc_receiver,recv_w8_r0.8_0615_1607,8,0.8,,,,0.904,,,done,0615_1607,/sharedspace/models/Llama-3.1-8B-Instruct,/sharedspace/models/Llama-3.1-8B-Instruct,/home/xay/KVComm/snapshots/tipsheets,/home/xay/KVComm/snapshots/tipsheets/mtc_receiver/recv_w8_r0.8_0615_1607,/home/xay/KVComm/snapshots/tipsheets/mtc_receiver/recv_w8_r0.8_0615_1607/log.log,
table8,1,llama31_same,tipsheets,ReKV,mtc_receiver,recv_w8_r0.9_0615_1610,8,0.9,,,,0.912,,,done,0615_1610,/sharedspace/models/Llama-3.1-8B-Instruct,/sharedspace/models/Llama-3.1-8B-Instruct,/home/xay/KVComm/snapshots/tipsheets,/home/xay/KVComm/snapshots/tipsheets/mtc_receiver/recv_w8_r0.9_0615_1610,/home/xay/KVComm/snapshots/tipsheets/mtc_receiver/recv_w8_r0.9_0615_1610/log.log,
table8,1,llama31_same,tmath,budget-layer,budget,layer_r0.2_0619_0436,16,0.2,layer,,,0.3402,0.22498875333333335,300,done,0619_0436,/sharedspace/models/Llama-3.1-8B-Instruct,/sharedspace/models/Llama-3.1-8B-Instruct,/home/xay/KVComm/snapshots/tmath,/home/xay/KVComm/snapshots/tmath/budget/layer_r0.2_0619_0436,/home/xay/KVComm/snapshots/tmath/budget/layer_r0.2_0619_0436/log.log,/home/xay/KVComm/snapshots/tmath/budget/layer_r0.2_0619_0436/per_sample.jsonl
table8,1,llama31_same,tmath,budget-layer,budget,layer_r0.3_0619_0630,16,0.3,layer,,,0.3564,0.3218527,300,done,0619_0630,/sharedspace/models/Llama-3.1-8B-Instruct,/sharedspace/models/Llama-3.1-8B-Instruct,/home/xay/KVComm/snapshots/tmath,/home/xay/KVComm/snapshots/tmath/budget/layer_r0.3_0619_0630,/home/xay/KVComm/snapshots/tmath/budget/layer_r0.3_0619_0630/log.log,/home/xay/KVComm/snapshots/tmath/budget/layer_r0.3_0619_0630/per_sample.jsonl
table8,1,llama31_same,tmath,budget-layer,budget,layer_r0.5_0619_0827,16,0.5,layer,,,0.3528,0.51562626,300,done,0619_0827,/sharedspace/models/Llama-3.1-8B-Instruct,/sharedspace/models/Llama-3.1-8B-Instruct,/home/xay/KVComm/snapshots/tmath,/home/xay/KVComm/snapshots/tmath/budget/layer_r0.5_0619_0827,/home/xay/KVComm/snapshots/tmath/budget/layer_r0.5_0619_0827/log.log,/home/xay/KVComm/snapshots/tmath/budget/layer_r0.5_0619_0827/per_sample.jsonl
table8,1,llama31_same,tmath,budget-query,budget,query_0.05_0.3_0619_0927,16,0.2,query,,,0.3347,0.15492217333333333,300,done,0619_0927,/sharedspace/models/Llama-3.1-8B-Instruct,/sharedspace/models/Llama-3.1-8B-Instruct,/home/xay/KVComm/snapshots/tmath,/home/xay/KVComm/snapshots/tmath/budget/query_0.05_0.3_0619_0927,/home/xay/KVComm/snapshots/tmath/budget/query_0.05_0.3_0619_0927/log.log,/home/xay/KVComm/snapshots/tmath/budget/query_0.05_0.3_0619_0927/per_sample.jsonl
table8,1,llama31_same,tmath,budget-query,budget,query_0.15_0.7_0619_1255,16,0.2,query,,,0.3494,0.34197701666666663,300,done,0619_1255,/sharedspace/models/Llama-3.1-8B-Instruct,/sharedspace/models/Llama-3.1-8B-Instruct,/home/xay/KVComm/snapshots/tmath,/home/xay/KVComm/snapshots/tmath/budget/query_0.15_0.7_0619_1255,/home/xay/KVComm/snapshots/tmath/budget/query_0.15_0.7_0619_1255/log.log,/home/xay/KVComm/snapshots/tmath/budget/query_0.15_0.7_0619_1255/per_sample.jsonl
table8,1,llama31_same,tmath,budget-query,budget,query_0.1_0.5_0619_1115,16,0.2,query,,,0.3447,0.2484351,300,done,0619_1115,/sharedspace/models/Llama-3.1-8B-Instruct,/sharedspace/models/Llama-3.1-8B-Instruct,/home/xay/KVComm/snapshots/tmath,/home/xay/KVComm/snapshots/tmath/budget/query_0.1_0.5_0619_1115,/home/xay/KVComm/snapshots/tmath/budget/query_0.1_0.5_0619_1115/log.log,/home/xay/KVComm/snapshots/tmath/budget/query_0.1_0.5_0619_1115/per_sample.jsonl
table8,1,llama31_same,tmath,budget-query+layer,budget,querylayer_0.05_0.3_0619_1024,16,0.2,query+layer,,,0.3349,0.15494491,300,done,0619_1024,/sharedspace/models/Llama-3.1-8B-Instruct,/sharedspace/models/Llama-3.1-8B-Instruct,/home/xay/KVComm/snapshots/tmath,/home/xay/KVComm/snapshots/tmath/budget/querylayer_0.05_0.3_0619_1024,/home/xay/KVComm/snapshots/tmath/budget/querylayer_0.05_0.3_0619_1024/log.log,/home/xay/KVComm/snapshots/tmath/budget/querylayer_0.05_0.3_0619_1024/per_sample.jsonl
table8,1,llama31_same,tmath,budget-query+layer,budget,querylayer_0.15_0.7_0619_1345,16,0.2,query+layer,,,0.3539,0.34192137666666667,300,done,0619_1345,/sharedspace/models/Llama-3.1-8B-Instruct,/sharedspace/models/Llama-3.1-8B-Instruct,/home/xay/KVComm/snapshots/tmath,/home/xay/KVComm/snapshots/tmath/budget/querylayer_0.15_0.7_0619_1345,/home/xay/KVComm/snapshots/tmath/budget/querylayer_0.15_0.7_0619_1345/log.log,/home/xay/KVComm/snapshots/tmath/budget/querylayer_0.15_0.7_0619_1345/per_sample.jsonl
table8,1,llama31_same,tmath,budget-query+layer,budget,querylayer_0.1_0.5_0619_1205,16,0.2,query+layer,,,0.3474,0.24839910333333332,300,done,0619_1205,/sharedspace/models/Llama-3.1-8B-Instruct,/sharedspace/models/Llama-3.1-8B-Instruct,/home/xay/KVComm/snapshots/tmath,/home/xay/KVComm/snapshots/tmath/budget/querylayer_0.1_0.5_0619_1205,/home/xay/KVComm/snapshots/tmath/budget/querylayer_0.1_0.5_0619_1205/log.log,/home/xay/KVComm/snapshots/tmath/budget/querylayer_0.1_0.5_0619_1205/per_sample.jsonl
table8,1,llama31_same,tmath,budget-uniform,budget,uniform_r0.2_0619_0333,16,0.2,uniform,,,0.3415,0.22518098333333333,300,done,0619_0333,/sharedspace/models/Llama-3.1-8B-Instruct,/sharedspace/models/Llama-3.1-8B-Instruct,/home/xay/KVComm/snapshots/tmath,/home/xay/KVComm/snapshots/tmath/budget/uniform_r0.2_0619_0333,/home/xay/KVComm/snapshots/tmath/budget/uniform_r0.2_0619_0333/log.log,/home/xay/KVComm/snapshots/tmath/budget/uniform_r0.2_0619_0333/per_sample.jsonl
table8,1,llama31_same,tmath,budget-uniform,budget,uniform_r0.3_0619_0525,16,0.3,uniform,,,0.3521,0.32190032,300,done,0619_0525,/sharedspace/models/Llama-3.1-8B-Instruct,/sharedspace/models/Llama-3.1-8B-Instruct,/home/xay/KVComm/snapshots/tmath,/home/xay/KVComm/snapshots/tmath/budget/uniform_r0.3_0619_0525,/home/xay/KVComm/snapshots/tmath/budget/uniform_r0.3_0619_0525/log.log,/home/xay/KVComm/snapshots/tmath/budget/uniform_r0.3_0619_0525/per_sample.jsonl
table8,1,llama31_same,tmath,budget-uniform,budget,uniform_r0.5_0619_0730,16,0.5,uniform,,,0.3519,0.5156416166666666,300,done,0619_0730,/sharedspace/models/Llama-3.1-8B-Instruct,/sharedspace/models/Llama-3.1-8B-Instruct,/home/xay/KVComm/snapshots/tmath,/home/xay/KVComm/snapshots/tmath/budget/uniform_r0.5_0619_0730,/home/xay/KVComm/snapshots/tmath/budget/uniform_r0.5_0619_0730/log.log,/home/xay/KVComm/snapshots/tmath/budget/uniform_r0.5_0619_0730/per_sample.jsonl
table8,1,llama31_same,tmath,B-ReKV,coverage,cov_t0.95_s0.75_w8_0625_0128,8,,coverage,0.95,0.75,0.3481,0.26860875666666667,300,done,0625_0128,/sharedspace/models/Llama-3.1-8B-Instruct,/sharedspace/models/Llama-3.1-8B-Instruct,/home/xay/KVComm/snapshots/tmath,/home/xay/KVComm/snapshots/tmath/coverage/cov_t0.95_s0.75_w8_0625_0128,/home/xay/KVComm/snapshots/tmath/coverage/cov_t0.95_s0.75_w8_0625_0128/log.log,/home/xay/KVComm/snapshots/tmath/coverage/cov_t0.95_s0.75_w8_0625_0128/per_sample.jsonl
table8,1,llama31_same,tmath,B-ReKV,coverage,cov_t0.95_s0.85_w8_0625_0220,8,,coverage,0.95,0.85,0.3523,0.2999223166666667,300,done,0625_0220,/sharedspace/models/Llama-3.1-8B-Instruct,/sharedspace/models/Llama-3.1-8B-Instruct,/home/xay/KVComm/snapshots/tmath,/home/xay/KVComm/snapshots/tmath/coverage/cov_t0.95_s0.85_w8_0625_0220,/home/xay/KVComm/snapshots/tmath/coverage/cov_t0.95_s0.85_w8_0625_0220/log.log,/home/xay/KVComm/snapshots/tmath/coverage/cov_t0.95_s0.85_w8_0625_0220/per_sample.jsonl
table8,1,llama31_same,tmath,B-ReKV,coverage,cov_t0.95_s0.90_w16_0625_0324,16,,coverage,0.95,0.9,0.3525,0.3200107,300,done,0625_0324,/sharedspace/models/Llama-3.1-8B-Instruct,/sharedspace/models/Llama-3.1-8B-Instruct,/home/xay/KVComm/snapshots/tmath,/home/xay/KVComm/snapshots/tmath/coverage/cov_t0.95_s0.90_w16_0625_0324,/home/xay/KVComm/snapshots/tmath/coverage/cov_t0.95_s0.90_w16_0625_0324/log.log,/home/xay/KVComm/snapshots/tmath/coverage/cov_t0.95_s0.90_w16_0625_0324/per_sample.jsonl
table8,1,llama31_same,tmath,KVComm,kvcomm,kvcomm_top0.3_0617_1653,0,0.3,,,,0.3411,,,done,0617_1653,/sharedspace/models/Llama-3.1-8B-Instruct,/sharedspace/models/Llama-3.1-8B-Instruct,/home/xay/KVComm/snapshots/tmath,/home/xay/KVComm/snapshots/tmath/kvcomm/kvcomm_top0.3_0617_1653,/home/xay/KVComm/snapshots/tmath/kvcomm/kvcomm_top0.3_0617_1653/log.log,
table8,1,llama31_same,tmath,KVComm,kvcomm,kvcomm_top0.5_0617_1741,0,0.5,,,,0.3543,,,done,0617_1741,/sharedspace/models/Llama-3.1-8B-Instruct,/sharedspace/models/Llama-3.1-8B-Instruct,/home/xay/KVComm/snapshots/tmath,/home/xay/KVComm/snapshots/tmath/kvcomm/kvcomm_top0.5_0617_1741,/home/xay/KVComm/snapshots/tmath/kvcomm/kvcomm_top0.5_0617_1741/log.log,
table8,1,llama31_same,tmath,KVComm,kvcomm,kvcomm_top0.7_0617_1848,0,0.7,,,,0.3604,,,done,0617_1848,/sharedspace/models/Llama-3.1-8B-Instruct,/sharedspace/models/Llama-3.1-8B-Instruct,/home/xay/KVComm/snapshots/tmath,/home/xay/KVComm/snapshots/tmath/kvcomm/kvcomm_top0.7_0617_1848,/home/xay/KVComm/snapshots/tmath/kvcomm/kvcomm_top0.7_0617_1848/log.log,
table8,1,llama31_same,tmath,KVComm,kvcomm,kvcomm_top1.0_0617_2000,0,1.0,,,,0.3542,,,done,0617_2000,/sharedspace/models/Llama-3.1-8B-Instruct,/sharedspace/models/Llama-3.1-8B-Instruct,/home/xay/KVComm/snapshots/tmath,/home/xay/KVComm/snapshots/tmath/kvcomm/kvcomm_top1.0_0617_2000,/home/xay/KVComm/snapshots/tmath/kvcomm/kvcomm_top1.0_0617_2000/log.log,
table8,1,llama31_same,tmath,evict,mtc_evict,evict_r0.1_0618_0513,0,0.1,,,,0.3323,,,done,0618_0513,/sharedspace/models/Llama-3.1-8B-Instruct,/sharedspace/models/Llama-3.1-8B-Instruct,/home/xay/KVComm/snapshots/tmath,/home/xay/KVComm/snapshots/tmath/mtc_evict/evict_r0.1_0618_0513,/home/xay/KVComm/snapshots/tmath/mtc_evict/evict_r0.1_0618_0513/log.log,
table8,1,llama31_same,tmath,evict,mtc_evict,evict_r0.2_0618_0608,0,0.2,,,,0.3389,,,done,0618_0608,/sharedspace/models/Llama-3.1-8B-Instruct,/sharedspace/models/Llama-3.1-8B-Instruct,/home/xay/KVComm/snapshots/tmath,/home/xay/KVComm/snapshots/tmath/mtc_evict/evict_r0.2_0618_0608,/home/xay/KVComm/snapshots/tmath/mtc_evict/evict_r0.2_0618_0608/log.log,
table8,1,llama31_same,tmath,evict,mtc_evict,evict_r0.3_0618_0712,0,0.3,,,,0.3428,,,done,0618_0712,/sharedspace/models/Llama-3.1-8B-Instruct,/sharedspace/models/Llama-3.1-8B-Instruct,/home/xay/KVComm/snapshots/tmath,/home/xay/KVComm/snapshots/tmath/mtc_evict/evict_r0.3_0618_0712,/home/xay/KVComm/snapshots/tmath/mtc_evict/evict_r0.3_0618_0712/log.log,
table8,1,llama31_same,tmath,evict,mtc_evict,evict_r0.4_0618_0803,0,0.4,,,,0.3527,,,done,0618_0803,/sharedspace/models/Llama-3.1-8B-Instruct,/sharedspace/models/Llama-3.1-8B-Instruct,/home/xay/KVComm/snapshots/tmath,/home/xay/KVComm/snapshots/tmath/mtc_evict/evict_r0.4_0618_0803,/home/xay/KVComm/snapshots/tmath/mtc_evict/evict_r0.4_0618_0803/log.log,
table8,1,llama31_same,tmath,evict,mtc_evict,evict_r0.5_0618_0853,0,0.5,,,,0.353,,,done,0618_0853,/sharedspace/models/Llama-3.1-8B-Instruct,/sharedspace/models/Llama-3.1-8B-Instruct,/home/xay/KVComm/snapshots/tmath,/home/xay/KVComm/snapshots/tmath/mtc_evict/evict_r0.5_0618_0853,/home/xay/KVComm/snapshots/tmath/mtc_evict/evict_r0.5_0618_0853/log.log,
table8,1,llama31_same,tmath,evict,mtc_evict,evict_r0.6_0618_0944,0,0.6,,,,0.3603,,,done,0618_0944,/sharedspace/models/Llama-3.1-8B-Instruct,/sharedspace/models/Llama-3.1-8B-Instruct,/home/xay/KVComm/snapshots/tmath,/home/xay/KVComm/snapshots/tmath/mtc_evict/evict_r0.6_0618_0944,/home/xay/KVComm/snapshots/tmath/mtc_evict/evict_r0.6_0618_0944/log.log,
table8,1,llama31_same,tmath,evict,mtc_evict,evict_r0.7_0618_1035,0,0.7,,,,0.3595,,,done,0618_1035,/sharedspace/models/Llama-3.1-8B-Instruct,/sharedspace/models/Llama-3.1-8B-Instruct,/home/xay/KVComm/snapshots/tmath,/home/xay/KVComm/snapshots/tmath/mtc_evict/evict_r0.7_0618_1035,/home/xay/KVComm/snapshots/tmath/mtc_evict/evict_r0.7_0618_1035/log.log,
table8,1,llama31_same,tmath,evict,mtc_evict,evict_r0.8_0618_1123,0,0.8,,,,0.3619,,,done,0618_1123,/sharedspace/models/Llama-3.1-8B-Instruct,/sharedspace/models/Llama-3.1-8B-Instruct,/home/xay/KVComm/snapshots/tmath,/home/xay/KVComm/snapshots/tmath/mtc_evict/evict_r0.8_0618_1123,/home/xay/KVComm/snapshots/tmath/mtc_evict/evict_r0.8_0618_1123/log.log,
table8,1,llama31_same,tmath,evict,mtc_evict,evict_r0.9_0618_1213,0,0.9,,,,0.3559,,,done,0618_1213,/sharedspace/models/Llama-3.1-8B-Instruct,/sharedspace/models/Llama-3.1-8B-Instruct,/home/xay/KVComm/snapshots/tmath,/home/xay/KVComm/snapshots/tmath/mtc_evict/evict_r0.9_0618_1213,/home/xay/KVComm/snapshots/tmath/mtc_evict/evict_r0.9_0618_1213/log.log,
table8,1,llama31_same,tmath,merge,mtc_merge,merge_r0.1_0617_2110,0,0.1,,,,0.3287,,,done,0617_2110,/sharedspace/models/Llama-3.1-8B-Instruct,/sharedspace/models/Llama-3.1-8B-Instruct,/home/xay/KVComm/snapshots/tmath,/home/xay/KVComm/snapshots/tmath/mtc_merge/merge_r0.1_0617_2110,/home/xay/KVComm/snapshots/tmath/mtc_merge/merge_r0.1_0617_2110/log.log,
table8,1,llama31_same,tmath,merge,mtc_merge,merge_r0.2_0617_2213,0,0.2,,,,0.3411,,,done,0617_2213,/sharedspace/models/Llama-3.1-8B-Instruct,/sharedspace/models/Llama-3.1-8B-Instruct,/home/xay/KVComm/snapshots/tmath,/home/xay/KVComm/snapshots/tmath/mtc_merge/merge_r0.2_0617_2213,/home/xay/KVComm/snapshots/tmath/mtc_merge/merge_r0.2_0617_2213/log.log,
table8,1,llama31_same,tmath,merge,mtc_merge,merge_r0.3_0617_2312,0,0.3,,,,0.3405,,,done,0617_2312,/sharedspace/models/Llama-3.1-8B-Instruct,/sharedspace/models/Llama-3.1-8B-Instruct,/home/xay/KVComm/snapshots/tmath,/home/xay/KVComm/snapshots/tmath/mtc_merge/merge_r0.3_0617_2312,/home/xay/KVComm/snapshots/tmath/mtc_merge/merge_r0.3_0617_2312/log.log,
table8,1,llama31_same,tmath,merge,mtc_merge,merge_r0.4_0618_0015,0,0.4,,,,0.3432,,,done,0618_0015,/sharedspace/models/Llama-3.1-8B-Instruct,/sharedspace/models/Llama-3.1-8B-Instruct,/home/xay/KVComm/snapshots/tmath,/home/xay/KVComm/snapshots/tmath/mtc_merge/merge_r0.4_0618_0015,/home/xay/KVComm/snapshots/tmath/mtc_merge/merge_r0.4_0618_0015/log.log,
table8,1,llama31_same,tmath,merge,mtc_merge,merge_r0.5_0618_0111,0,0.5,,,,0.3549,,,done,0618_0111,/sharedspace/models/Llama-3.1-8B-Instruct,/sharedspace/models/Llama-3.1-8B-Instruct,/home/xay/KVComm/snapshots/tmath,/home/xay/KVComm/snapshots/tmath/mtc_merge/merge_r0.5_0618_0111,/home/xay/KVComm/snapshots/tmath/mtc_merge/merge_r0.5_0618_0111/log.log,
table8,1,llama31_same,tmath,merge,mtc_merge,merge_r0.6_0618_0202,0,0.6,,,,0.36,,,done,0618_0202,/sharedspace/models/Llama-3.1-8B-Instruct,/sharedspace/models/Llama-3.1-8B-Instruct,/home/xay/KVComm/snapshots/tmath,/home/xay/KVComm/snapshots/tmath/mtc_merge/merge_r0.6_0618_0202,/home/xay/KVComm/snapshots/tmath/mtc_merge/merge_r0.6_0618_0202/log.log,
table8,1,llama31_same,tmath,merge,mtc_merge,merge_r0.7_0618_0250,0,0.7,,,,0.3615,,,done,0618_0250,/sharedspace/models/Llama-3.1-8B-Instruct,/sharedspace/models/Llama-3.1-8B-Instruct,/home/xay/KVComm/snapshots/tmath,/home/xay/KVComm/snapshots/tmath/mtc_merge/merge_r0.7_0618_0250,/home/xay/KVComm/snapshots/tmath/mtc_merge/merge_r0.7_0618_0250/log.log,
table8,1,llama31_same,tmath,merge,mtc_merge,merge_r0.8_0618_0338,0,0.8,,,,0.3656,,,done,0618_0338,/sharedspace/models/Llama-3.1-8B-Instruct,/sharedspace/models/Llama-3.1-8B-Instruct,/home/xay/KVComm/snapshots/tmath,/home/xay/KVComm/snapshots/tmath/mtc_merge/merge_r0.8_0618_0338,/home/xay/KVComm/snapshots/tmath/mtc_merge/merge_r0.8_0618_0338/log.log,
table8,1,llama31_same,tmath,merge,mtc_merge,merge_r0.9_0618_0425,0,0.9,,,,0.3512,,,done,0618_0425,/sharedspace/models/Llama-3.1-8B-Instruct,/sharedspace/models/Llama-3.1-8B-Instruct,/home/xay/KVComm/snapshots/tmath,/home/xay/KVComm/snapshots/tmath/mtc_merge/merge_r0.9_0618_0425,/home/xay/KVComm/snapshots/tmath/mtc_merge/merge_r0.9_0618_0425/log.log,
table8,1,llama31_same,tmath,ReKV,mtc_receiver,recv_w16_r0.1_0618_0203,16,0.1,,,,0.3363,,,done,0618_0203,/sharedspace/models/Llama-3.1-8B-Instruct,/sharedspace/models/Llama-3.1-8B-Instruct,/home/xay/KVComm/snapshots/tmath,/home/xay/KVComm/snapshots/tmath/mtc_receiver/recv_w16_r0.1_0618_0203,/home/xay/KVComm/snapshots/tmath/mtc_receiver/recv_w16_r0.1_0618_0203/log.log,
table8,1,llama31_same,tmath,ReKV,mtc_receiver,recv_w16_r0.2_0618_0254,16,0.2,,,,0.3415,,,done,0618_0254,/sharedspace/models/Llama-3.1-8B-Instruct,/sharedspace/models/Llama-3.1-8B-Instruct,/home/xay/KVComm/snapshots/tmath,/home/xay/KVComm/snapshots/tmath/mtc_receiver/recv_w16_r0.2_0618_0254,/home/xay/KVComm/snapshots/tmath/mtc_receiver/recv_w16_r0.2_0618_0254/log.log,
table8,1,llama31_same,tmath,ReKV,mtc_receiver,recv_w16_r0.3_0618_0342,16,0.3,,,,0.3521,,,done,0618_0342,/sharedspace/models/Llama-3.1-8B-Instruct,/sharedspace/models/Llama-3.1-8B-Instruct,/home/xay/KVComm/snapshots/tmath,/home/xay/KVComm/snapshots/tmath/mtc_receiver/recv_w16_r0.3_0618_0342,/home/xay/KVComm/snapshots/tmath/mtc_receiver/recv_w16_r0.3_0618_0342/log.log,
table8,1,llama31_same,tmath,ReKV,mtc_receiver,recv_w16_r0.4_0618_0430,16,0.4,,,,0.3488,,,done,0618_0430,/sharedspace/models/Llama-3.1-8B-Instruct,/sharedspace/models/Llama-3.1-8B-Instruct,/home/xay/KVComm/snapshots/tmath,/home/xay/KVComm/snapshots/tmath/mtc_receiver/recv_w16_r0.4_0618_0430,/home/xay/KVComm/snapshots/tmath/mtc_receiver/recv_w16_r0.4_0618_0430/log.log,
table8,1,llama31_same,tmath,ReKV,mtc_receiver,recv_w16_r0.5_0618_0524,16,0.5,,,,0.3519,,,done,0618_0524,/sharedspace/models/Llama-3.1-8B-Instruct,/sharedspace/models/Llama-3.1-8B-Instruct,/home/xay/KVComm/snapshots/tmath,/home/xay/KVComm/snapshots/tmath/mtc_receiver/recv_w16_r0.5_0618_0524,/home/xay/KVComm/snapshots/tmath/mtc_receiver/recv_w16_r0.5_0618_0524/log.log,
table8,1,llama31_same,tmath,ReKV,mtc_receiver,recv_w16_r0.6_0618_0616,16,0.6,,,,0.3546,,,done,0618_0616,/sharedspace/models/Llama-3.1-8B-Instruct,/sharedspace/models/Llama-3.1-8B-Instruct,/home/xay/KVComm/snapshots/tmath,/home/xay/KVComm/snapshots/tmath/mtc_receiver/recv_w16_r0.6_0618_0616,/home/xay/KVComm/snapshots/tmath/mtc_receiver/recv_w16_r0.6_0618_0616/log.log,
table8,1,llama31_same,tmath,ReKV,mtc_receiver,recv_w16_r0.7_0618_0738,16,0.7,,,,0.3565,,,done,0618_0738,/sharedspace/models/Llama-3.1-8B-Instruct,/sharedspace/models/Llama-3.1-8B-Instruct,/home/xay/KVComm/snapshots/tmath,/home/xay/KVComm/snapshots/tmath/mtc_receiver/recv_w16_r0.7_0618_0738,/home/xay/KVComm/snapshots/tmath/mtc_receiver/recv_w16_r0.7_0618_0738/log.log,
table8,1,llama31_same,tmath,ReKV,mtc_receiver,recv_w16_r0.8_0618_0837,16,0.8,,,,0.3538,,,done,0618_0837,/sharedspace/models/Llama-3.1-8B-Instruct,/sharedspace/models/Llama-3.1-8B-Instruct,/home/xay/KVComm/snapshots/tmath,/home/xay/KVComm/snapshots/tmath/mtc_receiver/recv_w16_r0.8_0618_0837,/home/xay/KVComm/snapshots/tmath/mtc_receiver/recv_w16_r0.8_0618_0837/log.log,
table8,1,llama31_same,tmath,ReKV,mtc_receiver,recv_w16_r0.9_0618_0944,16,0.9,,,,0.3536,,,done,0618_0944,/sharedspace/models/Llama-3.1-8B-Instruct,/sharedspace/models/Llama-3.1-8B-Instruct,/home/xay/KVComm/snapshots/tmath,/home/xay/KVComm/snapshots/tmath/mtc_receiver/recv_w16_r0.9_0618_0944,/home/xay/KVComm/snapshots/tmath/mtc_receiver/recv_w16_r0.9_0618_0944/log.log,
table8,1,llama31_same,tmath,ReKV,mtc_receiver,recv_w8_r0.1_0617_1630,8,0.1,,,,0.3314,,,done,0617_1630,/sharedspace/models/Llama-3.1-8B-Instruct,/sharedspace/models/Llama-3.1-8B-Instruct,/home/xay/KVComm/snapshots/tmath,/home/xay/KVComm/snapshots/tmath/mtc_receiver/recv_w8_r0.1_0617_1630,/home/xay/KVComm/snapshots/tmath/mtc_receiver/recv_w8_r0.1_0617_1630/log.log,
table8,1,llama31_same,tmath,ReKV,mtc_receiver,recv_w8_r0.2_0617_1721,8,0.2,,,,0.3473,,,done,0617_1721,/sharedspace/models/Llama-3.1-8B-Instruct,/sharedspace/models/Llama-3.1-8B-Instruct,/home/xay/KVComm/snapshots/tmath,/home/xay/KVComm/snapshots/tmath/mtc_receiver/recv_w8_r0.2_0617_1721,/home/xay/KVComm/snapshots/tmath/mtc_receiver/recv_w8_r0.2_0617_1721/log.log,
table8,1,llama31_same,tmath,ReKV,mtc_receiver,recv_w8_r0.3_0617_1826,8,0.3,,,,0.3408,,,done,0617_1826,/sharedspace/models/Llama-3.1-8B-Instruct,/sharedspace/models/Llama-3.1-8B-Instruct,/home/xay/KVComm/snapshots/tmath,/home/xay/KVComm/snapshots/tmath/mtc_receiver/recv_w8_r0.3_0617_1826,/home/xay/KVComm/snapshots/tmath/mtc_receiver/recv_w8_r0.3_0617_1826/log.log,
table8,1,llama31_same,tmath,ReKV,mtc_receiver,recv_w8_r0.4_0617_1938,8,0.4,,,,0.3478,,,done,0617_1938,/sharedspace/models/Llama-3.1-8B-Instruct,/sharedspace/models/Llama-3.1-8B-Instruct,/home/xay/KVComm/snapshots/tmath,/home/xay/KVComm/snapshots/tmath/mtc_receiver/recv_w8_r0.4_0617_1938,/home/xay/KVComm/snapshots/tmath/mtc_receiver/recv_w8_r0.4_0617_1938/log.log,
table8,1,llama31_same,tmath,ReKV,mtc_receiver,recv_w8_r0.5_0617_2048,8,0.5,,,,0.3531,,,done,0617_2048,/sharedspace/models/Llama-3.1-8B-Instruct,/sharedspace/models/Llama-3.1-8B-Instruct,/home/xay/KVComm/snapshots/tmath,/home/xay/KVComm/snapshots/tmath/mtc_receiver/recv_w8_r0.5_0617_2048,/home/xay/KVComm/snapshots/tmath/mtc_receiver/recv_w8_r0.5_0617_2048/log.log,
table8,1,llama31_same,tmath,ReKV,mtc_receiver,recv_w8_r0.6_0617_2157,8,0.6,,,,0.3527,,,done,0617_2157,/sharedspace/models/Llama-3.1-8B-Instruct,/sharedspace/models/Llama-3.1-8B-Instruct,/home/xay/KVComm/snapshots/tmath,/home/xay/KVComm/snapshots/tmath/mtc_receiver/recv_w8_r0.6_0617_2157,/home/xay/KVComm/snapshots/tmath/mtc_receiver/recv_w8_r0.6_0617_2157/log.log,
table8,1,llama31_same,tmath,ReKV,mtc_receiver,recv_w8_r0.7_0617_2303,8,0.7,,,,0.356,,,done,0617_2303,/sharedspace/models/Llama-3.1-8B-Instruct,/sharedspace/models/Llama-3.1-8B-Instruct,/home/xay/KVComm/snapshots/tmath,/home/xay/KVComm/snapshots/tmath/mtc_receiver/recv_w8_r0.7_0617_2303,/home/xay/KVComm/snapshots/tmath/mtc_receiver/recv_w8_r0.7_0617_2303/log.log,
table8,1,llama31_same,tmath,ReKV,mtc_receiver,recv_w8_r0.8_0618_0010,8,0.8,,,,0.352,,,done,0618_0010,/sharedspace/models/Llama-3.1-8B-Instruct,/sharedspace/models/Llama-3.1-8B-Instruct,/home/xay/KVComm/snapshots/tmath,/home/xay/KVComm/snapshots/tmath/mtc_receiver/recv_w8_r0.8_0618_0010,/home/xay/KVComm/snapshots/tmath/mtc_receiver/recv_w8_r0.8_0618_0010/log.log,
table8,1,llama31_same,tmath,ReKV,mtc_receiver,recv_w8_r0.9_0618_0114,8,0.9,,,,0.3527,,,done,0618_0114,/sharedspace/models/Llama-3.1-8B-Instruct,/sharedspace/models/Llama-3.1-8B-Instruct,/home/xay/KVComm/snapshots/tmath,/home/xay/KVComm/snapshots/tmath/mtc_receiver/recv_w8_r0.9_0618_0114,/home/xay/KVComm/snapshots/tmath/mtc_receiver/recv_w8_r0.9_0618_0114/log.log,
table8,1,llama31_same,twowikimqa,budget-layer,budget,layer_r0.2_0619_0256,16,0.2,layer,,,0.435,0.22499998000000002,200,done,0619_0256,/sharedspace/models/Llama-3.1-8B-Instruct,/sharedspace/models/Llama-3.1-8B-Instruct,/home/xay/KVComm/snapshots/twowikimqa,/home/xay/KVComm/snapshots/twowikimqa/budget/layer_r0.2_0619_0256,/home/xay/KVComm/snapshots/twowikimqa/budget/layer_r0.2_0619_0256/log.log,/home/xay/KVComm/snapshots/twowikimqa/budget/layer_r0.2_0619_0256/per_sample.jsonl
table8,1,llama31_same,twowikimqa,budget-layer,budget,layer_r0.3_0619_0310,16,0.3,layer,,,0.42,0.32187475,200,done,0619_0310,/sharedspace/models/Llama-3.1-8B-Instruct,/sharedspace/models/Llama-3.1-8B-Instruct,/home/xay/KVComm/snapshots/twowikimqa,/home/xay/KVComm/snapshots/twowikimqa/budget/layer_r0.3_0619_0310,/home/xay/KVComm/snapshots/twowikimqa/budget/layer_r0.3_0619_0310/log.log,/home/xay/KVComm/snapshots/twowikimqa/budget/layer_r0.3_0619_0310/per_sample.jsonl
table8,1,llama31_same,twowikimqa,budget-layer,budget,layer_r0.5_0619_0324,16,0.5,layer,,,0.415,0.515625575,200,done,0619_0324,/sharedspace/models/Llama-3.1-8B-Instruct,/sharedspace/models/Llama-3.1-8B-Instruct,/home/xay/KVComm/snapshots/twowikimqa,/home/xay/KVComm/snapshots/twowikimqa/budget/layer_r0.5_0619_0324,/home/xay/KVComm/snapshots/twowikimqa/budget/layer_r0.5_0619_0324/log.log,/home/xay/KVComm/snapshots/twowikimqa/budget/layer_r0.5_0619_0324/per_sample.jsonl
table8,1,llama31_same,twowikimqa,budget-query,budget,query_0.05_0.3_0619_0330,16,0.2,query,,,0.445,0.17201847999999997,200,done,0619_0330,/sharedspace/models/Llama-3.1-8B-Instruct,/sharedspace/models/Llama-3.1-8B-Instruct,/home/xay/KVComm/snapshots/twowikimqa,/home/xay/KVComm/snapshots/twowikimqa/budget/query_0.05_0.3_0619_0330,/home/xay/KVComm/snapshots/twowikimqa/budget/query_0.05_0.3_0619_0330/log.log,/home/xay/KVComm/snapshots/twowikimqa/budget/query_0.05_0.3_0619_0330/per_sample.jsonl
table8,1,llama31_same,twowikimqa,budget-query,budget,query_0.15_0.7_0619_0359,16,0.2,query,,,0.42,0.37968697,200,done,0619_0359,/sharedspace/models/Llama-3.1-8B-Instruct,/sharedspace/models/Llama-3.1-8B-Instruct,/home/xay/KVComm/snapshots/twowikimqa,/home/xay/KVComm/snapshots/twowikimqa/budget/query_0.15_0.7_0619_0359,/home/xay/KVComm/snapshots/twowikimqa/budget/query_0.15_0.7_0619_0359/log.log,/home/xay/KVComm/snapshots/twowikimqa/budget/query_0.15_0.7_0619_0359/per_sample.jsonl
table8,1,llama31_same,twowikimqa,budget-query,budget,query_0.1_0.5_0619_0344,16,0.2,query,,,0.43,0.275853705,200,done,0619_0344,/sharedspace/models/Llama-3.1-8B-Instruct,/sharedspace/models/Llama-3.1-8B-Instruct,/home/xay/KVComm/snapshots/twowikimqa,/home/xay/KVComm/snapshots/twowikimqa/budget/query_0.1_0.5_0619_0344,/home/xay/KVComm/snapshots/twowikimqa/budget/query_0.1_0.5_0619_0344/log.log,/home/xay/KVComm/snapshots/twowikimqa/budget/query_0.1_0.5_0619_0344/per_sample.jsonl
table8,1,llama31_same,twowikimqa,budget-query+layer,budget,querylayer_0.05_0.3_0619_0337,16,0.2,query+layer,,,0.445,0.172017915,200,done,0619_0337,/sharedspace/models/Llama-3.1-8B-Instruct,/sharedspace/models/Llama-3.1-8B-Instruct,/home/xay/KVComm/snapshots/twowikimqa,/home/xay/KVComm/snapshots/twowikimqa/budget/querylayer_0.05_0.3_0619_0337,/home/xay/KVComm/snapshots/twowikimqa/budget/querylayer_0.05_0.3_0619_0337/log.log,/home/xay/KVComm/snapshots/twowikimqa/budget/querylayer_0.05_0.3_0619_0337/per_sample.jsonl
table8,1,llama31_same,twowikimqa,budget-query+layer,budget,querylayer_0.15_0.7_0619_0406,16,0.2,query+layer,,,0.415,0.37968805000000005,200,done,0619_0406,/sharedspace/models/Llama-3.1-8B-Instruct,/sharedspace/models/Llama-3.1-8B-Instruct,/home/xay/KVComm/snapshots/twowikimqa,/home/xay/KVComm/snapshots/twowikimqa/budget/querylayer_0.15_0.7_0619_0406,/home/xay/KVComm/snapshots/twowikimqa/budget/querylayer_0.15_0.7_0619_0406/log.log,/home/xay/KVComm/snapshots/twowikimqa/budget/querylayer_0.15_0.7_0619_0406/per_sample.jsonl
table8,1,llama31_same,twowikimqa,budget-query+layer,budget,querylayer_0.1_0.5_0619_0352,16,0.2,query+layer,,,0.425,0.27585331,200,done,0619_0352,/sharedspace/models/Llama-3.1-8B-Instruct,/sharedspace/models/Llama-3.1-8B-Instruct,/home/xay/KVComm/snapshots/twowikimqa,/home/xay/KVComm/snapshots/twowikimqa/budget/querylayer_0.1_0.5_0619_0352,/home/xay/KVComm/snapshots/twowikimqa/budget/querylayer_0.1_0.5_0619_0352/log.log,/home/xay/KVComm/snapshots/twowikimqa/budget/querylayer_0.1_0.5_0619_0352/per_sample.jsonl
table8,1,llama31_same,twowikimqa,budget-uniform,budget,uniform_r0.2_0619_0249,16,0.2,uniform,,,0.425,0.22499444000000002,200,done,0619_0249,/sharedspace/models/Llama-3.1-8B-Instruct,/sharedspace/models/Llama-3.1-8B-Instruct,/home/xay/KVComm/snapshots/twowikimqa,/home/xay/KVComm/snapshots/twowikimqa/budget/uniform_r0.2_0619_0249,/home/xay/KVComm/snapshots/twowikimqa/budget/uniform_r0.2_0619_0249/log.log,/home/xay/KVComm/snapshots/twowikimqa/budget/uniform_r0.2_0619_0249/per_sample.jsonl
table8,1,llama31_same,twowikimqa,budget-uniform,budget,uniform_r0.3_0619_0303,16,0.3,uniform,,,0.41,0.32187672,200,done,0619_0303,/sharedspace/models/Llama-3.1-8B-Instruct,/sharedspace/models/Llama-3.1-8B-Instruct,/home/xay/KVComm/snapshots/twowikimqa,/home/xay/KVComm/snapshots/twowikimqa/budget/uniform_r0.3_0619_0303,/home/xay/KVComm/snapshots/twowikimqa/budget/uniform_r0.3_0619_0303/log.log,/home/xay/KVComm/snapshots/twowikimqa/budget/uniform_r0.3_0619_0303/per_sample.jsonl
table8,1,llama31_same,twowikimqa,budget-uniform,budget,uniform_r0.5_0619_0317,16,0.5,uniform,,,0.41,0.51561609,200,done,0619_0317,/sharedspace/models/Llama-3.1-8B-Instruct,/sharedspace/models/Llama-3.1-8B-Instruct,/home/xay/KVComm/snapshots/twowikimqa,/home/xay/KVComm/snapshots/twowikimqa/budget/uniform_r0.5_0619_0317,/home/xay/KVComm/snapshots/twowikimqa/budget/uniform_r0.5_0619_0317/log.log,/home/xay/KVComm/snapshots/twowikimqa/budget/uniform_r0.5_0619_0317/per_sample.jsonl
table8,1,llama31_same,twowikimqa,B-ReKV,coverage,cov_t0.90_s0.4_w16_0623_1718,16,,coverage,0.9,0.4,0.4,0.08969387,200,done,0623_1718,/sharedspace/models/Llama-3.1-8B-Instruct,/sharedspace/models/Llama-3.1-8B-Instruct,/home/xay/KVComm/snapshots/twowikimqa,/home/xay/KVComm/snapshots/twowikimqa/coverage/cov_t0.90_s0.4_w16_0623_1718,/home/xay/KVComm/snapshots/twowikimqa/coverage/cov_t0.90_s0.4_w16_0623_1718/log.log,/home/xay/KVComm/snapshots/twowikimqa/coverage/cov_t0.90_s0.4_w16_0623_1718/per_sample.jsonl
table8,1,llama31_same,twowikimqa,B-ReKV,coverage,cov_t0.90_s0.5_w16_0623_1725,16,,coverage,0.9,0.5,0.405,0.09808971500000001,200,done,0623_1725,/sharedspace/models/Llama-3.1-8B-Instruct,/sharedspace/models/Llama-3.1-8B-Instruct,/home/xay/KVComm/snapshots/twowikimqa,/home/xay/KVComm/snapshots/twowikimqa/coverage/cov_t0.90_s0.5_w16_0623_1725,/home/xay/KVComm/snapshots/twowikimqa/coverage/cov_t0.90_s0.5_w16_0623_1725/log.log,/home/xay/KVComm/snapshots/twowikimqa/coverage/cov_t0.90_s0.5_w16_0623_1725/per_sample.jsonl
table8,1,llama31_same,twowikimqa,B-ReKV,coverage,cov_t0.90_s0.6_w16_0623_1731,16,,coverage,0.9,0.6,0.42,0.107635985,200,done,0623_1731,/sharedspace/models/Llama-3.1-8B-Instruct,/sharedspace/models/Llama-3.1-8B-Instruct,/home/xay/KVComm/snapshots/twowikimqa,/home/xay/KVComm/snapshots/twowikimqa/coverage/cov_t0.90_s0.6_w16_0623_1731,/home/xay/KVComm/snapshots/twowikimqa/coverage/cov_t0.90_s0.6_w16_0623_1731/log.log,/home/xay/KVComm/snapshots/twowikimqa/coverage/cov_t0.90_s0.6_w16_0623_1731/per_sample.jsonl
table8,1,llama31_same,twowikimqa,B-ReKV,coverage,cov_t0.90_s0.7_w16_0623_1737,16,,coverage,0.9,0.7,0.42,0.11784918,200,done,0623_1737,/sharedspace/models/Llama-3.1-8B-Instruct,/sharedspace/models/Llama-3.1-8B-Instruct,/home/xay/KVComm/snapshots/twowikimqa,/home/xay/KVComm/snapshots/twowikimqa/coverage/cov_t0.90_s0.7_w16_0623_1737,/home/xay/KVComm/snapshots/twowikimqa/coverage/cov_t0.90_s0.7_w16_0623_1737/log.log,/home/xay/KVComm/snapshots/twowikimqa/coverage/cov_t0.90_s0.7_w16_0623_1737/per_sample.jsonl
table8,1,llama31_same,twowikimqa,B-ReKV,coverage,cov_t0.95_s0.75_w8_0624_2202,8,,coverage,0.95,0.75,0.41,0.18156496,200,done,0624_2202,/sharedspace/models/Llama-3.1-8B-Instruct,/sharedspace/models/Llama-3.1-8B-Instruct,/home/xay/KVComm/snapshots/twowikimqa,/home/xay/KVComm/snapshots/twowikimqa/coverage/cov_t0.95_s0.75_w8_0624_2202,/home/xay/KVComm/snapshots/twowikimqa/coverage/cov_t0.95_s0.75_w8_0624_2202/log.log,/home/xay/KVComm/snapshots/twowikimqa/coverage/cov_t0.95_s0.75_w8_0624_2202/per_sample.jsonl
table8,1,llama31_same,twowikimqa,B-ReKV,coverage,cov_t0.95_s0.85_w8_0624_2209,8,,coverage,0.95,0.85,0.41,0.20142641,200,done,0624_2209,/sharedspace/models/Llama-3.1-8B-Instruct,/sharedspace/models/Llama-3.1-8B-Instruct,/home/xay/KVComm/snapshots/twowikimqa,/home/xay/KVComm/snapshots/twowikimqa/coverage/cov_t0.95_s0.85_w8_0624_2209,/home/xay/KVComm/snapshots/twowikimqa/coverage/cov_t0.95_s0.85_w8_0624_2209/log.log,/home/xay/KVComm/snapshots/twowikimqa/coverage/cov_t0.95_s0.85_w8_0624_2209/per_sample.jsonl
table8,1,llama31_same,twowikimqa,B-ReKV,coverage,cov_t0.95_s0.90_w16_0624_2216,16,,coverage,0.95,0.9,0.41,0.261207915,200,done,0624_2216,/sharedspace/models/Llama-3.1-8B-Instruct,/sharedspace/models/Llama-3.1-8B-Instruct,/home/xay/KVComm/snapshots/twowikimqa,/home/xay/KVComm/snapshots/twowikimqa/coverage/cov_t0.95_s0.90_w16_0624_2216,/home/xay/KVComm/snapshots/twowikimqa/coverage/cov_t0.95_s0.90_w16_0624_2216/log.log,/home/xay/KVComm/snapshots/twowikimqa/coverage/cov_t0.95_s0.90_w16_0624_2216/per_sample.jsonl
table8,1,llama31_same,twowikimqa,pass1-features,features,feat_w16_0622_1539,16,0.2,uniform,,,,,,unknown,0622_1539,/sharedspace/models/Llama-3.1-8B-Instruct,/sharedspace/models/Llama-3.1-8B-Instruct,/home/xay/KVComm/snapshots/twowikimqa,/home/xay/KVComm/snapshots/twowikimqa/features/feat_w16_0622_1539,/home/xay/KVComm/snapshots/twowikimqa/features/feat_w16_0622_1539/log.log,
table8,1,llama31_same,twowikimqa,KVComm,kvcomm,kvcomm_top0.3_0617_1415,0,0.3,,,,0.295,,,done,0617_1415,/sharedspace/models/Llama-3.1-8B-Instruct,/sharedspace/models/Llama-3.1-8B-Instruct,/home/xay/KVComm/snapshots/twowikimqa,/home/xay/KVComm/snapshots/twowikimqa/kvcomm/kvcomm_top0.3_0617_1415,/home/xay/KVComm/snapshots/twowikimqa/kvcomm/kvcomm_top0.3_0617_1415/log.log,
table8,1,llama31_same,twowikimqa,KVComm,kvcomm,kvcomm_top0.5_0617_1425,0,0.5,,,,0.375,,,done,0617_1425,/sharedspace/models/Llama-3.1-8B-Instruct,/sharedspace/models/Llama-3.1-8B-Instruct,/home/xay/KVComm/snapshots/twowikimqa,/home/xay/KVComm/snapshots/twowikimqa/kvcomm/kvcomm_top0.5_0617_1425,/home/xay/KVComm/snapshots/twowikimqa/kvcomm/kvcomm_top0.5_0617_1425/log.log,
table8,1,llama31_same,twowikimqa,KVComm,kvcomm,kvcomm_top0.7_0617_1431,0,0.7,,,,0.4,,,done,0617_1431,/sharedspace/models/Llama-3.1-8B-Instruct,/sharedspace/models/Llama-3.1-8B-Instruct,/home/xay/KVComm/snapshots/twowikimqa,/home/xay/KVComm/snapshots/twowikimqa/kvcomm/kvcomm_top0.7_0617_1431,/home/xay/KVComm/snapshots/twowikimqa/kvcomm/kvcomm_top0.7_0617_1431/log.log,
table8,1,llama31_same,twowikimqa,KVComm,kvcomm,kvcomm_top1.0_0617_1438,0,1.0,,,,0.465,,,done,0617_1438,/sharedspace/models/Llama-3.1-8B-Instruct,/sharedspace/models/Llama-3.1-8B-Instruct,/home/xay/KVComm/snapshots/twowikimqa,/home/xay/KVComm/snapshots/twowikimqa/kvcomm/kvcomm_top1.0_0617_1438,/home/xay/KVComm/snapshots/twowikimqa/kvcomm/kvcomm_top1.0_0617_1438/log.log,
table8,1,llama31_same,twowikimqa,evict,mtc_evict,evict_r0.1_0617_1546,0,0.1,,,,0.18,,,done,0617_1546,/sharedspace/models/Llama-3.1-8B-Instruct,/sharedspace/models/Llama-3.1-8B-Instruct,/home/xay/KVComm/snapshots/twowikimqa,/home/xay/KVComm/snapshots/twowikimqa/mtc_evict/evict_r0.1_0617_1546,/home/xay/KVComm/snapshots/twowikimqa/mtc_evict/evict_r0.1_0617_1546/log.log,
table8,1,llama31_same,twowikimqa,evict,mtc_evict,evict_r0.2_0617_1552,0,0.2,,,,0.29,,,done,0617_1552,/sharedspace/models/Llama-3.1-8B-Instruct,/sharedspace/models/Llama-3.1-8B-Instruct,/home/xay/KVComm/snapshots/twowikimqa,/home/xay/KVComm/snapshots/twowikimqa/mtc_evict/evict_r0.2_0617_1552,/home/xay/KVComm/snapshots/twowikimqa/mtc_evict/evict_r0.2_0617_1552/log.log,
table8,1,llama31_same,twowikimqa,evict,mtc_evict,evict_r0.3_0617_1558,0,0.3,,,,0.325,,,done,0617_1558,/sharedspace/models/Llama-3.1-8B-Instruct,/sharedspace/models/Llama-3.1-8B-Instruct,/home/xay/KVComm/snapshots/twowikimqa,/home/xay/KVComm/snapshots/twowikimqa/mtc_evict/evict_r0.3_0617_1558,/home/xay/KVComm/snapshots/twowikimqa/mtc_evict/evict_r0.3_0617_1558/log.log,
table8,1,llama31_same,twowikimqa,evict,mtc_evict,evict_r0.4_0617_1604,0,0.4,,,,0.395,,,done,0617_1604,/sharedspace/models/Llama-3.1-8B-Instruct,/sharedspace/models/Llama-3.1-8B-Instruct,/home/xay/KVComm/snapshots/twowikimqa,/home/xay/KVComm/snapshots/twowikimqa/mtc_evict/evict_r0.4_0617_1604,/home/xay/KVComm/snapshots/twowikimqa/mtc_evict/evict_r0.4_0617_1604/log.log,
table8,1,llama31_same,twowikimqa,evict,mtc_evict,evict_r0.5_0617_1610,0,0.5,,,,0.41,,,done,0617_1610,/sharedspace/models/Llama-3.1-8B-Instruct,/sharedspace/models/Llama-3.1-8B-Instruct,/home/xay/KVComm/snapshots/twowikimqa,/home/xay/KVComm/snapshots/twowikimqa/mtc_evict/evict_r0.5_0617_1610,/home/xay/KVComm/snapshots/twowikimqa/mtc_evict/evict_r0.5_0617_1610/log.log,
table8,1,llama31_same,twowikimqa,evict,mtc_evict,evict_r0.6_0617_1616,0,0.6,,,,0.41,,,done,0617_1616,/sharedspace/models/Llama-3.1-8B-Instruct,/sharedspace/models/Llama-3.1-8B-Instruct,/home/xay/KVComm/snapshots/twowikimqa,/home/xay/KVComm/snapshots/twowikimqa/mtc_evict/evict_r0.6_0617_1616,/home/xay/KVComm/snapshots/twowikimqa/mtc_evict/evict_r0.6_0617_1616/log.log,
table8,1,llama31_same,twowikimqa,evict,mtc_evict,evict_r0.7_0617_1622,0,0.7,,,,0.445,,,done,0617_1622,/sharedspace/models/Llama-3.1-8B-Instruct,/sharedspace/models/Llama-3.1-8B-Instruct,/home/xay/KVComm/snapshots/twowikimqa,/home/xay/KVComm/snapshots/twowikimqa/mtc_evict/evict_r0.7_0617_1622,/home/xay/KVComm/snapshots/twowikimqa/mtc_evict/evict_r0.7_0617_1622/log.log,
table8,1,llama31_same,twowikimqa,evict,mtc_evict,evict_r0.8_0617_1627,0,0.8,,,,0.42,,,done,0617_1627,/sharedspace/models/Llama-3.1-8B-Instruct,/sharedspace/models/Llama-3.1-8B-Instruct,/home/xay/KVComm/snapshots/twowikimqa,/home/xay/KVComm/snapshots/twowikimqa/mtc_evict/evict_r0.8_0617_1627,/home/xay/KVComm/snapshots/twowikimqa/mtc_evict/evict_r0.8_0617_1627/log.log,
table8,1,llama31_same,twowikimqa,evict,mtc_evict,evict_r0.9_0617_1633,0,0.9,,,,0.42,,,done,0617_1633,/sharedspace/models/Llama-3.1-8B-Instruct,/sharedspace/models/Llama-3.1-8B-Instruct,/home/xay/KVComm/snapshots/twowikimqa,/home/xay/KVComm/snapshots/twowikimqa/mtc_evict/evict_r0.9_0617_1633,/home/xay/KVComm/snapshots/twowikimqa/mtc_evict/evict_r0.9_0617_1633/log.log,
table8,1,llama31_same,twowikimqa,merge,mtc_merge,merge_r0.1_0617_1444,0,0.1,,,,0.105,,,done,0617_1444,/sharedspace/models/Llama-3.1-8B-Instruct,/sharedspace/models/Llama-3.1-8B-Instruct,/home/xay/KVComm/snapshots/twowikimqa,/home/xay/KVComm/snapshots/twowikimqa/mtc_merge/merge_r0.1_0617_1444,/home/xay/KVComm/snapshots/twowikimqa/mtc_merge/merge_r0.1_0617_1444/log.log,
table8,1,llama31_same,twowikimqa,merge,mtc_merge,merge_r0.2_0617_1451,0,0.2,,,,0.23,,,done,0617_1451,/sharedspace/models/Llama-3.1-8B-Instruct,/sharedspace/models/Llama-3.1-8B-Instruct,/home/xay/KVComm/snapshots/twowikimqa,/home/xay/KVComm/snapshots/twowikimqa/mtc_merge/merge_r0.2_0617_1451,/home/xay/KVComm/snapshots/twowikimqa/mtc_merge/merge_r0.2_0617_1451/log.log,
table8,1,llama31_same,twowikimqa,merge,mtc_merge,merge_r0.3_0617_1459,0,0.3,,,,0.305,,,done,0617_1459,/sharedspace/models/Llama-3.1-8B-Instruct,/sharedspace/models/Llama-3.1-8B-Instruct,/home/xay/KVComm/snapshots/twowikimqa,/home/xay/KVComm/snapshots/twowikimqa/mtc_merge/merge_r0.3_0617_1459,/home/xay/KVComm/snapshots/twowikimqa/mtc_merge/merge_r0.3_0617_1459/log.log,
table8,1,llama31_same,twowikimqa,merge,mtc_merge,merge_r0.4_0617_1506,0,0.4,,,,0.375,,,done,0617_1506,/sharedspace/models/Llama-3.1-8B-Instruct,/sharedspace/models/Llama-3.1-8B-Instruct,/home/xay/KVComm/snapshots/twowikimqa,/home/xay/KVComm/snapshots/twowikimqa/mtc_merge/merge_r0.4_0617_1506,/home/xay/KVComm/snapshots/twowikimqa/mtc_merge/merge_r0.4_0617_1506/log.log,
table8,1,llama31_same,twowikimqa,merge,mtc_merge,merge_r0.5_0617_1512,0,0.5,,,,0.37,,,done,0617_1512,/sharedspace/models/Llama-3.1-8B-Instruct,/sharedspace/models/Llama-3.1-8B-Instruct,/home/xay/KVComm/snapshots/twowikimqa,/home/xay/KVComm/snapshots/twowikimqa/mtc_merge/merge_r0.5_0617_1512,/home/xay/KVComm/snapshots/twowikimqa/mtc_merge/merge_r0.5_0617_1512/log.log,
table8,1,llama31_same,twowikimqa,merge,mtc_merge,merge_r0.6_0617_1519,0,0.6,,,,0.41,,,done,0617_1519,/sharedspace/models/Llama-3.1-8B-Instruct,/sharedspace/models/Llama-3.1-8B-Instruct,/home/xay/KVComm/snapshots/twowikimqa,/home/xay/KVComm/snapshots/twowikimqa/mtc_merge/merge_r0.6_0617_1519,/home/xay/KVComm/snapshots/twowikimqa/mtc_merge/merge_r0.6_0617_1519/log.log,
table8,1,llama31_same,twowikimqa,merge,mtc_merge,merge_r0.7_0617_1525,0,0.7,,,,0.45,,,done,0617_1525,/sharedspace/models/Llama-3.1-8B-Instruct,/sharedspace/models/Llama-3.1-8B-Instruct,/home/xay/KVComm/snapshots/twowikimqa,/home/xay/KVComm/snapshots/twowikimqa/mtc_merge/merge_r0.7_0617_1525,/home/xay/KVComm/snapshots/twowikimqa/mtc_merge/merge_r0.7_0617_1525/log.log,
table8,1,llama31_same,twowikimqa,merge,mtc_merge,merge_r0.8_0617_1532,0,0.8,,,,0.435,,,done,0617_1532,/sharedspace/models/Llama-3.1-8B-Instruct,/sharedspace/models/Llama-3.1-8B-Instruct,/home/xay/KVComm/snapshots/twowikimqa,/home/xay/KVComm/snapshots/twowikimqa/mtc_merge/merge_r0.8_0617_1532,/home/xay/KVComm/snapshots/twowikimqa/mtc_merge/merge_r0.8_0617_1532/log.log,
table8,1,llama31_same,twowikimqa,merge,mtc_merge,merge_r0.9_0617_1539,0,0.9,,,,0.41,,,done,0617_1539,/sharedspace/models/Llama-3.1-8B-Instruct,/sharedspace/models/Llama-3.1-8B-Instruct,/home/xay/KVComm/snapshots/twowikimqa,/home/xay/KVComm/snapshots/twowikimqa/mtc_merge/merge_r0.9_0617_1539,/home/xay/KVComm/snapshots/twowikimqa/mtc_merge/merge_r0.9_0617_1539/log.log,
table8,1,llama31_same,twowikimqa,ReKV-probe,mtc_receiver,probe_recv_w16_r0.05_0618_2241,16,0.05,,,,0.4,,200,done,0618_2241,/sharedspace/models/Llama-3.1-8B-Instruct,/sharedspace/models/Llama-3.1-8B-Instruct,/home/xay/KVComm/snapshots/twowikimqa,/home/xay/KVComm/snapshots/twowikimqa/mtc_receiver/probe_recv_w16_r0.05_0618_2241,/home/xay/KVComm/snapshots/twowikimqa/mtc_receiver/probe_recv_w16_r0.05_0618_2241/log.log,/home/xay/KVComm/snapshots/twowikimqa/mtc_receiver/probe_recv_w16_r0.05_0618_2241/per_sample.jsonl
table8,1,llama31_same,twowikimqa,ReKV-probe,mtc_receiver,probe_recv_w16_r0.15_0618_2258,16,0.15,,,,0.435,,200,done,0618_2258,/sharedspace/models/Llama-3.1-8B-Instruct,/sharedspace/models/Llama-3.1-8B-Instruct,/home/xay/KVComm/snapshots/twowikimqa,/home/xay/KVComm/snapshots/twowikimqa/mtc_receiver/probe_recv_w16_r0.15_0618_2258,/home/xay/KVComm/snapshots/twowikimqa/mtc_receiver/probe_recv_w16_r0.15_0618_2258/log.log,/home/xay/KVComm/snapshots/twowikimqa/mtc_receiver/probe_recv_w16_r0.15_0618_2258/per_sample.jsonl
table8,1,llama31_same,twowikimqa,ReKV-probe,mtc_receiver,probe_recv_w16_r0.1_0618_2251,16,0.1,,,,0.44,,200,done,0618_2251,/sharedspace/models/Llama-3.1-8B-Instruct,/sharedspace/models/Llama-3.1-8B-Instruct,/home/xay/KVComm/snapshots/twowikimqa,/home/xay/KVComm/snapshots/twowikimqa/mtc_receiver/probe_recv_w16_r0.1_0618_2251,/home/xay/KVComm/snapshots/twowikimqa/mtc_receiver/probe_recv_w16_r0.1_0618_2251/log.log,/home/xay/KVComm/snapshots/twowikimqa/mtc_receiver/probe_recv_w16_r0.1_0618_2251/per_sample.jsonl
table8,1,llama31_same,twowikimqa,ReKV-probe,mtc_receiver,probe_recv_w16_r0.2_0618_2304,16,0.2,,,,0.425,,200,done,0618_2304,/sharedspace/models/Llama-3.1-8B-Instruct,/sharedspace/models/Llama-3.1-8B-Instruct,/home/xay/KVComm/snapshots/twowikimqa,/home/xay/KVComm/snapshots/twowikimqa/mtc_receiver/probe_recv_w16_r0.2_0618_2304,/home/xay/KVComm/snapshots/twowikimqa/mtc_receiver/probe_recv_w16_r0.2_0618_2304/log.log,/home/xay/KVComm/snapshots/twowikimqa/mtc_receiver/probe_recv_w16_r0.2_0618_2304/per_sample.jsonl
table8,1,llama31_same,twowikimqa,ReKV-probe,mtc_receiver,probe_recv_w16_r0.3_0618_2311,16,0.3,,,,0.41,,200,done,0618_2311,/sharedspace/models/Llama-3.1-8B-Instruct,/sharedspace/models/Llama-3.1-8B-Instruct,/home/xay/KVComm/snapshots/twowikimqa,/home/xay/KVComm/snapshots/twowikimqa/mtc_receiver/probe_recv_w16_r0.3_0618_2311,/home/xay/KVComm/snapshots/twowikimqa/mtc_receiver/probe_recv_w16_r0.3_0618_2311/log.log,/home/xay/KVComm/snapshots/twowikimqa/mtc_receiver/probe_recv_w16_r0.3_0618_2311/per_sample.jsonl
table8,1,llama31_same,twowikimqa,ReKV-probe,mtc_receiver,probe_recv_w16_r0.4_0618_2317,16,0.4,,,,0.41,,200,done,0618_2317,/sharedspace/models/Llama-3.1-8B-Instruct,/sharedspace/models/Llama-3.1-8B-Instruct,/home/xay/KVComm/snapshots/twowikimqa,/home/xay/KVComm/snapshots/twowikimqa/mtc_receiver/probe_recv_w16_r0.4_0618_2317,/home/xay/KVComm/snapshots/twowikimqa/mtc_receiver/probe_recv_w16_r0.4_0618_2317/log.log,/home/xay/KVComm/snapshots/twowikimqa/mtc_receiver/probe_recv_w16_r0.4_0618_2317/per_sample.jsonl
table8,1,llama31_same,twowikimqa,ReKV-probe,mtc_receiver,probe_recv_w16_r0.5_0618_2325,16,0.5,,,,0.41,,200,done,0618_2325,/sharedspace/models/Llama-3.1-8B-Instruct,/sharedspace/models/Llama-3.1-8B-Instruct,/home/xay/KVComm/snapshots/twowikimqa,/home/xay/KVComm/snapshots/twowikimqa/mtc_receiver/probe_recv_w16_r0.5_0618_2325,/home/xay/KVComm/snapshots/twowikimqa/mtc_receiver/probe_recv_w16_r0.5_0618_2325/log.log,/home/xay/KVComm/snapshots/twowikimqa/mtc_receiver/probe_recv_w16_r0.5_0618_2325/per_sample.jsonl
table8,1,llama31_same,twowikimqa,ReKV-probe,mtc_receiver,probe_recv_w16_r0.7_0618_2331,16,0.7,,,,0.425,,200,done,0618_2331,/sharedspace/models/Llama-3.1-8B-Instruct,/sharedspace/models/Llama-3.1-8B-Instruct,/home/xay/KVComm/snapshots/twowikimqa,/home/xay/KVComm/snapshots/twowikimqa/mtc_receiver/probe_recv_w16_r0.7_0618_2331,/home/xay/KVComm/snapshots/twowikimqa/mtc_receiver/probe_recv_w16_r0.7_0618_2331/log.log,/home/xay/KVComm/snapshots/twowikimqa/mtc_receiver/probe_recv_w16_r0.7_0618_2331/per_sample.jsonl
table8,1,llama31_same,twowikimqa,ReKV,mtc_receiver,recv_w16_r0.1_0617_1523,16,0.1,,,,0.44,,,done,0617_1523,/sharedspace/models/Llama-3.1-8B-Instruct,/sharedspace/models/Llama-3.1-8B-Instruct,/home/xay/KVComm/snapshots/twowikimqa,/home/xay/KVComm/snapshots/twowikimqa/mtc_receiver/recv_w16_r0.1_0617_1523,/home/xay/KVComm/snapshots/twowikimqa/mtc_receiver/recv_w16_r0.1_0617_1523/log.log,
table8,1,llama31_same,twowikimqa,ReKV,mtc_receiver,recv_w16_r0.2_0617_1530,16,0.2,,,,0.425,,,done,0617_1530,/sharedspace/models/Llama-3.1-8B-Instruct,/sharedspace/models/Llama-3.1-8B-Instruct,/home/xay/KVComm/snapshots/twowikimqa,/home/xay/KVComm/snapshots/twowikimqa/mtc_receiver/recv_w16_r0.2_0617_1530,/home/xay/KVComm/snapshots/twowikimqa/mtc_receiver/recv_w16_r0.2_0617_1530/log.log,
table8,1,llama31_same,twowikimqa,ReKV,mtc_receiver,recv_w16_r0.3_0617_1536,16,0.3,,,,0.41,,,done,0617_1536,/sharedspace/models/Llama-3.1-8B-Instruct,/sharedspace/models/Llama-3.1-8B-Instruct,/home/xay/KVComm/snapshots/twowikimqa,/home/xay/KVComm/snapshots/twowikimqa/mtc_receiver/recv_w16_r0.3_0617_1536,/home/xay/KVComm/snapshots/twowikimqa/mtc_receiver/recv_w16_r0.3_0617_1536/log.log,
table8,1,llama31_same,twowikimqa,ReKV,mtc_receiver,recv_w16_r0.4_0617_1543,16,0.4,,,,0.41,,,done,0617_1543,/sharedspace/models/Llama-3.1-8B-Instruct,/sharedspace/models/Llama-3.1-8B-Instruct,/home/xay/KVComm/snapshots/twowikimqa,/home/xay/KVComm/snapshots/twowikimqa/mtc_receiver/recv_w16_r0.4_0617_1543,/home/xay/KVComm/snapshots/twowikimqa/mtc_receiver/recv_w16_r0.4_0617_1543/log.log,
table8,1,llama31_same,twowikimqa,ReKV,mtc_receiver,recv_w16_r0.5_0617_1549,16,0.5,,,,0.41,,,done,0617_1549,/sharedspace/models/Llama-3.1-8B-Instruct,/sharedspace/models/Llama-3.1-8B-Instruct,/home/xay/KVComm/snapshots/twowikimqa,/home/xay/KVComm/snapshots/twowikimqa/mtc_receiver/recv_w16_r0.5_0617_1549,/home/xay/KVComm/snapshots/twowikimqa/mtc_receiver/recv_w16_r0.5_0617_1549/log.log,
table8,1,llama31_same,twowikimqa,ReKV,mtc_receiver,recv_w16_r0.6_0617_1556,16,0.6,,,,0.415,,,done,0617_1556,/sharedspace/models/Llama-3.1-8B-Instruct,/sharedspace/models/Llama-3.1-8B-Instruct,/home/xay/KVComm/snapshots/twowikimqa,/home/xay/KVComm/snapshots/twowikimqa/mtc_receiver/recv_w16_r0.6_0617_1556,/home/xay/KVComm/snapshots/twowikimqa/mtc_receiver/recv_w16_r0.6_0617_1556/log.log,
table8,1,llama31_same,twowikimqa,ReKV,mtc_receiver,recv_w16_r0.7_0617_1603,16,0.7,,,,0.425,,,done,0617_1603,/sharedspace/models/Llama-3.1-8B-Instruct,/sharedspace/models/Llama-3.1-8B-Instruct,/home/xay/KVComm/snapshots/twowikimqa,/home/xay/KVComm/snapshots/twowikimqa/mtc_receiver/recv_w16_r0.7_0617_1603,/home/xay/KVComm/snapshots/twowikimqa/mtc_receiver/recv_w16_r0.7_0617_1603/log.log,
table8,1,llama31_same,twowikimqa,ReKV,mtc_receiver,recv_w16_r0.8_0617_1609,16,0.8,,,,0.425,,,done,0617_1609,/sharedspace/models/Llama-3.1-8B-Instruct,/sharedspace/models/Llama-3.1-8B-Instruct,/home/xay/KVComm/snapshots/twowikimqa,/home/xay/KVComm/snapshots/twowikimqa/mtc_receiver/recv_w16_r0.8_0617_1609,/home/xay/KVComm/snapshots/twowikimqa/mtc_receiver/recv_w16_r0.8_0617_1609/log.log,
table8,1,llama31_same,twowikimqa,ReKV,mtc_receiver,recv_w16_r0.9_0617_1617,16,0.9,,,,0.43,,,done,0617_1617,/sharedspace/models/Llama-3.1-8B-Instruct,/sharedspace/models/Llama-3.1-8B-Instruct,/home/xay/KVComm/snapshots/twowikimqa,/home/xay/KVComm/snapshots/twowikimqa/mtc_receiver/recv_w16_r0.9_0617_1617,/home/xay/KVComm/snapshots/twowikimqa/mtc_receiver/recv_w16_r0.9_0617_1617/log.log,
table8,1,llama31_same,twowikimqa,ReKV,mtc_receiver,recv_w8_r0.1_0617_1415,8,0.1,,,,0.395,,,done,0617_1415,/sharedspace/models/Llama-3.1-8B-Instruct,/sharedspace/models/Llama-3.1-8B-Instruct,/home/xay/KVComm/snapshots/twowikimqa,/home/xay/KVComm/snapshots/twowikimqa/mtc_receiver/recv_w8_r0.1_0617_1415,/home/xay/KVComm/snapshots/twowikimqa/mtc_receiver/recv_w8_r0.1_0617_1415/log.log,
table8,1,llama31_same,twowikimqa,ReKV,mtc_receiver,recv_w8_r0.2_0617_1426,8,0.2,,,,0.4,,,done,0617_1426,/sharedspace/models/Llama-3.1-8B-Instruct,/sharedspace/models/Llama-3.1-8B-Instruct,/home/xay/KVComm/snapshots/twowikimqa,/home/xay/KVComm/snapshots/twowikimqa/mtc_receiver/recv_w8_r0.2_0617_1426,/home/xay/KVComm/snapshots/twowikimqa/mtc_receiver/recv_w8_r0.2_0617_1426/log.log,
table8,1,llama31_same,twowikimqa,ReKV,mtc_receiver,recv_w8_r0.3_0617_1434,8,0.3,,,,0.405,,,done,0617_1434,/sharedspace/models/Llama-3.1-8B-Instruct,/sharedspace/models/Llama-3.1-8B-Instruct,/home/xay/KVComm/snapshots/twowikimqa,/home/xay/KVComm/snapshots/twowikimqa/mtc_receiver/recv_w8_r0.3_0617_1434,/home/xay/KVComm/snapshots/twowikimqa/mtc_receiver/recv_w8_r0.3_0617_1434/log.log,
table8,1,llama31_same,twowikimqa,ReKV,mtc_receiver,recv_w8_r0.4_0617_1441,8,0.4,,,,0.405,,,done,0617_1441,/sharedspace/models/Llama-3.1-8B-Instruct,/sharedspace/models/Llama-3.1-8B-Instruct,/home/xay/KVComm/snapshots/twowikimqa,/home/xay/KVComm/snapshots/twowikimqa/mtc_receiver/recv_w8_r0.4_0617_1441,/home/xay/KVComm/snapshots/twowikimqa/mtc_receiver/recv_w8_r0.4_0617_1441/log.log,
table8,1,llama31_same,twowikimqa,ReKV,mtc_receiver,recv_w8_r0.5_0617_1447,8,0.5,,,,0.405,,,done,0617_1447,/sharedspace/models/Llama-3.1-8B-Instruct,/sharedspace/models/Llama-3.1-8B-Instruct,/home/xay/KVComm/snapshots/twowikimqa,/home/xay/KVComm/snapshots/twowikimqa/mtc_receiver/recv_w8_r0.5_0617_1447,/home/xay/KVComm/snapshots/twowikimqa/mtc_receiver/recv_w8_r0.5_0617_1447/log.log,
table8,1,llama31_same,twowikimqa,ReKV,mtc_receiver,recv_w8_r0.6_0617_1454,8,0.6,,,,0.41,,,done,0617_1454,/sharedspace/models/Llama-3.1-8B-Instruct,/sharedspace/models/Llama-3.1-8B-Instruct,/home/xay/KVComm/snapshots/twowikimqa,/home/xay/KVComm/snapshots/twowikimqa/mtc_receiver/recv_w8_r0.6_0617_1454,/home/xay/KVComm/snapshots/twowikimqa/mtc_receiver/recv_w8_r0.6_0617_1454/log.log,
table8,1,llama31_same,twowikimqa,ReKV,mtc_receiver,recv_w8_r0.7_0617_1501,8,0.7,,,,0.415,,,done,0617_1501,/sharedspace/models/Llama-3.1-8B-Instruct,/sharedspace/models/Llama-3.1-8B-Instruct,/home/xay/KVComm/snapshots/twowikimqa,/home/xay/KVComm/snapshots/twowikimqa/mtc_receiver/recv_w8_r0.7_0617_1501,/home/xay/KVComm/snapshots/twowikimqa/mtc_receiver/recv_w8_r0.7_0617_1501/log.log,
table8,1,llama31_same,twowikimqa,ReKV,mtc_receiver,recv_w8_r0.8_0617_1507,8,0.8,,,,0.41,,,done,0617_1507,/sharedspace/models/Llama-3.1-8B-Instruct,/sharedspace/models/Llama-3.1-8B-Instruct,/home/xay/KVComm/snapshots/twowikimqa,/home/xay/KVComm/snapshots/twowikimqa/mtc_receiver/recv_w8_r0.8_0617_1507,/home/xay/KVComm/snapshots/twowikimqa/mtc_receiver/recv_w8_r0.8_0617_1507/log.log,
table8,1,llama31_same,twowikimqa,ReKV,mtc_receiver,recv_w8_r0.9_0617_1515,8,0.9,,,,0.42,,,done,0617_1515,/sharedspace/models/Llama-3.1-8B-Instruct,/sharedspace/models/Llama-3.1-8B-Instruct,/home/xay/KVComm/snapshots/twowikimqa,/home/xay/KVComm/snapshots/twowikimqa/mtc_receiver/recv_w8_r0.9_0617_1515,/home/xay/KVComm/snapshots/twowikimqa/mtc_receiver/recv_w8_r0.9_0617_1515/log.log,
table8,1,llama31_same,twowikimqa,progressive,progressive,prog_w16_0.1-0.2-0.3-0.5_0622_1356,16,0.2,uniform,,,,,,unknown,0622_1356,/sharedspace/models/Llama-3.1-8B-Instruct,/sharedspace/models/Llama-3.1-8B-Instruct,/home/xay/KVComm/snapshots/twowikimqa,/home/xay/KVComm/snapshots/twowikimqa/progressive/prog_w16_0.1-0.2-0.3-0.5_0622_1356,/home/xay/KVComm/snapshots/twowikimqa/progressive/prog_w16_0.1-0.2-0.3-0.5_0622_1356/log.log,
table8,1,llama31_same,twowikimqa,progressive,progressive,prog_w16_0.1-0.2-0.3-0.5_0622_1458,16,0.2,uniform,,,,,,unknown,0622_1458,/sharedspace/models/Llama-3.1-8B-Instruct,/sharedspace/models/Llama-3.1-8B-Instruct,/home/xay/KVComm/snapshots/twowikimqa,/home/xay/KVComm/snapshots/twowikimqa/progressive/prog_w16_0.1-0.2-0.3-0.5_0622_1458,/home/xay/KVComm/snapshots/twowikimqa/progressive/prog_w16_0.1-0.2-0.3-0.5_0622_1458/log.log,
