pair,task,kind,method,window,ratio,n,score,actual_budget,budget_std,protocol_version,query_sketch_mode,path,coverage_achieved,coverage_satisfied_layer_ratio,tau,scale
pair1_llama31_same,tipsheets,fairness_rekv,ReKV,8,0.1,500,0.378,0.13297973200000016,0.006700082917874136,query_sketch_bf16_v1,bf16,/home/xay/KVMergeComm/snapshots/full_matched_budget_fairness_query_sketch/pair1_llama31_same/tipsheets/fairness_rekv/rekv_w8_r0.10_0715_1337,nan,nan,,
pair1_llama31_same,tipsheets,fairness_rekv,ReKV,8,0.15,500,0.426,0.17641095999999995,0.002419793467064178,query_sketch_bf16_v1,bf16,/home/xay/KVMergeComm/snapshots/full_matched_budget_fairness_query_sketch/pair1_llama31_same/tipsheets/fairness_rekv/rekv_w8_r0.15_0715_1339,nan,nan,,
pair1_llama31_same,tipsheets,fairness_rekv,ReKV,8,0.2,500,0.46,0.225098272,0.0023369363296490676,query_sketch_bf16_v1,bf16,/home/xay/KVMergeComm/snapshots/full_matched_budget_fairness_query_sketch/pair1_llama31_same/tipsheets/fairness_rekv/rekv_w8_r0.20_0715_1341,nan,nan,,
pair1_llama31_same,tipsheets,fairness_rekv,ReKV,8,0.25,500,0.524,0.2734495499999996,0.0025942190857423044,query_sketch_bf16_v1,bf16,/home/xay/KVMergeComm/snapshots/full_matched_budget_fairness_query_sketch/pair1_llama31_same/tipsheets/fairness_rekv/rekv_w8_r0.25_0715_1342,nan,nan,,
pair1_llama31_same,tipsheets,fairness_rekv,ReKV,8,0.3,500,0.572,0.321858474,0.0025164399100646006,query_sketch_bf16_v1,bf16,/home/xay/KVMergeComm/snapshots/full_matched_budget_fairness_query_sketch/pair1_llama31_same/tipsheets/fairness_rekv/rekv_w8_r0.30_0715_1344,nan,nan,,
pair1_llama31_same,tipsheets,fairness_rekv,ReKV,8,0.35,500,0.686,0.3702170620000003,0.0023834253440999146,query_sketch_bf16_v1,bf16,/home/xay/KVMergeComm/snapshots/full_matched_budget_fairness_query_sketch/pair1_llama31_same/tipsheets/fairness_rekv/rekv_w8_r0.35_0715_1345,nan,nan,,
pair1_llama31_same,tipsheets,fairness_rekv,ReKV,8,0.4,500,0.782,0.4187819659999998,0.002379786941854517,query_sketch_bf16_v1,bf16,/home/xay/KVMergeComm/snapshots/full_matched_budget_fairness_query_sketch/pair1_llama31_same/tipsheets/fairness_rekv/rekv_w8_r0.40_0715_1347,nan,nan,,
pair1_llama31_same,tipsheets,fairness_rekv,ReKV,8,0.5,500,0.872,0.5155891199999998,0.002970699759268758,query_sketch_bf16_v1,bf16,/home/xay/KVMergeComm/snapshots/full_matched_budget_fairness_query_sketch/pair1_llama31_same/tipsheets/fairness_rekv/rekv_w8_r0.50_0715_1348,nan,nan,,
pair1_llama31_same,tipsheets,fairness_rekv,ReKV,8,0.6,500,0.902,0.6124680340000002,0.0023797869418545037,query_sketch_bf16_v1,bf16,/home/xay/KVMergeComm/snapshots/full_matched_budget_fairness_query_sketch/pair1_llama31_same/tipsheets/fairness_rekv/rekv_w8_r0.60_0715_1349,nan,nan,,
pair1_llama31_same,tipsheets,fairness_evict,ValueNorm/Evict,,0.1,500,0.384,0.13297973200000016,0.006700082917874136,query_agnostic_kv_v1,bf16,/home/xay/KVMergeComm/snapshots/full_matched_budget_fairness_query_sketch/pair1_llama31_same/tipsheets/fairness_evict/evict_r0.10_0715_1351,nan,nan,,
pair1_llama31_same,tipsheets,fairness_evict,ValueNorm/Evict,,0.15,500,0.522,0.17641095999999995,0.002419793467064178,query_agnostic_kv_v1,bf16,/home/xay/KVMergeComm/snapshots/full_matched_budget_fairness_query_sketch/pair1_llama31_same/tipsheets/fairness_evict/evict_r0.15_0715_1352,nan,nan,,
pair1_llama31_same,tipsheets,fairness_evict,ValueNorm/Evict,,0.2,500,0.582,0.225098272,0.0023369363296490676,query_agnostic_kv_v1,bf16,/home/xay/KVMergeComm/snapshots/full_matched_budget_fairness_query_sketch/pair1_llama31_same/tipsheets/fairness_evict/evict_r0.20_0715_1353,nan,nan,,
pair1_llama31_same,tipsheets,fairness_evict,ValueNorm/Evict,,0.25,500,0.622,0.2734495499999996,0.0025942190857423044,query_agnostic_kv_v1,bf16,/home/xay/KVMergeComm/snapshots/full_matched_budget_fairness_query_sketch/pair1_llama31_same/tipsheets/fairness_evict/evict_r0.25_0715_1354,nan,nan,,
pair1_llama31_same,tipsheets,fairness_evict,ValueNorm/Evict,,0.3,500,0.672,0.321858474,0.0025164399100646006,query_agnostic_kv_v1,bf16,/home/xay/KVMergeComm/snapshots/full_matched_budget_fairness_query_sketch/pair1_llama31_same/tipsheets/fairness_evict/evict_r0.30_0715_1356,nan,nan,,
pair1_llama31_same,tipsheets,fairness_evict,ValueNorm/Evict,,0.35,500,0.732,0.3702170620000003,0.0023834253440999146,query_agnostic_kv_v1,bf16,/home/xay/KVMergeComm/snapshots/full_matched_budget_fairness_query_sketch/pair1_llama31_same/tipsheets/fairness_evict/evict_r0.35_0715_1357,nan,nan,,
pair1_llama31_same,tipsheets,fairness_evict,ValueNorm/Evict,,0.4,500,0.774,0.4187819659999998,0.002379786941854517,query_agnostic_kv_v1,bf16,/home/xay/KVMergeComm/snapshots/full_matched_budget_fairness_query_sketch/pair1_llama31_same/tipsheets/fairness_evict/evict_r0.40_0715_1358,nan,nan,,
pair1_llama31_same,tipsheets,fairness_evict,ValueNorm/Evict,,0.5,500,0.778,0.5155891199999998,0.002970699759268758,query_agnostic_kv_v1,bf16,/home/xay/KVMergeComm/snapshots/full_matched_budget_fairness_query_sketch/pair1_llama31_same/tipsheets/fairness_evict/evict_r0.50_0715_1359,nan,nan,,
pair1_llama31_same,tipsheets,fairness_evict,ValueNorm/Evict,,0.6,500,0.802,0.6124680340000002,0.0023797869418545037,query_agnostic_kv_v1,bf16,/home/xay/KVMergeComm/snapshots/full_matched_budget_fairness_query_sketch/pair1_llama31_same/tipsheets/fairness_evict/evict_r0.60_0715_1400,nan,nan,,
pair1_llama31_same,tipsheets,fairness_random,Random,,0.1,500,0.376,0.13297973200000016,0.006700082917874136,query_agnostic_kv_v1,bf16,/home/xay/KVMergeComm/snapshots/full_matched_budget_fairness_query_sketch/pair1_llama31_same/tipsheets/fairness_random/random_r0.10_0715_1401,nan,nan,,
pair1_llama31_same,tipsheets,fairness_random,Random,,0.15,500,0.51,0.17641095999999995,0.002419793467064178,query_agnostic_kv_v1,bf16,/home/xay/KVMergeComm/snapshots/full_matched_budget_fairness_query_sketch/pair1_llama31_same/tipsheets/fairness_random/random_r0.15_0715_1402,nan,nan,,
pair1_llama31_same,tipsheets,fairness_random,Random,,0.2,500,0.548,0.225098272,0.0023369363296490676,query_agnostic_kv_v1,bf16,/home/xay/KVMergeComm/snapshots/full_matched_budget_fairness_query_sketch/pair1_llama31_same/tipsheets/fairness_random/random_r0.20_0715_1404,nan,nan,,
pair1_llama31_same,tipsheets,fairness_random,Random,,0.25,500,0.596,0.2734495499999996,0.0025942190857423044,query_agnostic_kv_v1,bf16,/home/xay/KVMergeComm/snapshots/full_matched_budget_fairness_query_sketch/pair1_llama31_same/tipsheets/fairness_random/random_r0.25_0715_1405,nan,nan,,
pair1_llama31_same,tipsheets,fairness_random,Random,,0.3,500,0.648,0.321858474,0.0025164399100646006,query_agnostic_kv_v1,bf16,/home/xay/KVMergeComm/snapshots/full_matched_budget_fairness_query_sketch/pair1_llama31_same/tipsheets/fairness_random/random_r0.30_0715_1406,nan,nan,,
pair1_llama31_same,tipsheets,fairness_random,Random,,0.35,500,0.686,0.3702170620000003,0.0023834253440999146,query_agnostic_kv_v1,bf16,/home/xay/KVMergeComm/snapshots/full_matched_budget_fairness_query_sketch/pair1_llama31_same/tipsheets/fairness_random/random_r0.35_0715_1407,nan,nan,,
pair1_llama31_same,tipsheets,fairness_random,Random,,0.4,500,0.758,0.4187819659999998,0.002379786941854517,query_agnostic_kv_v1,bf16,/home/xay/KVMergeComm/snapshots/full_matched_budget_fairness_query_sketch/pair1_llama31_same/tipsheets/fairness_random/random_r0.40_0715_1408,nan,nan,,
pair1_llama31_same,tipsheets,fairness_random,Random,,0.5,500,0.788,0.5155891199999998,0.002970699759268758,query_agnostic_kv_v1,bf16,/home/xay/KVMergeComm/snapshots/full_matched_budget_fairness_query_sketch/pair1_llama31_same/tipsheets/fairness_random/random_r0.50_0715_1409,nan,nan,,
pair1_llama31_same,tipsheets,fairness_random,Random,,0.6,500,0.812,0.6124680340000002,0.0023797869418545037,query_agnostic_kv_v1,bf16,/home/xay/KVMergeComm/snapshots/full_matched_budget_fairness_query_sketch/pair1_llama31_same/tipsheets/fairness_random/random_r0.60_0715_1410,nan,nan,,
pair1_llama31_same,tipsheets,coverage,B-ReKV,8,,500,0.712,0.278143484,0.007375321737470607,query_sketch_bf16_v1,bf16,/home/xay/KVMergeComm/snapshots/full_matched_budget_fairness_query_sketch/pair1_llama31_same/tipsheets/coverage/cov_t0.95_s0.75_w8_0715_1411,0.9242788059999999,0.0,0.95,0.75
pair1_llama31_same,countries,fairness_rekv,ReKV,8,0.1,200,0.04,0.20856508500000012,0.00828291617302881,query_sketch_bf16_v1,bf16,/home/xay/KVMergeComm/snapshots/full_matched_budget_fairness_query_sketch/pair1_llama31_same/countries/fairness_rekv/rekv_w8_r0.10_0715_1337,nan,nan,,
pair1_llama31_same,countries,fairness_rekv,ReKV,8,0.15,200,0.04,0.20871336500000012,0.007450543824323548,query_sketch_bf16_v1,bf16,/home/xay/KVMergeComm/snapshots/full_matched_budget_fairness_query_sketch/pair1_llama31_same/countries/fairness_rekv/rekv_w8_r0.15_0715_1338,nan,nan,,
pair1_llama31_same,countries,fairness_rekv,ReKV,8,0.2,200,0.455,0.2251524700000002,0.004318429613963131,query_sketch_bf16_v1,bf16,/home/xay/KVMergeComm/snapshots/full_matched_budget_fairness_query_sketch/pair1_llama31_same/countries/fairness_rekv/rekv_w8_r0.20_0715_1339,nan,nan,,
pair1_llama31_same,countries,fairness_rekv,ReKV,8,0.25,200,0.585,0.2736311349999994,0.0046418656898046815,query_sketch_bf16_v1,bf16,/home/xay/KVMergeComm/snapshots/full_matched_budget_fairness_query_sketch/pair1_llama31_same/countries/fairness_rekv/rekv_w8_r0.25_0715_1340,nan,nan,,
pair1_llama31_same,countries,fairness_rekv,ReKV,8,0.3,200,0.605,0.32352516999999986,0.004194313059525531,query_sketch_bf16_v1,bf16,/home/xay/KVMergeComm/snapshots/full_matched_budget_fairness_query_sketch/pair1_llama31_same/countries/fairness_rekv/rekv_w8_r0.30_0715_1341,nan,nan,,
pair1_llama31_same,countries,fairness_rekv,ReKV,8,0.35,200,0.59,0.36954349999999964,0.004070252915233862,query_sketch_bf16_v1,bf16,/home/xay/KVMergeComm/snapshots/full_matched_budget_fairness_query_sketch/pair1_llama31_same/countries/fairness_rekv/rekv_w8_r0.35_0715_1342,nan,nan,,
pair1_llama31_same,countries,fairness_rekv,ReKV,8,0.4,200,0.59,0.4190088500000003,0.004142787822494779,query_sketch_bf16_v1,bf16,/home/xay/KVMergeComm/snapshots/full_matched_budget_fairness_query_sketch/pair1_llama31_same/countries/fairness_rekv/rekv_w8_r0.40_0715_1342,nan,nan,,
pair1_llama31_same,countries,fairness_rekv,ReKV,8,0.5,200,0.59,0.516051925,0.005281976802684349,query_sketch_bf16_v1,bf16,/home/xay/KVMergeComm/snapshots/full_matched_budget_fairness_query_sketch/pair1_llama31_same/countries/fairness_rekv/rekv_w8_r0.50_0715_1343,nan,nan,,
pair1_llama31_same,countries,fairness_rekv,ReKV,8,0.6,200,0.585,0.6122411499999991,0.004142787822494778,query_sketch_bf16_v1,bf16,/home/xay/KVMergeComm/snapshots/full_matched_budget_fairness_query_sketch/pair1_llama31_same/countries/fairness_rekv/rekv_w8_r0.60_0715_1344,nan,nan,,
pair1_llama31_same,countries,fairness_evict,ValueNorm/Evict,,0.1,200,0.04,0.20856508500000012,0.00828291617302881,query_agnostic_kv_v1,bf16,/home/xay/KVMergeComm/snapshots/full_matched_budget_fairness_query_sketch/pair1_llama31_same/countries/fairness_evict/evict_r0.10_0715_1345,nan,nan,,
pair1_llama31_same,countries,fairness_evict,ValueNorm/Evict,,0.15,200,0.04,0.20871336500000012,0.007450543824323548,query_agnostic_kv_v1,bf16,/home/xay/KVMergeComm/snapshots/full_matched_budget_fairness_query_sketch/pair1_llama31_same/countries/fairness_evict/evict_r0.15_0715_1346,nan,nan,,
pair1_llama31_same,countries,fairness_evict,ValueNorm/Evict,,0.2,200,0.34,0.2251524700000002,0.004318429613963131,query_agnostic_kv_v1,bf16,/home/xay/KVMergeComm/snapshots/full_matched_budget_fairness_query_sketch/pair1_llama31_same/countries/fairness_evict/evict_r0.20_0715_1346,nan,nan,,
pair1_llama31_same,countries,fairness_evict,ValueNorm/Evict,,0.25,200,0.58,0.2736311349999994,0.0046418656898046815,query_agnostic_kv_v1,bf16,/home/xay/KVMergeComm/snapshots/full_matched_budget_fairness_query_sketch/pair1_llama31_same/countries/fairness_evict/evict_r0.25_0715_1347,nan,nan,,
pair1_llama31_same,countries,fairness_evict,ValueNorm/Evict,,0.3,200,0.565,0.32352516999999986,0.004194313059525531,query_agnostic_kv_v1,bf16,/home/xay/KVMergeComm/snapshots/full_matched_budget_fairness_query_sketch/pair1_llama31_same/countries/fairness_evict/evict_r0.30_0715_1347,nan,nan,,
pair1_llama31_same,countries,fairness_evict,ValueNorm/Evict,,0.35,200,0.565,0.36954349999999964,0.004070252915233862,query_agnostic_kv_v1,bf16,/home/xay/KVMergeComm/snapshots/full_matched_budget_fairness_query_sketch/pair1_llama31_same/countries/fairness_evict/evict_r0.35_0715_1348,nan,nan,,
pair1_llama31_same,countries,fairness_evict,ValueNorm/Evict,,0.4,200,0.56,0.4190088500000003,0.004142787822494779,query_agnostic_kv_v1,bf16,/home/xay/KVMergeComm/snapshots/full_matched_budget_fairness_query_sketch/pair1_llama31_same/countries/fairness_evict/evict_r0.40_0715_1348,nan,nan,,
pair1_llama31_same,countries,fairness_evict,ValueNorm/Evict,,0.5,200,0.585,0.516051925,0.005281976802684349,query_agnostic_kv_v1,bf16,/home/xay/KVMergeComm/snapshots/full_matched_budget_fairness_query_sketch/pair1_llama31_same/countries/fairness_evict/evict_r0.50_0715_1349,nan,nan,,
pair1_llama31_same,countries,fairness_evict,ValueNorm/Evict,,0.6,200,0.585,0.6122411499999991,0.004142787822494778,query_agnostic_kv_v1,bf16,/home/xay/KVMergeComm/snapshots/full_matched_budget_fairness_query_sketch/pair1_llama31_same/countries/fairness_evict/evict_r0.60_0715_1350,nan,nan,,
pair1_llama31_same,countries,fairness_random,Random,,0.1,200,0.04,0.20856508500000012,0.00828291617302881,query_agnostic_kv_v1,bf16,/home/xay/KVMergeComm/snapshots/full_matched_budget_fairness_query_sketch/pair1_llama31_same/countries/fairness_random/random_r0.10_0715_1350,nan,nan,,
pair1_llama31_same,countries,fairness_random,Random,,0.15,200,0.04,0.20871336500000012,0.007450543824323548,query_agnostic_kv_v1,bf16,/home/xay/KVMergeComm/snapshots/full_matched_budget_fairness_query_sketch/pair1_llama31_same/countries/fairness_random/random_r0.15_0715_1351,nan,nan,,
pair1_llama31_same,countries,fairness_random,Random,,0.2,200,0.115,0.2251524700000002,0.004318429613963131,query_agnostic_kv_v1,bf16,/home/xay/KVMergeComm/snapshots/full_matched_budget_fairness_query_sketch/pair1_llama31_same/countries/fairness_random/random_r0.20_0715_1351,nan,nan,,
pair1_llama31_same,countries,fairness_random,Random,,0.25,200,0.29,0.2736311349999994,0.0046418656898046815,query_agnostic_kv_v1,bf16,/home/xay/KVMergeComm/snapshots/full_matched_budget_fairness_query_sketch/pair1_llama31_same/countries/fairness_random/random_r0.25_0715_1352,nan,nan,,
pair1_llama31_same,countries,fairness_random,Random,,0.3,200,0.42,0.32352516999999986,0.004194313059525531,query_agnostic_kv_v1,bf16,/home/xay/KVMergeComm/snapshots/full_matched_budget_fairness_query_sketch/pair1_llama31_same/countries/fairness_random/random_r0.30_0715_1353,nan,nan,,
pair1_llama31_same,countries,fairness_random,Random,,0.35,200,0.525,0.36954349999999964,0.004070252915233862,query_agnostic_kv_v1,bf16,/home/xay/KVMergeComm/snapshots/full_matched_budget_fairness_query_sketch/pair1_llama31_same/countries/fairness_random/random_r0.35_0715_1353,nan,nan,,
pair1_llama31_same,countries,fairness_random,Random,,0.4,200,0.54,0.4190088500000003,0.004142787822494779,query_agnostic_kv_v1,bf16,/home/xay/KVMergeComm/snapshots/full_matched_budget_fairness_query_sketch/pair1_llama31_same/countries/fairness_random/random_r0.40_0715_1354,nan,nan,,
pair1_llama31_same,countries,fairness_random,Random,,0.5,200,0.605,0.516051925,0.005281976802684349,query_agnostic_kv_v1,bf16,/home/xay/KVMergeComm/snapshots/full_matched_budget_fairness_query_sketch/pair1_llama31_same/countries/fairness_random/random_r0.50_0715_1355,nan,nan,,
pair1_llama31_same,countries,fairness_random,Random,,0.6,200,0.605,0.6122411499999991,0.004142787822494778,query_agnostic_kv_v1,bf16,/home/xay/KVMergeComm/snapshots/full_matched_budget_fairness_query_sketch/pair1_llama31_same/countries/fairness_random/random_r0.60_0715_1355,nan,nan,,
pair1_llama31_same,countries,coverage,B-ReKV,8,,200,0.615,0.2943774550000002,0.005680821319341636,query_sketch_bf16_v1,bf16,/home/xay/KVMergeComm/snapshots/full_matched_budget_fairness_query_sketch/pair1_llama31_same/countries/coverage/cov_t0.95_s0.75_w8_0715_1356,0.9146679300000002,0.018709640000000013,0.95,0.75
pair1_llama31_same,hotpotqa,fairness_rekv,ReKV,8,0.1,500,0.182,0.131731468,0.007852367843298534,query_sketch_bf16_v1,bf16,/home/xay/KVMergeComm/snapshots/full_matched_budget_fairness_query_sketch/pair1_llama31_same/hotpotqa/fairness_rekv/rekv_w8_r0.10_0715_1356,nan,nan,,
pair1_llama31_same,hotpotqa,fairness_rekv,ReKV,8,0.15,500,0.408,0.17648963400000012,0.0021757624365736253,query_sketch_bf16_v1,bf16,/home/xay/KVMergeComm/snapshots/full_matched_budget_fairness_query_sketch/pair1_llama31_same/hotpotqa/fairness_rekv/rekv_w8_r0.15_0715_1401,nan,nan,,
pair1_llama31_same,hotpotqa,fairness_rekv,ReKV,8,0.2,500,0.526,0.22499850799999954,0.002044124704010761,query_sketch_bf16_v1,bf16,/home/xay/KVMergeComm/snapshots/full_matched_budget_fairness_query_sketch/pair1_llama31_same/hotpotqa/fairness_rekv/rekv_w8_r0.20_0715_1403,nan,nan,,
pair1_llama31_same,hotpotqa,fairness_rekv,ReKV,8,0.25,500,0.57,0.2736553139999998,0.0022039953726378817,query_sketch_bf16_v1,bf16,/home/xay/KVMergeComm/snapshots/full_matched_budget_fairness_query_sketch/pair1_llama31_same/hotpotqa/fairness_rekv/rekv_w8_r0.25_0715_1405,nan,nan,,
pair1_llama31_same,hotpotqa,fairness_rekv,ReKV,8,0.3,500,0.63,0.3219835499999998,0.002114029949825103,query_sketch_bf16_v1,bf16,/home/xay/KVMergeComm/snapshots/full_matched_budget_fairness_query_sketch/pair1_llama31_same/hotpotqa/fairness_rekv/rekv_w8_r0.30_0715_1407,nan,nan,,
pair1_llama31_same,hotpotqa,fairness_rekv,ReKV,8,0.35,500,0.65,0.3703660780000002,0.002187033183151188,query_sketch_bf16_v1,bf16,/home/xay/KVMergeComm/snapshots/full_matched_budget_fairness_query_sketch/pair1_llama31_same/hotpotqa/fairness_rekv/rekv_w8_r0.35_0715_1408,nan,nan,,
pair1_llama31_same,hotpotqa,fairness_rekv,ReKV,8,0.4,500,0.678,0.4186180339999993,0.0020998723266953253,query_sketch_bf16_v1,bf16,/home/xay/KVMergeComm/snapshots/full_matched_budget_fairness_query_sketch/pair1_llama31_same/hotpotqa/fairness_rekv/rekv_w8_r0.40_0715_1410,nan,nan,,
pair1_llama31_same,hotpotqa,fairness_rekv,ReKV,8,0.5,500,0.708,0.5157921900000002,0.0026760725098651738,query_sketch_bf16_v1,bf16,/home/xay/KVMergeComm/snapshots/full_matched_budget_fairness_query_sketch/pair1_llama31_same/hotpotqa/fairness_rekv/rekv_w8_r0.50_0715_1412,nan,nan,,
pair1_llama31_same,hotpotqa,fairness_rekv,ReKV,8,0.6,500,0.718,0.6126319660000008,0.002099872326695317,query_sketch_bf16_v1,bf16,/home/xay/KVMergeComm/snapshots/full_matched_budget_fairness_query_sketch/pair1_llama31_same/hotpotqa/fairness_rekv/rekv_w8_r0.60_0715_1414,nan,nan,,
pair1_llama31_same,hotpotqa,fairness_evict,ValueNorm/Evict,,0.1,500,0.146,0.131731468,0.007852367843298534,query_agnostic_kv_v1,bf16,/home/xay/KVMergeComm/snapshots/full_matched_budget_fairness_query_sketch/pair1_llama31_same/hotpotqa/fairness_evict/evict_r0.10_0715_1416,nan,nan,,
pair1_llama31_same,hotpotqa,fairness_evict,ValueNorm/Evict,,0.15,500,0.366,0.17648963400000012,0.0021757624365736253,query_agnostic_kv_v1,bf16,/home/xay/KVMergeComm/snapshots/full_matched_budget_fairness_query_sketch/pair1_llama31_same/hotpotqa/fairness_evict/evict_r0.15_0715_1419,nan,nan,,
pair1_llama31_same,hotpotqa,fairness_evict,ValueNorm/Evict,,0.2,500,0.446,0.22499850799999954,0.002044124704010761,query_agnostic_kv_v1,bf16,/home/xay/KVMergeComm/snapshots/full_matched_budget_fairness_query_sketch/pair1_llama31_same/hotpotqa/fairness_evict/evict_r0.20_0715_1421,nan,nan,,
pair1_llama31_same,hotpotqa,fairness_evict,ValueNorm/Evict,,0.25,500,0.522,0.2736553139999998,0.0022039953726378817,query_agnostic_kv_v1,bf16,/home/xay/KVMergeComm/snapshots/full_matched_budget_fairness_query_sketch/pair1_llama31_same/hotpotqa/fairness_evict/evict_r0.25_0715_1423,nan,nan,,
pair1_llama31_same,hotpotqa,fairness_evict,ValueNorm/Evict,,0.3,500,0.558,0.3219835499999998,0.002114029949825103,query_agnostic_kv_v1,bf16,/home/xay/KVMergeComm/snapshots/full_matched_budget_fairness_query_sketch/pair1_llama31_same/hotpotqa/fairness_evict/evict_r0.30_0715_1424,nan,nan,,
pair1_llama31_same,hotpotqa,fairness_evict,ValueNorm/Evict,,0.35,500,0.606,0.3703660780000002,0.002187033183151188,query_agnostic_kv_v1,bf16,/home/xay/KVMergeComm/snapshots/full_matched_budget_fairness_query_sketch/pair1_llama31_same/hotpotqa/fairness_evict/evict_r0.35_0715_1426,nan,nan,,
pair1_llama31_same,hotpotqa,fairness_evict,ValueNorm/Evict,,0.4,500,0.652,0.4186180339999993,0.0020998723266953253,query_agnostic_kv_v1,bf16,/home/xay/KVMergeComm/snapshots/full_matched_budget_fairness_query_sketch/pair1_llama31_same/hotpotqa/fairness_evict/evict_r0.40_0715_1427,nan,nan,,
pair1_llama31_same,hotpotqa,fairness_evict,ValueNorm/Evict,,0.5,500,0.67,0.5157921900000002,0.0026760725098651738,query_agnostic_kv_v1,bf16,/home/xay/KVMergeComm/snapshots/full_matched_budget_fairness_query_sketch/pair1_llama31_same/hotpotqa/fairness_evict/evict_r0.50_0715_1429,nan,nan,,
pair1_llama31_same,hotpotqa,fairness_evict,ValueNorm/Evict,,0.6,500,0.696,0.6126319660000008,0.002099872326695317,query_agnostic_kv_v1,bf16,/home/xay/KVMergeComm/snapshots/full_matched_budget_fairness_query_sketch/pair1_llama31_same/hotpotqa/fairness_evict/evict_r0.60_0715_1430,nan,nan,,
pair1_llama31_same,hotpotqa,fairness_random,Random,,0.1,500,0.086,0.131731468,0.007852367843298534,query_agnostic_kv_v1,bf16,/home/xay/KVMergeComm/snapshots/full_matched_budget_fairness_query_sketch/pair1_llama31_same/hotpotqa/fairness_random/random_r0.10_0715_1432,nan,nan,,
pair1_llama31_same,hotpotqa,fairness_random,Random,,0.15,500,0.152,0.17648963400000012,0.0021757624365736253,query_agnostic_kv_v1,bf16,/home/xay/KVMergeComm/snapshots/full_matched_budget_fairness_query_sketch/pair1_llama31_same/hotpotqa/fairness_random/random_r0.15_0715_1436,nan,nan,,
pair1_llama31_same,hotpotqa,fairness_random,Random,,0.2,500,0.264,0.22499850799999954,0.002044124704010761,query_agnostic_kv_v1,bf16,/home/xay/KVMergeComm/snapshots/full_matched_budget_fairness_query_sketch/pair1_llama31_same/hotpotqa/fairness_random/random_r0.20_0715_1440,nan,nan,,
pair1_llama31_same,hotpotqa,fairness_random,Random,,0.25,500,0.358,0.2736553139999998,0.0022039953726378817,query_agnostic_kv_v1,bf16,/home/xay/KVMergeComm/snapshots/full_matched_budget_fairness_query_sketch/pair1_llama31_same/hotpotqa/fairness_random/random_r0.25_0715_1444,nan,nan,,
pair1_llama31_same,hotpotqa,fairness_random,Random,,0.3,500,0.434,0.3219835499999998,0.002114029949825103,query_agnostic_kv_v1,bf16,/home/xay/KVMergeComm/snapshots/full_matched_budget_fairness_query_sketch/pair1_llama31_same/hotpotqa/fairness_random/random_r0.30_0715_1446,nan,nan,,
pair1_llama31_same,hotpotqa,fairness_random,Random,,0.35,500,0.526,0.3703660780000002,0.002187033183151188,query_agnostic_kv_v1,bf16,/home/xay/KVMergeComm/snapshots/full_matched_budget_fairness_query_sketch/pair1_llama31_same/hotpotqa/fairness_random/random_r0.35_0715_1448,nan,nan,,
pair1_llama31_same,hotpotqa,fairness_random,Random,,0.4,500,0.59,0.4186180339999993,0.0020998723266953253,query_agnostic_kv_v1,bf16,/home/xay/KVMergeComm/snapshots/full_matched_budget_fairness_query_sketch/pair1_llama31_same/hotpotqa/fairness_random/random_r0.40_0715_1450,nan,nan,,
pair1_llama31_same,hotpotqa,fairness_random,Random,,0.5,500,0.642,0.5157921900000002,0.0026760725098651738,query_agnostic_kv_v1,bf16,/home/xay/KVMergeComm/snapshots/full_matched_budget_fairness_query_sketch/pair1_llama31_same/hotpotqa/fairness_random/random_r0.50_0715_1452,nan,nan,,
pair1_llama31_same,hotpotqa,fairness_random,Random,,0.6,500,0.682,0.6126319660000008,0.002099872326695317,query_agnostic_kv_v1,bf16,/home/xay/KVMergeComm/snapshots/full_matched_budget_fairness_query_sketch/pair1_llama31_same/hotpotqa/fairness_random/random_r0.60_0715_1454,nan,nan,,
pair1_llama31_same,hotpotqa,coverage,B-ReKV,8,,500,0.56,0.2754482219999999,0.020190071576426823,query_sketch_bf16_v1,bf16,/home/xay/KVMergeComm/snapshots/full_matched_budget_fairness_query_sketch/pair1_llama31_same/hotpotqa/coverage/cov_t0.95_s0.75_w8_0715_1455,0.9248027939999994,0.004709667999999997,0.95,0.75
pair1_llama31_same,qasper,fairness_rekv,ReKV,8,0.1,500,0.178,0.12812297399999986,7.547706206388536e-05,query_sketch_bf16_v1,bf16,/home/xay/KVMergeComm/snapshots/full_matched_budget_fairness_query_sketch/pair1_llama31_same/qasper/fairness_rekv/rekv_w8_r0.10_0715_1413,nan,nan,,
pair1_llama31_same,qasper,fairness_rekv,ReKV,8,0.15,500,0.224,0.17656631200000011,7.184928179591669e-05,query_sketch_bf16_v1,bf16,/home/xay/KVMergeComm/snapshots/full_matched_budget_fairness_query_sketch/pair1_llama31_same/qasper/fairness_rekv/rekv_w8_r0.15_0715_1419,nan,nan,,
pair1_llama31_same,qasper,fairness_rekv,ReKV,8,0.2,500,0.27,0.22499488399999942,7.394290805278598e-05,query_sketch_bf16_v1,bf16,/home/xay/KVMergeComm/snapshots/full_matched_budget_fairness_query_sketch/pair1_llama31_same/qasper/fairness_rekv/rekv_w8_r0.20_0715_1425,nan,nan,,
pair1_llama31_same,qasper,fairness_rekv,ReKV,8,0.25,500,0.276,0.2734257499999997,6.717708703155066e-05,query_sketch_bf16_v1,bf16,/home/xay/KVMergeComm/snapshots/full_matched_budget_fairness_query_sketch/pair1_llama31_same/qasper/fairness_rekv/rekv_w8_r0.25_0715_1431,nan,nan,,
pair1_llama31_same,qasper,fairness_rekv,ReKV,8,0.3,500,0.296,0.3218737000000005,7.428765247752014e-05,query_sketch_bf16_v1,bf16,/home/xay/KVMergeComm/snapshots/full_matched_budget_fairness_query_sketch/pair1_llama31_same/qasper/fairness_rekv/rekv_w8_r0.30_0715_1437,nan,nan,,
pair1_llama31_same,qasper,fairness_rekv,ReKV,8,0.35,500,0.32,0.3703066080000003,6.916825015611846e-05,query_sketch_bf16_v1,bf16,/home/xay/KVMergeComm/snapshots/full_matched_budget_fairness_query_sketch/pair1_llama31_same/qasper/fairness_rekv/rekv_w8_r0.35_0715_1443,nan,nan,,
pair1_llama31_same,qasper,fairness_rekv,ReKV,8,0.4,500,0.306,0.418747311999999,6.600754994164549e-05,query_sketch_bf16_v1,bf16,/home/xay/KVMergeComm/snapshots/full_matched_budget_fairness_query_sketch/pair1_llama31_same/qasper/fairness_rekv/rekv_w8_r0.40_0715_1449,nan,nan,,
pair1_llama31_same,qasper,fairness_rekv,ReKV,8,0.5,500,0.324,0.5156114960000001,9.772306574785112e-05,query_sketch_bf16_v1,bf16,/home/xay/KVMergeComm/snapshots/full_matched_budget_fairness_query_sketch/pair1_llama31_same/qasper/fairness_rekv/rekv_w8_r0.50_0715_1455,nan,nan,,
pair1_llama31_same,qasper,fairness_rekv,ReKV,8,0.6,500,0.316,0.612502688000002,6.60075499416414e-05,query_sketch_bf16_v1,bf16,/home/xay/KVMergeComm/snapshots/full_matched_budget_fairness_query_sketch/pair1_llama31_same/qasper/fairness_rekv/rekv_w8_r0.60_0715_1501,nan,nan,,
pair1_llama31_same,qasper,fairness_evict,ValueNorm/Evict,,0.1,500,0.094,0.12812297399999986,7.547706206388536e-05,query_agnostic_kv_v1,bf16,/home/xay/KVMergeComm/snapshots/full_matched_budget_fairness_query_sketch/pair1_llama31_same/qasper/fairness_evict/evict_r0.10_0715_1508,nan,nan,,
pair1_llama31_same,qasper,fairness_evict,ValueNorm/Evict,,0.15,500,0.148,0.17656631200000011,7.184928179591669e-05,query_agnostic_kv_v1,bf16,/home/xay/KVMergeComm/snapshots/full_matched_budget_fairness_query_sketch/pair1_llama31_same/qasper/fairness_evict/evict_r0.15_0715_1515,nan,nan,,
pair1_llama31_same,qasper,fairness_evict,ValueNorm/Evict,,0.2,500,0.188,0.22499488399999942,7.394290805278598e-05,query_agnostic_kv_v1,bf16,/home/xay/KVMergeComm/snapshots/full_matched_budget_fairness_query_sketch/pair1_llama31_same/qasper/fairness_evict/evict_r0.20_0715_1522,nan,nan,,
pair1_llama31_same,qasper,fairness_evict,ValueNorm/Evict,,0.25,500,0.208,0.2734257499999997,6.717708703155066e-05,query_agnostic_kv_v1,bf16,/home/xay/KVMergeComm/snapshots/full_matched_budget_fairness_query_sketch/pair1_llama31_same/qasper/fairness_evict/evict_r0.25_0715_1528,nan,nan,,
pair1_llama31_same,qasper,fairness_evict,ValueNorm/Evict,,0.3,500,0.252,0.3218737000000005,7.428765247752014e-05,query_agnostic_kv_v1,bf16,/home/xay/KVMergeComm/snapshots/full_matched_budget_fairness_query_sketch/pair1_llama31_same/qasper/fairness_evict/evict_r0.30_0715_1534,nan,nan,,
pair1_llama31_same,qasper,fairness_evict,ValueNorm/Evict,,0.35,500,0.288,0.3703066080000003,6.916825015611846e-05,query_agnostic_kv_v1,bf16,/home/xay/KVMergeComm/snapshots/full_matched_budget_fairness_query_sketch/pair1_llama31_same/qasper/fairness_evict/evict_r0.35_0715_1539,nan,nan,,
pair1_llama31_same,qasper,fairness_evict,ValueNorm/Evict,,0.4,500,0.298,0.418747311999999,6.600754994164549e-05,query_agnostic_kv_v1,bf16,/home/xay/KVMergeComm/snapshots/full_matched_budget_fairness_query_sketch/pair1_llama31_same/qasper/fairness_evict/evict_r0.40_0715_1545,nan,nan,,
pair1_llama31_same,qasper,fairness_evict,ValueNorm/Evict,,0.5,500,0.328,0.5156114960000001,9.772306574785112e-05,query_agnostic_kv_v1,bf16,/home/xay/KVMergeComm/snapshots/full_matched_budget_fairness_query_sketch/pair1_llama31_same/qasper/fairness_evict/evict_r0.50_0715_1551,nan,nan,,
pair1_llama31_same,qasper,fairness_evict,ValueNorm/Evict,,0.6,500,0.334,0.612502688000002,6.60075499416414e-05,query_agnostic_kv_v1,bf16,/home/xay/KVMergeComm/snapshots/full_matched_budget_fairness_query_sketch/pair1_llama31_same/qasper/fairness_evict/evict_r0.60_0715_1556,nan,nan,,
pair1_llama31_same,qasper,fairness_random,Random,,0.1,500,0.04,0.12812297399999986,7.547706206388536e-05,query_agnostic_kv_v1,bf16,/home/xay/KVMergeComm/snapshots/full_matched_budget_fairness_query_sketch/pair1_llama31_same/qasper/fairness_random/random_r0.10_0715_1602,nan,nan,,
pair1_llama31_same,qasper,fairness_random,Random,,0.15,500,0.08,0.17656631200000011,7.184928179591669e-05,query_agnostic_kv_v1,bf16,/home/xay/KVMergeComm/snapshots/full_matched_budget_fairness_query_sketch/pair1_llama31_same/qasper/fairness_random/random_r0.15_0715_1611,nan,nan,,
pair1_llama31_same,qasper,fairness_random,Random,,0.2,500,0.152,0.22499488399999942,7.394290805278598e-05,query_agnostic_kv_v1,bf16,/home/xay/KVMergeComm/snapshots/full_matched_budget_fairness_query_sketch/pair1_llama31_same/qasper/fairness_random/random_r0.20_0715_1620,nan,nan,,
pair1_llama31_same,qasper,fairness_random,Random,,0.25,500,0.186,0.2734257499999997,6.717708703155066e-05,query_agnostic_kv_v1,bf16,/home/xay/KVMergeComm/snapshots/full_matched_budget_fairness_query_sketch/pair1_llama31_same/qasper/fairness_random/random_r0.25_0715_1627,nan,nan,,
pair1_llama31_same,qasper,fairness_random,Random,,0.3,500,0.2,0.3218737000000005,7.428765247752014e-05,query_agnostic_kv_v1,bf16,/home/xay/KVMergeComm/snapshots/full_matched_budget_fairness_query_sketch/pair1_llama31_same/qasper/fairness_random/random_r0.30_0715_1634,nan,nan,,
pair1_llama31_same,qasper,fairness_random,Random,,0.35,500,0.248,0.3703066080000003,6.916825015611846e-05,query_agnostic_kv_v1,bf16,/home/xay/KVMergeComm/snapshots/full_matched_budget_fairness_query_sketch/pair1_llama31_same/qasper/fairness_random/random_r0.35_0715_1641,nan,nan,,
pair1_llama31_same,qasper,fairness_random,Random,,0.4,500,0.266,0.418747311999999,6.600754994164549e-05,query_agnostic_kv_v1,bf16,/home/xay/KVMergeComm/snapshots/full_matched_budget_fairness_query_sketch/pair1_llama31_same/qasper/fairness_random/random_r0.40_0715_1647,nan,nan,,
pair1_llama31_same,qasper,fairness_random,Random,,0.5,500,0.318,0.5156114960000001,9.772306574785112e-05,query_agnostic_kv_v1,bf16,/home/xay/KVMergeComm/snapshots/full_matched_budget_fairness_query_sketch/pair1_llama31_same/qasper/fairness_random/random_r0.50_0715_1654,nan,nan,,
pair1_llama31_same,qasper,fairness_random,Random,,0.6,500,0.318,0.612502688000002,6.60075499416414e-05,query_agnostic_kv_v1,bf16,/home/xay/KVMergeComm/snapshots/full_matched_budget_fairness_query_sketch/pair1_llama31_same/qasper/fairness_random/random_r0.60_0715_1700,nan,nan,,
pair1_llama31_same,qasper,coverage,B-ReKV,8,,500,0.31,0.35253970199999995,0.022801905493213474,query_sketch_bf16_v1,bf16,/home/xay/KVMergeComm/snapshots/full_matched_budget_fairness_query_sketch/pair1_llama31_same/qasper/coverage/cov_t0.95_s0.75_w8_0715_1706,0.9233166499999993,0.0,0.95,0.75
pair1_llama31_same,musique,fairness_rekv,ReKV,8,0.1,500,0.158,0.12814802999999966,0.0009516197209424439,query_sketch_bf16_v1,bf16,/home/xay/KVMergeComm/snapshots/full_matched_budget_fairness_query_sketch/pair1_llama31_same/musique/fairness_rekv/rekv_w8_r0.10_0715_1457,nan,nan,,
pair1_llama31_same,musique,fairness_rekv,ReKV,8,0.15,500,0.256,0.17657937200000004,0.0009425887612111245,query_sketch_bf16_v1,bf16,/home/xay/KVMergeComm/snapshots/full_matched_budget_fairness_query_sketch/pair1_llama31_same/musique/fairness_rekv/rekv_w8_r0.15_0715_1500,nan,nan,,
pair1_llama31_same,musique,fairness_rekv,ReKV,8,0.2,500,0.282,0.2250570639999994,0.0009118798965848483,query_sketch_bf16_v1,bf16,/home/xay/KVMergeComm/snapshots/full_matched_budget_fairness_query_sketch/pair1_llama31_same/musique/fairness_rekv/rekv_w8_r0.20_0715_1503,nan,nan,,
pair1_llama31_same,musique,fairness_rekv,ReKV,8,0.25,500,0.338,0.2734137259999997,0.0010354463468468065,query_sketch_bf16_v1,bf16,/home/xay/KVMergeComm/snapshots/full_matched_budget_fairness_query_sketch/pair1_llama31_same/musique/fairness_rekv/rekv_w8_r0.25_0715_1505,nan,nan,,
pair1_llama31_same,musique,fairness_rekv,ReKV,8,0.3,500,0.36,0.32183868800000015,0.0009662537219417743,query_sketch_bf16_v1,bf16,/home/xay/KVMergeComm/snapshots/full_matched_budget_fairness_query_sketch/pair1_llama31_same/musique/fairness_rekv/rekv_w8_r0.30_0715_1507,nan,nan,,
pair1_llama31_same,musique,fairness_rekv,ReKV,8,0.35,500,0.362,0.3703794499999999,0.0009578666946446259,query_sketch_bf16_v1,bf16,/home/xay/KVMergeComm/snapshots/full_matched_budget_fairness_query_sketch/pair1_llama31_same/musique/fairness_rekv/rekv_w8_r0.35_0715_1510,nan,nan,,
pair1_llama31_same,musique,fairness_rekv,ReKV,8,0.4,500,0.392,0.4187544699999994,0.0009478268980977037,query_sketch_bf16_v1,bf16,/home/xay/KVMergeComm/snapshots/full_matched_budget_fairness_query_sketch/pair1_llama31_same/musique/fairness_rekv/rekv_w8_r0.40_0715_1512,nan,nan,,
pair1_llama31_same,musique,fairness_rekv,ReKV,8,0.5,500,0.436,0.515677124,0.001108104073586865,query_sketch_bf16_v1,bf16,/home/xay/KVMergeComm/snapshots/full_matched_budget_fairness_query_sketch/pair1_llama31_same/musique/fairness_rekv/rekv_w8_r0.50_0715_1514,nan,nan,,
pair1_llama31_same,musique,fairness_rekv,ReKV,8,0.6,500,0.454,0.6124955300000012,0.0009478268980976998,query_sketch_bf16_v1,bf16,/home/xay/KVMergeComm/snapshots/full_matched_budget_fairness_query_sketch/pair1_llama31_same/musique/fairness_rekv/rekv_w8_r0.60_0715_1516,nan,nan,,
pair1_llama31_same,musique,fairness_evict,ValueNorm/Evict,,0.1,500,0.114,0.12814802999999966,0.0009516197209424439,query_agnostic_kv_v1,bf16,/home/xay/KVMergeComm/snapshots/full_matched_budget_fairness_query_sketch/pair1_llama31_same/musique/fairness_evict/evict_r0.10_0715_1518,nan,nan,,
pair1_llama31_same,musique,fairness_evict,ValueNorm/Evict,,0.15,500,0.176,0.17657937200000004,0.0009425887612111245,query_agnostic_kv_v1,bf16,/home/xay/KVMergeComm/snapshots/full_matched_budget_fairness_query_sketch/pair1_llama31_same/musique/fairness_evict/evict_r0.15_0715_1521,nan,nan,,
pair1_llama31_same,musique,fairness_evict,ValueNorm/Evict,,0.2,500,0.244,0.2250570639999994,0.0009118798965848483,query_agnostic_kv_v1,bf16,/home/xay/KVMergeComm/snapshots/full_matched_budget_fairness_query_sketch/pair1_llama31_same/musique/fairness_evict/evict_r0.20_0715_1523,nan,nan,,
pair1_llama31_same,musique,fairness_evict,ValueNorm/Evict,,0.25,500,0.28,0.2734137259999997,0.0010354463468468065,query_agnostic_kv_v1,bf16,/home/xay/KVMergeComm/snapshots/full_matched_budget_fairness_query_sketch/pair1_llama31_same/musique/fairness_evict/evict_r0.25_0715_1526,nan,nan,,
pair1_llama31_same,musique,fairness_evict,ValueNorm/Evict,,0.3,500,0.306,0.32183868800000015,0.0009662537219417743,query_agnostic_kv_v1,bf16,/home/xay/KVMergeComm/snapshots/full_matched_budget_fairness_query_sketch/pair1_llama31_same/musique/fairness_evict/evict_r0.30_0715_1527,nan,nan,,
pair1_llama31_same,musique,fairness_evict,ValueNorm/Evict,,0.35,500,0.328,0.3703794499999999,0.0009578666946446259,query_agnostic_kv_v1,bf16,/home/xay/KVMergeComm/snapshots/full_matched_budget_fairness_query_sketch/pair1_llama31_same/musique/fairness_evict/evict_r0.35_0715_1529,nan,nan,,
pair1_llama31_same,musique,fairness_evict,ValueNorm/Evict,,0.4,500,0.37,0.4187544699999994,0.0009478268980977037,query_agnostic_kv_v1,bf16,/home/xay/KVMergeComm/snapshots/full_matched_budget_fairness_query_sketch/pair1_llama31_same/musique/fairness_evict/evict_r0.40_0715_1531,nan,nan,,
pair1_llama31_same,musique,fairness_evict,ValueNorm/Evict,,0.5,500,0.416,0.515677124,0.001108104073586865,query_agnostic_kv_v1,bf16,/home/xay/KVMergeComm/snapshots/full_matched_budget_fairness_query_sketch/pair1_llama31_same/musique/fairness_evict/evict_r0.50_0715_1533,nan,nan,,
pair1_llama31_same,musique,fairness_evict,ValueNorm/Evict,,0.6,500,0.452,0.6124955300000012,0.0009478268980976998,query_agnostic_kv_v1,bf16,/home/xay/KVMergeComm/snapshots/full_matched_budget_fairness_query_sketch/pair1_llama31_same/musique/fairness_evict/evict_r0.60_0715_1535,nan,nan,,
pair1_llama31_same,musique,fairness_random,Random,,0.1,500,0.04,0.12814802999999966,0.0009516197209424439,query_agnostic_kv_v1,bf16,/home/xay/KVMergeComm/snapshots/full_matched_budget_fairness_query_sketch/pair1_llama31_same/musique/fairness_random/random_r0.10_0715_1537,nan,nan,,
pair1_llama31_same,musique,fairness_random,Random,,0.15,500,0.06,0.17657937200000004,0.0009425887612111245,query_agnostic_kv_v1,bf16,/home/xay/KVMergeComm/snapshots/full_matched_budget_fairness_query_sketch/pair1_llama31_same/musique/fairness_random/random_r0.15_0715_1541,nan,nan,,
pair1_llama31_same,musique,fairness_random,Random,,0.2,500,0.086,0.2250570639999994,0.0009118798965848483,query_agnostic_kv_v1,bf16,/home/xay/KVMergeComm/snapshots/full_matched_budget_fairness_query_sketch/pair1_llama31_same/musique/fairness_random/random_r0.20_0715_1545,nan,nan,,
pair1_llama31_same,musique,fairness_random,Random,,0.25,500,0.144,0.2734137259999997,0.0010354463468468065,query_agnostic_kv_v1,bf16,/home/xay/KVMergeComm/snapshots/full_matched_budget_fairness_query_sketch/pair1_llama31_same/musique/fairness_random/random_r0.25_0715_1549,nan,nan,,
pair1_llama31_same,musique,fairness_random,Random,,0.3,500,0.17,0.32183868800000015,0.0009662537219417743,query_agnostic_kv_v1,bf16,/home/xay/KVMergeComm/snapshots/full_matched_budget_fairness_query_sketch/pair1_llama31_same/musique/fairness_random/random_r0.30_0715_1552,nan,nan,,
pair1_llama31_same,musique,fairness_random,Random,,0.35,500,0.216,0.3703794499999999,0.0009578666946446259,query_agnostic_kv_v1,bf16,/home/xay/KVMergeComm/snapshots/full_matched_budget_fairness_query_sketch/pair1_llama31_same/musique/fairness_random/random_r0.35_0715_1555,nan,nan,,
pair1_llama31_same,musique,fairness_random,Random,,0.4,500,0.252,0.4187544699999994,0.0009478268980977037,query_agnostic_kv_v1,bf16,/home/xay/KVMergeComm/snapshots/full_matched_budget_fairness_query_sketch/pair1_llama31_same/musique/fairness_random/random_r0.40_0715_1558,nan,nan,,
pair1_llama31_same,musique,fairness_random,Random,,0.5,500,0.334,0.515677124,0.001108104073586865,query_agnostic_kv_v1,bf16,/home/xay/KVMergeComm/snapshots/full_matched_budget_fairness_query_sketch/pair1_llama31_same/musique/fairness_random/random_r0.50_0715_1600,nan,nan,,
pair1_llama31_same,musique,fairness_random,Random,,0.6,500,0.374,0.6124955300000012,0.0009478268980976998,query_agnostic_kv_v1,bf16,/home/xay/KVMergeComm/snapshots/full_matched_budget_fairness_query_sketch/pair1_llama31_same/musique/fairness_random/random_r0.60_0715_1602,nan,nan,,
pair1_llama31_same,musique,coverage,B-ReKV,8,,500,0.304,0.27454659399999964,0.0243468739807482,query_sketch_bf16_v1,bf16,/home/xay/KVMergeComm/snapshots/full_matched_budget_fairness_query_sketch/pair1_llama31_same/musique/coverage/cov_t0.95_s0.75_w8_0715_1604,0.9301430079999992,0.011225783999999978,0.95,0.75
pair1_llama31_same,twowikimqa,fairness_rekv,ReKV,8,0.1,200,0.395,0.12813062500000003,6.234701376672487e-05,query_sketch_bf16_v1,bf16,/home/xay/KVMergeComm/snapshots/full_matched_budget_fairness_query_sketch/pair1_llama31_same/twowikimqa/fairness_rekv/rekv_w8_r0.10_0715_1607,nan,nan,,
pair1_llama31_same,twowikimqa,fairness_rekv,ReKV,8,0.15,200,0.415,0.17656473500000003,7.055013381921867e-05,query_sketch_bf16_v1,bf16,/home/xay/KVMergeComm/snapshots/full_matched_budget_fairness_query_sketch/pair1_llama31_same/twowikimqa/fairness_rekv/rekv_w8_r0.15_0715_1609,nan,nan,,
pair1_llama31_same,twowikimqa,fairness_rekv,ReKV,8,0.2,200,0.405,0.2249944400000001,6.593080276903025e-05,query_sketch_bf16_v1,bf16,/home/xay/KVMergeComm/snapshots/full_matched_budget_fairness_query_sketch/pair1_llama31_same/twowikimqa/fairness_rekv/rekv_w8_r0.20_0715_1611,nan,nan,,
pair1_llama31_same,twowikimqa,fairness_rekv,ReKV,8,0.25,200,0.4,0.2734358549999996,6.459307471786327e-05,query_sketch_bf16_v1,bf16,/home/xay/KVMergeComm/snapshots/full_matched_budget_fairness_query_sketch/pair1_llama31_same/twowikimqa/fairness_rekv/rekv_w8_r0.25_0715_1614,nan,nan,,
pair1_llama31_same,twowikimqa,fairness_rekv,ReKV,8,0.3,200,0.41,0.32187672000000006,5.251390435640713e-05,query_sketch_bf16_v1,bf16,/home/xay/KVMergeComm/snapshots/full_matched_budget_fairness_query_sketch/pair1_llama31_same/twowikimqa/fairness_rekv/rekv_w8_r0.30_0715_1616,nan,nan,,
pair1_llama31_same,twowikimqa,fairness_rekv,ReKV,8,0.35,200,0.43,0.3703149049999999,5.402610549888653e-05,query_sketch_bf16_v1,bf16,/home/xay/KVMergeComm/snapshots/full_matched_budget_fairness_query_sketch/pair1_llama31_same/twowikimqa/fairness_rekv/rekv_w8_r0.35_0715_1619,nan,nan,,
pair1_llama31_same,twowikimqa,fairness_rekv,ReKV,8,0.4,200,0.415,0.4187554450000002,5.786943348312912e-05,query_sketch_bf16_v1,bf16,/home/xay/KVMergeComm/snapshots/full_matched_budget_fairness_query_sketch/pair1_llama31_same/twowikimqa/fairness_rekv/rekv_w8_r0.40_0715_1621,nan,nan,,
pair1_llama31_same,twowikimqa,fairness_rekv,ReKV,8,0.5,200,0.415,0.5156160900000001,8.001339021104892e-05,query_sketch_bf16_v1,bf16,/home/xay/KVMergeComm/snapshots/full_matched_budget_fairness_query_sketch/pair1_llama31_same/twowikimqa/fairness_rekv/rekv_w8_r0.50_0715_1623,nan,nan,,
pair1_llama31_same,twowikimqa,fairness_rekv,ReKV,8,0.6,200,0.415,0.6124945549999999,5.78694334831337e-05,query_sketch_bf16_v1,bf16,/home/xay/KVMergeComm/snapshots/full_matched_budget_fairness_query_sketch/pair1_llama31_same/twowikimqa/fairness_rekv/rekv_w8_r0.60_0715_1626,nan,nan,,
pair1_llama31_same,twowikimqa,fairness_evict,ValueNorm/Evict,,0.1,200,0.18,0.12813062500000003,6.234701376672487e-05,query_agnostic_kv_v1,bf16,/home/xay/KVMergeComm/snapshots/full_matched_budget_fairness_query_sketch/pair1_llama31_same/twowikimqa/fairness_evict/evict_r0.10_0715_1628,nan,nan,,
pair1_llama31_same,twowikimqa,fairness_evict,ValueNorm/Evict,,0.15,200,0.265,0.17656473500000003,7.055013381921867e-05,query_agnostic_kv_v1,bf16,/home/xay/KVMergeComm/snapshots/full_matched_budget_fairness_query_sketch/pair1_llama31_same/twowikimqa/fairness_evict/evict_r0.15_0715_1630,nan,nan,,
pair1_llama31_same,twowikimqa,fairness_evict,ValueNorm/Evict,,0.2,200,0.275,0.2249944400000001,6.593080276903025e-05,query_agnostic_kv_v1,bf16,/home/xay/KVMergeComm/snapshots/full_matched_budget_fairness_query_sketch/pair1_llama31_same/twowikimqa/fairness_evict/evict_r0.20_0715_1633,nan,nan,,
pair1_llama31_same,twowikimqa,fairness_evict,ValueNorm/Evict,,0.25,200,0.3,0.2734358549999996,6.459307471786327e-05,query_agnostic_kv_v1,bf16,/home/xay/KVMergeComm/snapshots/full_matched_budget_fairness_query_sketch/pair1_llama31_same/twowikimqa/fairness_evict/evict_r0.25_0715_1635,nan,nan,,
pair1_llama31_same,twowikimqa,fairness_evict,ValueNorm/Evict,,0.3,200,0.325,0.32187672000000006,5.251390435640713e-05,query_agnostic_kv_v1,bf16,/home/xay/KVMergeComm/snapshots/full_matched_budget_fairness_query_sketch/pair1_llama31_same/twowikimqa/fairness_evict/evict_r0.30_0715_1637,nan,nan,,
pair1_llama31_same,twowikimqa,fairness_evict,ValueNorm/Evict,,0.35,200,0.35,0.3703149049999999,5.402610549888653e-05,query_agnostic_kv_v1,bf16,/home/xay/KVMergeComm/snapshots/full_matched_budget_fairness_query_sketch/pair1_llama31_same/twowikimqa/fairness_evict/evict_r0.35_0715_1639,nan,nan,,
pair1_llama31_same,twowikimqa,fairness_evict,ValueNorm/Evict,,0.4,200,0.385,0.4187554450000002,5.786943348312912e-05,query_agnostic_kv_v1,bf16,/home/xay/KVMergeComm/snapshots/full_matched_budget_fairness_query_sketch/pair1_llama31_same/twowikimqa/fairness_evict/evict_r0.40_0715_1641,nan,nan,,
pair1_llama31_same,twowikimqa,fairness_evict,ValueNorm/Evict,,0.5,200,0.41,0.5156160900000001,8.001339021104892e-05,query_agnostic_kv_v1,bf16,/home/xay/KVMergeComm/snapshots/full_matched_budget_fairness_query_sketch/pair1_llama31_same/twowikimqa/fairness_evict/evict_r0.50_0715_1643,nan,nan,,
pair1_llama31_same,twowikimqa,fairness_evict,ValueNorm/Evict,,0.6,200,0.41,0.6124945549999999,5.78694334831337e-05,query_agnostic_kv_v1,bf16,/home/xay/KVMergeComm/snapshots/full_matched_budget_fairness_query_sketch/pair1_llama31_same/twowikimqa/fairness_evict/evict_r0.60_0715_1645,nan,nan,,
pair1_llama31_same,twowikimqa,fairness_random,Random,,0.1,200,0.21,0.12813062500000003,6.234701376672487e-05,query_agnostic_kv_v1,bf16,/home/xay/KVMergeComm/snapshots/full_matched_budget_fairness_query_sketch/pair1_llama31_same/twowikimqa/fairness_random/random_r0.10_0715_1648,nan,nan,,
pair1_llama31_same,twowikimqa,fairness_random,Random,,0.15,200,0.23,0.17656473500000003,7.055013381921867e-05,query_agnostic_kv_v1,bf16,/home/xay/KVMergeComm/snapshots/full_matched_budget_fairness_query_sketch/pair1_llama31_same/twowikimqa/fairness_random/random_r0.15_0715_1650,nan,nan,,
pair1_llama31_same,twowikimqa,fairness_random,Random,,0.2,200,0.29,0.2249944400000001,6.593080276903025e-05,query_agnostic_kv_v1,bf16,/home/xay/KVMergeComm/snapshots/full_matched_budget_fairness_query_sketch/pair1_llama31_same/twowikimqa/fairness_random/random_r0.20_0715_1652,nan,nan,,
pair1_llama31_same,twowikimqa,fairness_random,Random,,0.25,200,0.31,0.2734358549999996,6.459307471786327e-05,query_agnostic_kv_v1,bf16,/home/xay/KVMergeComm/snapshots/full_matched_budget_fairness_query_sketch/pair1_llama31_same/twowikimqa/fairness_random/random_r0.25_0715_1655,nan,nan,,
pair1_llama31_same,twowikimqa,fairness_random,Random,,0.3,200,0.31,0.32187672000000006,5.251390435640713e-05,query_agnostic_kv_v1,bf16,/home/xay/KVMergeComm/snapshots/full_matched_budget_fairness_query_sketch/pair1_llama31_same/twowikimqa/fairness_random/random_r0.30_0715_1657,nan,nan,,
pair1_llama31_same,twowikimqa,fairness_random,Random,,0.35,200,0.305,0.3703149049999999,5.402610549888653e-05,query_agnostic_kv_v1,bf16,/home/xay/KVMergeComm/snapshots/full_matched_budget_fairness_query_sketch/pair1_llama31_same/twowikimqa/fairness_random/random_r0.35_0715_1659,nan,nan,,
pair1_llama31_same,twowikimqa,fairness_random,Random,,0.4,200,0.305,0.4187554450000002,5.786943348312912e-05,query_agnostic_kv_v1,bf16,/home/xay/KVMergeComm/snapshots/full_matched_budget_fairness_query_sketch/pair1_llama31_same/twowikimqa/fairness_random/random_r0.40_0715_1701,nan,nan,,
pair1_llama31_same,twowikimqa,fairness_random,Random,,0.5,200,0.385,0.5156160900000001,8.001339021104892e-05,query_agnostic_kv_v1,bf16,/home/xay/KVMergeComm/snapshots/full_matched_budget_fairness_query_sketch/pair1_llama31_same/twowikimqa/fairness_random/random_r0.50_0715_1703,nan,nan,,
pair1_llama31_same,twowikimqa,fairness_random,Random,,0.6,200,0.39,0.6124945549999999,5.78694334831337e-05,query_agnostic_kv_v1,bf16,/home/xay/KVMergeComm/snapshots/full_matched_budget_fairness_query_sketch/pair1_llama31_same/twowikimqa/fairness_random/random_r0.60_0715_1706,nan,nan,,
pair1_llama31_same,twowikimqa,coverage,B-ReKV,8,,200,0.43,0.3396907650000001,0.02540266925098917,query_sketch_bf16_v1,bf16,/home/xay/KVMergeComm/snapshots/full_matched_budget_fairness_query_sketch/pair1_llama31_same/twowikimqa/coverage/cov_t0.95_s0.75_w8_0715_1708,0.9246680200000001,0.0,0.95,0.75
pair1_llama31_same,multifieldqa_en,fairness_rekv,ReKV,8,0.1,150,0.36,0.12812200666666673,7.330844066023852e-05,query_sketch_bf16_v1,bf16,/home/xay/KVMergeComm/snapshots/full_matched_budget_fairness_query_sketch/pair1_llama31_same/multifieldqa_en/fairness_rekv/rekv_w8_r0.10_0715_1712,nan,nan,,
pair1_llama31_same,multifieldqa_en,fairness_rekv,ReKV,8,0.15,150,0.44,0.1765471733333333,6.068443479507745e-05,query_sketch_bf16_v1,bf16,/home/xay/KVMergeComm/snapshots/full_matched_budget_fairness_query_sketch/pair1_llama31_same/multifieldqa_en/fairness_rekv/rekv_w8_r0.15_0715_1715,nan,nan,,
pair1_llama31_same,multifieldqa_en,fairness_rekv,ReKV,8,0.2,150,0.47333333333333333,0.22501072666666677,6.158465518223637e-05,query_sketch_bf16_v1,bf16,/home/xay/KVMergeComm/snapshots/full_matched_budget_fairness_query_sketch/pair1_llama31_same/multifieldqa_en/fairness_rekv/rekv_w8_r0.20_0715_1717,nan,nan,,
pair1_llama31_same,multifieldqa_en,fairness_rekv,ReKV,8,0.25,150,0.4866666666666667,0.2734403933333333,8.347276987713588e-05,query_sketch_bf16_v1,bf16,/home/xay/KVMergeComm/snapshots/full_matched_budget_fairness_query_sketch/pair1_llama31_same/multifieldqa_en/fairness_rekv/rekv_w8_r0.25_0715_1719,nan,nan,,
pair1_llama31_same,multifieldqa_en,fairness_rekv,ReKV,8,0.3,150,0.49333333333333335,0.3218667266666666,7.346486140528555e-05,query_sketch_bf16_v1,bf16,/home/xay/KVMergeComm/snapshots/full_matched_budget_fairness_query_sketch/pair1_llama31_same/multifieldqa_en/fairness_rekv/rekv_w8_r0.30_0715_1721,nan,nan,,
pair1_llama31_same,multifieldqa_en,fairness_rekv,ReKV,8,0.35,150,0.49333333333333335,0.37030424666666656,5.7438375108661466e-05,query_sketch_bf16_v1,bf16,/home/xay/KVMergeComm/snapshots/full_matched_budget_fairness_query_sketch/pair1_llama31_same/multifieldqa_en/fairness_rekv/rekv_w8_r0.35_0715_1724,nan,nan,,
pair1_llama31_same,multifieldqa_en,fairness_rekv,ReKV,8,0.4,150,0.5133333333333333,0.41876210666666697,7.581991616192154e-05,query_sketch_bf16_v1,bf16,/home/xay/KVMergeComm/snapshots/full_matched_budget_fairness_query_sketch/pair1_llama31_same/multifieldqa_en/fairness_rekv/rekv_w8_r0.40_0715_1726,nan,nan,,
pair1_llama31_same,multifieldqa_en,fairness_rekv,ReKV,8,0.5,150,0.5,0.515613286666667,9.367911363316524e-05,query_sketch_bf16_v1,bf16,/home/xay/KVMergeComm/snapshots/full_matched_budget_fairness_query_sketch/pair1_llama31_same/multifieldqa_en/fairness_rekv/rekv_w8_r0.50_0715_1728,nan,nan,,
pair1_llama31_same,multifieldqa_en,fairness_rekv,ReKV,8,0.6,150,0.5466666666666666,0.612487893333333,7.58199161619205e-05,query_sketch_bf16_v1,bf16,/home/xay/KVMergeComm/snapshots/full_matched_budget_fairness_query_sketch/pair1_llama31_same/multifieldqa_en/fairness_rekv/rekv_w8_r0.60_0715_1731,nan,nan,,
pair1_llama31_same,multifieldqa_en,fairness_evict,ValueNorm/Evict,,0.1,150,0.18666666666666668,0.12812200666666673,7.330844066023852e-05,query_agnostic_kv_v1,bf16,/home/xay/KVMergeComm/snapshots/full_matched_budget_fairness_query_sketch/pair1_llama31_same/multifieldqa_en/fairness_evict/evict_r0.10_0715_1733,nan,nan,,
pair1_llama31_same,multifieldqa_en,fairness_evict,ValueNorm/Evict,,0.15,150,0.22666666666666666,0.1765471733333333,6.068443479507745e-05,query_agnostic_kv_v1,bf16,/home/xay/KVMergeComm/snapshots/full_matched_budget_fairness_query_sketch/pair1_llama31_same/multifieldqa_en/fairness_evict/evict_r0.15_0715_1735,nan,nan,,
pair1_llama31_same,multifieldqa_en,fairness_evict,ValueNorm/Evict,,0.2,150,0.2866666666666667,0.22501072666666677,6.158465518223637e-05,query_agnostic_kv_v1,bf16,/home/xay/KVMergeComm/snapshots/full_matched_budget_fairness_query_sketch/pair1_llama31_same/multifieldqa_en/fairness_evict/evict_r0.20_0715_1737,nan,nan,,
pair1_llama31_same,multifieldqa_en,fairness_evict,ValueNorm/Evict,,0.25,150,0.3,0.2734403933333333,8.347276987713588e-05,query_agnostic_kv_v1,bf16,/home/xay/KVMergeComm/snapshots/full_matched_budget_fairness_query_sketch/pair1_llama31_same/multifieldqa_en/fairness_evict/evict_r0.25_0715_1739,nan,nan,,
pair1_llama31_same,multifieldqa_en,fairness_evict,ValueNorm/Evict,,0.3,150,0.32666666666666666,0.3218667266666666,7.346486140528555e-05,query_agnostic_kv_v1,bf16,/home/xay/KVMergeComm/snapshots/full_matched_budget_fairness_query_sketch/pair1_llama31_same/multifieldqa_en/fairness_evict/evict_r0.30_0715_1741,nan,nan,,
pair1_llama31_same,multifieldqa_en,fairness_evict,ValueNorm/Evict,,0.35,150,0.3333333333333333,0.37030424666666656,5.7438375108661466e-05,query_agnostic_kv_v1,bf16,/home/xay/KVMergeComm/snapshots/full_matched_budget_fairness_query_sketch/pair1_llama31_same/multifieldqa_en/fairness_evict/evict_r0.35_0715_1743,nan,nan,,
pair1_llama31_same,multifieldqa_en,fairness_evict,ValueNorm/Evict,,0.4,150,0.4,0.41876210666666697,7.581991616192154e-05,query_agnostic_kv_v1,bf16,/home/xay/KVMergeComm/snapshots/full_matched_budget_fairness_query_sketch/pair1_llama31_same/multifieldqa_en/fairness_evict/evict_r0.40_0715_1745,nan,nan,,
pair1_llama31_same,multifieldqa_en,fairness_evict,ValueNorm/Evict,,0.5,150,0.38,0.515613286666667,9.367911363316524e-05,query_agnostic_kv_v1,bf16,/home/xay/KVMergeComm/snapshots/full_matched_budget_fairness_query_sketch/pair1_llama31_same/multifieldqa_en/fairness_evict/evict_r0.50_0715_1747,nan,nan,,
pair1_llama31_same,multifieldqa_en,fairness_evict,ValueNorm/Evict,,0.6,150,0.5,0.612487893333333,7.58199161619205e-05,query_agnostic_kv_v1,bf16,/home/xay/KVMergeComm/snapshots/full_matched_budget_fairness_query_sketch/pair1_llama31_same/multifieldqa_en/fairness_evict/evict_r0.60_0715_1749,nan,nan,,
pair1_llama31_same,multifieldqa_en,fairness_random,Random,,0.1,150,0.21333333333333335,0.12812200666666673,7.330844066023852e-05,query_agnostic_kv_v1,bf16,/home/xay/KVMergeComm/snapshots/full_matched_budget_fairness_query_sketch/pair1_llama31_same/multifieldqa_en/fairness_random/random_r0.10_0715_1752,nan,nan,,
pair1_llama31_same,multifieldqa_en,fairness_random,Random,,0.15,150,0.24,0.1765471733333333,6.068443479507745e-05,query_agnostic_kv_v1,bf16,/home/xay/KVMergeComm/snapshots/full_matched_budget_fairness_query_sketch/pair1_llama31_same/multifieldqa_en/fairness_random/random_r0.15_0715_1754,nan,nan,,
pair1_llama31_same,multifieldqa_en,fairness_random,Random,,0.2,150,0.32666666666666666,0.22501072666666677,6.158465518223637e-05,query_agnostic_kv_v1,bf16,/home/xay/KVMergeComm/snapshots/full_matched_budget_fairness_query_sketch/pair1_llama31_same/multifieldqa_en/fairness_random/random_r0.20_0715_1756,nan,nan,,
pair1_llama31_same,multifieldqa_en,fairness_random,Random,,0.25,150,0.38666666666666666,0.2734403933333333,8.347276987713588e-05,query_agnostic_kv_v1,bf16,/home/xay/KVMergeComm/snapshots/full_matched_budget_fairness_query_sketch/pair1_llama31_same/multifieldqa_en/fairness_random/random_r0.25_0715_1758,nan,nan,,
pair1_llama31_same,multifieldqa_en,fairness_random,Random,,0.3,150,0.38666666666666666,0.3218667266666666,7.346486140528555e-05,query_agnostic_kv_v1,bf16,/home/xay/KVMergeComm/snapshots/full_matched_budget_fairness_query_sketch/pair1_llama31_same/multifieldqa_en/fairness_random/random_r0.30_0715_1800,nan,nan,,
pair1_llama31_same,multifieldqa_en,fairness_random,Random,,0.35,150,0.43333333333333335,0.37030424666666656,5.7438375108661466e-05,query_agnostic_kv_v1,bf16,/home/xay/KVMergeComm/snapshots/full_matched_budget_fairness_query_sketch/pair1_llama31_same/multifieldqa_en/fairness_random/random_r0.35_0715_1803,nan,nan,,
pair1_llama31_same,multifieldqa_en,fairness_random,Random,,0.4,150,0.4666666666666667,0.41876210666666697,7.581991616192154e-05,query_agnostic_kv_v1,bf16,/home/xay/KVMergeComm/snapshots/full_matched_budget_fairness_query_sketch/pair1_llama31_same/multifieldqa_en/fairness_random/random_r0.40_0715_1805,nan,nan,,
pair1_llama31_same,multifieldqa_en,fairness_random,Random,,0.5,150,0.48,0.515613286666667,9.367911363316524e-05,query_agnostic_kv_v1,bf16,/home/xay/KVMergeComm/snapshots/full_matched_budget_fairness_query_sketch/pair1_llama31_same/multifieldqa_en/fairness_random/random_r0.50_0715_1807,nan,nan,,
pair1_llama31_same,multifieldqa_en,fairness_random,Random,,0.6,150,0.56,0.612487893333333,7.58199161619205e-05,query_agnostic_kv_v1,bf16,/home/xay/KVMergeComm/snapshots/full_matched_budget_fairness_query_sketch/pair1_llama31_same/multifieldqa_en/fairness_random/random_r0.60_0715_1809,nan,nan,,
pair1_llama31_same,multifieldqa_en,coverage,B-ReKV,8,,150,0.5,0.33536828,0.033103406742123934,query_sketch_bf16_v1,bf16,/home/xay/KVMergeComm/snapshots/full_matched_budget_fairness_query_sketch/pair1_llama31_same/multifieldqa_en/coverage/cov_t0.95_s0.75_w8_0715_1812,0.9249110333333332,0.00064516,0.95,0.75
pair1_llama31_same,tmath,fairness_rekv,ReKV,8,0.1,300,0.3348057733333334,0.12817670000000014,0.0013900662372033593,query_sketch_bf16_v1,bf16,/home/xay/KVMergeComm/snapshots/full_matched_budget_fairness_query_sketch/pair1_llama31_same/tmath/fairness_rekv/rekv_w8_r0.10_0715_1814,nan,nan,,
pair1_llama31_same,tmath,fairness_rekv,ReKV,8,0.15,300,0.3433873366666665,0.1766056833333333,0.0013989350523372207,query_sketch_bf16_v1,bf16,/home/xay/KVMergeComm/snapshots/full_matched_budget_fairness_query_sketch/pair1_llama31_same/tmath/fairness_rekv/rekv_w8_r0.15_0715_1835,nan,nan,,
pair1_llama31_same,tmath,fairness_rekv,ReKV,8,0.2,300,0.3502352600000001,0.2249636600000001,0.0013000646077591003,query_sketch_bf16_v1,bf16,/home/xay/KVMergeComm/snapshots/full_matched_budget_fairness_query_sketch/pair1_llama31_same/tmath/fairness_rekv/rekv_w8_r0.20_0715_1856,nan,nan,,
pair1_llama31_same,tmath,fairness_rekv,ReKV,8,0.25,300,0.3488883133333335,0.273445753333333,0.0014781702280972228,query_sketch_bf16_v1,bf16,/home/xay/KVMergeComm/snapshots/full_matched_budget_fairness_query_sketch/pair1_llama31_same/tmath/fairness_rekv/rekv_w8_r0.25_0715_1917,nan,nan,,
pair1_llama31_same,tmath,fairness_rekv,ReKV,8,0.3,300,0.3546581433333334,0.321835726666667,0.0013759696995218464,query_sketch_bf16_v1,bf16,/home/xay/KVMergeComm/snapshots/full_matched_budget_fairness_query_sketch/pair1_llama31_same/tmath/fairness_rekv/rekv_w8_r0.30_0715_1938,nan,nan,,
pair1_llama31_same,tmath,fairness_rekv,ReKV,8,0.35,300,0.35611852000000027,0.3702063333333333,0.0013176878867084403,query_sketch_bf16_v1,bf16,/home/xay/KVMergeComm/snapshots/full_matched_budget_fairness_query_sketch/pair1_llama31_same/tmath/fairness_rekv/rekv_w8_r0.35_0715_2000,nan,nan,,
pair1_llama31_same,tmath,fairness_rekv,ReKV,8,0.4,300,0.35693487333333346,0.4187397933333335,0.001347156940882083,query_sketch_bf16_v1,bf16,/home/xay/KVMergeComm/snapshots/full_matched_budget_fairness_query_sketch/pair1_llama31_same/tmath/fairness_rekv/rekv_w8_r0.40_0715_2021,nan,nan,,
pair1_llama31_same,tmath,fairness_rekv,ReKV,8,0.5,300,0.36328120000000036,0.5156143666666663,0.001634117971272478,query_sketch_bf16_v1,bf16,/home/xay/KVMergeComm/snapshots/full_matched_budget_fairness_query_sketch/pair1_llama31_same/tmath/fairness_rekv/rekv_w8_r0.50_0715_2045,nan,nan,,
pair1_llama31_same,tmath,fairness_rekv,ReKV,8,0.6,300,0.3608801166666668,0.612510206666667,0.0013471569408820808,query_sketch_bf16_v1,bf16,/home/xay/KVMergeComm/snapshots/full_matched_budget_fairness_query_sketch/pair1_llama31_same/tmath/fairness_rekv/rekv_w8_r0.60_0715_2106,nan,nan,,
pair1_llama31_same,tmath,fairness_evict,ValueNorm/Evict,,0.1,300,0.33762667333333346,0.12817670000000014,0.0013900662372033593,query_agnostic_kv_v1,bf16,/home/xay/KVMergeComm/snapshots/full_matched_budget_fairness_query_sketch/pair1_llama31_same/tmath/fairness_evict/evict_r0.10_0715_2128,nan,nan,,
pair1_llama31_same,tmath,fairness_evict,ValueNorm/Evict,,0.15,300,0.3408055866666669,0.1766056833333333,0.0013989350523372207,query_agnostic_kv_v1,bf16,/home/xay/KVMergeComm/snapshots/full_matched_budget_fairness_query_sketch/pair1_llama31_same/tmath/fairness_evict/evict_r0.15_0715_2149,nan,nan,,
pair1_llama31_same,tmath,fairness_evict,ValueNorm/Evict,,0.2,300,0.34290071,0.2249636600000001,0.0013000646077591003,query_agnostic_kv_v1,bf16,/home/xay/KVMergeComm/snapshots/full_matched_budget_fairness_query_sketch/pair1_llama31_same/tmath/fairness_evict/evict_r0.20_0715_2209,nan,nan,,
pair1_llama31_same,tmath,fairness_evict,ValueNorm/Evict,,0.25,300,0.3501817833333332,0.273445753333333,0.0014781702280972228,query_agnostic_kv_v1,bf16,/home/xay/KVMergeComm/snapshots/full_matched_budget_fairness_query_sketch/pair1_llama31_same/tmath/fairness_evict/evict_r0.25_0715_2229,nan,nan,,
pair1_llama31_same,tmath,fairness_evict,ValueNorm/Evict,,0.3,300,0.35261196,0.321835726666667,0.0013759696995218464,query_agnostic_kv_v1,bf16,/home/xay/KVMergeComm/snapshots/full_matched_budget_fairness_query_sketch/pair1_llama31_same/tmath/fairness_evict/evict_r0.30_0715_2250,nan,nan,,
pair1_llama31_same,tmath,fairness_evict,ValueNorm/Evict,,0.35,300,0.35468102666666673,0.3702063333333333,0.0013176878867084403,query_agnostic_kv_v1,bf16,/home/xay/KVMergeComm/snapshots/full_matched_budget_fairness_query_sketch/pair1_llama31_same/tmath/fairness_evict/evict_r0.35_0715_2311,nan,nan,,
pair1_llama31_same,tmath,fairness_evict,ValueNorm/Evict,,0.4,300,0.3490935433333334,0.4187397933333335,0.001347156940882083,query_agnostic_kv_v1,bf16,/home/xay/KVMergeComm/snapshots/full_matched_budget_fairness_query_sketch/pair1_llama31_same/tmath/fairness_evict/evict_r0.40_0715_2332,nan,nan,,
pair1_llama31_same,tmath,fairness_evict,ValueNorm/Evict,,0.5,300,0.3595191033333333,0.5156143666666663,0.001634117971272478,query_agnostic_kv_v1,bf16,/home/xay/KVMergeComm/snapshots/full_matched_budget_fairness_query_sketch/pair1_llama31_same/tmath/fairness_evict/evict_r0.50_0715_2353,nan,nan,,
pair1_llama31_same,tmath,fairness_evict,ValueNorm/Evict,,0.6,300,0.3624941700000001,0.612510206666667,0.0013471569408820808,query_agnostic_kv_v1,bf16,/home/xay/KVMergeComm/snapshots/full_matched_budget_fairness_query_sketch/pair1_llama31_same/tmath/fairness_evict/evict_r0.60_0716_0014,nan,nan,,
pair1_llama31_same,tmath,fairness_random,Random,,0.1,300,0.3402568266666667,0.12817670000000014,0.0013900662372033593,query_agnostic_kv_v1,bf16,/home/xay/KVMergeComm/snapshots/full_matched_budget_fairness_query_sketch/pair1_llama31_same/tmath/fairness_random/random_r0.10_0716_0035,nan,nan,,
pair1_llama31_same,tmath,fairness_random,Random,,0.15,300,0.3488954266666667,0.1766056833333333,0.0013989350523372207,query_agnostic_kv_v1,bf16,/home/xay/KVMergeComm/snapshots/full_matched_budget_fairness_query_sketch/pair1_llama31_same/tmath/fairness_random/random_r0.15_0716_0055,nan,nan,,
pair1_llama31_same,tmath,fairness_random,Random,,0.2,300,0.3440482266666667,0.2249636600000001,0.0013000646077591003,query_agnostic_kv_v1,bf16,/home/xay/KVMergeComm/snapshots/full_matched_budget_fairness_query_sketch/pair1_llama31_same/tmath/fairness_random/random_r0.20_0716_0116,nan,nan,,
pair1_llama31_same,tmath,fairness_random,Random,,0.25,300,0.34077384999999993,0.273445753333333,0.0014781702280972228,query_agnostic_kv_v1,bf16,/home/xay/KVMergeComm/snapshots/full_matched_budget_fairness_query_sketch/pair1_llama31_same/tmath/fairness_random/random_r0.25_0716_0136,nan,nan,,
pair1_llama31_same,tmath,fairness_random,Random,,0.3,300,0.3483116333333335,0.321835726666667,0.0013759696995218464,query_agnostic_kv_v1,bf16,/home/xay/KVMergeComm/snapshots/full_matched_budget_fairness_query_sketch/pair1_llama31_same/tmath/fairness_random/random_r0.30_0716_0157,nan,nan,,
pair1_llama31_same,tmath,fairness_random,Random,,0.35,300,0.3474867900000002,0.3702063333333333,0.0013176878867084403,query_agnostic_kv_v1,bf16,/home/xay/KVMergeComm/snapshots/full_matched_budget_fairness_query_sketch/pair1_llama31_same/tmath/fairness_random/random_r0.35_0716_0217,nan,nan,,
pair1_llama31_same,tmath,fairness_random,Random,,0.4,300,0.3483347599999999,0.4187397933333335,0.001347156940882083,query_agnostic_kv_v1,bf16,/home/xay/KVMergeComm/snapshots/full_matched_budget_fairness_query_sketch/pair1_llama31_same/tmath/fairness_random/random_r0.40_0716_0238,nan,nan,,
pair1_llama31_same,tmath,fairness_random,Random,,0.5,300,0.35731748,0.5156143666666663,0.001634117971272478,query_agnostic_kv_v1,bf16,/home/xay/KVMergeComm/snapshots/full_matched_budget_fairness_query_sketch/pair1_llama31_same/tmath/fairness_random/random_r0.50_0716_0258,nan,nan,,
pair1_llama31_same,tmath,fairness_random,Random,,0.6,300,0.35617918000000015,0.612510206666667,0.0013471569408820808,query_agnostic_kv_v1,bf16,/home/xay/KVMergeComm/snapshots/full_matched_budget_fairness_query_sketch/pair1_llama31_same/tmath/fairness_random/random_r0.60_0716_0319,nan,nan,,
pair1_llama31_same,tmath,coverage,B-ReKV,8,,300,0.35593849666666655,0.2648429900000001,0.024051898118726767,query_sketch_bf16_v1,bf16,/home/xay/KVMergeComm/snapshots/full_matched_budget_fairness_query_sketch/pair1_llama31_same/tmath/coverage/cov_t0.95_s0.75_w8_0716_0340,0.9282471766666669,0.0032258000000000005,0.95,0.75
pair2_llama32_same,countries,fairness_rekv,ReKV,8,0.1,200,0.445,0.21221224999999994,0.008244677105890939,query_sketch_bf16_v1,bf16,/home/xay/KVMergeComm/snapshots/full_matched_budget_fairness_query_sketch/pair2_llama32_same/countries/fairness_rekv/rekv_w8_r0.10_0715_1710,nan,nan,,
pair2_llama32_same,countries,fairness_rekv,ReKV,8,0.15,200,0.45,0.21235984499999994,0.007416146693524492,query_sketch_bf16_v1,bf16,/home/xay/KVMergeComm/snapshots/full_matched_budget_fairness_query_sketch/pair2_llama32_same/countries/fairness_rekv/rekv_w8_r0.15_0715_1712,nan,nan,,
pair2_llama32_same,countries,fairness_rekv,ReKV,8,0.2,200,0.485,0.22872310999999995,0.004298580436229352,query_sketch_bf16_v1,bf16,/home/xay/KVMergeComm/snapshots/full_matched_budget_fairness_query_sketch/pair2_llama32_same/countries/fairness_rekv/rekv_w8_r0.20_0715_1712,nan,nan,,
pair2_llama32_same,countries,fairness_rekv,ReKV,8,0.25,200,0.49,0.27697837,0.004620262725360611,query_sketch_bf16_v1,bf16,/home/xay/KVMergeComm/snapshots/full_matched_budget_fairness_query_sketch/pair2_llama32_same/countries/fairness_rekv/rekv_w8_r0.25_0715_1713,nan,nan,,
pair2_llama32_same,countries,fairness_rekv,ReKV,8,0.3,200,0.52,0.32664266999999975,0.00417492606272808,query_sketch_bf16_v1,bf16,/home/xay/KVMergeComm/snapshots/full_matched_budget_fairness_query_sketch/pair2_llama32_same/countries/fairness_rekv/rekv_w8_r0.30_0715_1713,nan,nan,,
pair2_llama32_same,countries,fairness_rekv,ReKV,8,0.35,200,0.53,0.3724487799999999,0.004051439853438543,query_sketch_bf16_v1,bf16,/home/xay/KVMergeComm/snapshots/full_matched_budget_fairness_query_sketch/pair2_llama32_same/countries/fairness_rekv/rekv_w8_r0.35_0715_1714,nan,nan,,
pair2_llama32_same,countries,fairness_rekv,ReKV,8,0.4,200,0.555,0.42168596500000066,0.004123774042737145,query_sketch_bf16_v1,bf16,/home/xay/KVMergeComm/snapshots/full_matched_budget_fairness_query_sketch/pair2_llama32_same/countries/fairness_rekv/rekv_w8_r0.40_0715_1715,nan,nan,,
pair2_llama32_same,countries,fairness_rekv,ReKV,8,0.5,200,0.565,0.5182822150000007,0.005257571281272685,query_sketch_bf16_v1,bf16,/home/xay/KVMergeComm/snapshots/full_matched_budget_fairness_query_sketch/pair2_llama32_same/countries/fairness_rekv/rekv_w8_r0.50_0715_1715,nan,nan,,
pair2_llama32_same,countries,fairness_rekv,ReKV,8,0.6,200,0.58,0.614028295000001,0.004123707412279061,query_sketch_bf16_v1,bf16,/home/xay/KVMergeComm/snapshots/full_matched_budget_fairness_query_sketch/pair2_llama32_same/countries/fairness_rekv/rekv_w8_r0.60_0715_1716,nan,nan,,
pair2_llama32_same,countries,fairness_evict,ValueNorm/Evict,,0.1,200,0.445,0.21221224999999994,0.008244677105890939,query_agnostic_kv_v1,bf16,/home/xay/KVMergeComm/snapshots/full_matched_budget_fairness_query_sketch/pair2_llama32_same/countries/fairness_evict/evict_r0.10_0715_1716,nan,nan,,
pair2_llama32_same,countries,fairness_evict,ValueNorm/Evict,,0.15,200,0.445,0.21235984499999994,0.007416146693524492,query_agnostic_kv_v1,bf16,/home/xay/KVMergeComm/snapshots/full_matched_budget_fairness_query_sketch/pair2_llama32_same/countries/fairness_evict/evict_r0.15_0715_1717,nan,nan,,
pair2_llama32_same,countries,fairness_evict,ValueNorm/Evict,,0.2,200,0.455,0.22872310999999995,0.004298580436229352,query_agnostic_kv_v1,bf16,/home/xay/KVMergeComm/snapshots/full_matched_budget_fairness_query_sketch/pair2_llama32_same/countries/fairness_evict/evict_r0.20_0715_1717,nan,nan,,
pair2_llama32_same,countries,fairness_evict,ValueNorm/Evict,,0.25,200,0.47,0.27697837,0.004620262725360611,query_agnostic_kv_v1,bf16,/home/xay/KVMergeComm/snapshots/full_matched_budget_fairness_query_sketch/pair2_llama32_same/countries/fairness_evict/evict_r0.25_0715_1718,nan,nan,,
pair2_llama32_same,countries,fairness_evict,ValueNorm/Evict,,0.3,200,0.52,0.32664266999999975,0.00417492606272808,query_agnostic_kv_v1,bf16,/home/xay/KVMergeComm/snapshots/full_matched_budget_fairness_query_sketch/pair2_llama32_same/countries/fairness_evict/evict_r0.30_0715_1718,nan,nan,,
pair2_llama32_same,countries,fairness_evict,ValueNorm/Evict,,0.35,200,0.52,0.3724487799999999,0.004051439853438543,query_agnostic_kv_v1,bf16,/home/xay/KVMergeComm/snapshots/full_matched_budget_fairness_query_sketch/pair2_llama32_same/countries/fairness_evict/evict_r0.35_0715_1719,nan,nan,,
pair2_llama32_same,countries,fairness_evict,ValueNorm/Evict,,0.4,200,0.505,0.42168596500000066,0.004123774042737145,query_agnostic_kv_v1,bf16,/home/xay/KVMergeComm/snapshots/full_matched_budget_fairness_query_sketch/pair2_llama32_same/countries/fairness_evict/evict_r0.40_0715_1719,nan,nan,,
pair2_llama32_same,countries,fairness_evict,ValueNorm/Evict,,0.5,200,0.53,0.5182822150000007,0.005257571281272685,query_agnostic_kv_v1,bf16,/home/xay/KVMergeComm/snapshots/full_matched_budget_fairness_query_sketch/pair2_llama32_same/countries/fairness_evict/evict_r0.50_0715_1720,nan,nan,,
pair2_llama32_same,countries,fairness_evict,ValueNorm/Evict,,0.6,200,0.565,0.614028295000001,0.004123707412279061,query_agnostic_kv_v1,bf16,/home/xay/KVMergeComm/snapshots/full_matched_budget_fairness_query_sketch/pair2_llama32_same/countries/fairness_evict/evict_r0.60_0715_1720,nan,nan,,
pair2_llama32_same,countries,fairness_random,Random,,0.1,200,0.445,0.21221224999999994,0.008244677105890939,query_agnostic_kv_v1,bf16,/home/xay/KVMergeComm/snapshots/full_matched_budget_fairness_query_sketch/pair2_llama32_same/countries/fairness_random/random_r0.10_0715_1721,nan,nan,,
pair2_llama32_same,countries,fairness_random,Random,,0.15,200,0.445,0.21235984499999994,0.007416146693524492,query_agnostic_kv_v1,bf16,/home/xay/KVMergeComm/snapshots/full_matched_budget_fairness_query_sketch/pair2_llama32_same/countries/fairness_random/random_r0.15_0715_1721,nan,nan,,
pair2_llama32_same,countries,fairness_random,Random,,0.2,200,0.445,0.22872310999999995,0.004298580436229352,query_agnostic_kv_v1,bf16,/home/xay/KVMergeComm/snapshots/full_matched_budget_fairness_query_sketch/pair2_llama32_same/countries/fairness_random/random_r0.20_0715_1722,nan,nan,,
pair2_llama32_same,countries,fairness_random,Random,,0.25,200,0.48,0.27697837,0.004620262725360611,query_agnostic_kv_v1,bf16,/home/xay/KVMergeComm/snapshots/full_matched_budget_fairness_query_sketch/pair2_llama32_same/countries/fairness_random/random_r0.25_0715_1722,nan,nan,,
pair2_llama32_same,countries,fairness_random,Random,,0.3,200,0.505,0.32664266999999975,0.00417492606272808,query_agnostic_kv_v1,bf16,/home/xay/KVMergeComm/snapshots/full_matched_budget_fairness_query_sketch/pair2_llama32_same/countries/fairness_random/random_r0.30_0715_1723,nan,nan,,
pair2_llama32_same,countries,fairness_random,Random,,0.35,200,0.49,0.3724487799999999,0.004051439853438543,query_agnostic_kv_v1,bf16,/home/xay/KVMergeComm/snapshots/full_matched_budget_fairness_query_sketch/pair2_llama32_same/countries/fairness_random/random_r0.35_0715_1723,nan,nan,,
pair2_llama32_same,countries,fairness_random,Random,,0.4,200,0.5,0.42168596500000066,0.004123774042737145,query_agnostic_kv_v1,bf16,/home/xay/KVMergeComm/snapshots/full_matched_budget_fairness_query_sketch/pair2_llama32_same/countries/fairness_random/random_r0.40_0715_1723,nan,nan,,
pair2_llama32_same,countries,fairness_random,Random,,0.5,200,0.52,0.5182822150000007,0.005257571281272685,query_agnostic_kv_v1,bf16,/home/xay/KVMergeComm/snapshots/full_matched_budget_fairness_query_sketch/pair2_llama32_same/countries/fairness_random/random_r0.50_0715_1724,nan,nan,,
pair2_llama32_same,countries,fairness_random,Random,,0.6,200,0.54,0.614028295000001,0.004123707412279061,query_agnostic_kv_v1,bf16,/home/xay/KVMergeComm/snapshots/full_matched_budget_fairness_query_sketch/pair2_llama32_same/countries/fairness_random/random_r0.60_0715_1724,nan,nan,,
pair2_llama32_same,countries,coverage,B-ReKV,8,,200,0.53,0.27457085,0.0035509916086246406,query_sketch_bf16_v1,bf16,/home/xay/KVMergeComm/snapshots/full_matched_budget_fairness_query_sketch/pair2_llama32_same/countries/coverage/cov_t0.95_s0.75_w8_0715_1725,0.9175644150000006,0.07574066499999989,0.95,0.75
pair2_llama32_same,hotpotqa,fairness_rekv,ReKV,8,0.1,500,0.252,0.13573270600000012,0.007816132692841657,query_sketch_bf16_v1,bf16,/home/xay/KVMergeComm/snapshots/full_matched_budget_fairness_query_sketch/pair2_llama32_same/hotpotqa/fairness_rekv/rekv_w8_r0.10_0715_1725,nan,nan,,
pair2_llama32_same,hotpotqa,fairness_rekv,ReKV,8,0.15,500,0.4,0.18028463400000033,0.002165808011974623,query_sketch_bf16_v1,bf16,/home/xay/KVMergeComm/snapshots/full_matched_budget_fairness_query_sketch/pair2_llama32_same/hotpotqa/fairness_rekv/rekv_w8_r0.15_0715_1727,nan,nan,,
pair2_llama32_same,hotpotqa,fairness_rekv,ReKV,8,0.2,500,0.48,0.22856981600000012,0.0020347338621853842,query_sketch_bf16_v1,bf16,/home/xay/KVMergeComm/snapshots/full_matched_budget_fairness_query_sketch/pair2_llama32_same/hotpotqa/fairness_rekv/rekv_w8_r0.20_0715_1729,nan,nan,,
pair2_llama32_same,hotpotqa,fairness_rekv,ReKV,8,0.25,500,0.518,0.2770024880000001,0.002193958249250637,query_sketch_bf16_v1,bf16,/home/xay/KVMergeComm/snapshots/full_matched_budget_fairness_query_sketch/pair2_llama32_same/hotpotqa/fairness_rekv/rekv_w8_r0.25_0715_1730,nan,nan,,
pair2_llama32_same,hotpotqa,fairness_rekv,ReKV,8,0.3,500,0.582,0.32510808,0.002104243727549129,query_sketch_bf16_v1,bf16,/home/xay/KVMergeComm/snapshots/full_matched_budget_fairness_query_sketch/pair2_llama32_same/hotpotqa/fairness_rekv/rekv_w8_r0.30_0715_1732,nan,nan,,
pair2_llama32_same,hotpotqa,fairness_rekv,ReKV,8,0.35,500,0.624,0.3732675119999996,0.002176947056505887,query_sketch_bf16_v1,bf16,/home/xay/KVMergeComm/snapshots/full_matched_budget_fairness_query_sketch/pair2_llama32_same/hotpotqa/fairness_rekv/rekv_w8_r0.35_0715_1733,nan,nan,,
pair2_llama32_same,hotpotqa,fairness_rekv,ReKV,8,0.4,500,0.654,0.4212973079999996,0.0020901961939958644,query_sketch_bf16_v1,bf16,/home/xay/KVMergeComm/snapshots/full_matched_budget_fairness_query_sketch/pair2_llama32_same/hotpotqa/fairness_rekv/rekv_w8_r0.40_0715_1735,nan,nan,,
pair2_llama32_same,hotpotqa,fairness_rekv,ReKV,8,0.5,500,0.666,0.5180235159999989,0.0026637246313324374,query_sketch_bf16_v1,bf16,/home/xay/KVMergeComm/snapshots/full_matched_budget_fairness_query_sketch/pair2_llama32_same/hotpotqa/fairness_rekv/rekv_w8_r0.50_0715_1736,nan,nan,,
pair2_llama32_same,hotpotqa,fairness_rekv,ReKV,8,0.6,500,0.682,0.6144171079999997,0.002090232592060947,query_sketch_bf16_v1,bf16,/home/xay/KVMergeComm/snapshots/full_matched_budget_fairness_query_sketch/pair2_llama32_same/hotpotqa/fairness_rekv/rekv_w8_r0.60_0715_1738,nan,nan,,
pair2_llama32_same,hotpotqa,fairness_evict,ValueNorm/Evict,,0.1,500,0.22,0.13573270600000012,0.007816132692841657,query_agnostic_kv_v1,bf16,/home/xay/KVMergeComm/snapshots/full_matched_budget_fairness_query_sketch/pair2_llama32_same/hotpotqa/fairness_evict/evict_r0.10_0715_1739,nan,nan,,
pair2_llama32_same,hotpotqa,fairness_evict,ValueNorm/Evict,,0.15,500,0.32,0.18028463400000033,0.002165808011974623,query_agnostic_kv_v1,bf16,/home/xay/KVMergeComm/snapshots/full_matched_budget_fairness_query_sketch/pair2_llama32_same/hotpotqa/fairness_evict/evict_r0.15_0715_1741,nan,nan,,
pair2_llama32_same,hotpotqa,fairness_evict,ValueNorm/Evict,,0.2,500,0.436,0.22856981600000012,0.0020347338621853842,query_agnostic_kv_v1,bf16,/home/xay/KVMergeComm/snapshots/full_matched_budget_fairness_query_sketch/pair2_llama32_same/hotpotqa/fairness_evict/evict_r0.20_0715_1742,nan,nan,,
pair2_llama32_same,hotpotqa,fairness_evict,ValueNorm/Evict,,0.25,500,0.488,0.2770024880000001,0.002193958249250637,query_agnostic_kv_v1,bf16,/home/xay/KVMergeComm/snapshots/full_matched_budget_fairness_query_sketch/pair2_llama32_same/hotpotqa/fairness_evict/evict_r0.25_0715_1743,nan,nan,,
pair2_llama32_same,hotpotqa,fairness_evict,ValueNorm/Evict,,0.3,500,0.55,0.32510808,0.002104243727549129,query_agnostic_kv_v1,bf16,/home/xay/KVMergeComm/snapshots/full_matched_budget_fairness_query_sketch/pair2_llama32_same/hotpotqa/fairness_evict/evict_r0.30_0715_1744,nan,nan,,
pair2_llama32_same,hotpotqa,fairness_evict,ValueNorm/Evict,,0.35,500,0.578,0.3732675119999996,0.002176947056505887,query_agnostic_kv_v1,bf16,/home/xay/KVMergeComm/snapshots/full_matched_budget_fairness_query_sketch/pair2_llama32_same/hotpotqa/fairness_evict/evict_r0.35_0715_1745,nan,nan,,
pair2_llama32_same,hotpotqa,fairness_evict,ValueNorm/Evict,,0.4,500,0.626,0.4212973079999996,0.0020901961939958644,query_agnostic_kv_v1,bf16,/home/xay/KVMergeComm/snapshots/full_matched_budget_fairness_query_sketch/pair2_llama32_same/hotpotqa/fairness_evict/evict_r0.40_0715_1746,nan,nan,,
pair2_llama32_same,hotpotqa,fairness_evict,ValueNorm/Evict,,0.5,500,0.642,0.5180235159999989,0.0026637246313324374,query_agnostic_kv_v1,bf16,/home/xay/KVMergeComm/snapshots/full_matched_budget_fairness_query_sketch/pair2_llama32_same/hotpotqa/fairness_evict/evict_r0.50_0715_1747,nan,nan,,
pair2_llama32_same,hotpotqa,fairness_evict,ValueNorm/Evict,,0.6,500,0.672,0.6144171079999997,0.002090232592060947,query_agnostic_kv_v1,bf16,/home/xay/KVMergeComm/snapshots/full_matched_budget_fairness_query_sketch/pair2_llama32_same/hotpotqa/fairness_evict/evict_r0.60_0715_1748,nan,nan,,
pair2_llama32_same,hotpotqa,fairness_random,Random,,0.1,500,0.2,0.13573270600000012,0.007816132692841657,query_agnostic_kv_v1,bf16,/home/xay/KVMergeComm/snapshots/full_matched_budget_fairness_query_sketch/pair2_llama32_same/hotpotqa/fairness_random/random_r0.10_0715_1749,nan,nan,,
pair2_llama32_same,hotpotqa,fairness_random,Random,,0.15,500,0.252,0.18028463400000033,0.002165808011974623,query_agnostic_kv_v1,bf16,/home/xay/KVMergeComm/snapshots/full_matched_budget_fairness_query_sketch/pair2_llama32_same/hotpotqa/fairness_random/random_r0.15_0715_1751,nan,nan,,
pair2_llama32_same,hotpotqa,fairness_random,Random,,0.2,500,0.294,0.22856981600000012,0.0020347338621853842,query_agnostic_kv_v1,bf16,/home/xay/KVMergeComm/snapshots/full_matched_budget_fairness_query_sketch/pair2_llama32_same/hotpotqa/fairness_random/random_r0.20_0715_1753,nan,nan,,
pair2_llama32_same,hotpotqa,fairness_random,Random,,0.25,500,0.342,0.2770024880000001,0.002193958249250637,query_agnostic_kv_v1,bf16,/home/xay/KVMergeComm/snapshots/full_matched_budget_fairness_query_sketch/pair2_llama32_same/hotpotqa/fairness_random/random_r0.25_0715_1754,nan,nan,,
pair2_llama32_same,hotpotqa,fairness_random,Random,,0.3,500,0.416,0.32510808,0.002104243727549129,query_agnostic_kv_v1,bf16,/home/xay/KVMergeComm/snapshots/full_matched_budget_fairness_query_sketch/pair2_llama32_same/hotpotqa/fairness_random/random_r0.30_0715_1755,nan,nan,,
pair2_llama32_same,hotpotqa,fairness_random,Random,,0.35,500,0.46,0.3732675119999996,0.002176947056505887,query_agnostic_kv_v1,bf16,/home/xay/KVMergeComm/snapshots/full_matched_budget_fairness_query_sketch/pair2_llama32_same/hotpotqa/fairness_random/random_r0.35_0715_1757,nan,nan,,
pair2_llama32_same,hotpotqa,fairness_random,Random,,0.4,500,0.516,0.4212973079999996,0.0020901961939958644,query_agnostic_kv_v1,bf16,/home/xay/KVMergeComm/snapshots/full_matched_budget_fairness_query_sketch/pair2_llama32_same/hotpotqa/fairness_random/random_r0.40_0715_1758,nan,nan,,
pair2_llama32_same,hotpotqa,fairness_random,Random,,0.5,500,0.574,0.5180235159999989,0.0026637246313324374,query_agnostic_kv_v1,bf16,/home/xay/KVMergeComm/snapshots/full_matched_budget_fairness_query_sketch/pair2_llama32_same/hotpotqa/fairness_random/random_r0.50_0715_1759,nan,nan,,
pair2_llama32_same,hotpotqa,fairness_random,Random,,0.6,500,0.622,0.6144171079999997,0.002090232592060947,query_agnostic_kv_v1,bf16,/home/xay/KVMergeComm/snapshots/full_matched_budget_fairness_query_sketch/pair2_llama32_same/hotpotqa/fairness_random/random_r0.60_0715_1800,nan,nan,,
pair2_llama32_same,hotpotqa,coverage,B-ReKV,8,,500,0.498,0.25603113600000005,0.017594168820677065,query_sketch_bf16_v1,bf16,/home/xay/KVMergeComm/snapshots/full_matched_budget_fairness_query_sketch/pair2_llama32_same/hotpotqa/coverage/cov_t0.95_s0.75_w8_0715_1801,0.927035092,0.03162959799999991,0.95,0.75
pair2_llama32_same,musique,fairness_rekv,ReKV,8,0.1,500,0.108,0.13216579600000006,0.0009471922554167347,query_sketch_bf16_v1,bf16,/home/xay/KVMergeComm/snapshots/full_matched_budget_fairness_query_sketch/pair2_llama32_same/musique/fairness_rekv/rekv_w8_r0.10_0715_1803,nan,nan,,
pair2_llama32_same,musique,fairness_rekv,ReKV,8,0.15,500,0.18,0.18037393000000018,0.00093830813350776,query_sketch_bf16_v1,bf16,/home/xay/KVMergeComm/snapshots/full_matched_budget_fairness_query_sketch/pair2_llama32_same/musique/fairness_rekv/rekv_w8_r0.15_0715_1805,nan,nan,,
pair2_llama32_same,musique,fairness_rekv,ReKV,8,0.2,500,0.22,0.2286281900000001,0.0009077209110760911,query_sketch_bf16_v1,bf16,/home/xay/KVMergeComm/snapshots/full_matched_budget_fairness_query_sketch/pair2_llama32_same/musique/fairness_rekv/rekv_w8_r0.20_0715_1807,nan,nan,,
pair2_llama32_same,musique,fairness_rekv,ReKV,8,0.25,500,0.228,0.27676200599999984,0.0010306942958156172,query_sketch_bf16_v1,bf16,/home/xay/KVMergeComm/snapshots/full_matched_budget_fairness_query_sketch/pair2_llama32_same/musique/fairness_rekv/rekv_w8_r0.25_0715_1809,nan,nan,,
pair2_llama32_same,musique,fairness_rekv,ReKV,8,0.3,500,0.24,0.32496392399999957,0.0009617476338658149,query_sketch_bf16_v1,bf16,/home/xay/KVMergeComm/snapshots/full_matched_budget_fairness_query_sketch/pair2_llama32_same/musique/fairness_rekv/rekv_w8_r0.30_0715_1810,nan,nan,,
pair2_llama32_same,musique,fairness_rekv,ReKV,8,0.35,500,0.26,0.3732808999999997,0.0009535094853630744,query_sketch_bf16_v1,bf16,/home/xay/KVMergeComm/snapshots/full_matched_budget_fairness_query_sketch/pair2_llama32_same/musique/fairness_rekv/rekv_w8_r0.35_0715_1812,nan,nan,,
pair2_llama32_same,musique,fairness_rekv,ReKV,8,0.4,500,0.292,0.421433094,0.0009434127242626107,query_sketch_bf16_v1,bf16,/home/xay/KVMergeComm/snapshots/full_matched_budget_fairness_query_sketch/pair2_llama32_same/musique/fairness_rekv/rekv_w8_r0.40_0715_1814,nan,nan,,
pair2_llama32_same,musique,fairness_rekv,ReKV,8,0.5,500,0.33,0.5179089699999991,0.0011029668466593417,query_sketch_bf16_v1,bf16,/home/xay/KVMergeComm/snapshots/full_matched_budget_fairness_query_sketch/pair2_llama32_same/musique/fairness_rekv/rekv_w8_r0.50_0715_1815,nan,nan,,
pair2_llama32_same,musique,fairness_rekv,ReKV,8,0.6,500,0.342,0.6142813059999989,0.0009434625735127237,query_sketch_bf16_v1,bf16,/home/xay/KVMergeComm/snapshots/full_matched_budget_fairness_query_sketch/pair2_llama32_same/musique/fairness_rekv/rekv_w8_r0.60_0715_1817,nan,nan,,
pair2_llama32_same,musique,fairness_evict,ValueNorm/Evict,,0.1,500,0.066,0.13216579600000006,0.0009471922554167347,query_agnostic_kv_v1,bf16,/home/xay/KVMergeComm/snapshots/full_matched_budget_fairness_query_sketch/pair2_llama32_same/musique/fairness_evict/evict_r0.10_0715_1818,nan,nan,,
pair2_llama32_same,musique,fairness_evict,ValueNorm/Evict,,0.15,500,0.132,0.18037393000000018,0.00093830813350776,query_agnostic_kv_v1,bf16,/home/xay/KVMergeComm/snapshots/full_matched_budget_fairness_query_sketch/pair2_llama32_same/musique/fairness_evict/evict_r0.15_0715_1820,nan,nan,,
pair2_llama32_same,musique,fairness_evict,ValueNorm/Evict,,0.2,500,0.174,0.2286281900000001,0.0009077209110760911,query_agnostic_kv_v1,bf16,/home/xay/KVMergeComm/snapshots/full_matched_budget_fairness_query_sketch/pair2_llama32_same/musique/fairness_evict/evict_r0.20_0715_1822,nan,nan,,
pair2_llama32_same,musique,fairness_evict,ValueNorm/Evict,,0.25,500,0.21,0.27676200599999984,0.0010306942958156172,query_agnostic_kv_v1,bf16,/home/xay/KVMergeComm/snapshots/full_matched_budget_fairness_query_sketch/pair2_llama32_same/musique/fairness_evict/evict_r0.25_0715_1824,nan,nan,,
pair2_llama32_same,musique,fairness_evict,ValueNorm/Evict,,0.3,500,0.234,0.32496392399999957,0.0009617476338658149,query_agnostic_kv_v1,bf16,/home/xay/KVMergeComm/snapshots/full_matched_budget_fairness_query_sketch/pair2_llama32_same/musique/fairness_evict/evict_r0.30_0715_1825,nan,nan,,
pair2_llama32_same,musique,fairness_evict,ValueNorm/Evict,,0.35,500,0.254,0.3732808999999997,0.0009535094853630744,query_agnostic_kv_v1,bf16,/home/xay/KVMergeComm/snapshots/full_matched_budget_fairness_query_sketch/pair2_llama32_same/musique/fairness_evict/evict_r0.35_0715_1826,nan,nan,,
pair2_llama32_same,musique,fairness_evict,ValueNorm/Evict,,0.4,500,0.298,0.421433094,0.0009434127242626107,query_agnostic_kv_v1,bf16,/home/xay/KVMergeComm/snapshots/full_matched_budget_fairness_query_sketch/pair2_llama32_same/musique/fairness_evict/evict_r0.40_0715_1828,nan,nan,,
pair2_llama32_same,musique,fairness_evict,ValueNorm/Evict,,0.5,500,0.34,0.5179089699999991,0.0011029668466593417,query_agnostic_kv_v1,bf16,/home/xay/KVMergeComm/snapshots/full_matched_budget_fairness_query_sketch/pair2_llama32_same/musique/fairness_evict/evict_r0.50_0715_1829,nan,nan,,
pair2_llama32_same,musique,fairness_evict,ValueNorm/Evict,,0.6,500,0.38,0.6142813059999989,0.0009434625735127237,query_agnostic_kv_v1,bf16,/home/xay/KVMergeComm/snapshots/full_matched_budget_fairness_query_sketch/pair2_llama32_same/musique/fairness_evict/evict_r0.60_0715_1830,nan,nan,,
pair2_llama32_same,musique,fairness_random,Random,,0.1,500,0.044,0.13216579600000006,0.0009471922554167347,query_agnostic_kv_v1,bf16,/home/xay/KVMergeComm/snapshots/full_matched_budget_fairness_query_sketch/pair2_llama32_same/musique/fairness_random/random_r0.10_0715_1832,nan,nan,,
pair2_llama32_same,musique,fairness_random,Random,,0.15,500,0.074,0.18037393000000018,0.00093830813350776,query_agnostic_kv_v1,bf16,/home/xay/KVMergeComm/snapshots/full_matched_budget_fairness_query_sketch/pair2_llama32_same/musique/fairness_random/random_r0.15_0715_1834,nan,nan,,
pair2_llama32_same,musique,fairness_random,Random,,0.2,500,0.088,0.2286281900000001,0.0009077209110760911,query_agnostic_kv_v1,bf16,/home/xay/KVMergeComm/snapshots/full_matched_budget_fairness_query_sketch/pair2_llama32_same/musique/fairness_random/random_r0.20_0715_1836,nan,nan,,
pair2_llama32_same,musique,fairness_random,Random,,0.25,500,0.122,0.27676200599999984,0.0010306942958156172,query_agnostic_kv_v1,bf16,/home/xay/KVMergeComm/snapshots/full_matched_budget_fairness_query_sketch/pair2_llama32_same/musique/fairness_random/random_r0.25_0715_1838,nan,nan,,
pair2_llama32_same,musique,fairness_random,Random,,0.3,500,0.144,0.32496392399999957,0.0009617476338658149,query_agnostic_kv_v1,bf16,/home/xay/KVMergeComm/snapshots/full_matched_budget_fairness_query_sketch/pair2_llama32_same/musique/fairness_random/random_r0.30_0715_1840,nan,nan,,
pair2_llama32_same,musique,fairness_random,Random,,0.35,500,0.178,0.3732808999999997,0.0009535094853630744,query_agnostic_kv_v1,bf16,/home/xay/KVMergeComm/snapshots/full_matched_budget_fairness_query_sketch/pair2_llama32_same/musique/fairness_random/random_r0.35_0715_1842,nan,nan,,
pair2_llama32_same,musique,fairness_random,Random,,0.4,500,0.216,0.421433094,0.0009434127242626107,query_agnostic_kv_v1,bf16,/home/xay/KVMergeComm/snapshots/full_matched_budget_fairness_query_sketch/pair2_llama32_same/musique/fairness_random/random_r0.40_0715_1844,nan,nan,,
pair2_llama32_same,musique,fairness_random,Random,,0.5,500,0.248,0.5179089699999991,0.0011029668466593417,query_agnostic_kv_v1,bf16,/home/xay/KVMergeComm/snapshots/full_matched_budget_fairness_query_sketch/pair2_llama32_same/musique/fairness_random/random_r0.50_0715_1845,nan,nan,,
pair2_llama32_same,musique,fairness_random,Random,,0.6,500,0.292,0.6142813059999989,0.0009434625735127237,query_agnostic_kv_v1,bf16,/home/xay/KVMergeComm/snapshots/full_matched_budget_fairness_query_sketch/pair2_llama32_same/musique/fairness_random/random_r0.60_0715_1847,nan,nan,,
pair2_llama32_same,musique,coverage,B-ReKV,8,,500,0.232,0.26483521600000004,0.024837921285907845,query_sketch_bf16_v1,bf16,/home/xay/KVMergeComm/snapshots/full_matched_budget_fairness_query_sketch/pair2_llama32_same/musique/coverage/cov_t0.95_s0.75_w8_0715_1848,0.9322333539999993,0.021777755999999943,0.95,0.75
pair2_llama32_same,twowikimqa,fairness_rekv,ReKV,8,0.1,200,0.38,0.13214846000000002,6.203377585423515e-05,query_sketch_bf16_v1,bf16,/home/xay/KVMergeComm/snapshots/full_matched_budget_fairness_query_sketch/pair2_llama32_same/twowikimqa/fairness_rekv/rekv_w8_r0.10_0715_1850,nan,nan,,
pair2_llama32_same,twowikimqa,fairness_rekv,ReKV,8,0.15,200,0.4,0.18035933500000007,7.021025691363969e-05,query_sketch_bf16_v1,bf16,/home/xay/KVMergeComm/snapshots/full_matched_budget_fairness_query_sketch/pair2_llama32_same/twowikimqa/fairness_rekv/rekv_w8_r0.15_0715_1851,nan,nan,,
pair2_llama32_same,twowikimqa,fairness_rekv,ReKV,8,0.2,200,0.42,0.228565815,6.562716969373411e-05,query_sketch_bf16_v1,bf16,/home/xay/KVMergeComm/snapshots/full_matched_budget_fairness_query_sketch/pair2_llama32_same/twowikimqa/fairness_rekv/rekv_w8_r0.20_0715_1853,nan,nan,,
pair2_llama32_same,twowikimqa,fairness_rekv,ReKV,8,0.25,200,0.385,0.2767839950000003,6.424149612299448e-05,query_sketch_bf16_v1,bf16,/home/xay/KVMergeComm/snapshots/full_matched_budget_fairness_query_sketch/pair2_llama32_same/twowikimqa/fairness_rekv/rekv_w8_r0.25_0715_1854,nan,nan,,
pair2_llama32_same,twowikimqa,fairness_rekv,ReKV,8,0.3,200,0.405,0.32500169,5.2295775553129957e-05,query_sketch_bf16_v1,bf16,/home/xay/KVMergeComm/snapshots/full_matched_budget_fairness_query_sketch/pair2_llama32_same/twowikimqa/fairness_rekv/rekv_w8_r0.30_0715_1856,nan,nan,,
pair2_llama32_same,twowikimqa,fairness_rekv,ReKV,8,0.35,200,0.395,0.3732166499999998,5.3765613602287495e-05,query_sketch_bf16_v1,bf16,/home/xay/KVMergeComm/snapshots/full_matched_budget_fairness_query_sketch/pair2_llama32_same/twowikimqa/fairness_rekv/rekv_w8_r0.35_0715_1857,nan,nan,,
pair2_llama32_same,twowikimqa,fairness_rekv,ReKV,8,0.4,200,0.395,0.42143406500000025,5.7542649902389106e-05,query_sketch_bf16_v1,bf16,/home/xay/KVMergeComm/snapshots/full_matched_budget_fairness_query_sketch/pair2_llama32_same/twowikimqa/fairness_rekv/rekv_w8_r0.40_0715_1858,nan,nan,,
pair2_llama32_same,twowikimqa,fairness_rekv,ReKV,8,0.5,200,0.395,0.5178482250000007,7.965853239872985e-05,query_sketch_bf16_v1,bf16,/home/xay/KVMergeComm/snapshots/full_matched_budget_fairness_query_sketch/pair2_llama32_same/twowikimqa/fairness_rekv/rekv_w8_r0.50_0715_1900,nan,nan,,
pair2_llama32_same,twowikimqa,fairness_rekv,ReKV,8,0.6,200,0.4,0.6142803250000004,5.758506380012302e-05,query_sketch_bf16_v1,bf16,/home/xay/KVMergeComm/snapshots/full_matched_budget_fairness_query_sketch/pair2_llama32_same/twowikimqa/fairness_rekv/rekv_w8_r0.60_0715_1901,nan,nan,,
pair2_llama32_same,twowikimqa,fairness_evict,ValueNorm/Evict,,0.1,200,0.22,0.13214846000000002,6.203377585423515e-05,query_agnostic_kv_v1,bf16,/home/xay/KVMergeComm/snapshots/full_matched_budget_fairness_query_sketch/pair2_llama32_same/twowikimqa/fairness_evict/evict_r0.10_0715_1903,nan,nan,,
pair2_llama32_same,twowikimqa,fairness_evict,ValueNorm/Evict,,0.15,200,0.235,0.18035933500000007,7.021025691363969e-05,query_agnostic_kv_v1,bf16,/home/xay/KVMergeComm/snapshots/full_matched_budget_fairness_query_sketch/pair2_llama32_same/twowikimqa/fairness_evict/evict_r0.15_0715_1904,nan,nan,,
pair2_llama32_same,twowikimqa,fairness_evict,ValueNorm/Evict,,0.2,200,0.235,0.228565815,6.562716969373411e-05,query_agnostic_kv_v1,bf16,/home/xay/KVMergeComm/snapshots/full_matched_budget_fairness_query_sketch/pair2_llama32_same/twowikimqa/fairness_evict/evict_r0.20_0715_1906,nan,nan,,
pair2_llama32_same,twowikimqa,fairness_evict,ValueNorm/Evict,,0.25,200,0.265,0.2767839950000003,6.424149612299448e-05,query_agnostic_kv_v1,bf16,/home/xay/KVMergeComm/snapshots/full_matched_budget_fairness_query_sketch/pair2_llama32_same/twowikimqa/fairness_evict/evict_r0.25_0715_1907,nan,nan,,
pair2_llama32_same,twowikimqa,fairness_evict,ValueNorm/Evict,,0.3,200,0.285,0.32500169,5.2295775553129957e-05,query_agnostic_kv_v1,bf16,/home/xay/KVMergeComm/snapshots/full_matched_budget_fairness_query_sketch/pair2_llama32_same/twowikimqa/fairness_evict/evict_r0.30_0715_1908,nan,nan,,
pair2_llama32_same,twowikimqa,fairness_evict,ValueNorm/Evict,,0.35,200,0.295,0.3732166499999998,5.3765613602287495e-05,query_agnostic_kv_v1,bf16,/home/xay/KVMergeComm/snapshots/full_matched_budget_fairness_query_sketch/pair2_llama32_same/twowikimqa/fairness_evict/evict_r0.35_0715_1909,nan,nan,,
pair2_llama32_same,twowikimqa,fairness_evict,ValueNorm/Evict,,0.4,200,0.305,0.42143406500000025,5.7542649902389106e-05,query_agnostic_kv_v1,bf16,/home/xay/KVMergeComm/snapshots/full_matched_budget_fairness_query_sketch/pair2_llama32_same/twowikimqa/fairness_evict/evict_r0.40_0715_1911,nan,nan,,
pair2_llama32_same,twowikimqa,fairness_evict,ValueNorm/Evict,,0.5,200,0.32,0.5178482250000007,7.965853239872985e-05,query_agnostic_kv_v1,bf16,/home/xay/KVMergeComm/snapshots/full_matched_budget_fairness_query_sketch/pair2_llama32_same/twowikimqa/fairness_evict/evict_r0.50_0715_1912,nan,nan,,
pair2_llama32_same,twowikimqa,fairness_evict,ValueNorm/Evict,,0.6,200,0.365,0.6142803250000004,5.758506380012302e-05,query_agnostic_kv_v1,bf16,/home/xay/KVMergeComm/snapshots/full_matched_budget_fairness_query_sketch/pair2_llama32_same/twowikimqa/fairness_evict/evict_r0.60_0715_1913,nan,nan,,
pair2_llama32_same,twowikimqa,fairness_random,Random,,0.1,200,0.245,0.13214846000000002,6.203377585423515e-05,query_agnostic_kv_v1,bf16,/home/xay/KVMergeComm/snapshots/full_matched_budget_fairness_query_sketch/pair2_llama32_same/twowikimqa/fairness_random/random_r0.10_0715_1914,nan,nan,,
pair2_llama32_same,twowikimqa,fairness_random,Random,,0.15,200,0.235,0.18035933500000007,7.021025691363969e-05,query_agnostic_kv_v1,bf16,/home/xay/KVMergeComm/snapshots/full_matched_budget_fairness_query_sketch/pair2_llama32_same/twowikimqa/fairness_random/random_r0.15_0715_1916,nan,nan,,
pair2_llama32_same,twowikimqa,fairness_random,Random,,0.2,200,0.25,0.228565815,6.562716969373411e-05,query_agnostic_kv_v1,bf16,/home/xay/KVMergeComm/snapshots/full_matched_budget_fairness_query_sketch/pair2_llama32_same/twowikimqa/fairness_random/random_r0.20_0715_1917,nan,nan,,
pair2_llama32_same,twowikimqa,fairness_random,Random,,0.25,200,0.27,0.2767839950000003,6.424149612299448e-05,query_agnostic_kv_v1,bf16,/home/xay/KVMergeComm/snapshots/full_matched_budget_fairness_query_sketch/pair2_llama32_same/twowikimqa/fairness_random/random_r0.25_0715_1918,nan,nan,,
pair2_llama32_same,twowikimqa,fairness_random,Random,,0.3,200,0.29,0.32500169,5.2295775553129957e-05,query_agnostic_kv_v1,bf16,/home/xay/KVMergeComm/snapshots/full_matched_budget_fairness_query_sketch/pair2_llama32_same/twowikimqa/fairness_random/random_r0.30_0715_1920,nan,nan,,
pair2_llama32_same,twowikimqa,fairness_random,Random,,0.35,200,0.29,0.3732166499999998,5.3765613602287495e-05,query_agnostic_kv_v1,bf16,/home/xay/KVMergeComm/snapshots/full_matched_budget_fairness_query_sketch/pair2_llama32_same/twowikimqa/fairness_random/random_r0.35_0715_1921,nan,nan,,
pair2_llama32_same,twowikimqa,fairness_random,Random,,0.4,200,0.325,0.42143406500000025,5.7542649902389106e-05,query_agnostic_kv_v1,bf16,/home/xay/KVMergeComm/snapshots/full_matched_budget_fairness_query_sketch/pair2_llama32_same/twowikimqa/fairness_random/random_r0.40_0715_1922,nan,nan,,
pair2_llama32_same,twowikimqa,fairness_random,Random,,0.5,200,0.335,0.5178482250000007,7.965853239872985e-05,query_agnostic_kv_v1,bf16,/home/xay/KVMergeComm/snapshots/full_matched_budget_fairness_query_sketch/pair2_llama32_same/twowikimqa/fairness_random/random_r0.50_0715_1923,nan,nan,,
pair2_llama32_same,twowikimqa,fairness_random,Random,,0.6,200,0.375,0.6142803250000004,5.758506380012302e-05,query_agnostic_kv_v1,bf16,/home/xay/KVMergeComm/snapshots/full_matched_budget_fairness_query_sketch/pair2_llama32_same/twowikimqa/fairness_random/random_r0.60_0715_1925,nan,nan,,
pair2_llama32_same,twowikimqa,coverage,B-ReKV,8,,200,0.415,0.40148981499999997,0.03275142510476055,query_sketch_bf16_v1,bf16,/home/xay/KVMergeComm/snapshots/full_matched_budget_fairness_query_sketch/pair2_llama32_same/twowikimqa/coverage/cov_t0.95_s0.75_w8_0715_1926,0.919468,0.0,0.95,0.75
pair2_llama32_same,tipsheets,fairness_rekv,ReKV,8,0.1,500,0.336,0.13697513600000039,0.006669160330095609,query_sketch_bf16_v1,bf16,/home/xay/KVMergeComm/snapshots/full_matched_budget_fairness_query_sketch/pair2_llama32_same/tipsheets/fairness_rekv/rekv_w8_r0.10_0716_0402,nan,nan,,
pair2_llama32_same,tipsheets,fairness_rekv,ReKV,8,0.15,500,0.356,0.18020631400000045,0.0024087917899184162,query_sketch_bf16_v1,bf16,/home/xay/KVMergeComm/snapshots/full_matched_budget_fairness_query_sketch/pair2_llama32_same/tipsheets/fairness_rekv/rekv_w8_r0.15_0716_0403,nan,nan,,
pair2_llama32_same,tipsheets,fairness_rekv,ReKV,8,0.2,500,0.372,0.22866915800000012,0.002326121093089399,query_sketch_bf16_v1,bf16,/home/xay/KVMergeComm/snapshots/full_matched_budget_fairness_query_sketch/pair2_llama32_same/tipsheets/fairness_rekv/rekv_w8_r0.20_0716_0405,nan,nan,,
pair2_llama32_same,tipsheets,fairness_rekv,ReKV,8,0.25,500,0.396,0.2767976420000004,0.0025824870781581215,query_sketch_bf16_v1,bf16,/home/xay/KVMergeComm/snapshots/full_matched_budget_fairness_query_sketch/pair2_llama32_same/tipsheets/fairness_rekv/rekv_w8_r0.25_0716_0406,nan,nan,,
pair2_llama32_same,tipsheets,fairness_rekv,ReKV,8,0.3,500,0.422,0.32498362799999936,0.002504884766411823,query_sketch_bf16_v1,bf16,/home/xay/KVMergeComm/snapshots/full_matched_budget_fairness_query_sketch/pair2_llama32_same/tipsheets/fairness_rekv/rekv_w8_r0.30_0716_0407,nan,nan,,
pair2_llama32_same,tipsheets,fairness_rekv,ReKV,8,0.35,500,0.5,0.37311914799999946,0.002372394953148285,query_sketch_bf16_v1,bf16,/home/xay/KVMergeComm/snapshots/full_matched_budget_fairness_query_sketch/pair2_llama32_same/tipsheets/fairness_rekv/rekv_w8_r0.35_0716_0408,nan,nan,,
pair2_llama32_same,tipsheets,fairness_rekv,ReKV,8,0.4,500,0.574,0.421460509999999,0.0023688240391715695,query_sketch_bf16_v1,bf16,/home/xay/KVMergeComm/snapshots/full_matched_budget_fairness_query_sketch/pair2_llama32_same/tipsheets/fairness_rekv/rekv_w8_r0.40_0716_0410,nan,nan,,
pair2_llama32_same,tipsheets,fairness_rekv,ReKV,8,0.5,500,0.6,0.5178213819999983,0.0029570459302051327,query_sketch_bf16_v1,bf16,/home/xay/KVMergeComm/snapshots/full_matched_budget_fairness_query_sketch/pair2_llama32_same/tipsheets/fairness_rekv/rekv_w8_r0.50_0716_0411,nan,nan,,
pair2_llama32_same,tipsheets,fairness_rekv,ReKV,8,0.6,500,0.714,0.6142539040000006,0.002368878672095768,query_sketch_bf16_v1,bf16,/home/xay/KVMergeComm/snapshots/full_matched_budget_fairness_query_sketch/pair2_llama32_same/tipsheets/fairness_rekv/rekv_w8_r0.60_0716_0412,nan,nan,,
pair2_llama32_same,tipsheets,fairness_evict,ValueNorm/Evict,,0.1,500,0.342,0.13697513600000039,0.006669160330095609,query_agnostic_kv_v1,bf16,/home/xay/KVMergeComm/snapshots/full_matched_budget_fairness_query_sketch/pair2_llama32_same/tipsheets/fairness_evict/evict_r0.10_0716_0413,nan,nan,,
pair2_llama32_same,tipsheets,fairness_evict,ValueNorm/Evict,,0.15,500,0.366,0.18020631400000045,0.0024087917899184162,query_agnostic_kv_v1,bf16,/home/xay/KVMergeComm/snapshots/full_matched_budget_fairness_query_sketch/pair2_llama32_same/tipsheets/fairness_evict/evict_r0.15_0716_0414,nan,nan,,
pair2_llama32_same,tipsheets,fairness_evict,ValueNorm/Evict,,0.2,500,0.398,0.22866915800000012,0.002326121093089399,query_agnostic_kv_v1,bf16,/home/xay/KVMergeComm/snapshots/full_matched_budget_fairness_query_sketch/pair2_llama32_same/tipsheets/fairness_evict/evict_r0.20_0716_0415,nan,nan,,
pair2_llama32_same,tipsheets,fairness_evict,ValueNorm/Evict,,0.25,500,0.408,0.2767976420000004,0.0025824870781581215,query_agnostic_kv_v1,bf16,/home/xay/KVMergeComm/snapshots/full_matched_budget_fairness_query_sketch/pair2_llama32_same/tipsheets/fairness_evict/evict_r0.25_0716_0416,nan,nan,,
pair2_llama32_same,tipsheets,fairness_evict,ValueNorm/Evict,,0.3,500,0.458,0.32498362799999936,0.002504884766411823,query_agnostic_kv_v1,bf16,/home/xay/KVMergeComm/snapshots/full_matched_budget_fairness_query_sketch/pair2_llama32_same/tipsheets/fairness_evict/evict_r0.30_0716_0417,nan,nan,,
pair2_llama32_same,tipsheets,fairness_evict,ValueNorm/Evict,,0.35,500,0.474,0.37311914799999946,0.002372394953148285,query_agnostic_kv_v1,bf16,/home/xay/KVMergeComm/snapshots/full_matched_budget_fairness_query_sketch/pair2_llama32_same/tipsheets/fairness_evict/evict_r0.35_0716_0417,nan,nan,,
pair2_llama32_same,tipsheets,fairness_evict,ValueNorm/Evict,,0.4,500,0.524,0.421460509999999,0.0023688240391715695,query_agnostic_kv_v1,bf16,/home/xay/KVMergeComm/snapshots/full_matched_budget_fairness_query_sketch/pair2_llama32_same/tipsheets/fairness_evict/evict_r0.40_0716_0418,nan,nan,,
pair2_llama32_same,tipsheets,fairness_evict,ValueNorm/Evict,,0.5,500,0.628,0.5178213819999983,0.0029570459302051327,query_agnostic_kv_v1,bf16,/home/xay/KVMergeComm/snapshots/full_matched_budget_fairness_query_sketch/pair2_llama32_same/tipsheets/fairness_evict/evict_r0.50_0716_0419,nan,nan,,
pair2_llama32_same,tipsheets,fairness_evict,ValueNorm/Evict,,0.6,500,0.726,0.6142539040000006,0.002368878672095768,query_agnostic_kv_v1,bf16,/home/xay/KVMergeComm/snapshots/full_matched_budget_fairness_query_sketch/pair2_llama32_same/tipsheets/fairness_evict/evict_r0.60_0716_0420,nan,nan,,
pair2_llama32_same,tipsheets,fairness_random,Random,,0.1,500,0.346,0.13697513600000039,0.006669160330095609,query_agnostic_kv_v1,bf16,/home/xay/KVMergeComm/snapshots/full_matched_budget_fairness_query_sketch/pair2_llama32_same/tipsheets/fairness_random/random_r0.10_0716_0421,nan,nan,,
pair2_llama32_same,tipsheets,fairness_random,Random,,0.15,500,0.334,0.18020631400000045,0.0024087917899184162,query_agnostic_kv_v1,bf16,/home/xay/KVMergeComm/snapshots/full_matched_budget_fairness_query_sketch/pair2_llama32_same/tipsheets/fairness_random/random_r0.15_0716_0422,nan,nan,,
pair2_llama32_same,tipsheets,fairness_random,Random,,0.2,500,0.368,0.22866915800000012,0.002326121093089399,query_agnostic_kv_v1,bf16,/home/xay/KVMergeComm/snapshots/full_matched_budget_fairness_query_sketch/pair2_llama32_same/tipsheets/fairness_random/random_r0.20_0716_0423,nan,nan,,
pair2_llama32_same,tipsheets,fairness_random,Random,,0.25,500,0.384,0.2767976420000004,0.0025824870781581215,query_agnostic_kv_v1,bf16,/home/xay/KVMergeComm/snapshots/full_matched_budget_fairness_query_sketch/pair2_llama32_same/tipsheets/fairness_random/random_r0.25_0716_0503,nan,nan,,
pair2_llama32_same,tipsheets,fairness_random,Random,,0.3,500,0.386,0.32498362799999936,0.002504884766411823,query_agnostic_kv_v1,bf16,/home/xay/KVMergeComm/snapshots/full_matched_budget_fairness_query_sketch/pair2_llama32_same/tipsheets/fairness_random/random_r0.30_0716_0533,nan,nan,,
pair2_llama32_same,tipsheets,fairness_random,Random,,0.35,500,0.402,0.37311914799999946,0.002372394953148285,query_agnostic_kv_v1,bf16,/home/xay/KVMergeComm/snapshots/full_matched_budget_fairness_query_sketch/pair2_llama32_same/tipsheets/fairness_random/random_r0.35_0716_0534,nan,nan,,
pair2_llama32_same,tipsheets,fairness_random,Random,,0.4,500,0.436,0.421460509999999,0.0023688240391715695,query_agnostic_kv_v1,bf16,/home/xay/KVMergeComm/snapshots/full_matched_budget_fairness_query_sketch/pair2_llama32_same/tipsheets/fairness_random/random_r0.40_0716_0535,nan,nan,,
pair2_llama32_same,tipsheets,fairness_random,Random,,0.5,500,0.484,0.5178213819999983,0.0029570459302051327,query_agnostic_kv_v1,bf16,/home/xay/KVMergeComm/snapshots/full_matched_budget_fairness_query_sketch/pair2_llama32_same/tipsheets/fairness_random/random_r0.50_0716_0536,nan,nan,,
pair2_llama32_same,tipsheets,fairness_random,Random,,0.6,500,0.566,0.6142539040000006,0.002368878672095768,query_agnostic_kv_v1,bf16,/home/xay/KVMergeComm/snapshots/full_matched_budget_fairness_query_sketch/pair2_llama32_same/tipsheets/fairness_random/random_r0.60_0716_0537,nan,nan,,
pair2_llama32_same,tipsheets,coverage,B-ReKV,8,,500,0.42,0.23684930000000012,0.005855495395494157,query_sketch_bf16_v1,bf16,/home/xay/KVMergeComm/snapshots/full_matched_budget_fairness_query_sketch/pair2_llama32_same/tipsheets/coverage/cov_t0.95_s0.75_w8_0716_0539,0.9232017480000003,0.03570366800000002,0.95,0.75
pair2_llama32_same,qasper,fairness_rekv,ReKV,8,0.1,500,0.148,0.13214081400000002,7.515050632698773e-05,query_sketch_bf16_v1,bf16,/home/xay/KVMergeComm/snapshots/full_matched_budget_fairness_query_sketch/pair2_llama32_same/qasper/fairness_rekv/rekv_w8_r0.10_0716_0540,nan,nan,,
pair2_llama32_same,qasper,fairness_rekv,ReKV,8,0.15,500,0.202,0.18036095599999977,7.152771835439826e-05,query_sketch_bf16_v1,bf16,/home/xay/KVMergeComm/snapshots/full_matched_budget_fairness_query_sketch/pair2_llama32_same/qasper/fairness_rekv/rekv_w8_r0.15_0716_0545,nan,nan,,
pair2_llama32_same,qasper,fairness_rekv,ReKV,8,0.2,500,0.24,0.22856627800000054,7.36318682367898e-05,query_sketch_bf16_v1,bf16,/home/xay/KVMergeComm/snapshots/full_matched_budget_fairness_query_sketch/pair2_llama32_same/qasper/fairness_rekv/rekv_w8_r0.20_0716_0548,nan,nan,,
pair2_llama32_same,qasper,fairness_rekv,ReKV,8,0.25,500,0.258,0.2767739420000004,6.691512462670565e-05,query_sketch_bf16_v1,bf16,/home/xay/KVMergeComm/snapshots/full_matched_budget_fairness_query_sketch/pair2_llama32_same/qasper/fairness_rekv/rekv_w8_r0.25_0716_0552,nan,nan,,
pair2_llama32_same,qasper,fairness_rekv,ReKV,8,0.3,500,0.28,0.32499875199999945,7.395082111706373e-05,query_sketch_bf16_v1,bf16,/home/xay/KVMergeComm/snapshots/full_matched_budget_fairness_query_sketch/pair2_llama32_same/qasper/fairness_rekv/rekv_w8_r0.30_0716_0612,nan,nan,,
pair2_llama32_same,qasper,fairness_rekv,ReKV,8,0.35,500,0.302,0.37320847399999935,6.886513004614455e-05,query_sketch_bf16_v1,bf16,/home/xay/KVMergeComm/snapshots/full_matched_budget_fairness_query_sketch/pair2_llama32_same/qasper/fairness_rekv/rekv_w8_r0.35_0716_0615,nan,nan,,
pair2_llama32_same,qasper,fairness_rekv,ReKV,8,0.4,500,0.312,0.42142598599999886,6.569286802857401e-05,query_sketch_bf16_v1,bf16,/home/xay/KVMergeComm/snapshots/full_matched_budget_fairness_query_sketch/pair2_llama32_same/qasper/fairness_rekv/rekv_w8_r0.40_0716_0619,nan,nan,,
pair2_llama32_same,qasper,fairness_rekv,ReKV,8,0.5,500,0.324,0.5178436419999992,9.728135051651443e-05,query_sketch_bf16_v1,bf16,/home/xay/KVMergeComm/snapshots/full_matched_budget_fairness_query_sketch/pair2_llama32_same/qasper/fairness_rekv/rekv_w8_r0.50_0716_0624,nan,nan,,
pair2_llama32_same,qasper,fairness_rekv,ReKV,8,0.6,500,0.324,0.6142884179999998,6.567072837368129e-05,query_sketch_bf16_v1,bf16,/home/xay/KVMergeComm/snapshots/full_matched_budget_fairness_query_sketch/pair2_llama32_same/qasper/fairness_rekv/rekv_w8_r0.60_0716_0627,nan,nan,,
pair2_llama32_same,qasper,fairness_evict,ValueNorm/Evict,,0.1,500,0.104,0.13214081400000002,7.515050632698773e-05,query_agnostic_kv_v1,bf16,/home/xay/KVMergeComm/snapshots/full_matched_budget_fairness_query_sketch/pair2_llama32_same/qasper/fairness_evict/evict_r0.10_0716_0631,nan,nan,,
pair2_llama32_same,qasper,fairness_evict,ValueNorm/Evict,,0.15,500,0.14,0.18036095599999977,7.152771835439826e-05,query_agnostic_kv_v1,bf16,/home/xay/KVMergeComm/snapshots/full_matched_budget_fairness_query_sketch/pair2_llama32_same/qasper/fairness_evict/evict_r0.15_0716_0635,nan,nan,,
pair2_llama32_same,qasper,fairness_evict,ValueNorm/Evict,,0.2,500,0.168,0.22856627800000054,7.36318682367898e-05,query_agnostic_kv_v1,bf16,/home/xay/KVMergeComm/snapshots/full_matched_budget_fairness_query_sketch/pair2_llama32_same/qasper/fairness_evict/evict_r0.20_0716_0638,nan,nan,,
pair2_llama32_same,qasper,fairness_evict,ValueNorm/Evict,,0.25,500,0.194,0.2767739420000004,6.691512462670565e-05,query_agnostic_kv_v1,bf16,/home/xay/KVMergeComm/snapshots/full_matched_budget_fairness_query_sketch/pair2_llama32_same/qasper/fairness_evict/evict_r0.25_0716_0641,nan,nan,,
pair2_llama32_same,qasper,fairness_evict,ValueNorm/Evict,,0.3,500,0.228,0.32499875199999945,7.395082111706373e-05,query_agnostic_kv_v1,bf16,/home/xay/KVMergeComm/snapshots/full_matched_budget_fairness_query_sketch/pair2_llama32_same/qasper/fairness_evict/evict_r0.30_0716_0647,nan,nan,,
pair2_llama32_same,qasper,fairness_evict,ValueNorm/Evict,,0.35,500,0.248,0.37320847399999935,6.886513004614455e-05,query_agnostic_kv_v1,bf16,/home/xay/KVMergeComm/snapshots/full_matched_budget_fairness_query_sketch/pair2_llama32_same/qasper/fairness_evict/evict_r0.35_0716_0650,nan,nan,,
pair2_llama32_same,qasper,fairness_evict,ValueNorm/Evict,,0.4,500,0.266,0.42142598599999886,6.569286802857401e-05,query_agnostic_kv_v1,bf16,/home/xay/KVMergeComm/snapshots/full_matched_budget_fairness_query_sketch/pair2_llama32_same/qasper/fairness_evict/evict_r0.40_0716_0653,nan,nan,,
pair2_llama32_same,qasper,fairness_evict,ValueNorm/Evict,,0.5,500,0.302,0.5178436419999992,9.728135051651443e-05,query_agnostic_kv_v1,bf16,/home/xay/KVMergeComm/snapshots/full_matched_budget_fairness_query_sketch/pair2_llama32_same/qasper/fairness_evict/evict_r0.50_0716_0657,nan,nan,,
pair2_llama32_same,qasper,fairness_evict,ValueNorm/Evict,,0.6,500,0.314,0.6142884179999998,6.567072837368129e-05,query_agnostic_kv_v1,bf16,/home/xay/KVMergeComm/snapshots/full_matched_budget_fairness_query_sketch/pair2_llama32_same/qasper/fairness_evict/evict_r0.60_0716_0700,nan,nan,,
pair2_llama32_same,qasper,fairness_random,Random,,0.1,500,0.084,0.13214081400000002,7.515050632698773e-05,query_agnostic_kv_v1,bf16,/home/xay/KVMergeComm/snapshots/full_matched_budget_fairness_query_sketch/pair2_llama32_same/qasper/fairness_random/random_r0.10_0716_0704,nan,nan,,
pair2_llama32_same,qasper,fairness_random,Random,,0.15,500,0.11,0.18036095599999977,7.152771835439826e-05,query_agnostic_kv_v1,bf16,/home/xay/KVMergeComm/snapshots/full_matched_budget_fairness_query_sketch/pair2_llama32_same/qasper/fairness_random/random_r0.15_0716_0708,nan,nan,,
pair2_llama32_same,qasper,fairness_random,Random,,0.2,500,0.138,0.22856627800000054,7.36318682367898e-05,query_agnostic_kv_v1,bf16,/home/xay/KVMergeComm/snapshots/full_matched_budget_fairness_query_sketch/pair2_llama32_same/qasper/fairness_random/random_r0.20_0716_0714,nan,nan,,
pair2_llama32_same,qasper,fairness_random,Random,,0.25,500,0.186,0.2767739420000004,6.691512462670565e-05,query_agnostic_kv_v1,bf16,/home/xay/KVMergeComm/snapshots/full_matched_budget_fairness_query_sketch/pair2_llama32_same/qasper/fairness_random/random_r0.25_0716_0719,nan,nan,,
pair2_llama32_same,qasper,fairness_random,Random,,0.3,500,0.216,0.32499875199999945,7.395082111706373e-05,query_agnostic_kv_v1,bf16,/home/xay/KVMergeComm/snapshots/full_matched_budget_fairness_query_sketch/pair2_llama32_same/qasper/fairness_random/random_r0.30_0716_0722,nan,nan,,
pair2_llama32_same,qasper,fairness_random,Random,,0.35,500,0.218,0.37320847399999935,6.886513004614455e-05,query_agnostic_kv_v1,bf16,/home/xay/KVMergeComm/snapshots/full_matched_budget_fairness_query_sketch/pair2_llama32_same/qasper/fairness_random/random_r0.35_0716_0726,nan,nan,,
pair2_llama32_same,qasper,fairness_random,Random,,0.4,500,0.244,0.42142598599999886,6.569286802857401e-05,query_agnostic_kv_v1,bf16,/home/xay/KVMergeComm/snapshots/full_matched_budget_fairness_query_sketch/pair2_llama32_same/qasper/fairness_random/random_r0.40_0716_0729,nan,nan,,
pair2_llama32_same,qasper,fairness_random,Random,,0.5,500,0.284,0.5178436419999992,9.728135051651443e-05,query_agnostic_kv_v1,bf16,/home/xay/KVMergeComm/snapshots/full_matched_budget_fairness_query_sketch/pair2_llama32_same/qasper/fairness_random/random_r0.50_0716_0733,nan,nan,,
pair2_llama32_same,qasper,fairness_random,Random,,0.6,500,0.292,0.6142884179999998,6.567072837368129e-05,query_agnostic_kv_v1,bf16,/home/xay/KVMergeComm/snapshots/full_matched_budget_fairness_query_sketch/pair2_llama32_same/qasper/fairness_random/random_r0.60_0716_0736,nan,nan,,
pair2_llama32_same,qasper,coverage,B-ReKV,8,,500,0.316,0.4067565699999998,0.027624251046442037,query_sketch_bf16_v1,bf16,/home/xay/KVMergeComm/snapshots/full_matched_budget_fairness_query_sketch/pair2_llama32_same/qasper/coverage/cov_t0.95_s0.75_w8_0716_0740,0.9186059300000001,0.0,0.95,0.75
pair2_llama32_same,multifieldqa_en,fairness_rekv,ReKV,8,0.1,150,0.32666666666666666,0.13213987999999996,7.293979497691947e-05,query_sketch_bf16_v1,bf16,/home/xay/KVMergeComm/snapshots/full_matched_budget_fairness_query_sketch/pair2_llama32_same/multifieldqa_en/fairness_rekv/rekv_w8_r0.10_0716_0744,nan,nan,,
pair2_llama32_same,multifieldqa_en,fairness_rekv,ReKV,8,0.15,150,0.37333333333333335,0.18034182666666657,6.033794610767018e-05,query_sketch_bf16_v1,bf16,/home/xay/KVMergeComm/snapshots/full_matched_budget_fairness_query_sketch/pair2_llama32_same/multifieldqa_en/fairness_rekv/rekv_w8_r0.15_0716_0745,nan,nan,,
pair2_llama32_same,multifieldqa_en,fairness_rekv,ReKV,8,0.2,150,0.42,0.22858201333333322,6.133995781752757e-05,query_sketch_bf16_v1,bf16,/home/xay/KVMergeComm/snapshots/full_matched_budget_fairness_query_sketch/pair2_llama32_same/multifieldqa_en/fairness_rekv/rekv_w8_r0.20_0716_0746,nan,nan,,
pair2_llama32_same,multifieldqa_en,fairness_rekv,ReKV,8,0.25,150,0.48,0.27678858666666656,8.313264137894387e-05,query_sketch_bf16_v1,bf16,/home/xay/KVMergeComm/snapshots/full_matched_budget_fairness_query_sketch/pair2_llama32_same/multifieldqa_en/fairness_rekv/rekv_w8_r0.25_0716_0748,nan,nan,,
pair2_llama32_same,multifieldqa_en,fairness_rekv,ReKV,8,0.3,150,0.49333333333333335,0.3249917533333334,7.309550034046046e-05,query_sketch_bf16_v1,bf16,/home/xay/KVMergeComm/snapshots/full_matched_budget_fairness_query_sketch/pair2_llama32_same/multifieldqa_en/fairness_rekv/rekv_w8_r0.30_0716_0749,nan,nan,,
pair2_llama32_same,multifieldqa_en,fairness_rekv,ReKV,8,0.35,150,0.5333333333333333,0.3732060066666668,5.711621223631439e-05,query_sketch_bf16_v1,bf16,/home/xay/KVMergeComm/snapshots/full_matched_budget_fairness_query_sketch/pair2_llama32_same/multifieldqa_en/fairness_rekv/rekv_w8_r0.35_0716_0751,nan,nan,,
pair2_llama32_same,multifieldqa_en,fairness_rekv,ReKV,8,0.4,150,0.52,0.4214407666666668,7.540658621000933e-05,query_sketch_bf16_v1,bf16,/home/xay/KVMergeComm/snapshots/full_matched_budget_fairness_query_sketch/pair2_llama32_same/multifieldqa_en/fairness_rekv/rekv_w8_r0.40_0716_0752,nan,nan,,
pair2_llama32_same,multifieldqa_en,fairness_rekv,ReKV,8,0.5,150,0.5,0.5178454333333335,9.317900911950548e-05,query_sketch_bf16_v1,bf16,/home/xay/KVMergeComm/snapshots/full_matched_budget_fairness_query_sketch/pair2_llama32_same/multifieldqa_en/fairness_rekv/rekv_w8_r0.50_0716_0754,nan,nan,,
pair2_llama32_same,multifieldqa_en,fairness_rekv,ReKV,8,0.6,150,0.5,0.6142736866666674,7.548679929635269e-05,query_sketch_bf16_v1,bf16,/home/xay/KVMergeComm/snapshots/full_matched_budget_fairness_query_sketch/pair2_llama32_same/multifieldqa_en/fairness_rekv/rekv_w8_r0.60_0716_0755,nan,nan,,
pair2_llama32_same,multifieldqa_en,fairness_evict,ValueNorm/Evict,,0.1,150,0.16,0.13213987999999996,7.293979497691947e-05,query_agnostic_kv_v1,bf16,/home/xay/KVMergeComm/snapshots/full_matched_budget_fairness_query_sketch/pair2_llama32_same/multifieldqa_en/fairness_evict/evict_r0.10_0716_0756,nan,nan,,
pair2_llama32_same,multifieldqa_en,fairness_evict,ValueNorm/Evict,,0.15,150,0.20666666666666667,0.18034182666666657,6.033794610767018e-05,query_agnostic_kv_v1,bf16,/home/xay/KVMergeComm/snapshots/full_matched_budget_fairness_query_sketch/pair2_llama32_same/multifieldqa_en/fairness_evict/evict_r0.15_0716_0758,nan,nan,,
pair2_llama32_same,multifieldqa_en,fairness_evict,ValueNorm/Evict,,0.2,150,0.20666666666666667,0.22858201333333322,6.133995781752757e-05,query_agnostic_kv_v1,bf16,/home/xay/KVMergeComm/snapshots/full_matched_budget_fairness_query_sketch/pair2_llama32_same/multifieldqa_en/fairness_evict/evict_r0.20_0716_0759,nan,nan,,
pair2_llama32_same,multifieldqa_en,fairness_evict,ValueNorm/Evict,,0.25,150,0.2733333333333333,0.27678858666666656,8.313264137894387e-05,query_agnostic_kv_v1,bf16,/home/xay/KVMergeComm/snapshots/full_matched_budget_fairness_query_sketch/pair2_llama32_same/multifieldqa_en/fairness_evict/evict_r0.25_0716_0800,nan,nan,,
pair2_llama32_same,multifieldqa_en,fairness_evict,ValueNorm/Evict,,0.3,150,0.29333333333333333,0.3249917533333334,7.309550034046046e-05,query_agnostic_kv_v1,bf16,/home/xay/KVMergeComm/snapshots/full_matched_budget_fairness_query_sketch/pair2_llama32_same/multifieldqa_en/fairness_evict/evict_r0.30_0716_0802,nan,nan,,
pair2_llama32_same,multifieldqa_en,fairness_evict,ValueNorm/Evict,,0.35,150,0.3333333333333333,0.3732060066666668,5.711621223631439e-05,query_agnostic_kv_v1,bf16,/home/xay/KVMergeComm/snapshots/full_matched_budget_fairness_query_sketch/pair2_llama32_same/multifieldqa_en/fairness_evict/evict_r0.35_0716_0803,nan,nan,,
pair2_llama32_same,multifieldqa_en,fairness_evict,ValueNorm/Evict,,0.4,150,0.38,0.4214407666666668,7.540658621000933e-05,query_agnostic_kv_v1,bf16,/home/xay/KVMergeComm/snapshots/full_matched_budget_fairness_query_sketch/pair2_llama32_same/multifieldqa_en/fairness_evict/evict_r0.40_0716_0804,nan,nan,,
pair2_llama32_same,multifieldqa_en,fairness_evict,ValueNorm/Evict,,0.5,150,0.4666666666666667,0.5178454333333335,9.317900911950548e-05,query_agnostic_kv_v1,bf16,/home/xay/KVMergeComm/snapshots/full_matched_budget_fairness_query_sketch/pair2_llama32_same/multifieldqa_en/fairness_evict/evict_r0.50_0716_0805,nan,nan,,
pair2_llama32_same,multifieldqa_en,fairness_evict,ValueNorm/Evict,,0.6,150,0.52,0.6142736866666674,7.548679929635269e-05,query_agnostic_kv_v1,bf16,/home/xay/KVMergeComm/snapshots/full_matched_budget_fairness_query_sketch/pair2_llama32_same/multifieldqa_en/fairness_evict/evict_r0.60_0716_0807,nan,nan,,
pair2_llama32_same,multifieldqa_en,fairness_random,Random,,0.1,150,0.14666666666666667,0.13213987999999996,7.293979497691947e-05,query_agnostic_kv_v1,bf16,/home/xay/KVMergeComm/snapshots/full_matched_budget_fairness_query_sketch/pair2_llama32_same/multifieldqa_en/fairness_random/random_r0.10_0716_0808,nan,nan,,
pair2_llama32_same,multifieldqa_en,fairness_random,Random,,0.15,150,0.2,0.18034182666666657,6.033794610767018e-05,query_agnostic_kv_v1,bf16,/home/xay/KVMergeComm/snapshots/full_matched_budget_fairness_query_sketch/pair2_llama32_same/multifieldqa_en/fairness_random/random_r0.15_0716_0809,nan,nan,,
pair2_llama32_same,multifieldqa_en,fairness_random,Random,,0.2,150,0.18666666666666668,0.22858201333333322,6.133995781752757e-05,query_agnostic_kv_v1,bf16,/home/xay/KVMergeComm/snapshots/full_matched_budget_fairness_query_sketch/pair2_llama32_same/multifieldqa_en/fairness_random/random_r0.20_0716_0811,nan,nan,,
pair2_llama32_same,multifieldqa_en,fairness_random,Random,,0.25,150,0.24,0.27678858666666656,8.313264137894387e-05,query_agnostic_kv_v1,bf16,/home/xay/KVMergeComm/snapshots/full_matched_budget_fairness_query_sketch/pair2_llama32_same/multifieldqa_en/fairness_random/random_r0.25_0716_0812,nan,nan,,
pair2_llama32_same,multifieldqa_en,fairness_random,Random,,0.3,150,0.2866666666666667,0.3249917533333334,7.309550034046046e-05,query_agnostic_kv_v1,bf16,/home/xay/KVMergeComm/snapshots/full_matched_budget_fairness_query_sketch/pair2_llama32_same/multifieldqa_en/fairness_random/random_r0.30_0716_0813,nan,nan,,
pair2_llama32_same,multifieldqa_en,fairness_random,Random,,0.35,150,0.32,0.3732060066666668,5.711621223631439e-05,query_agnostic_kv_v1,bf16,/home/xay/KVMergeComm/snapshots/full_matched_budget_fairness_query_sketch/pair2_llama32_same/multifieldqa_en/fairness_random/random_r0.35_0716_0815,nan,nan,,
pair2_llama32_same,multifieldqa_en,fairness_random,Random,,0.4,150,0.37333333333333335,0.4214407666666668,7.540658621000933e-05,query_agnostic_kv_v1,bf16,/home/xay/KVMergeComm/snapshots/full_matched_budget_fairness_query_sketch/pair2_llama32_same/multifieldqa_en/fairness_random/random_r0.40_0716_0816,nan,nan,,
pair2_llama32_same,multifieldqa_en,fairness_random,Random,,0.5,150,0.44666666666666666,0.5178454333333335,9.317900911950548e-05,query_agnostic_kv_v1,bf16,/home/xay/KVMergeComm/snapshots/full_matched_budget_fairness_query_sketch/pair2_llama32_same/multifieldqa_en/fairness_random/random_r0.50_0716_0817,nan,nan,,
pair2_llama32_same,multifieldqa_en,fairness_random,Random,,0.6,150,0.47333333333333333,0.6142736866666674,7.548679929635269e-05,query_agnostic_kv_v1,bf16,/home/xay/KVMergeComm/snapshots/full_matched_budget_fairness_query_sketch/pair2_llama32_same/multifieldqa_en/fairness_random/random_r0.60_0716_0819,nan,nan,,
pair2_llama32_same,multifieldqa_en,coverage,B-ReKV,8,,150,0.5066666666666667,0.4014879733333332,0.04467844716421996,query_sketch_bf16_v1,bf16,/home/xay/KVMergeComm/snapshots/full_matched_budget_fairness_query_sketch/pair2_llama32_same/multifieldqa_en/coverage/cov_t0.95_s0.75_w8_0716_0820,0.9190138133333334,0.00024691333333333335,0.95,0.75
pair2_llama32_same,tmath,fairness_rekv,ReKV,8,0.1,300,0.33311868333333355,0.13219432333333328,0.0013835755163659057,query_sketch_bf16_v1,bf16,/home/xay/KVMergeComm/snapshots/full_matched_budget_fairness_query_sketch/pair2_llama32_same/tmath/fairness_rekv/rekv_w8_r0.10_0716_0821,nan,nan,,
pair2_llama32_same,tmath,fairness_rekv,ReKV,8,0.15,300,0.3360254966666668,0.1804001099999999,0.0013925994766051024,query_sketch_bf16_v1,bf16,/home/xay/KVMergeComm/snapshots/full_matched_budget_fairness_query_sketch/pair2_llama32_same/tmath/fairness_rekv/rekv_w8_r0.15_0716_0840,nan,nan,,
pair2_llama32_same,tmath,fairness_rekv,ReKV,8,0.2,300,0.33612495333333337,0.22853519333333358,0.00129408663931583,query_sketch_bf16_v1,bf16,/home/xay/KVMergeComm/snapshots/full_matched_budget_fairness_query_sketch/pair2_llama32_same/tmath/fairness_rekv/rekv_w8_r0.20_0716_0857,nan,nan,,
pair2_llama32_same,tmath,fairness_rekv,ReKV,8,0.25,300,0.3426109866666666,0.2767939033333334,0.0014713702714049016,query_sketch_bf16_v1,bf16,/home/xay/KVMergeComm/snapshots/full_matched_budget_fairness_query_sketch/pair2_llama32_same/tmath/fairness_rekv/rekv_w8_r0.25_0716_0915,nan,nan,,
pair2_llama32_same,tmath,fairness_rekv,ReKV,8,0.3,300,0.34913778666666667,0.3249609066666668,0.001369598788243509,query_sketch_bf16_v1,bf16,/home/xay/KVMergeComm/snapshots/full_matched_budget_fairness_query_sketch/pair2_llama32_same/tmath/fairness_rekv/rekv_w8_r0.30_0716_0933,nan,nan,,
pair2_llama32_same,tmath,fairness_rekv,ReKV,8,0.35,300,0.3473618266666666,0.3731086233333335,0.0013116906377723455,query_sketch_bf16_v1,bf16,/home/xay/KVMergeComm/snapshots/full_matched_budget_fairness_query_sketch/pair2_llama32_same/tmath/fairness_rekv/rekv_w8_r0.35_0716_0951,nan,nan,,
pair2_llama32_same,tmath,fairness_rekv,ReKV,8,0.4,300,0.3485006533333336,0.4214184733333338,0.0013409021806788843,query_sketch_bf16_v1,bf16,/home/xay/KVMergeComm/snapshots/full_matched_budget_fairness_query_sketch/pair2_llama32_same/tmath/fairness_rekv/rekv_w8_r0.40_0716_1010,nan,nan,,
pair2_llama32_same,tmath,fairness_rekv,ReKV,8,0.5,300,0.3545547433333329,0.5178464866666678,0.0016265286023110696,query_sketch_bf16_v1,bf16,/home/xay/KVMergeComm/snapshots/full_matched_budget_fairness_query_sketch/pair2_llama32_same/tmath/fairness_rekv/rekv_w8_r0.50_0716_1028,nan,nan,,
pair2_llama32_same,tmath,fairness_rekv,ReKV,8,0.6,300,0.36018941333333315,0.6142958833333334,0.0013409622149518888,query_sketch_bf16_v1,bf16,/home/xay/KVMergeComm/snapshots/full_matched_budget_fairness_query_sketch/pair2_llama32_same/tmath/fairness_rekv/rekv_w8_r0.60_0716_1046,nan,nan,,
pair2_llama32_same,tmath,fairness_evict,ValueNorm/Evict,,0.1,300,0.33295651000000004,0.13219432333333328,0.0013835755163659057,query_agnostic_kv_v1,bf16,/home/xay/KVMergeComm/snapshots/full_matched_budget_fairness_query_sketch/pair2_llama32_same/tmath/fairness_evict/evict_r0.10_0716_1105,nan,nan,,
pair2_llama32_same,tmath,fairness_evict,ValueNorm/Evict,,0.15,300,0.33918627333333345,0.1804001099999999,0.0013925994766051024,query_agnostic_kv_v1,bf16,/home/xay/KVMergeComm/snapshots/full_matched_budget_fairness_query_sketch/pair2_llama32_same/tmath/fairness_evict/evict_r0.15_0716_1122,nan,nan,,
pair2_llama32_same,tmath,fairness_evict,ValueNorm/Evict,,0.2,300,0.33540614666666685,0.22853519333333358,0.00129408663931583,query_agnostic_kv_v1,bf16,/home/xay/KVMergeComm/snapshots/full_matched_budget_fairness_query_sketch/pair2_llama32_same/tmath/fairness_evict/evict_r0.20_0716_1140,nan,nan,,
pair2_llama32_same,tmath,fairness_evict,ValueNorm/Evict,,0.25,300,0.3333761366666665,0.2767939033333334,0.0014713702714049016,query_agnostic_kv_v1,bf16,/home/xay/KVMergeComm/snapshots/full_matched_budget_fairness_query_sketch/pair2_llama32_same/tmath/fairness_evict/evict_r0.25_0716_1157,nan,nan,,
pair2_llama32_same,tmath,fairness_evict,ValueNorm/Evict,,0.3,300,0.3366071666666665,0.3249609066666668,0.001369598788243509,query_agnostic_kv_v1,bf16,/home/xay/KVMergeComm/snapshots/full_matched_budget_fairness_query_sketch/pair2_llama32_same/tmath/fairness_evict/evict_r0.30_0716_1215,nan,nan,,
pair2_llama32_same,tmath,fairness_evict,ValueNorm/Evict,,0.35,300,0.34462028,0.3731086233333335,0.0013116906377723455,query_agnostic_kv_v1,bf16,/home/xay/KVMergeComm/snapshots/full_matched_budget_fairness_query_sketch/pair2_llama32_same/tmath/fairness_evict/evict_r0.35_0716_1233,nan,nan,,
pair2_llama32_same,tmath,fairness_evict,ValueNorm/Evict,,0.4,300,0.3516265533333335,0.4214184733333338,0.0013409021806788843,query_agnostic_kv_v1,bf16,/home/xay/KVMergeComm/snapshots/full_matched_budget_fairness_query_sketch/pair2_llama32_same/tmath/fairness_evict/evict_r0.40_0716_1251,nan,nan,,
pair2_llama32_same,tmath,fairness_evict,ValueNorm/Evict,,0.5,300,0.35497255333333366,0.5178464866666678,0.0016265286023110696,query_agnostic_kv_v1,bf16,/home/xay/KVMergeComm/snapshots/full_matched_budget_fairness_query_sketch/pair2_llama32_same/tmath/fairness_evict/evict_r0.50_0716_1309,nan,nan,,
pair2_llama32_same,tmath,fairness_evict,ValueNorm/Evict,,0.6,300,0.35534231333333344,0.6142958833333334,0.0013409622149518888,query_agnostic_kv_v1,bf16,/home/xay/KVMergeComm/snapshots/full_matched_budget_fairness_query_sketch/pair2_llama32_same/tmath/fairness_evict/evict_r0.60_0716_1327,nan,nan,,
pair2_llama32_same,tmath,fairness_random,Random,,0.1,300,0.3302751833333333,0.13219432333333328,0.0013835755163659057,query_agnostic_kv_v1,bf16,/home/xay/KVMergeComm/snapshots/full_matched_budget_fairness_query_sketch/pair2_llama32_same/tmath/fairness_random/random_r0.10_0716_1345,nan,nan,,
pair2_llama32_same,tmath,fairness_random,Random,,0.15,300,0.3307881266666668,0.1804001099999999,0.0013925994766051024,query_agnostic_kv_v1,bf16,/home/xay/KVMergeComm/snapshots/full_matched_budget_fairness_query_sketch/pair2_llama32_same/tmath/fairness_random/random_r0.15_0716_1402,nan,nan,,
pair2_llama32_same,tmath,fairness_random,Random,,0.2,300,0.3325956033333335,0.22853519333333358,0.00129408663931583,query_agnostic_kv_v1,bf16,/home/xay/KVMergeComm/snapshots/full_matched_budget_fairness_query_sketch/pair2_llama32_same/tmath/fairness_random/random_r0.20_0716_1420,nan,nan,,
pair2_llama32_same,tmath,fairness_random,Random,,0.25,300,0.33335455000000025,0.2767939033333334,0.0014713702714049016,query_agnostic_kv_v1,bf16,/home/xay/KVMergeComm/snapshots/full_matched_budget_fairness_query_sketch/pair2_llama32_same/tmath/fairness_random/random_r0.25_0716_1437,nan,nan,,
pair2_llama32_same,tmath,fairness_random,Random,,0.3,300,0.33714604,0.3249609066666668,0.001369598788243509,query_agnostic_kv_v1,bf16,/home/xay/KVMergeComm/snapshots/full_matched_budget_fairness_query_sketch/pair2_llama32_same/tmath/fairness_random/random_r0.30_0716_1455,nan,nan,,
pair2_llama32_same,tmath,fairness_random,Random,,0.35,300,0.3415043833333337,0.3731086233333335,0.0013116906377723455,query_agnostic_kv_v1,bf16,/home/xay/KVMergeComm/snapshots/full_matched_budget_fairness_query_sketch/pair2_llama32_same/tmath/fairness_random/random_r0.35_0716_1512,nan,nan,,
pair2_llama32_same,tmath,fairness_random,Random,,0.4,300,0.34415127666666673,0.4214184733333338,0.0013409021806788843,query_agnostic_kv_v1,bf16,/home/xay/KVMergeComm/snapshots/full_matched_budget_fairness_query_sketch/pair2_llama32_same/tmath/fairness_random/random_r0.40_0716_1530,nan,nan,,
pair2_llama32_same,tmath,fairness_random,Random,,0.5,300,0.34588626333333367,0.5178464866666678,0.0016265286023110696,query_agnostic_kv_v1,bf16,/home/xay/KVMergeComm/snapshots/full_matched_budget_fairness_query_sketch/pair2_llama32_same/tmath/fairness_random/random_r0.50_0716_1548,nan,nan,,
pair2_llama32_same,tmath,fairness_random,Random,,0.6,300,0.35586326333333346,0.6142958833333334,0.0013409622149518888,query_agnostic_kv_v1,bf16,/home/xay/KVMergeComm/snapshots/full_matched_budget_fairness_query_sketch/pair2_llama32_same/tmath/fairness_random/random_r0.60_0716_1606,nan,nan,,
pair2_llama32_same,tmath,coverage,B-ReKV,8,,300,0.3497881966666668,0.25761217333333336,0.023144174450025208,query_sketch_bf16_v1,bf16,/home/xay/KVMergeComm/snapshots/full_matched_budget_fairness_query_sketch/pair2_llama32_same/tmath/coverage/cov_t0.95_s0.75_w8_0716_1623,0.9305779900000003,0.01716047666666669,0.95,0.75
pair3_qwen25_7b_same,countries,fairness_rekv,ReKV,8,0.1,200,0.02,0.22949586499999974,0.009887443504366279,query_sketch_bf16_v1,bf16,/home/xay/KVMergeComm/snapshots/full_matched_budget_fairness_query_sketch/pair3_qwen25_7b_same/countries/fairness_rekv/rekv_w8_r0.10_0715_1927,nan,nan,,
pair3_qwen25_7b_same,countries,fairness_rekv,ReKV,8,0.15,200,0.02,0.22959955499999973,0.009244249545815035,query_sketch_bf16_v1,bf16,/home/xay/KVMergeComm/snapshots/full_matched_budget_fairness_query_sketch/pair3_qwen25_7b_same/countries/fairness_rekv/rekv_w8_r0.15_0715_1930,nan,nan,,
pair3_qwen25_7b_same,countries,fairness_rekv,ReKV,8,0.2,200,0.025,0.23221948499999978,0.0053551658204576595,query_sketch_bf16_v1,bf16,/home/xay/KVMergeComm/snapshots/full_matched_budget_fairness_query_sketch/pair3_qwen25_7b_same/countries/fairness_rekv/rekv_w8_r0.20_0715_1931,nan,nan,,
pair3_qwen25_7b_same,countries,fairness_rekv,ReKV,8,0.25,200,0.035,0.27529073500000073,0.004818237968425468,query_sketch_bf16_v1,bf16,/home/xay/KVMergeComm/snapshots/full_matched_budget_fairness_query_sketch/pair3_qwen25_7b_same/countries/fairness_rekv/rekv_w8_r0.25_0715_1932,nan,nan,,
pair3_qwen25_7b_same,countries,fairness_rekv,ReKV,8,0.3,200,0.03,0.3248705900000003,0.004487215782564559,query_sketch_bf16_v1,bf16,/home/xay/KVMergeComm/snapshots/full_matched_budget_fairness_query_sketch/pair3_qwen25_7b_same/countries/fairness_rekv/rekv_w8_r0.30_0715_1933,nan,nan,,
pair3_qwen25_7b_same,countries,fairness_rekv,ReKV,8,0.35,200,0.05,0.37341961999999973,0.0042777956383184225,query_sketch_bf16_v1,bf16,/home/xay/KVMergeComm/snapshots/full_matched_budget_fairness_query_sketch/pair3_qwen25_7b_same/countries/fairness_rekv/rekv_w8_r0.35_0715_1934,nan,nan,,
pair3_qwen25_7b_same,countries,fairness_rekv,ReKV,8,0.4,200,0.195,0.42165488500000037,0.004439460551883945,query_sketch_bf16_v1,bf16,/home/xay/KVMergeComm/snapshots/full_matched_budget_fairness_query_sketch/pair3_qwen25_7b_same/countries/fairness_rekv/rekv_w8_r0.40_0715_1935,nan,nan,,
pair3_qwen25_7b_same,countries,fairness_rekv,ReKV,8,0.5,200,0.285,0.5167529750000006,0.006138199570248255,query_sketch_bf16_v1,bf16,/home/xay/KVMergeComm/snapshots/full_matched_budget_fairness_query_sketch/pair3_qwen25_7b_same/countries/fairness_rekv/rekv_w8_r0.50_0715_1935,nan,nan,,
pair3_qwen25_7b_same,countries,fairness_rekv,ReKV,8,0.6,200,0.365,0.6140593000000003,0.004439463701822446,query_sketch_bf16_v1,bf16,/home/xay/KVMergeComm/snapshots/full_matched_budget_fairness_query_sketch/pair3_qwen25_7b_same/countries/fairness_rekv/rekv_w8_r0.60_0715_1936,nan,nan,,
pair3_qwen25_7b_same,countries,fairness_evict,ValueNorm/Evict,,0.1,200,0.02,0.22949586499999974,0.009887443504366279,query_agnostic_kv_v1,bf16,/home/xay/KVMergeComm/snapshots/full_matched_budget_fairness_query_sketch/pair3_qwen25_7b_same/countries/fairness_evict/evict_r0.10_0715_1937,nan,nan,,
pair3_qwen25_7b_same,countries,fairness_evict,ValueNorm/Evict,,0.15,200,0.02,0.22959955499999973,0.009244249545815035,query_agnostic_kv_v1,bf16,/home/xay/KVMergeComm/snapshots/full_matched_budget_fairness_query_sketch/pair3_qwen25_7b_same/countries/fairness_evict/evict_r0.15_0715_1937,nan,nan,,
pair3_qwen25_7b_same,countries,fairness_evict,ValueNorm/Evict,,0.2,200,0.02,0.23221948499999978,0.0053551658204576595,query_agnostic_kv_v1,bf16,/home/xay/KVMergeComm/snapshots/full_matched_budget_fairness_query_sketch/pair3_qwen25_7b_same/countries/fairness_evict/evict_r0.20_0715_1938,nan,nan,,
pair3_qwen25_7b_same,countries,fairness_evict,ValueNorm/Evict,,0.25,200,0.075,0.27529073500000073,0.004818237968425468,query_agnostic_kv_v1,bf16,/home/xay/KVMergeComm/snapshots/full_matched_budget_fairness_query_sketch/pair3_qwen25_7b_same/countries/fairness_evict/evict_r0.25_0715_1939,nan,nan,,
pair3_qwen25_7b_same,countries,fairness_evict,ValueNorm/Evict,,0.3,200,0.07,0.3248705900000003,0.004487215782564559,query_agnostic_kv_v1,bf16,/home/xay/KVMergeComm/snapshots/full_matched_budget_fairness_query_sketch/pair3_qwen25_7b_same/countries/fairness_evict/evict_r0.30_0715_1939,nan,nan,,
pair3_qwen25_7b_same,countries,fairness_evict,ValueNorm/Evict,,0.35,200,0.1,0.37341961999999973,0.0042777956383184225,query_agnostic_kv_v1,bf16,/home/xay/KVMergeComm/snapshots/full_matched_budget_fairness_query_sketch/pair3_qwen25_7b_same/countries/fairness_evict/evict_r0.35_0715_1940,nan,nan,,
pair3_qwen25_7b_same,countries,fairness_evict,ValueNorm/Evict,,0.4,200,0.11,0.42165488500000037,0.004439460551883945,query_agnostic_kv_v1,bf16,/home/xay/KVMergeComm/snapshots/full_matched_budget_fairness_query_sketch/pair3_qwen25_7b_same/countries/fairness_evict/evict_r0.40_0715_1940,nan,nan,,
pair3_qwen25_7b_same,countries,fairness_evict,ValueNorm/Evict,,0.5,200,0.14,0.5167529750000006,0.006138199570248255,query_agnostic_kv_v1,bf16,/home/xay/KVMergeComm/snapshots/full_matched_budget_fairness_query_sketch/pair3_qwen25_7b_same/countries/fairness_evict/evict_r0.50_0715_1941,nan,nan,,
pair3_qwen25_7b_same,countries,fairness_evict,ValueNorm/Evict,,0.6,200,0.27,0.6140593000000003,0.004439463701822446,query_agnostic_kv_v1,bf16,/home/xay/KVMergeComm/snapshots/full_matched_budget_fairness_query_sketch/pair3_qwen25_7b_same/countries/fairness_evict/evict_r0.60_0715_1942,nan,nan,,
pair3_qwen25_7b_same,countries,fairness_random,Random,,0.1,200,0.02,0.22949586499999974,0.009887443504366279,query_agnostic_kv_v1,bf16,/home/xay/KVMergeComm/snapshots/full_matched_budget_fairness_query_sketch/pair3_qwen25_7b_same/countries/fairness_random/random_r0.10_0715_1942,nan,nan,,
pair3_qwen25_7b_same,countries,fairness_random,Random,,0.15,200,0.02,0.22959955499999973,0.009244249545815035,query_agnostic_kv_v1,bf16,/home/xay/KVMergeComm/snapshots/full_matched_budget_fairness_query_sketch/pair3_qwen25_7b_same/countries/fairness_random/random_r0.15_0715_1943,nan,nan,,
pair3_qwen25_7b_same,countries,fairness_random,Random,,0.2,200,0.02,0.23221948499999978,0.0053551658204576595,query_agnostic_kv_v1,bf16,/home/xay/KVMergeComm/snapshots/full_matched_budget_fairness_query_sketch/pair3_qwen25_7b_same/countries/fairness_random/random_r0.20_0715_1943,nan,nan,,
pair3_qwen25_7b_same,countries,fairness_random,Random,,0.25,200,0.05,0.27529073500000073,0.004818237968425468,query_agnostic_kv_v1,bf16,/home/xay/KVMergeComm/snapshots/full_matched_budget_fairness_query_sketch/pair3_qwen25_7b_same/countries/fairness_random/random_r0.25_0715_1944,nan,nan,,
pair3_qwen25_7b_same,countries,fairness_random,Random,,0.3,200,0.065,0.3248705900000003,0.004487215782564559,query_agnostic_kv_v1,bf16,/home/xay/KVMergeComm/snapshots/full_matched_budget_fairness_query_sketch/pair3_qwen25_7b_same/countries/fairness_random/random_r0.30_0715_1945,nan,nan,,
pair3_qwen25_7b_same,countries,fairness_random,Random,,0.35,200,0.09,0.37341961999999973,0.0042777956383184225,query_agnostic_kv_v1,bf16,/home/xay/KVMergeComm/snapshots/full_matched_budget_fairness_query_sketch/pair3_qwen25_7b_same/countries/fairness_random/random_r0.35_0715_1945,nan,nan,,
pair3_qwen25_7b_same,countries,fairness_random,Random,,0.4,200,0.12,0.42165488500000037,0.004439460551883945,query_agnostic_kv_v1,bf16,/home/xay/KVMergeComm/snapshots/full_matched_budget_fairness_query_sketch/pair3_qwen25_7b_same/countries/fairness_random/random_r0.40_0715_1946,nan,nan,,
pair3_qwen25_7b_same,countries,fairness_random,Random,,0.5,200,0.19,0.5167529750000006,0.006138199570248255,query_agnostic_kv_v1,bf16,/home/xay/KVMergeComm/snapshots/full_matched_budget_fairness_query_sketch/pair3_qwen25_7b_same/countries/fairness_random/random_r0.50_0715_1946,nan,nan,,
pair3_qwen25_7b_same,countries,fairness_random,Random,,0.6,200,0.225,0.6140593000000003,0.004439463701822446,query_agnostic_kv_v1,bf16,/home/xay/KVMergeComm/snapshots/full_matched_budget_fairness_query_sketch/pair3_qwen25_7b_same/countries/fairness_random/random_r0.60_0715_1947,nan,nan,,
pair3_qwen25_7b_same,countries,coverage,B-ReKV,8,,200,0.23,0.38494854499999986,0.005505155646431097,query_sketch_bf16_v1,bf16,/home/xay/KVMergeComm/snapshots/full_matched_budget_fairness_query_sketch/pair3_qwen25_7b_same/countries/coverage/cov_t0.95_s0.75_w8_0715_1947,0.8857609899999999,0.0,0.95,0.75
pair3_qwen25_7b_same,hotpotqa,fairness_rekv,ReKV,8,0.1,500,0.232,0.13678763599999996,0.009398356141572401,query_sketch_bf16_v1,bf16,/home/xay/KVMergeComm/snapshots/full_matched_budget_fairness_query_sketch/pair3_qwen25_7b_same/hotpotqa/fairness_rekv/rekv_w8_r0.10_0715_1948,nan,nan,,
pair3_qwen25_7b_same,hotpotqa,fairness_rekv,ReKV,8,0.15,500,0.284,0.1803403420000003,0.002180146299864677,query_sketch_bf16_v1,bf16,/home/xay/KVMergeComm/snapshots/full_matched_budget_fairness_query_sketch/pair3_qwen25_7b_same/hotpotqa/fairness_rekv/rekv_w8_r0.15_0715_1951,nan,nan,,
pair3_qwen25_7b_same,hotpotqa,fairness_rekv,ReKV,8,0.2,500,0.36,0.22861084199999998,0.002134472837405815,query_sketch_bf16_v1,bf16,/home/xay/KVMergeComm/snapshots/full_matched_budget_fairness_query_sketch/pair3_qwen25_7b_same/hotpotqa/fairness_rekv/rekv_w8_r0.20_0715_1954,nan,nan,,
pair3_qwen25_7b_same,hotpotqa,fairness_rekv,ReKV,8,0.25,500,0.398,0.2767363120000001,0.0022847026886242358,query_sketch_bf16_v1,bf16,/home/xay/KVMergeComm/snapshots/full_matched_budget_fairness_query_sketch/pair3_qwen25_7b_same/hotpotqa/fairness_rekv/rekv_w8_r0.25_0715_1957,nan,nan,,
pair3_qwen25_7b_same,hotpotqa,fairness_rekv,ReKV,8,0.3,500,0.454,0.32497537999999954,0.0022209709064132887,query_sketch_bf16_v1,bf16,/home/xay/KVMergeComm/snapshots/full_matched_budget_fairness_query_sketch/pair3_qwen25_7b_same/hotpotqa/fairness_rekv/rekv_w8_r0.30_0715_1959,nan,nan,,
pair3_qwen25_7b_same,hotpotqa,fairness_rekv,ReKV,8,0.35,500,0.514,0.37304878599999963,0.0021403121689522594,query_sketch_bf16_v1,bf16,/home/xay/KVMergeComm/snapshots/full_matched_budget_fairness_query_sketch/pair3_qwen25_7b_same/hotpotqa/fairness_rekv/rekv_w8_r0.35_0715_2002,nan,nan,,
pair3_qwen25_7b_same,hotpotqa,fairness_rekv,ReKV,8,0.4,500,0.554,0.4213672659999994,0.0021388989196361855,query_sketch_bf16_v1,bf16,/home/xay/KVMergeComm/snapshots/full_matched_budget_fairness_query_sketch/pair3_qwen25_7b_same/hotpotqa/fairness_rekv/rekv_w8_r0.40_0715_2004,nan,nan,,
pair3_qwen25_7b_same,hotpotqa,fairness_rekv,ReKV,8,0.5,500,0.61,0.5178959979999985,0.00264355544689298,query_sketch_bf16_v1,bf16,/home/xay/KVMergeComm/snapshots/full_matched_budget_fairness_query_sketch/pair3_qwen25_7b_same/hotpotqa/fairness_rekv/rekv_w8_r0.50_0715_2007,nan,nan,,
pair3_qwen25_7b_same,hotpotqa,fairness_rekv,ReKV,8,0.6,500,0.652,0.6143471200000005,0.0021390065796756622,query_sketch_bf16_v1,bf16,/home/xay/KVMergeComm/snapshots/full_matched_budget_fairness_query_sketch/pair3_qwen25_7b_same/hotpotqa/fairness_rekv/rekv_w8_r0.60_0715_2009,nan,nan,,
pair3_qwen25_7b_same,hotpotqa,fairness_evict,ValueNorm/Evict,,0.1,500,0.206,0.13678763599999996,0.009398356141572401,query_agnostic_kv_v1,bf16,/home/xay/KVMergeComm/snapshots/full_matched_budget_fairness_query_sketch/pair3_qwen25_7b_same/hotpotqa/fairness_evict/evict_r0.10_0715_2011,nan,nan,,
pair3_qwen25_7b_same,hotpotqa,fairness_evict,ValueNorm/Evict,,0.15,500,0.292,0.1803403420000003,0.002180146299864677,query_agnostic_kv_v1,bf16,/home/xay/KVMergeComm/snapshots/full_matched_budget_fairness_query_sketch/pair3_qwen25_7b_same/hotpotqa/fairness_evict/evict_r0.15_0715_2013,nan,nan,,
pair3_qwen25_7b_same,hotpotqa,fairness_evict,ValueNorm/Evict,,0.2,500,0.374,0.22861084199999998,0.002134472837405815,query_agnostic_kv_v1,bf16,/home/xay/KVMergeComm/snapshots/full_matched_budget_fairness_query_sketch/pair3_qwen25_7b_same/hotpotqa/fairness_evict/evict_r0.20_0715_2016,nan,nan,,
pair3_qwen25_7b_same,hotpotqa,fairness_evict,ValueNorm/Evict,,0.25,500,0.45,0.2767363120000001,0.0022847026886242358,query_agnostic_kv_v1,bf16,/home/xay/KVMergeComm/snapshots/full_matched_budget_fairness_query_sketch/pair3_qwen25_7b_same/hotpotqa/fairness_evict/evict_r0.25_0715_2018,nan,nan,,
pair3_qwen25_7b_same,hotpotqa,fairness_evict,ValueNorm/Evict,,0.3,500,0.528,0.32497537999999954,0.0022209709064132887,query_agnostic_kv_v1,bf16,/home/xay/KVMergeComm/snapshots/full_matched_budget_fairness_query_sketch/pair3_qwen25_7b_same/hotpotqa/fairness_evict/evict_r0.30_0715_2019,nan,nan,,
pair3_qwen25_7b_same,hotpotqa,fairness_evict,ValueNorm/Evict,,0.35,500,0.602,0.37304878599999963,0.0021403121689522594,query_agnostic_kv_v1,bf16,/home/xay/KVMergeComm/snapshots/full_matched_budget_fairness_query_sketch/pair3_qwen25_7b_same/hotpotqa/fairness_evict/evict_r0.35_0715_2021,nan,nan,,
pair3_qwen25_7b_same,hotpotqa,fairness_evict,ValueNorm/Evict,,0.4,500,0.626,0.4213672659999994,0.0021388989196361855,query_agnostic_kv_v1,bf16,/home/xay/KVMergeComm/snapshots/full_matched_budget_fairness_query_sketch/pair3_qwen25_7b_same/hotpotqa/fairness_evict/evict_r0.40_0715_2022,nan,nan,,
pair3_qwen25_7b_same,hotpotqa,fairness_evict,ValueNorm/Evict,,0.5,500,0.686,0.5178959979999985,0.00264355544689298,query_agnostic_kv_v1,bf16,/home/xay/KVMergeComm/snapshots/full_matched_budget_fairness_query_sketch/pair3_qwen25_7b_same/hotpotqa/fairness_evict/evict_r0.50_0715_2024,nan,nan,,
pair3_qwen25_7b_same,hotpotqa,fairness_evict,ValueNorm/Evict,,0.6,500,0.716,0.6143471200000005,0.0021390065796756622,query_agnostic_kv_v1,bf16,/home/xay/KVMergeComm/snapshots/full_matched_budget_fairness_query_sketch/pair3_qwen25_7b_same/hotpotqa/fairness_evict/evict_r0.60_0715_2025,nan,nan,,
pair3_qwen25_7b_same,hotpotqa,fairness_random,Random,,0.1,500,0.19,0.13678763599999996,0.009398356141572401,query_agnostic_kv_v1,bf16,/home/xay/KVMergeComm/snapshots/full_matched_budget_fairness_query_sketch/pair3_qwen25_7b_same/hotpotqa/fairness_random/random_r0.10_0715_2027,nan,nan,,
pair3_qwen25_7b_same,hotpotqa,fairness_random,Random,,0.15,500,0.22,0.1803403420000003,0.002180146299864677,query_agnostic_kv_v1,bf16,/home/xay/KVMergeComm/snapshots/full_matched_budget_fairness_query_sketch/pair3_qwen25_7b_same/hotpotqa/fairness_random/random_r0.15_0715_2029,nan,nan,,
pair3_qwen25_7b_same,hotpotqa,fairness_random,Random,,0.2,500,0.258,0.22861084199999998,0.002134472837405815,query_agnostic_kv_v1,bf16,/home/xay/KVMergeComm/snapshots/full_matched_budget_fairness_query_sketch/pair3_qwen25_7b_same/hotpotqa/fairness_random/random_r0.20_0715_2033,nan,nan,,
pair3_qwen25_7b_same,hotpotqa,fairness_random,Random,,0.25,500,0.318,0.2767363120000001,0.0022847026886242358,query_agnostic_kv_v1,bf16,/home/xay/KVMergeComm/snapshots/full_matched_budget_fairness_query_sketch/pair3_qwen25_7b_same/hotpotqa/fairness_random/random_r0.25_0715_2036,nan,nan,,
pair3_qwen25_7b_same,hotpotqa,fairness_random,Random,,0.3,500,0.354,0.32497537999999954,0.0022209709064132887,query_agnostic_kv_v1,bf16,/home/xay/KVMergeComm/snapshots/full_matched_budget_fairness_query_sketch/pair3_qwen25_7b_same/hotpotqa/fairness_random/random_r0.30_0715_2039,nan,nan,,
pair3_qwen25_7b_same,hotpotqa,fairness_random,Random,,0.35,500,0.42,0.37304878599999963,0.0021403121689522594,query_agnostic_kv_v1,bf16,/home/xay/KVMergeComm/snapshots/full_matched_budget_fairness_query_sketch/pair3_qwen25_7b_same/hotpotqa/fairness_random/random_r0.35_0715_2041,nan,nan,,
pair3_qwen25_7b_same,hotpotqa,fairness_random,Random,,0.4,500,0.452,0.4213672659999994,0.0021388989196361855,query_agnostic_kv_v1,bf16,/home/xay/KVMergeComm/snapshots/full_matched_budget_fairness_query_sketch/pair3_qwen25_7b_same/hotpotqa/fairness_random/random_r0.40_0715_2044,nan,nan,,
pair3_qwen25_7b_same,hotpotqa,fairness_random,Random,,0.5,500,0.518,0.5178959979999985,0.00264355544689298,query_agnostic_kv_v1,bf16,/home/xay/KVMergeComm/snapshots/full_matched_budget_fairness_query_sketch/pair3_qwen25_7b_same/hotpotqa/fairness_random/random_r0.50_0715_2046,nan,nan,,
pair3_qwen25_7b_same,hotpotqa,fairness_random,Random,,0.6,500,0.584,0.6143471200000005,0.0021390065796756622,query_agnostic_kv_v1,bf16,/home/xay/KVMergeComm/snapshots/full_matched_budget_fairness_query_sketch/pair3_qwen25_7b_same/hotpotqa/fairness_random/random_r0.60_0715_2048,nan,nan,,
pair3_qwen25_7b_same,hotpotqa,coverage,B-ReKV,8,,500,0.49,0.36186102599999986,0.024480795677905783,query_sketch_bf16_v1,bf16,/home/xay/KVMergeComm/snapshots/full_matched_budget_fairness_query_sketch/pair3_qwen25_7b_same/hotpotqa/coverage/cov_t0.95_s0.75_w8_0715_2050,0.9117007699999998,0.0,0.95,0.75
pair3_qwen25_7b_same,musique,fairness_rekv,ReKV,8,0.1,500,0.116,0.13213113199999996,0.0008716513906773393,query_sketch_bf16_v1,bf16,/home/xay/KVMergeComm/snapshots/full_matched_budget_fairness_query_sketch/pair3_qwen25_7b_same/musique/fairness_rekv/rekv_w8_r0.10_0715_2053,nan,nan,,
pair3_qwen25_7b_same,musique,fairness_rekv,ReKV,8,0.15,500,0.154,0.1804071920000002,0.0009797307997690152,query_sketch_bf16_v1,bf16,/home/xay/KVMergeComm/snapshots/full_matched_budget_fairness_query_sketch/pair3_qwen25_7b_same/musique/fairness_rekv/rekv_w8_r0.15_0715_2056,nan,nan,,
pair3_qwen25_7b_same,musique,fairness_rekv,ReKV,8,0.2,500,0.206,0.2285975440000001,0.0009176172201901937,query_sketch_bf16_v1,bf16,/home/xay/KVMergeComm/snapshots/full_matched_budget_fairness_query_sketch/pair3_qwen25_7b_same/musique/fairness_rekv/rekv_w8_r0.20_0715_2100,nan,nan,,
pair3_qwen25_7b_same,musique,fairness_rekv,ReKV,8,0.25,500,0.246,0.2767344580000001,0.0010228757039089822,query_sketch_bf16_v1,bf16,/home/xay/KVMergeComm/snapshots/full_matched_budget_fairness_query_sketch/pair3_qwen25_7b_same/musique/fairness_rekv/rekv_w8_r0.25_0715_2103,nan,nan,,
pair3_qwen25_7b_same,musique,fairness_rekv,ReKV,8,0.3,500,0.288,0.32493689399999987,0.0009091382267811581,query_sketch_bf16_v1,bf16,/home/xay/KVMergeComm/snapshots/full_matched_budget_fairness_query_sketch/pair3_qwen25_7b_same/musique/fairness_rekv/rekv_w8_r0.30_0715_2107,nan,nan,,
pair3_qwen25_7b_same,musique,fairness_rekv,ReKV,8,0.35,500,0.322,0.37316090999999973,0.0009344390137622046,query_sketch_bf16_v1,bf16,/home/xay/KVMergeComm/snapshots/full_matched_budget_fairness_query_sketch/pair3_qwen25_7b_same/musique/fairness_rekv/rekv_w8_r0.35_0715_2110,nan,nan,,
pair3_qwen25_7b_same,musique,fairness_rekv,ReKV,8,0.4,500,0.33,0.42143143199999955,0.0008810282077104914,query_sketch_bf16_v1,bf16,/home/xay/KVMergeComm/snapshots/full_matched_budget_fairness_query_sketch/pair3_qwen25_7b_same/musique/fairness_rekv/rekv_w8_r0.40_0715_2113,nan,nan,,
pair3_qwen25_7b_same,musique,fairness_rekv,ReKV,8,0.5,500,0.372,0.5178289699999992,0.0010917118588095152,query_sketch_bf16_v1,bf16,/home/xay/KVMergeComm/snapshots/full_matched_budget_fairness_query_sketch/pair3_qwen25_7b_same/musique/fairness_rekv/rekv_w8_r0.50_0715_2116,nan,nan,,
pair3_qwen25_7b_same,musique,fairness_rekv,ReKV,8,0.6,500,0.372,0.6142829579999993,0.0008810126826157855,query_sketch_bf16_v1,bf16,/home/xay/KVMergeComm/snapshots/full_matched_budget_fairness_query_sketch/pair3_qwen25_7b_same/musique/fairness_rekv/rekv_w8_r0.60_0715_2118,nan,nan,,
pair3_qwen25_7b_same,musique,fairness_evict,ValueNorm/Evict,,0.1,500,0.096,0.13213113199999996,0.0008716513906773393,query_agnostic_kv_v1,bf16,/home/xay/KVMergeComm/snapshots/full_matched_budget_fairness_query_sketch/pair3_qwen25_7b_same/musique/fairness_evict/evict_r0.10_0715_2121,nan,nan,,
pair3_qwen25_7b_same,musique,fairness_evict,ValueNorm/Evict,,0.15,500,0.144,0.1804071920000002,0.0009797307997690152,query_agnostic_kv_v1,bf16,/home/xay/KVMergeComm/snapshots/full_matched_budget_fairness_query_sketch/pair3_qwen25_7b_same/musique/fairness_evict/evict_r0.15_0715_2124,nan,nan,,
pair3_qwen25_7b_same,musique,fairness_evict,ValueNorm/Evict,,0.2,500,0.22,0.2285975440000001,0.0009176172201901937,query_agnostic_kv_v1,bf16,/home/xay/KVMergeComm/snapshots/full_matched_budget_fairness_query_sketch/pair3_qwen25_7b_same/musique/fairness_evict/evict_r0.20_0715_2126,nan,nan,,
pair3_qwen25_7b_same,musique,fairness_evict,ValueNorm/Evict,,0.25,500,0.282,0.2767344580000001,0.0010228757039089822,query_agnostic_kv_v1,bf16,/home/xay/KVMergeComm/snapshots/full_matched_budget_fairness_query_sketch/pair3_qwen25_7b_same/musique/fairness_evict/evict_r0.25_0715_2129,nan,nan,,
pair3_qwen25_7b_same,musique,fairness_evict,ValueNorm/Evict,,0.3,500,0.33,0.32493689399999987,0.0009091382267811581,query_agnostic_kv_v1,bf16,/home/xay/KVMergeComm/snapshots/full_matched_budget_fairness_query_sketch/pair3_qwen25_7b_same/musique/fairness_evict/evict_r0.30_0715_2130,nan,nan,,
pair3_qwen25_7b_same,musique,fairness_evict,ValueNorm/Evict,,0.35,500,0.348,0.37316090999999973,0.0009344390137622046,query_agnostic_kv_v1,bf16,/home/xay/KVMergeComm/snapshots/full_matched_budget_fairness_query_sketch/pair3_qwen25_7b_same/musique/fairness_evict/evict_r0.35_0715_2132,nan,nan,,
pair3_qwen25_7b_same,musique,fairness_evict,ValueNorm/Evict,,0.4,500,0.386,0.42143143199999955,0.0008810282077104914,query_agnostic_kv_v1,bf16,/home/xay/KVMergeComm/snapshots/full_matched_budget_fairness_query_sketch/pair3_qwen25_7b_same/musique/fairness_evict/evict_r0.40_0715_2134,nan,nan,,
pair3_qwen25_7b_same,musique,fairness_evict,ValueNorm/Evict,,0.5,500,0.462,0.5178289699999992,0.0010917118588095152,query_agnostic_kv_v1,bf16,/home/xay/KVMergeComm/snapshots/full_matched_budget_fairness_query_sketch/pair3_qwen25_7b_same/musique/fairness_evict/evict_r0.50_0715_2136,nan,nan,,
pair3_qwen25_7b_same,musique,fairness_evict,ValueNorm/Evict,,0.6,500,0.506,0.6142829579999993,0.0008810126826157855,query_agnostic_kv_v1,bf16,/home/xay/KVMergeComm/snapshots/full_matched_budget_fairness_query_sketch/pair3_qwen25_7b_same/musique/fairness_evict/evict_r0.60_0715_2137,nan,nan,,
pair3_qwen25_7b_same,musique,fairness_random,Random,,0.1,500,0.05,0.13213113199999996,0.0008716513906773393,query_agnostic_kv_v1,bf16,/home/xay/KVMergeComm/snapshots/full_matched_budget_fairness_query_sketch/pair3_qwen25_7b_same/musique/fairness_random/random_r0.10_0715_2139,nan,nan,,
pair3_qwen25_7b_same,musique,fairness_random,Random,,0.15,500,0.094,0.1804071920000002,0.0009797307997690152,query_agnostic_kv_v1,bf16,/home/xay/KVMergeComm/snapshots/full_matched_budget_fairness_query_sketch/pair3_qwen25_7b_same/musique/fairness_random/random_r0.15_0715_2143,nan,nan,,
pair3_qwen25_7b_same,musique,fairness_random,Random,,0.2,500,0.094,0.2285975440000001,0.0009176172201901937,query_agnostic_kv_v1,bf16,/home/xay/KVMergeComm/snapshots/full_matched_budget_fairness_query_sketch/pair3_qwen25_7b_same/musique/fairness_random/random_r0.20_0715_2147,nan,nan,,
pair3_qwen25_7b_same,musique,fairness_random,Random,,0.25,500,0.136,0.2767344580000001,0.0010228757039089822,query_agnostic_kv_v1,bf16,/home/xay/KVMergeComm/snapshots/full_matched_budget_fairness_query_sketch/pair3_qwen25_7b_same/musique/fairness_random/random_r0.25_0715_2150,nan,nan,,
pair3_qwen25_7b_same,musique,fairness_random,Random,,0.3,500,0.178,0.32493689399999987,0.0009091382267811581,query_agnostic_kv_v1,bf16,/home/xay/KVMergeComm/snapshots/full_matched_budget_fairness_query_sketch/pair3_qwen25_7b_same/musique/fairness_random/random_r0.30_0715_2154,nan,nan,,
pair3_qwen25_7b_same,musique,fairness_random,Random,,0.35,500,0.206,0.37316090999999973,0.0009344390137622046,query_agnostic_kv_v1,bf16,/home/xay/KVMergeComm/snapshots/full_matched_budget_fairness_query_sketch/pair3_qwen25_7b_same/musique/fairness_random/random_r0.35_0715_2157,nan,nan,,
pair3_qwen25_7b_same,musique,fairness_random,Random,,0.4,500,0.226,0.42143143199999955,0.0008810282077104914,query_agnostic_kv_v1,bf16,/home/xay/KVMergeComm/snapshots/full_matched_budget_fairness_query_sketch/pair3_qwen25_7b_same/musique/fairness_random/random_r0.40_0715_2201,nan,nan,,
pair3_qwen25_7b_same,musique,fairness_random,Random,,0.5,500,0.304,0.5178289699999992,0.0010917118588095152,query_agnostic_kv_v1,bf16,/home/xay/KVMergeComm/snapshots/full_matched_budget_fairness_query_sketch/pair3_qwen25_7b_same/musique/fairness_random/random_r0.50_0715_2204,nan,nan,,
pair3_qwen25_7b_same,musique,fairness_random,Random,,0.6,500,0.338,0.6142829579999993,0.0008810126826157855,query_agnostic_kv_v1,bf16,/home/xay/KVMergeComm/snapshots/full_matched_budget_fairness_query_sketch/pair3_qwen25_7b_same/musique/fairness_random/random_r0.60_0715_2206,nan,nan,,
pair3_qwen25_7b_same,musique,coverage,B-ReKV,8,,500,0.234,0.3209176740000004,0.03039577658623455,query_sketch_bf16_v1,bf16,/home/xay/KVMergeComm/snapshots/full_matched_budget_fairness_query_sketch/pair3_qwen25_7b_same/musique/coverage/cov_t0.95_s0.75_w8_0715_2209,0.9208904419999997,0.0,0.95,0.75
pair3_qwen25_7b_same,twowikimqa,fairness_rekv,ReKV,8,0.1,200,0.36,0.13213621500000003,5.827718185210338e-05,query_sketch_bf16_v1,bf16,/home/xay/KVMergeComm/snapshots/full_matched_budget_fairness_query_sketch/pair3_qwen25_7b_same/twowikimqa/fairness_rekv/rekv_w8_r0.10_0715_2212,nan,nan,,
pair3_qwen25_7b_same,twowikimqa,fairness_rekv,ReKV,8,0.15,200,0.39,0.18035814499999997,6.44569427006241e-05,query_sketch_bf16_v1,bf16,/home/xay/KVMergeComm/snapshots/full_matched_budget_fairness_query_sketch/pair3_qwen25_7b_same/twowikimqa/fairness_rekv/rekv_w8_r0.15_0715_2215,nan,nan,,
pair3_qwen25_7b_same,twowikimqa,fairness_rekv,ReKV,8,0.2,200,0.4,0.22857790000000008,5.569984166771904e-05,query_sketch_bf16_v1,bf16,/home/xay/KVMergeComm/snapshots/full_matched_budget_fairness_query_sketch/pair3_qwen25_7b_same/twowikimqa/fairness_rekv/rekv_w8_r0.20_0715_2217,nan,nan,,
pair3_qwen25_7b_same,twowikimqa,fairness_rekv,ReKV,8,0.25,200,0.435,0.2767895300000001,6.933335902267557e-05,query_sketch_bf16_v1,bf16,/home/xay/KVMergeComm/snapshots/full_matched_budget_fairness_query_sketch/pair3_qwen25_7b_same/twowikimqa/fairness_rekv/rekv_w8_r0.25_0715_2219,nan,nan,,
pair3_qwen25_7b_same,twowikimqa,fairness_rekv,ReKV,8,0.3,200,0.47,0.32500169000000023,5.252416433600833e-05,query_sketch_bf16_v1,bf16,/home/xay/KVMergeComm/snapshots/full_matched_budget_fairness_query_sketch/pair3_qwen25_7b_same/twowikimqa/fairness_rekv/rekv_w8_r0.30_0715_2221,nan,nan,,
pair3_qwen25_7b_same,twowikimqa,fairness_rekv,ReKV,8,0.35,200,0.45,0.3732110300000002,5.5146120197748846e-05,query_sketch_bf16_v1,bf16,/home/xay/KVMergeComm/snapshots/full_matched_budget_fairness_query_sketch/pair3_qwen25_7b_same/twowikimqa/fairness_rekv/rekv_w8_r0.35_0715_2223,nan,nan,,
pair3_qwen25_7b_same,twowikimqa,fairness_rekv,ReKV,8,0.4,200,0.435,0.42144011500000056,6.284824008201821e-05,query_sketch_bf16_v1,bf16,/home/xay/KVMergeComm/snapshots/full_matched_budget_fairness_query_sketch/pair3_qwen25_7b_same/twowikimqa/fairness_rekv/rekv_w8_r0.40_0715_2226,nan,nan,,
pair3_qwen25_7b_same,twowikimqa,fairness_rekv,ReKV,8,0.5,200,0.445,0.5178581100000009,6.936733406420946e-05,query_sketch_bf16_v1,bf16,/home/xay/KVMergeComm/snapshots/full_matched_budget_fairness_query_sketch/pair3_qwen25_7b_same/twowikimqa/fairness_rekv/rekv_w8_r0.50_0715_2228,nan,nan,,
pair3_qwen25_7b_same,twowikimqa,fairness_rekv,ReKV,8,0.6,200,0.46,0.6142742800000004,6.288740516703832e-05,query_sketch_bf16_v1,bf16,/home/xay/KVMergeComm/snapshots/full_matched_budget_fairness_query_sketch/pair3_qwen25_7b_same/twowikimqa/fairness_rekv/rekv_w8_r0.60_0715_2230,nan,nan,,
pair3_qwen25_7b_same,twowikimqa,fairness_evict,ValueNorm/Evict,,0.1,200,0.275,0.13213621500000003,5.827718185210338e-05,query_agnostic_kv_v1,bf16,/home/xay/KVMergeComm/snapshots/full_matched_budget_fairness_query_sketch/pair3_qwen25_7b_same/twowikimqa/fairness_evict/evict_r0.10_0715_2232,nan,nan,,
pair3_qwen25_7b_same,twowikimqa,fairness_evict,ValueNorm/Evict,,0.15,200,0.3,0.18035814499999997,6.44569427006241e-05,query_agnostic_kv_v1,bf16,/home/xay/KVMergeComm/snapshots/full_matched_budget_fairness_query_sketch/pair3_qwen25_7b_same/twowikimqa/fairness_evict/evict_r0.15_0715_2234,nan,nan,,
pair3_qwen25_7b_same,twowikimqa,fairness_evict,ValueNorm/Evict,,0.2,200,0.305,0.22857790000000008,5.569984166771904e-05,query_agnostic_kv_v1,bf16,/home/xay/KVMergeComm/snapshots/full_matched_budget_fairness_query_sketch/pair3_qwen25_7b_same/twowikimqa/fairness_evict/evict_r0.20_0715_2236,nan,nan,,
pair3_qwen25_7b_same,twowikimqa,fairness_evict,ValueNorm/Evict,,0.25,200,0.355,0.2767895300000001,6.933335902267557e-05,query_agnostic_kv_v1,bf16,/home/xay/KVMergeComm/snapshots/full_matched_budget_fairness_query_sketch/pair3_qwen25_7b_same/twowikimqa/fairness_evict/evict_r0.25_0715_2238,nan,nan,,
pair3_qwen25_7b_same,twowikimqa,fairness_evict,ValueNorm/Evict,,0.3,200,0.335,0.32500169000000023,5.252416433600833e-05,query_agnostic_kv_v1,bf16,/home/xay/KVMergeComm/snapshots/full_matched_budget_fairness_query_sketch/pair3_qwen25_7b_same/twowikimqa/fairness_evict/evict_r0.30_0715_2240,nan,nan,,
pair3_qwen25_7b_same,twowikimqa,fairness_evict,ValueNorm/Evict,,0.35,200,0.34,0.3732110300000002,5.5146120197748846e-05,query_agnostic_kv_v1,bf16,/home/xay/KVMergeComm/snapshots/full_matched_budget_fairness_query_sketch/pair3_qwen25_7b_same/twowikimqa/fairness_evict/evict_r0.35_0715_2242,nan,nan,,
pair3_qwen25_7b_same,twowikimqa,fairness_evict,ValueNorm/Evict,,0.4,200,0.375,0.42144011500000056,6.284824008201821e-05,query_agnostic_kv_v1,bf16,/home/xay/KVMergeComm/snapshots/full_matched_budget_fairness_query_sketch/pair3_qwen25_7b_same/twowikimqa/fairness_evict/evict_r0.40_0715_2244,nan,nan,,
pair3_qwen25_7b_same,twowikimqa,fairness_evict,ValueNorm/Evict,,0.5,200,0.39,0.5178581100000009,6.936733406420946e-05,query_agnostic_kv_v1,bf16,/home/xay/KVMergeComm/snapshots/full_matched_budget_fairness_query_sketch/pair3_qwen25_7b_same/twowikimqa/fairness_evict/evict_r0.50_0715_2246,nan,nan,,
pair3_qwen25_7b_same,twowikimqa,fairness_evict,ValueNorm/Evict,,0.6,200,0.39,0.6142742800000004,6.288740516703832e-05,query_agnostic_kv_v1,bf16,/home/xay/KVMergeComm/snapshots/full_matched_budget_fairness_query_sketch/pair3_qwen25_7b_same/twowikimqa/fairness_evict/evict_r0.60_0715_2248,nan,nan,,
pair3_qwen25_7b_same,twowikimqa,fairness_random,Random,,0.1,200,0.235,0.13213621500000003,5.827718185210338e-05,query_agnostic_kv_v1,bf16,/home/xay/KVMergeComm/snapshots/full_matched_budget_fairness_query_sketch/pair3_qwen25_7b_same/twowikimqa/fairness_random/random_r0.10_0715_2250,nan,nan,,
pair3_qwen25_7b_same,twowikimqa,fairness_random,Random,,0.15,200,0.24,0.18035814499999997,6.44569427006241e-05,query_agnostic_kv_v1,bf16,/home/xay/KVMergeComm/snapshots/full_matched_budget_fairness_query_sketch/pair3_qwen25_7b_same/twowikimqa/fairness_random/random_r0.15_0715_2252,nan,nan,,
pair3_qwen25_7b_same,twowikimqa,fairness_random,Random,,0.2,200,0.285,0.22857790000000008,5.569984166771904e-05,query_agnostic_kv_v1,bf16,/home/xay/KVMergeComm/snapshots/full_matched_budget_fairness_query_sketch/pair3_qwen25_7b_same/twowikimqa/fairness_random/random_r0.20_0715_2255,nan,nan,,
pair3_qwen25_7b_same,twowikimqa,fairness_random,Random,,0.25,200,0.315,0.2767895300000001,6.933335902267557e-05,query_agnostic_kv_v1,bf16,/home/xay/KVMergeComm/snapshots/full_matched_budget_fairness_query_sketch/pair3_qwen25_7b_same/twowikimqa/fairness_random/random_r0.25_0715_2257,nan,nan,,
pair3_qwen25_7b_same,twowikimqa,fairness_random,Random,,0.3,200,0.31,0.32500169000000023,5.252416433600833e-05,query_agnostic_kv_v1,bf16,/home/xay/KVMergeComm/snapshots/full_matched_budget_fairness_query_sketch/pair3_qwen25_7b_same/twowikimqa/fairness_random/random_r0.30_0715_2259,nan,nan,,
pair3_qwen25_7b_same,twowikimqa,fairness_random,Random,,0.35,200,0.35,0.3732110300000002,5.5146120197748846e-05,query_agnostic_kv_v1,bf16,/home/xay/KVMergeComm/snapshots/full_matched_budget_fairness_query_sketch/pair3_qwen25_7b_same/twowikimqa/fairness_random/random_r0.35_0715_2301,nan,nan,,
pair3_qwen25_7b_same,twowikimqa,fairness_random,Random,,0.4,200,0.34,0.42144011500000056,6.284824008201821e-05,query_agnostic_kv_v1,bf16,/home/xay/KVMergeComm/snapshots/full_matched_budget_fairness_query_sketch/pair3_qwen25_7b_same/twowikimqa/fairness_random/random_r0.40_0715_2303,nan,nan,,
pair3_qwen25_7b_same,twowikimqa,fairness_random,Random,,0.5,200,0.355,0.5178581100000009,6.936733406420946e-05,query_agnostic_kv_v1,bf16,/home/xay/KVMergeComm/snapshots/full_matched_budget_fairness_query_sketch/pair3_qwen25_7b_same/twowikimqa/fairness_random/random_r0.50_0715_2306,nan,nan,,
pair3_qwen25_7b_same,twowikimqa,fairness_random,Random,,0.6,200,0.33,0.6142742800000004,6.288740516703832e-05,query_agnostic_kv_v1,bf16,/home/xay/KVMergeComm/snapshots/full_matched_budget_fairness_query_sketch/pair3_qwen25_7b_same/twowikimqa/fairness_random/random_r0.60_0715_2308,nan,nan,,
pair3_qwen25_7b_same,twowikimqa,coverage,B-ReKV,8,,200,0.405,0.31823836499999986,0.029430693002114292,query_sketch_bf16_v1,bf16,/home/xay/KVMergeComm/snapshots/full_matched_budget_fairness_query_sketch/pair3_qwen25_7b_same/twowikimqa/coverage/cov_t0.95_s0.75_w8_0715_2310,0.9228343249999993,0.0,0.95,0.75
pair3_qwen25_7b_same,tipsheets,fairness_rekv,ReKV,8,0.1,500,0.456,0.14010468200000015,0.008463241800185834,query_sketch_bf16_v1,bf16,/home/xay/KVMergeComm/snapshots/full_matched_budget_fairness_query_sketch/pair3_qwen25_7b_same/tipsheets/fairness_rekv/rekv_w8_r0.10_0716_1642,nan,nan,,
pair3_qwen25_7b_same,tipsheets,fairness_rekv,ReKV,8,0.15,500,0.608,0.18022686600000035,0.0025865282555730504,query_sketch_bf16_v1,bf16,/home/xay/KVMergeComm/snapshots/full_matched_budget_fairness_query_sketch/pair3_qwen25_7b_same/tipsheets/fairness_rekv/rekv_w8_r0.15_0716_1643,nan,nan,,
pair3_qwen25_7b_same,tipsheets,fairness_rekv,ReKV,8,0.2,500,0.748,0.22853319399999966,0.0024192908499801303,query_sketch_bf16_v1,bf16,/home/xay/KVMergeComm/snapshots/full_matched_budget_fairness_query_sketch/pair3_qwen25_7b_same/tipsheets/fairness_rekv/rekv_w8_r0.20_0716_1645,nan,nan,,
pair3_qwen25_7b_same,tipsheets,fairness_rekv,ReKV,8,0.25,500,0.846,0.27687722200000026,0.0026601130810407028,query_sketch_bf16_v1,bf16,/home/xay/KVMergeComm/snapshots/full_matched_budget_fairness_query_sketch/pair3_qwen25_7b_same/tipsheets/fairness_rekv/rekv_w8_r0.25_0716_1646,nan,nan,,
pair3_qwen25_7b_same,tipsheets,fairness_rekv,ReKV,8,0.3,500,0.898,0.32485899799999945,0.002530421953849801,query_sketch_bf16_v1,bf16,/home/xay/KVMergeComm/snapshots/full_matched_budget_fairness_query_sketch/pair3_qwen25_7b_same/tipsheets/fairness_rekv/rekv_w8_r0.30_0716_1647,nan,nan,,
pair3_qwen25_7b_same,tipsheets,fairness_rekv,ReKV,8,0.35,500,0.908,0.3730244579999994,0.0024623291245630314,query_sketch_bf16_v1,bf16,/home/xay/KVMergeComm/snapshots/full_matched_budget_fairness_query_sketch/pair3_qwen25_7b_same/tipsheets/fairness_rekv/rekv_w8_r0.35_0716_1648,nan,nan,,
pair3_qwen25_7b_same,tipsheets,fairness_rekv,ReKV,8,0.4,500,0.912,0.42137579399999964,0.0025015825330985636,query_sketch_bf16_v1,bf16,/home/xay/KVMergeComm/snapshots/full_matched_budget_fairness_query_sketch/pair3_qwen25_7b_same/tipsheets/fairness_rekv/rekv_w8_r0.40_0716_1650,nan,nan,,
pair3_qwen25_7b_same,tipsheets,fairness_rekv,ReKV,8,0.5,500,0.914,0.5180052779999982,0.0030749582907245165,query_sketch_bf16_v1,bf16,/home/xay/KVMergeComm/snapshots/full_matched_budget_fairness_query_sketch/pair3_qwen25_7b_same/tipsheets/fairness_rekv/rekv_w8_r0.50_0716_1651,nan,nan,,
pair3_qwen25_7b_same,tipsheets,fairness_rekv,ReKV,8,0.6,500,0.934,0.6143386320000007,0.002501702536221171,query_sketch_bf16_v1,bf16,/home/xay/KVMergeComm/snapshots/full_matched_budget_fairness_query_sketch/pair3_qwen25_7b_same/tipsheets/fairness_rekv/rekv_w8_r0.60_0716_1652,nan,nan,,
pair3_qwen25_7b_same,tipsheets,fairness_evict,ValueNorm/Evict,,0.1,500,0.466,0.14010468200000015,0.008463241800185834,query_agnostic_kv_v1,bf16,/home/xay/KVMergeComm/snapshots/full_matched_budget_fairness_query_sketch/pair3_qwen25_7b_same/tipsheets/fairness_evict/evict_r0.10_0716_1654,nan,nan,,
pair3_qwen25_7b_same,tipsheets,fairness_evict,ValueNorm/Evict,,0.15,500,0.494,0.18022686600000035,0.0025865282555730504,query_agnostic_kv_v1,bf16,/home/xay/KVMergeComm/snapshots/full_matched_budget_fairness_query_sketch/pair3_qwen25_7b_same/tipsheets/fairness_evict/evict_r0.15_0716_1655,nan,nan,,
pair3_qwen25_7b_same,tipsheets,fairness_evict,ValueNorm/Evict,,0.2,500,0.53,0.22853319399999966,0.0024192908499801303,query_agnostic_kv_v1,bf16,/home/xay/KVMergeComm/snapshots/full_matched_budget_fairness_query_sketch/pair3_qwen25_7b_same/tipsheets/fairness_evict/evict_r0.20_0716_1655,nan,nan,,
pair3_qwen25_7b_same,tipsheets,fairness_evict,ValueNorm/Evict,,0.25,500,0.564,0.27687722200000026,0.0026601130810407028,query_agnostic_kv_v1,bf16,/home/xay/KVMergeComm/snapshots/full_matched_budget_fairness_query_sketch/pair3_qwen25_7b_same/tipsheets/fairness_evict/evict_r0.25_0716_1656,nan,nan,,
pair3_qwen25_7b_same,tipsheets,fairness_evict,ValueNorm/Evict,,0.3,500,0.604,0.32485899799999945,0.002530421953849801,query_agnostic_kv_v1,bf16,/home/xay/KVMergeComm/snapshots/full_matched_budget_fairness_query_sketch/pair3_qwen25_7b_same/tipsheets/fairness_evict/evict_r0.30_0716_1657,nan,nan,,
pair3_qwen25_7b_same,tipsheets,fairness_evict,ValueNorm/Evict,,0.35,500,0.66,0.3730244579999994,0.0024623291245630314,query_agnostic_kv_v1,bf16,/home/xay/KVMergeComm/snapshots/full_matched_budget_fairness_query_sketch/pair3_qwen25_7b_same/tipsheets/fairness_evict/evict_r0.35_0716_1658,nan,nan,,
pair3_qwen25_7b_same,tipsheets,fairness_evict,ValueNorm/Evict,,0.4,500,0.708,0.42137579399999964,0.0025015825330985636,query_agnostic_kv_v1,bf16,/home/xay/KVMergeComm/snapshots/full_matched_budget_fairness_query_sketch/pair3_qwen25_7b_same/tipsheets/fairness_evict/evict_r0.40_0716_1659,nan,nan,,
pair3_qwen25_7b_same,tipsheets,fairness_evict,ValueNorm/Evict,,0.5,500,0.784,0.5180052779999982,0.0030749582907245165,query_agnostic_kv_v1,bf16,/home/xay/KVMergeComm/snapshots/full_matched_budget_fairness_query_sketch/pair3_qwen25_7b_same/tipsheets/fairness_evict/evict_r0.50_0716_1700,nan,nan,,
pair3_qwen25_7b_same,tipsheets,fairness_evict,ValueNorm/Evict,,0.6,500,0.864,0.6143386320000007,0.002501702536221171,query_agnostic_kv_v1,bf16,/home/xay/KVMergeComm/snapshots/full_matched_budget_fairness_query_sketch/pair3_qwen25_7b_same/tipsheets/fairness_evict/evict_r0.60_0716_1701,nan,nan,,
pair3_qwen25_7b_same,tipsheets,fairness_random,Random,,0.1,500,0.468,0.14010468200000015,0.008463241800185834,query_agnostic_kv_v1,bf16,/home/xay/KVMergeComm/snapshots/full_matched_budget_fairness_query_sketch/pair3_qwen25_7b_same/tipsheets/fairness_random/random_r0.10_0716_1702,nan,nan,,
pair3_qwen25_7b_same,tipsheets,fairness_random,Random,,0.15,500,0.536,0.18022686600000035,0.0025865282555730504,query_agnostic_kv_v1,bf16,/home/xay/KVMergeComm/snapshots/full_matched_budget_fairness_query_sketch/pair3_qwen25_7b_same/tipsheets/fairness_random/random_r0.15_0716_1703,nan,nan,,
pair3_qwen25_7b_same,tipsheets,fairness_random,Random,,0.2,500,0.582,0.22853319399999966,0.0024192908499801303,query_agnostic_kv_v1,bf16,/home/xay/KVMergeComm/snapshots/full_matched_budget_fairness_query_sketch/pair3_qwen25_7b_same/tipsheets/fairness_random/random_r0.20_0716_1704,nan,nan,,
pair3_qwen25_7b_same,tipsheets,fairness_random,Random,,0.25,500,0.642,0.27687722200000026,0.0026601130810407028,query_agnostic_kv_v1,bf16,/home/xay/KVMergeComm/snapshots/full_matched_budget_fairness_query_sketch/pair3_qwen25_7b_same/tipsheets/fairness_random/random_r0.25_0716_1705,nan,nan,,
pair3_qwen25_7b_same,tipsheets,fairness_random,Random,,0.3,500,0.706,0.32485899799999945,0.002530421953849801,query_agnostic_kv_v1,bf16,/home/xay/KVMergeComm/snapshots/full_matched_budget_fairness_query_sketch/pair3_qwen25_7b_same/tipsheets/fairness_random/random_r0.30_0716_1706,nan,nan,,
pair3_qwen25_7b_same,tipsheets,fairness_random,Random,,0.35,500,0.734,0.3730244579999994,0.0024623291245630314,query_agnostic_kv_v1,bf16,/home/xay/KVMergeComm/snapshots/full_matched_budget_fairness_query_sketch/pair3_qwen25_7b_same/tipsheets/fairness_random/random_r0.35_0716_1707,nan,nan,,
pair3_qwen25_7b_same,tipsheets,fairness_random,Random,,0.4,500,0.772,0.42137579399999964,0.0025015825330985636,query_agnostic_kv_v1,bf16,/home/xay/KVMergeComm/snapshots/full_matched_budget_fairness_query_sketch/pair3_qwen25_7b_same/tipsheets/fairness_random/random_r0.40_0716_1708,nan,nan,,
pair3_qwen25_7b_same,tipsheets,fairness_random,Random,,0.5,500,0.802,0.5180052779999982,0.0030749582907245165,query_agnostic_kv_v1,bf16,/home/xay/KVMergeComm/snapshots/full_matched_budget_fairness_query_sketch/pair3_qwen25_7b_same/tipsheets/fairness_random/random_r0.50_0716_1709,nan,nan,,
pair3_qwen25_7b_same,tipsheets,fairness_random,Random,,0.6,500,0.86,0.6143386320000007,0.002501702536221171,query_agnostic_kv_v1,bf16,/home/xay/KVMergeComm/snapshots/full_matched_budget_fairness_query_sketch/pair3_qwen25_7b_same/tipsheets/fairness_random/random_r0.60_0716_1710,nan,nan,,
pair3_qwen25_7b_same,tipsheets,coverage,B-ReKV,8,,500,0.87,0.37128636200000026,0.008203393532304037,query_sketch_bf16_v1,bf16,/home/xay/KVMergeComm/snapshots/full_matched_budget_fairness_query_sketch/pair3_qwen25_7b_same/tipsheets/coverage/cov_t0.95_s0.75_w8_0716_1711,0.91029095,0.0,0.95,0.75
pair3_qwen25_7b_same,qasper,fairness_rekv,ReKV,8,0.1,500,0.172,0.13214458199999998,7.385477867183311e-05,query_sketch_bf16_v1,bf16,/home/xay/KVMergeComm/snapshots/full_matched_budget_fairness_query_sketch/pair3_qwen25_7b_same/qasper/fairness_rekv/rekv_w8_r0.10_0716_1713,nan,nan,,
pair3_qwen25_7b_same,qasper,fairness_rekv,ReKV,8,0.15,500,0.214,0.18034896999999991,6.850418049645664e-05,query_sketch_bf16_v1,bf16,/home/xay/KVMergeComm/snapshots/full_matched_budget_fairness_query_sketch/pair3_qwen25_7b_same/qasper/fairness_rekv/rekv_w8_r0.15_0716_1719,nan,nan,,
pair3_qwen25_7b_same,qasper,fairness_rekv,ReKV,8,0.2,500,0.226,0.22857300200000033,6.878619831155387e-05,query_sketch_bf16_v1,bf16,/home/xay/KVMergeComm/snapshots/full_matched_budget_fairness_query_sketch/pair3_qwen25_7b_same/qasper/fairness_rekv/rekv_w8_r0.20_0716_1725,nan,nan,,
pair3_qwen25_7b_same,qasper,fairness_rekv,ReKV,8,0.25,500,0.256,0.27679817199999984,7.106568143736237e-05,query_sketch_bf16_v1,bf16,/home/xay/KVMergeComm/snapshots/full_matched_budget_fairness_query_sketch/pair3_qwen25_7b_same/qasper/fairness_rekv/rekv_w8_r0.25_0716_1731,nan,nan,,
pair3_qwen25_7b_same,qasper,fairness_rekv,ReKV,8,0.3,500,0.274,0.3249975599999999,7.386603266429857e-05,query_sketch_bf16_v1,bf16,/home/xay/KVMergeComm/snapshots/full_matched_budget_fairness_query_sketch/pair3_qwen25_7b_same/qasper/fairness_rekv/rekv_w8_r0.30_0716_1737,nan,nan,,
pair3_qwen25_7b_same,qasper,fairness_rekv,ReKV,8,0.35,500,0.282,0.37321389999999943,7.488188427908656e-05,query_sketch_bf16_v1,bf16,/home/xay/KVMergeComm/snapshots/full_matched_budget_fairness_query_sketch/pair3_qwen25_7b_same/qasper/fairness_rekv/rekv_w8_r0.35_0716_1743,nan,nan,,
pair3_qwen25_7b_same,qasper,fairness_rekv,ReKV,8,0.4,500,0.308,0.4214224999999996,7.540911795094759e-05,query_sketch_bf16_v1,bf16,/home/xay/KVMergeComm/snapshots/full_matched_budget_fairness_query_sketch/pair3_qwen25_7b_same/qasper/fairness_rekv/rekv_w8_r0.40_0716_1749,nan,nan,,
pair3_qwen25_7b_same,qasper,fairness_rekv,ReKV,8,0.5,500,0.326,0.5178658039999989,9.109770121321403e-05,query_sketch_bf16_v1,bf16,/home/xay/KVMergeComm/snapshots/full_matched_budget_fairness_query_sketch/pair3_qwen25_7b_same/qasper/fairness_rekv/rekv_w8_r0.50_0716_1756,nan,nan,,
pair3_qwen25_7b_same,qasper,fairness_rekv,ReKV,8,0.6,500,0.336,0.614291873999999,7.540680670200343e-05,query_sketch_bf16_v1,bf16,/home/xay/KVMergeComm/snapshots/full_matched_budget_fairness_query_sketch/pair3_qwen25_7b_same/qasper/fairness_rekv/rekv_w8_r0.60_0716_1802,nan,nan,,
pair3_qwen25_7b_same,qasper,fairness_evict,ValueNorm/Evict,,0.1,500,0.124,0.13214458199999998,7.385477867183311e-05,query_agnostic_kv_v1,bf16,/home/xay/KVMergeComm/snapshots/full_matched_budget_fairness_query_sketch/pair3_qwen25_7b_same/qasper/fairness_evict/evict_r0.10_0716_1809,nan,nan,,
pair3_qwen25_7b_same,qasper,fairness_evict,ValueNorm/Evict,,0.15,500,0.194,0.18034896999999991,6.850418049645664e-05,query_agnostic_kv_v1,bf16,/home/xay/KVMergeComm/snapshots/full_matched_budget_fairness_query_sketch/pair3_qwen25_7b_same/qasper/fairness_evict/evict_r0.15_0716_1815,nan,nan,,
pair3_qwen25_7b_same,qasper,fairness_evict,ValueNorm/Evict,,0.2,500,0.22,0.22857300200000033,6.878619831155387e-05,query_agnostic_kv_v1,bf16,/home/xay/KVMergeComm/snapshots/full_matched_budget_fairness_query_sketch/pair3_qwen25_7b_same/qasper/fairness_evict/evict_r0.20_0716_1820,nan,nan,,
pair3_qwen25_7b_same,qasper,fairness_evict,ValueNorm/Evict,,0.25,500,0.242,0.27679817199999984,7.106568143736237e-05,query_agnostic_kv_v1,bf16,/home/xay/KVMergeComm/snapshots/full_matched_budget_fairness_query_sketch/pair3_qwen25_7b_same/qasper/fairness_evict/evict_r0.25_0716_1825,nan,nan,,
pair3_qwen25_7b_same,qasper,fairness_evict,ValueNorm/Evict,,0.3,500,0.27,0.3249975599999999,7.386603266429857e-05,query_agnostic_kv_v1,bf16,/home/xay/KVMergeComm/snapshots/full_matched_budget_fairness_query_sketch/pair3_qwen25_7b_same/qasper/fairness_evict/evict_r0.30_0716_1831,nan,nan,,
pair3_qwen25_7b_same,qasper,fairness_evict,ValueNorm/Evict,,0.35,500,0.294,0.37321389999999943,7.488188427908656e-05,query_agnostic_kv_v1,bf16,/home/xay/KVMergeComm/snapshots/full_matched_budget_fairness_query_sketch/pair3_qwen25_7b_same/qasper/fairness_evict/evict_r0.35_0716_1837,nan,nan,,
pair3_qwen25_7b_same,qasper,fairness_evict,ValueNorm/Evict,,0.4,500,0.312,0.4214224999999996,7.540911795094759e-05,query_agnostic_kv_v1,bf16,/home/xay/KVMergeComm/snapshots/full_matched_budget_fairness_query_sketch/pair3_qwen25_7b_same/qasper/fairness_evict/evict_r0.40_0716_1843,nan,nan,,
pair3_qwen25_7b_same,qasper,fairness_evict,ValueNorm/Evict,,0.5,500,0.326,0.5178658039999989,9.109770121321403e-05,query_agnostic_kv_v1,bf16,/home/xay/KVMergeComm/snapshots/full_matched_budget_fairness_query_sketch/pair3_qwen25_7b_same/qasper/fairness_evict/evict_r0.50_0716_1849,nan,nan,,
pair3_qwen25_7b_same,qasper,fairness_evict,ValueNorm/Evict,,0.6,500,0.348,0.614291873999999,7.540680670200343e-05,query_agnostic_kv_v1,bf16,/home/xay/KVMergeComm/snapshots/full_matched_budget_fairness_query_sketch/pair3_qwen25_7b_same/qasper/fairness_evict/evict_r0.60_0716_1854,nan,nan,,
pair3_qwen25_7b_same,qasper,fairness_random,Random,,0.1,500,0.1,0.13214458199999998,7.385477867183311e-05,query_agnostic_kv_v1,bf16,/home/xay/KVMergeComm/snapshots/full_matched_budget_fairness_query_sketch/pair3_qwen25_7b_same/qasper/fairness_random/random_r0.10_0716_1900,nan,nan,,
pair3_qwen25_7b_same,qasper,fairness_random,Random,,0.15,500,0.134,0.18034896999999991,6.850418049645664e-05,query_agnostic_kv_v1,bf16,/home/xay/KVMergeComm/snapshots/full_matched_budget_fairness_query_sketch/pair3_qwen25_7b_same/qasper/fairness_random/random_r0.15_0716_1907,nan,nan,,
pair3_qwen25_7b_same,qasper,fairness_random,Random,,0.2,500,0.168,0.22857300200000033,6.878619831155387e-05,query_agnostic_kv_v1,bf16,/home/xay/KVMergeComm/snapshots/full_matched_budget_fairness_query_sketch/pair3_qwen25_7b_same/qasper/fairness_random/random_r0.20_0716_1913,nan,nan,,
pair3_qwen25_7b_same,qasper,fairness_random,Random,,0.25,500,0.174,0.27679817199999984,7.106568143736237e-05,query_agnostic_kv_v1,bf16,/home/xay/KVMergeComm/snapshots/full_matched_budget_fairness_query_sketch/pair3_qwen25_7b_same/qasper/fairness_random/random_r0.25_0716_1919,nan,nan,,
pair3_qwen25_7b_same,qasper,fairness_random,Random,,0.3,500,0.184,0.3249975599999999,7.386603266429857e-05,query_agnostic_kv_v1,bf16,/home/xay/KVMergeComm/snapshots/full_matched_budget_fairness_query_sketch/pair3_qwen25_7b_same/qasper/fairness_random/random_r0.30_0716_1926,nan,nan,,
pair3_qwen25_7b_same,qasper,fairness_random,Random,,0.35,500,0.224,0.37321389999999943,7.488188427908656e-05,query_agnostic_kv_v1,bf16,/home/xay/KVMergeComm/snapshots/full_matched_budget_fairness_query_sketch/pair3_qwen25_7b_same/qasper/fairness_random/random_r0.35_0716_1932,nan,nan,,
pair3_qwen25_7b_same,qasper,fairness_random,Random,,0.4,500,0.248,0.4214224999999996,7.540911795094759e-05,query_agnostic_kv_v1,bf16,/home/xay/KVMergeComm/snapshots/full_matched_budget_fairness_query_sketch/pair3_qwen25_7b_same/qasper/fairness_random/random_r0.40_0716_1938,nan,nan,,
pair3_qwen25_7b_same,qasper,fairness_random,Random,,0.5,500,0.276,0.5178658039999989,9.109770121321403e-05,query_agnostic_kv_v1,bf16,/home/xay/KVMergeComm/snapshots/full_matched_budget_fairness_query_sketch/pair3_qwen25_7b_same/qasper/fairness_random/random_r0.50_0716_1945,nan,nan,,
pair3_qwen25_7b_same,qasper,fairness_random,Random,,0.6,500,0.288,0.614291873999999,7.540680670200343e-05,query_agnostic_kv_v1,bf16,/home/xay/KVMergeComm/snapshots/full_matched_budget_fairness_query_sketch/pair3_qwen25_7b_same/qasper/fairness_random/random_r0.60_0716_1951,nan,nan,,
pair3_qwen25_7b_same,qasper,coverage,B-ReKV,8,,500,0.236,0.35022945199999994,0.018128815998921216,query_sketch_bf16_v1,bf16,/home/xay/KVMergeComm/snapshots/full_matched_budget_fairness_query_sketch/pair3_qwen25_7b_same/qasper/coverage/cov_t0.95_s0.75_w8_0716_1958,0.9195071640000007,0.0,0.95,0.75
pair3_qwen25_7b_same,multifieldqa_en,fairness_rekv,ReKV,8,0.1,150,0.32,0.13214056666666668,6.951948369324412e-05,query_sketch_bf16_v1,bf16,/home/xay/KVMergeComm/snapshots/full_matched_budget_fairness_query_sketch/pair3_qwen25_7b_same/multifieldqa_en/fairness_rekv/rekv_w8_r0.10_0716_2004,nan,nan,,
pair3_qwen25_7b_same,multifieldqa_en,fairness_rekv,ReKV,8,0.15,150,0.3333333333333333,0.18035256,6.781315427420677e-05,query_sketch_bf16_v1,bf16,/home/xay/KVMergeComm/snapshots/full_matched_budget_fairness_query_sketch/pair3_qwen25_7b_same/multifieldqa_en/fairness_rekv/rekv_w8_r0.15_0716_2006,nan,nan,,
pair3_qwen25_7b_same,multifieldqa_en,fairness_rekv,ReKV,8,0.2,150,0.3933333333333333,0.22857514666666665,6.538911785443156e-05,query_sketch_bf16_v1,bf16,/home/xay/KVMergeComm/snapshots/full_matched_budget_fairness_query_sketch/pair3_qwen25_7b_same/multifieldqa_en/fairness_rekv/rekv_w8_r0.20_0716_2008,nan,nan,,
pair3_qwen25_7b_same,multifieldqa_en,fairness_rekv,ReKV,8,0.25,150,0.4266666666666667,0.27679049333333355,5.802010143064463e-05,query_sketch_bf16_v1,bf16,/home/xay/KVMergeComm/snapshots/full_matched_budget_fairness_query_sketch/pair3_qwen25_7b_same/multifieldqa_en/fairness_rekv/rekv_w8_r0.25_0716_2011,nan,nan,,
pair3_qwen25_7b_same,multifieldqa_en,fairness_rekv,ReKV,8,0.3,150,0.47333333333333333,0.3250012266666666,6.289803687322688e-05,query_sketch_bf16_v1,bf16,/home/xay/KVMergeComm/snapshots/full_matched_budget_fairness_query_sketch/pair3_qwen25_7b_same/multifieldqa_en/fairness_rekv/rekv_w8_r0.30_0716_2013,nan,nan,,
pair3_qwen25_7b_same,multifieldqa_en,fairness_rekv,ReKV,8,0.35,150,0.4866666666666667,0.37322506666666677,6.801861832232978e-05,query_sketch_bf16_v1,bf16,/home/xay/KVMergeComm/snapshots/full_matched_budget_fairness_query_sketch/pair3_qwen25_7b_same/multifieldqa_en/fairness_rekv/rekv_w8_r0.35_0716_2015,nan,nan,,
pair3_qwen25_7b_same,multifieldqa_en,fairness_rekv,ReKV,8,0.4,150,0.5266666666666666,0.42142562,6.772037552867524e-05,query_sketch_bf16_v1,bf16,/home/xay/KVMergeComm/snapshots/full_matched_budget_fairness_query_sketch/pair3_qwen25_7b_same/multifieldqa_en/fairness_rekv/rekv_w8_r0.40_0716_2017,nan,nan,,
pair3_qwen25_7b_same,multifieldqa_en,fairness_rekv,ReKV,8,0.5,150,0.5,0.5178679800000004,8.962595426466956e-05,query_sketch_bf16_v1,bf16,/home/xay/KVMergeComm/snapshots/full_matched_budget_fairness_query_sketch/pair3_qwen25_7b_same/multifieldqa_en/fairness_rekv/rekv_w8_r0.50_0716_2020,nan,nan,,
pair3_qwen25_7b_same,multifieldqa_en,fairness_rekv,ReKV,8,0.6,150,0.4666666666666667,0.6142888400000002,6.77285422568757e-05,query_sketch_bf16_v1,bf16,/home/xay/KVMergeComm/snapshots/full_matched_budget_fairness_query_sketch/pair3_qwen25_7b_same/multifieldqa_en/fairness_rekv/rekv_w8_r0.60_0716_2022,nan,nan,,
pair3_qwen25_7b_same,multifieldqa_en,fairness_evict,ValueNorm/Evict,,0.1,150,0.15333333333333332,0.13214056666666668,6.951948369324412e-05,query_agnostic_kv_v1,bf16,/home/xay/KVMergeComm/snapshots/full_matched_budget_fairness_query_sketch/pair3_qwen25_7b_same/multifieldqa_en/fairness_evict/evict_r0.10_0716_2024,nan,nan,,
pair3_qwen25_7b_same,multifieldqa_en,fairness_evict,ValueNorm/Evict,,0.15,150,0.20666666666666667,0.18035256,6.781315427420677e-05,query_agnostic_kv_v1,bf16,/home/xay/KVMergeComm/snapshots/full_matched_budget_fairness_query_sketch/pair3_qwen25_7b_same/multifieldqa_en/fairness_evict/evict_r0.15_0716_2026,nan,nan,,
pair3_qwen25_7b_same,multifieldqa_en,fairness_evict,ValueNorm/Evict,,0.2,150,0.20666666666666667,0.22857514666666665,6.538911785443156e-05,query_agnostic_kv_v1,bf16,/home/xay/KVMergeComm/snapshots/full_matched_budget_fairness_query_sketch/pair3_qwen25_7b_same/multifieldqa_en/fairness_evict/evict_r0.20_0716_2028,nan,nan,,
pair3_qwen25_7b_same,multifieldqa_en,fairness_evict,ValueNorm/Evict,,0.25,150,0.29333333333333333,0.27679049333333355,5.802010143064463e-05,query_agnostic_kv_v1,bf16,/home/xay/KVMergeComm/snapshots/full_matched_budget_fairness_query_sketch/pair3_qwen25_7b_same/multifieldqa_en/fairness_evict/evict_r0.25_0716_2030,nan,nan,,
pair3_qwen25_7b_same,multifieldqa_en,fairness_evict,ValueNorm/Evict,,0.3,150,0.32666666666666666,0.3250012266666666,6.289803687322688e-05,query_agnostic_kv_v1,bf16,/home/xay/KVMergeComm/snapshots/full_matched_budget_fairness_query_sketch/pair3_qwen25_7b_same/multifieldqa_en/fairness_evict/evict_r0.30_0716_2032,nan,nan,,
pair3_qwen25_7b_same,multifieldqa_en,fairness_evict,ValueNorm/Evict,,0.35,150,0.32,0.37322506666666677,6.801861832232978e-05,query_agnostic_kv_v1,bf16,/home/xay/KVMergeComm/snapshots/full_matched_budget_fairness_query_sketch/pair3_qwen25_7b_same/multifieldqa_en/fairness_evict/evict_r0.35_0716_2034,nan,nan,,
pair3_qwen25_7b_same,multifieldqa_en,fairness_evict,ValueNorm/Evict,,0.4,150,0.31333333333333335,0.42142562,6.772037552867524e-05,query_agnostic_kv_v1,bf16,/home/xay/KVMergeComm/snapshots/full_matched_budget_fairness_query_sketch/pair3_qwen25_7b_same/multifieldqa_en/fairness_evict/evict_r0.40_0716_2036,nan,nan,,
pair3_qwen25_7b_same,multifieldqa_en,fairness_evict,ValueNorm/Evict,,0.5,150,0.36666666666666664,0.5178679800000004,8.962595426466956e-05,query_agnostic_kv_v1,bf16,/home/xay/KVMergeComm/snapshots/full_matched_budget_fairness_query_sketch/pair3_qwen25_7b_same/multifieldqa_en/fairness_evict/evict_r0.50_0716_2038,nan,nan,,
pair3_qwen25_7b_same,multifieldqa_en,fairness_evict,ValueNorm/Evict,,0.6,150,0.43333333333333335,0.6142888400000002,6.77285422568757e-05,query_agnostic_kv_v1,bf16,/home/xay/KVMergeComm/snapshots/full_matched_budget_fairness_query_sketch/pair3_qwen25_7b_same/multifieldqa_en/fairness_evict/evict_r0.60_0716_2041,nan,nan,,
pair3_qwen25_7b_same,multifieldqa_en,fairness_random,Random,,0.1,150,0.16,0.13214056666666668,6.951948369324412e-05,query_agnostic_kv_v1,bf16,/home/xay/KVMergeComm/snapshots/full_matched_budget_fairness_query_sketch/pair3_qwen25_7b_same/multifieldqa_en/fairness_random/random_r0.10_0716_2043,nan,nan,,
pair3_qwen25_7b_same,multifieldqa_en,fairness_random,Random,,0.15,150,0.2,0.18035256,6.781315427420677e-05,query_agnostic_kv_v1,bf16,/home/xay/KVMergeComm/snapshots/full_matched_budget_fairness_query_sketch/pair3_qwen25_7b_same/multifieldqa_en/fairness_random/random_r0.15_0716_2045,nan,nan,,
pair3_qwen25_7b_same,multifieldqa_en,fairness_random,Random,,0.2,150,0.2866666666666667,0.22857514666666665,6.538911785443156e-05,query_agnostic_kv_v1,bf16,/home/xay/KVMergeComm/snapshots/full_matched_budget_fairness_query_sketch/pair3_qwen25_7b_same/multifieldqa_en/fairness_random/random_r0.20_0716_2047,nan,nan,,
pair3_qwen25_7b_same,multifieldqa_en,fairness_random,Random,,0.25,150,0.28,0.27679049333333355,5.802010143064463e-05,query_agnostic_kv_v1,bf16,/home/xay/KVMergeComm/snapshots/full_matched_budget_fairness_query_sketch/pair3_qwen25_7b_same/multifieldqa_en/fairness_random/random_r0.25_0716_2049,nan,nan,,
pair3_qwen25_7b_same,multifieldqa_en,fairness_random,Random,,0.3,150,0.3,0.3250012266666666,6.289803687322688e-05,query_agnostic_kv_v1,bf16,/home/xay/KVMergeComm/snapshots/full_matched_budget_fairness_query_sketch/pair3_qwen25_7b_same/multifieldqa_en/fairness_random/random_r0.30_0716_2051,nan,nan,,
pair3_qwen25_7b_same,multifieldqa_en,fairness_random,Random,,0.35,150,0.31333333333333335,0.37322506666666677,6.801861832232978e-05,query_agnostic_kv_v1,bf16,/home/xay/KVMergeComm/snapshots/full_matched_budget_fairness_query_sketch/pair3_qwen25_7b_same/multifieldqa_en/fairness_random/random_r0.35_0716_2054,nan,nan,,
pair3_qwen25_7b_same,multifieldqa_en,fairness_random,Random,,0.4,150,0.32,0.42142562,6.772037552867524e-05,query_agnostic_kv_v1,bf16,/home/xay/KVMergeComm/snapshots/full_matched_budget_fairness_query_sketch/pair3_qwen25_7b_same/multifieldqa_en/fairness_random/random_r0.40_0716_2056,nan,nan,,
pair3_qwen25_7b_same,multifieldqa_en,fairness_random,Random,,0.5,150,0.37333333333333335,0.5178679800000004,8.962595426466956e-05,query_agnostic_kv_v1,bf16,/home/xay/KVMergeComm/snapshots/full_matched_budget_fairness_query_sketch/pair3_qwen25_7b_same/multifieldqa_en/fairness_random/random_r0.50_0716_2058,nan,nan,,
pair3_qwen25_7b_same,multifieldqa_en,fairness_random,Random,,0.6,150,0.3933333333333333,0.6142888400000002,6.77285422568757e-05,query_agnostic_kv_v1,bf16,/home/xay/KVMergeComm/snapshots/full_matched_budget_fairness_query_sketch/pair3_qwen25_7b_same/multifieldqa_en/fairness_random/random_r0.60_0716_2100,nan,nan,,
pair3_qwen25_7b_same,multifieldqa_en,coverage,B-ReKV,8,,150,0.41333333333333333,0.33988730000000017,0.04298258808822178,query_sketch_bf16_v1,bf16,/home/xay/KVMergeComm/snapshots/full_matched_budget_fairness_query_sketch/pair3_qwen25_7b_same/multifieldqa_en/coverage/cov_t0.95_s0.75_w8_0716_2103,0.9205112333333325,0.0,0.95,0.75
pair3_qwen25_7b_same,tmath,fairness_rekv,ReKV,8,0.1,300,0.30601636666666676,0.1320688866666666,0.0013585637829450587,query_sketch_bf16_v1,bf16,/home/xay/KVMergeComm/snapshots/full_matched_budget_fairness_query_sketch/pair3_qwen25_7b_same/tmath/fairness_rekv/rekv_w8_r0.10_0716_2105,nan,nan,,
pair3_qwen25_7b_same,tmath,fairness_rekv,ReKV,8,0.15,300,0.30562519333333343,0.18029042000000006,0.0014177855797335283,query_sketch_bf16_v1,bf16,/home/xay/KVMergeComm/snapshots/full_matched_budget_fairness_query_sketch/pair3_qwen25_7b_same/tmath/fairness_rekv/rekv_w8_r0.15_0716_2124,nan,nan,,
pair3_qwen25_7b_same,tmath,fairness_rekv,ReKV,8,0.2,300,0.3117106700000005,0.22861602333333353,0.001342393839448587,query_sketch_bf16_v1,bf16,/home/xay/KVMergeComm/snapshots/full_matched_budget_fairness_query_sketch/pair3_qwen25_7b_same/tmath/fairness_rekv/rekv_w8_r0.20_0716_2144,nan,nan,,
pair3_qwen25_7b_same,tmath,fairness_rekv,ReKV,8,0.25,300,0.30407923000000026,0.2767932700000002,0.0013636765389108672,query_sketch_bf16_v1,bf16,/home/xay/KVMergeComm/snapshots/full_matched_budget_fairness_query_sketch/pair3_qwen25_7b_same/tmath/fairness_rekv/rekv_w8_r0.25_0716_2203,nan,nan,,
pair3_qwen25_7b_same,tmath,fairness_rekv,ReKV,8,0.3,300,0.30831845000000013,0.32515451333333334,0.0014321434399519994,query_sketch_bf16_v1,bf16,/home/xay/KVMergeComm/snapshots/full_matched_budget_fairness_query_sketch/pair3_qwen25_7b_same/tmath/fairness_rekv/rekv_w8_r0.30_0716_2222,nan,nan,,
pair3_qwen25_7b_same,tmath,fairness_rekv,ReKV,8,0.35,300,0.3086818900000003,0.3733133133333333,0.001376198057014075,query_sketch_bf16_v1,bf16,/home/xay/KVMergeComm/snapshots/full_matched_budget_fairness_query_sketch/pair3_qwen25_7b_same/tmath/fairness_rekv/rekv_w8_r0.35_0716_2242,nan,nan,,
pair3_qwen25_7b_same,tmath,fairness_rekv,ReKV,8,0.4,300,0.31300895000000023,0.42133038000000056,0.0013537619190160145,query_sketch_bf16_v1,bf16,/home/xay/KVMergeComm/snapshots/full_matched_budget_fairness_query_sketch/pair3_qwen25_7b_same/tmath/fairness_rekv/rekv_w8_r0.40_0716_2302,nan,nan,,
pair3_qwen25_7b_same,tmath,fairness_rekv,ReKV,8,0.5,300,0.31756753333333343,0.5178614533333343,0.0017510962799804635,query_sketch_bf16_v1,bf16,/home/xay/KVMergeComm/snapshots/full_matched_budget_fairness_query_sketch/pair3_qwen25_7b_same/tmath/fairness_rekv/rekv_w8_r0.50_0716_2321,nan,nan,,
pair3_qwen25_7b_same,tmath,fairness_rekv,ReKV,8,0.6,300,0.3214439000000001,0.6143839933333337,0.0013537958427702146,query_sketch_bf16_v1,bf16,/home/xay/KVMergeComm/snapshots/full_matched_budget_fairness_query_sketch/pair3_qwen25_7b_same/tmath/fairness_rekv/rekv_w8_r0.60_0716_2341,nan,nan,,
pair3_qwen25_7b_same,tmath,fairness_evict,ValueNorm/Evict,,0.1,300,0.3136988033333336,0.1320688866666666,0.0013585637829450587,query_agnostic_kv_v1,bf16,/home/xay/KVMergeComm/snapshots/full_matched_budget_fairness_query_sketch/pair3_qwen25_7b_same/tmath/fairness_evict/evict_r0.10_0717_0000,nan,nan,,
pair3_qwen25_7b_same,tmath,fairness_evict,ValueNorm/Evict,,0.15,300,0.30839405000000036,0.18029042000000006,0.0014177855797335283,query_agnostic_kv_v1,bf16,/home/xay/KVMergeComm/snapshots/full_matched_budget_fairness_query_sketch/pair3_qwen25_7b_same/tmath/fairness_evict/evict_r0.15_0717_0019,nan,nan,,
pair3_qwen25_7b_same,tmath,fairness_evict,ValueNorm/Evict,,0.2,300,0.306844386666667,0.22861602333333353,0.001342393839448587,query_agnostic_kv_v1,bf16,/home/xay/KVMergeComm/snapshots/full_matched_budget_fairness_query_sketch/pair3_qwen25_7b_same/tmath/fairness_evict/evict_r0.20_0717_0039,nan,nan,,
pair3_qwen25_7b_same,tmath,fairness_evict,ValueNorm/Evict,,0.25,300,0.31038651000000006,0.2767932700000002,0.0013636765389108672,query_agnostic_kv_v1,bf16,/home/xay/KVMergeComm/snapshots/full_matched_budget_fairness_query_sketch/pair3_qwen25_7b_same/tmath/fairness_evict/evict_r0.25_0717_0058,nan,nan,,
pair3_qwen25_7b_same,tmath,fairness_evict,ValueNorm/Evict,,0.3,300,0.30931222,0.32515451333333334,0.0014321434399519994,query_agnostic_kv_v1,bf16,/home/xay/KVMergeComm/snapshots/full_matched_budget_fairness_query_sketch/pair3_qwen25_7b_same/tmath/fairness_evict/evict_r0.30_0717_0117,nan,nan,,
pair3_qwen25_7b_same,tmath,fairness_evict,ValueNorm/Evict,,0.35,300,0.3090001133333336,0.3733133133333333,0.001376198057014075,query_agnostic_kv_v1,bf16,/home/xay/KVMergeComm/snapshots/full_matched_budget_fairness_query_sketch/pair3_qwen25_7b_same/tmath/fairness_evict/evict_r0.35_0717_0137,nan,nan,,
pair3_qwen25_7b_same,tmath,fairness_evict,ValueNorm/Evict,,0.4,300,0.31075853999999986,0.42133038000000056,0.0013537619190160145,query_agnostic_kv_v1,bf16,/home/xay/KVMergeComm/snapshots/full_matched_budget_fairness_query_sketch/pair3_qwen25_7b_same/tmath/fairness_evict/evict_r0.40_0717_0156,nan,nan,,
pair3_qwen25_7b_same,tmath,fairness_evict,ValueNorm/Evict,,0.5,300,0.3157194599999998,0.5178614533333343,0.0017510962799804635,query_agnostic_kv_v1,bf16,/home/xay/KVMergeComm/snapshots/full_matched_budget_fairness_query_sketch/pair3_qwen25_7b_same/tmath/fairness_evict/evict_r0.50_0717_0215,nan,nan,,
pair3_qwen25_7b_same,tmath,fairness_evict,ValueNorm/Evict,,0.6,300,0.32419532333333323,0.6143839933333337,0.0013537958427702146,query_agnostic_kv_v1,bf16,/home/xay/KVMergeComm/snapshots/full_matched_budget_fairness_query_sketch/pair3_qwen25_7b_same/tmath/fairness_evict/evict_r0.60_0717_0235,nan,nan,,
pair3_qwen25_7b_same,tmath,fairness_random,Random,,0.1,300,0.30977290666666674,0.1320688866666666,0.0013585637829450587,query_agnostic_kv_v1,bf16,/home/xay/KVMergeComm/snapshots/full_matched_budget_fairness_query_sketch/pair3_qwen25_7b_same/tmath/fairness_random/random_r0.10_0717_0254,nan,nan,,
pair3_qwen25_7b_same,tmath,fairness_random,Random,,0.15,300,0.303262506666667,0.18029042000000006,0.0014177855797335283,query_agnostic_kv_v1,bf16,/home/xay/KVMergeComm/snapshots/full_matched_budget_fairness_query_sketch/pair3_qwen25_7b_same/tmath/fairness_random/random_r0.15_0717_0313,nan,nan,,
pair3_qwen25_7b_same,tmath,fairness_random,Random,,0.2,300,0.3042445966666669,0.22861602333333353,0.001342393839448587,query_agnostic_kv_v1,bf16,/home/xay/KVMergeComm/snapshots/full_matched_budget_fairness_query_sketch/pair3_qwen25_7b_same/tmath/fairness_random/random_r0.20_0717_0332,nan,nan,,
pair3_qwen25_7b_same,tmath,fairness_random,Random,,0.25,300,0.30492497000000013,0.2767932700000002,0.0013636765389108672,query_agnostic_kv_v1,bf16,/home/xay/KVMergeComm/snapshots/full_matched_budget_fairness_query_sketch/pair3_qwen25_7b_same/tmath/fairness_random/random_r0.25_0717_0352,nan,nan,,
pair3_qwen25_7b_same,tmath,fairness_random,Random,,0.3,300,0.3072452000000002,0.32515451333333334,0.0014321434399519994,query_agnostic_kv_v1,bf16,/home/xay/KVMergeComm/snapshots/full_matched_budget_fairness_query_sketch/pair3_qwen25_7b_same/tmath/fairness_random/random_r0.30_0717_0411,nan,nan,,
pair3_qwen25_7b_same,tmath,fairness_random,Random,,0.35,300,0.3094963200000001,0.3733133133333333,0.001376198057014075,query_agnostic_kv_v1,bf16,/home/xay/KVMergeComm/snapshots/full_matched_budget_fairness_query_sketch/pair3_qwen25_7b_same/tmath/fairness_random/random_r0.35_0717_0430,nan,nan,,
pair3_qwen25_7b_same,tmath,fairness_random,Random,,0.4,300,0.31029853333333335,0.42133038000000056,0.0013537619190160145,query_agnostic_kv_v1,bf16,/home/xay/KVMergeComm/snapshots/full_matched_budget_fairness_query_sketch/pair3_qwen25_7b_same/tmath/fairness_random/random_r0.40_0717_0450,nan,nan,,
pair3_qwen25_7b_same,tmath,fairness_random,Random,,0.5,300,0.31170156000000004,0.5178614533333343,0.0017510962799804635,query_agnostic_kv_v1,bf16,/home/xay/KVMergeComm/snapshots/full_matched_budget_fairness_query_sketch/pair3_qwen25_7b_same/tmath/fairness_random/random_r0.50_0717_0509,nan,nan,,
pair3_qwen25_7b_same,tmath,fairness_random,Random,,0.6,300,0.3185224600000002,0.6143839933333337,0.0013537958427702146,query_agnostic_kv_v1,bf16,/home/xay/KVMergeComm/snapshots/full_matched_budget_fairness_query_sketch/pair3_qwen25_7b_same/tmath/fairness_random/random_r0.60_0717_0528,nan,nan,,
pair3_qwen25_7b_same,tmath,coverage,B-ReKV,8,,300,0.3040080766666669,0.3630525066666668,0.021178369497007906,query_sketch_bf16_v1,bf16,/home/xay/KVMergeComm/snapshots/full_matched_budget_fairness_query_sketch/pair3_qwen25_7b_same/tmath/coverage/cov_t0.95_s0.75_w8_0717_0548,0.9164234033333333,0.0,0.95,0.75
pair4_falcon3_7b_same,countries,fairness_rekv,ReKV,8,0.1,200,0.025,0.324440065,0.01924715314042129,query_sketch_bf16_v1,bf16,/home/xay/KVMergeComm/snapshots/full_matched_budget_fairness_query_sketch/pair4_falcon3_7b_same/countries/fairness_rekv/rekv_w8_r0.10_0715_2312,nan,nan,,
pair4_falcon3_7b_same,countries,fairness_rekv,ReKV,8,0.15,200,0.025,0.324440065,0.01924715314042129,query_sketch_bf16_v1,bf16,/home/xay/KVMergeComm/snapshots/full_matched_budget_fairness_query_sketch/pair4_falcon3_7b_same/countries/fairness_rekv/rekv_w8_r0.15_0715_2315,nan,nan,,
pair4_falcon3_7b_same,countries,fairness_rekv,ReKV,8,0.2,200,0.025,0.32457399,0.018427697117523283,query_sketch_bf16_v1,bf16,/home/xay/KVMergeComm/snapshots/full_matched_budget_fairness_query_sketch/pair4_falcon3_7b_same/countries/fairness_rekv/rekv_w8_r0.20_0715_2316,nan,nan,,
pair4_falcon3_7b_same,countries,fairness_rekv,ReKV,8,0.25,200,0.025,0.32484185,0.01730191827304522,query_sketch_bf16_v1,bf16,/home/xay/KVMergeComm/snapshots/full_matched_budget_fairness_query_sketch/pair4_falcon3_7b_same/countries/fairness_rekv/rekv_w8_r0.25_0715_2316,nan,nan,,
pair4_falcon3_7b_same,countries,fairness_rekv,ReKV,8,0.3,200,0.035,0.331354715,0.00890125595360186,query_sketch_bf16_v1,bf16,/home/xay/KVMergeComm/snapshots/full_matched_budget_fairness_query_sketch/pair4_falcon3_7b_same/countries/fairness_rekv/rekv_w8_r0.30_0715_2317,nan,nan,,
pair4_falcon3_7b_same,countries,fairness_rekv,ReKV,8,0.35,200,0.125,0.3723254349999998,0.006627896359065038,query_sketch_bf16_v1,bf16,/home/xay/KVMergeComm/snapshots/full_matched_budget_fairness_query_sketch/pair4_falcon3_7b_same/countries/fairness_rekv/rekv_w8_r0.35_0715_2318,nan,nan,,
pair4_falcon3_7b_same,countries,fairness_rekv,ReKV,8,0.4,200,0.31,0.42175353500000073,0.006829888411779638,query_sketch_bf16_v1,bf16,/home/xay/KVMergeComm/snapshots/full_matched_budget_fairness_query_sketch/pair4_falcon3_7b_same/countries/fairness_rekv/rekv_w8_r0.40_0715_2319,nan,nan,,
pair4_falcon3_7b_same,countries,fairness_rekv,ReKV,8,0.5,200,0.415,0.5182685900000006,0.008663965666323726,query_sketch_bf16_v1,bf16,/home/xay/KVMergeComm/snapshots/full_matched_budget_fairness_query_sketch/pair4_falcon3_7b_same/countries/fairness_rekv/rekv_w8_r0.50_0715_2319,nan,nan,,
pair4_falcon3_7b_same,countries,fairness_rekv,ReKV,8,0.6,200,0.405,0.6139609100000001,0.006829650590465022,query_sketch_bf16_v1,bf16,/home/xay/KVMergeComm/snapshots/full_matched_budget_fairness_query_sketch/pair4_falcon3_7b_same/countries/fairness_rekv/rekv_w8_r0.60_0715_2320,nan,nan,,
pair4_falcon3_7b_same,countries,fairness_evict,ValueNorm/Evict,,0.1,200,0.025,0.324440065,0.01924715314042129,query_agnostic_kv_v1,bf16,/home/xay/KVMergeComm/snapshots/full_matched_budget_fairness_query_sketch/pair4_falcon3_7b_same/countries/fairness_evict/evict_r0.10_0715_2321,nan,nan,,
pair4_falcon3_7b_same,countries,fairness_evict,ValueNorm/Evict,,0.15,200,0.025,0.324440065,0.01924715314042129,query_agnostic_kv_v1,bf16,/home/xay/KVMergeComm/snapshots/full_matched_budget_fairness_query_sketch/pair4_falcon3_7b_same/countries/fairness_evict/evict_r0.15_0715_2321,nan,nan,,
pair4_falcon3_7b_same,countries,fairness_evict,ValueNorm/Evict,,0.2,200,0.025,0.32457399,0.018427697117523283,query_agnostic_kv_v1,bf16,/home/xay/KVMergeComm/snapshots/full_matched_budget_fairness_query_sketch/pair4_falcon3_7b_same/countries/fairness_evict/evict_r0.20_0715_2322,nan,nan,,
pair4_falcon3_7b_same,countries,fairness_evict,ValueNorm/Evict,,0.25,200,0.025,0.32484185,0.01730191827304522,query_agnostic_kv_v1,bf16,/home/xay/KVMergeComm/snapshots/full_matched_budget_fairness_query_sketch/pair4_falcon3_7b_same/countries/fairness_evict/evict_r0.25_0715_2322,nan,nan,,
pair4_falcon3_7b_same,countries,fairness_evict,ValueNorm/Evict,,0.3,200,0.045,0.331354715,0.00890125595360186,query_agnostic_kv_v1,bf16,/home/xay/KVMergeComm/snapshots/full_matched_budget_fairness_query_sketch/pair4_falcon3_7b_same/countries/fairness_evict/evict_r0.30_0715_2323,nan,nan,,
pair4_falcon3_7b_same,countries,fairness_evict,ValueNorm/Evict,,0.35,200,0.14,0.3723254349999998,0.006627896359065038,query_agnostic_kv_v1,bf16,/home/xay/KVMergeComm/snapshots/full_matched_budget_fairness_query_sketch/pair4_falcon3_7b_same/countries/fairness_evict/evict_r0.35_0715_2324,nan,nan,,
pair4_falcon3_7b_same,countries,fairness_evict,ValueNorm/Evict,,0.4,200,0.17,0.42175353500000073,0.006829888411779638,query_agnostic_kv_v1,bf16,/home/xay/KVMergeComm/snapshots/full_matched_budget_fairness_query_sketch/pair4_falcon3_7b_same/countries/fairness_evict/evict_r0.40_0715_2324,nan,nan,,
pair4_falcon3_7b_same,countries,fairness_evict,ValueNorm/Evict,,0.5,200,0.22,0.5182685900000006,0.008663965666323726,query_agnostic_kv_v1,bf16,/home/xay/KVMergeComm/snapshots/full_matched_budget_fairness_query_sketch/pair4_falcon3_7b_same/countries/fairness_evict/evict_r0.50_0715_2325,nan,nan,,
pair4_falcon3_7b_same,countries,fairness_evict,ValueNorm/Evict,,0.6,200,0.235,0.6139609100000001,0.006829650590465022,query_agnostic_kv_v1,bf16,/home/xay/KVMergeComm/snapshots/full_matched_budget_fairness_query_sketch/pair4_falcon3_7b_same/countries/fairness_evict/evict_r0.60_0715_2325,nan,nan,,
pair4_falcon3_7b_same,countries,fairness_random,Random,,0.1,200,0.025,0.324440065,0.01924715314042129,query_agnostic_kv_v1,bf16,/home/xay/KVMergeComm/snapshots/full_matched_budget_fairness_query_sketch/pair4_falcon3_7b_same/countries/fairness_random/random_r0.10_0715_2326,nan,nan,,
pair4_falcon3_7b_same,countries,fairness_random,Random,,0.15,200,0.025,0.324440065,0.01924715314042129,query_agnostic_kv_v1,bf16,/home/xay/KVMergeComm/snapshots/full_matched_budget_fairness_query_sketch/pair4_falcon3_7b_same/countries/fairness_random/random_r0.15_0715_2326,nan,nan,,
pair4_falcon3_7b_same,countries,fairness_random,Random,,0.2,200,0.025,0.32457399,0.018427697117523283,query_agnostic_kv_v1,bf16,/home/xay/KVMergeComm/snapshots/full_matched_budget_fairness_query_sketch/pair4_falcon3_7b_same/countries/fairness_random/random_r0.20_0715_2327,nan,nan,,
pair4_falcon3_7b_same,countries,fairness_random,Random,,0.25,200,0.025,0.32484185,0.01730191827304522,query_agnostic_kv_v1,bf16,/home/xay/KVMergeComm/snapshots/full_matched_budget_fairness_query_sketch/pair4_falcon3_7b_same/countries/fairness_random/random_r0.25_0715_2328,nan,nan,,
pair4_falcon3_7b_same,countries,fairness_random,Random,,0.3,200,0.025,0.331354715,0.00890125595360186,query_agnostic_kv_v1,bf16,/home/xay/KVMergeComm/snapshots/full_matched_budget_fairness_query_sketch/pair4_falcon3_7b_same/countries/fairness_random/random_r0.30_0715_2328,nan,nan,,
pair4_falcon3_7b_same,countries,fairness_random,Random,,0.35,200,0.065,0.3723254349999998,0.006627896359065038,query_agnostic_kv_v1,bf16,/home/xay/KVMergeComm/snapshots/full_matched_budget_fairness_query_sketch/pair4_falcon3_7b_same/countries/fairness_random/random_r0.35_0715_2329,nan,nan,,
pair4_falcon3_7b_same,countries,fairness_random,Random,,0.4,200,0.09,0.42175353500000073,0.006829888411779638,query_agnostic_kv_v1,bf16,/home/xay/KVMergeComm/snapshots/full_matched_budget_fairness_query_sketch/pair4_falcon3_7b_same/countries/fairness_random/random_r0.40_0715_2329,nan,nan,,
pair4_falcon3_7b_same,countries,fairness_random,Random,,0.5,200,0.155,0.5182685900000006,0.008663965666323726,query_agnostic_kv_v1,bf16,/home/xay/KVMergeComm/snapshots/full_matched_budget_fairness_query_sketch/pair4_falcon3_7b_same/countries/fairness_random/random_r0.50_0715_2330,nan,nan,,
pair4_falcon3_7b_same,countries,fairness_random,Random,,0.6,200,0.205,0.6139609100000001,0.006829650590465022,query_agnostic_kv_v1,bf16,/home/xay/KVMergeComm/snapshots/full_matched_budget_fairness_query_sketch/pair4_falcon3_7b_same/countries/fairness_random/random_r0.60_0715_2331,nan,nan,,
pair4_falcon3_7b_same,countries,coverage,B-ReKV,8,,200,0.25,0.43569405999999977,0.01701247791890134,query_sketch_bf16_v1,bf16,/home/xay/KVMergeComm/snapshots/full_matched_budget_fairness_query_sketch/pair4_falcon3_7b_same/countries/coverage/cov_t0.95_s0.75_w8_0715_2331,0.8829461000000001,0.0,0.95,0.75
pair4_falcon3_7b_same,hotpotqa,fairness_rekv,ReKV,8,0.1,500,0.17,0.1465286259999999,0.01967000107286569,query_sketch_bf16_v1,bf16,/home/xay/KVMergeComm/snapshots/full_matched_budget_fairness_query_sketch/pair4_falcon3_7b_same/hotpotqa/fairness_rekv/rekv_w8_r0.10_0715_2332,nan,nan,,
pair4_falcon3_7b_same,hotpotqa,fairness_rekv,ReKV,8,0.15,500,0.254,0.181591536,0.005712006692364014,query_sketch_bf16_v1,bf16,/home/xay/KVMergeComm/snapshots/full_matched_budget_fairness_query_sketch/pair4_falcon3_7b_same/hotpotqa/fairness_rekv/rekv_w8_r0.15_0715_2335,nan,nan,,
pair4_falcon3_7b_same,hotpotqa,fairness_rekv,ReKV,8,0.2,500,0.356,0.2286819840000002,0.002387360645031012,query_sketch_bf16_v1,bf16,/home/xay/KVMergeComm/snapshots/full_matched_budget_fairness_query_sketch/pair4_falcon3_7b_same/hotpotqa/fairness_rekv/rekv_w8_r0.20_0715_2337,nan,nan,,
pair4_falcon3_7b_same,hotpotqa,fairness_rekv,ReKV,8,0.25,500,0.416,0.27673920399999985,0.002597998148410097,query_sketch_bf16_v1,bf16,/home/xay/KVMergeComm/snapshots/full_matched_budget_fairness_query_sketch/pair4_falcon3_7b_same/hotpotqa/fairness_rekv/rekv_w8_r0.25_0715_2339,nan,nan,,
pair4_falcon3_7b_same,hotpotqa,fairness_rekv,ReKV,8,0.3,500,0.446,0.32520604799999964,0.002517732861767202,query_sketch_bf16_v1,bf16,/home/xay/KVMergeComm/snapshots/full_matched_budget_fairness_query_sketch/pair4_falcon3_7b_same/hotpotqa/fairness_rekv/rekv_w8_r0.30_0715_2341,nan,nan,,
pair4_falcon3_7b_same,hotpotqa,fairness_rekv,ReKV,8,0.35,500,0.482,0.37305822799999955,0.002508956247310388,query_sketch_bf16_v1,bf16,/home/xay/KVMergeComm/snapshots/full_matched_budget_fairness_query_sketch/pair4_falcon3_7b_same/hotpotqa/fairness_rekv/rekv_w8_r0.35_0715_2343,nan,nan,,
pair4_falcon3_7b_same,hotpotqa,fairness_rekv,ReKV,8,0.4,500,0.522,0.4215907099999994,0.0025887207861252726,query_sketch_bf16_v1,bf16,/home/xay/KVMergeComm/snapshots/full_matched_budget_fairness_query_sketch/pair4_falcon3_7b_same/hotpotqa/fairness_rekv/rekv_w8_r0.40_0715_2345,nan,nan,,
pair4_falcon3_7b_same,hotpotqa,fairness_rekv,ReKV,8,0.5,500,0.584,0.5176767299999989,0.003107342191018588,query_sketch_bf16_v1,bf16,/home/xay/KVMergeComm/snapshots/full_matched_budget_fairness_query_sketch/pair4_falcon3_7b_same/hotpotqa/fairness_rekv/rekv_w8_r0.50_0715_2347,nan,nan,,
pair4_falcon3_7b_same,hotpotqa,fairness_rekv,ReKV,8,0.6,500,0.6,0.6141236979999998,0.002588827692303387,query_sketch_bf16_v1,bf16,/home/xay/KVMergeComm/snapshots/full_matched_budget_fairness_query_sketch/pair4_falcon3_7b_same/hotpotqa/fairness_rekv/rekv_w8_r0.60_0715_2349,nan,nan,,
pair4_falcon3_7b_same,hotpotqa,fairness_evict,ValueNorm/Evict,,0.1,500,0.15,0.1465286259999999,0.01967000107286569,query_agnostic_kv_v1,bf16,/home/xay/KVMergeComm/snapshots/full_matched_budget_fairness_query_sketch/pair4_falcon3_7b_same/hotpotqa/fairness_evict/evict_r0.10_0715_2351,nan,nan,,
pair4_falcon3_7b_same,hotpotqa,fairness_evict,ValueNorm/Evict,,0.15,500,0.19,0.181591536,0.005712006692364014,query_agnostic_kv_v1,bf16,/home/xay/KVMergeComm/snapshots/full_matched_budget_fairness_query_sketch/pair4_falcon3_7b_same/hotpotqa/fairness_evict/evict_r0.15_0715_2353,nan,nan,,
pair4_falcon3_7b_same,hotpotqa,fairness_evict,ValueNorm/Evict,,0.2,500,0.25,0.2286819840000002,0.002387360645031012,query_agnostic_kv_v1,bf16,/home/xay/KVMergeComm/snapshots/full_matched_budget_fairness_query_sketch/pair4_falcon3_7b_same/hotpotqa/fairness_evict/evict_r0.20_0715_2355,nan,nan,,
pair4_falcon3_7b_same,hotpotqa,fairness_evict,ValueNorm/Evict,,0.25,500,0.31,0.27673920399999985,0.002597998148410097,query_agnostic_kv_v1,bf16,/home/xay/KVMergeComm/snapshots/full_matched_budget_fairness_query_sketch/pair4_falcon3_7b_same/hotpotqa/fairness_evict/evict_r0.25_0715_2358,nan,nan,,
pair4_falcon3_7b_same,hotpotqa,fairness_evict,ValueNorm/Evict,,0.3,500,0.37,0.32520604799999964,0.002517732861767202,query_agnostic_kv_v1,bf16,/home/xay/KVMergeComm/snapshots/full_matched_budget_fairness_query_sketch/pair4_falcon3_7b_same/hotpotqa/fairness_evict/evict_r0.30_0716_0000,nan,nan,,
pair4_falcon3_7b_same,hotpotqa,fairness_evict,ValueNorm/Evict,,0.35,500,0.43,0.37305822799999955,0.002508956247310388,query_agnostic_kv_v1,bf16,/home/xay/KVMergeComm/snapshots/full_matched_budget_fairness_query_sketch/pair4_falcon3_7b_same/hotpotqa/fairness_evict/evict_r0.35_0716_0002,nan,nan,,
pair4_falcon3_7b_same,hotpotqa,fairness_evict,ValueNorm/Evict,,0.4,500,0.474,0.4215907099999994,0.0025887207861252726,query_agnostic_kv_v1,bf16,/home/xay/KVMergeComm/snapshots/full_matched_budget_fairness_query_sketch/pair4_falcon3_7b_same/hotpotqa/fairness_evict/evict_r0.40_0716_0004,nan,nan,,
pair4_falcon3_7b_same,hotpotqa,fairness_evict,ValueNorm/Evict,,0.5,500,0.51,0.5176767299999989,0.003107342191018588,query_agnostic_kv_v1,bf16,/home/xay/KVMergeComm/snapshots/full_matched_budget_fairness_query_sketch/pair4_falcon3_7b_same/hotpotqa/fairness_evict/evict_r0.50_0716_0005,nan,nan,,
pair4_falcon3_7b_same,hotpotqa,fairness_evict,ValueNorm/Evict,,0.6,500,0.566,0.6141236979999998,0.002588827692303387,query_agnostic_kv_v1,bf16,/home/xay/KVMergeComm/snapshots/full_matched_budget_fairness_query_sketch/pair4_falcon3_7b_same/hotpotqa/fairness_evict/evict_r0.60_0716_0007,nan,nan,,
pair4_falcon3_7b_same,hotpotqa,fairness_random,Random,,0.1,500,0.136,0.1465286259999999,0.01967000107286569,query_agnostic_kv_v1,bf16,/home/xay/KVMergeComm/snapshots/full_matched_budget_fairness_query_sketch/pair4_falcon3_7b_same/hotpotqa/fairness_random/random_r0.10_0716_0009,nan,nan,,
pair4_falcon3_7b_same,hotpotqa,fairness_random,Random,,0.15,500,0.156,0.181591536,0.005712006692364014,query_agnostic_kv_v1,bf16,/home/xay/KVMergeComm/snapshots/full_matched_budget_fairness_query_sketch/pair4_falcon3_7b_same/hotpotqa/fairness_random/random_r0.15_0716_0012,nan,nan,,
pair4_falcon3_7b_same,hotpotqa,fairness_random,Random,,0.2,500,0.202,0.2286819840000002,0.002387360645031012,query_agnostic_kv_v1,bf16,/home/xay/KVMergeComm/snapshots/full_matched_budget_fairness_query_sketch/pair4_falcon3_7b_same/hotpotqa/fairness_random/random_r0.20_0716_0014,nan,nan,,
pair4_falcon3_7b_same,hotpotqa,fairness_random,Random,,0.25,500,0.272,0.27673920399999985,0.002597998148410097,query_agnostic_kv_v1,bf16,/home/xay/KVMergeComm/snapshots/full_matched_budget_fairness_query_sketch/pair4_falcon3_7b_same/hotpotqa/fairness_random/random_r0.25_0716_0017,nan,nan,,
pair4_falcon3_7b_same,hotpotqa,fairness_random,Random,,0.3,500,0.318,0.32520604799999964,0.002517732861767202,query_agnostic_kv_v1,bf16,/home/xay/KVMergeComm/snapshots/full_matched_budget_fairness_query_sketch/pair4_falcon3_7b_same/hotpotqa/fairness_random/random_r0.30_0716_0019,nan,nan,,
pair4_falcon3_7b_same,hotpotqa,fairness_random,Random,,0.35,500,0.336,0.37305822799999955,0.002508956247310388,query_agnostic_kv_v1,bf16,/home/xay/KVMergeComm/snapshots/full_matched_budget_fairness_query_sketch/pair4_falcon3_7b_same/hotpotqa/fairness_random/random_r0.35_0716_0022,nan,nan,,
pair4_falcon3_7b_same,hotpotqa,fairness_random,Random,,0.4,500,0.394,0.4215907099999994,0.0025887207861252726,query_agnostic_kv_v1,bf16,/home/xay/KVMergeComm/snapshots/full_matched_budget_fairness_query_sketch/pair4_falcon3_7b_same/hotpotqa/fairness_random/random_r0.40_0716_0024,nan,nan,,
pair4_falcon3_7b_same,hotpotqa,fairness_random,Random,,0.5,500,0.44,0.5176767299999989,0.003107342191018588,query_agnostic_kv_v1,bf16,/home/xay/KVMergeComm/snapshots/full_matched_budget_fairness_query_sketch/pair4_falcon3_7b_same/hotpotqa/fairness_random/random_r0.50_0716_0026,nan,nan,,
pair4_falcon3_7b_same,hotpotqa,fairness_random,Random,,0.6,500,0.514,0.6141236979999998,0.002588827692303387,query_agnostic_kv_v1,bf16,/home/xay/KVMergeComm/snapshots/full_matched_budget_fairness_query_sketch/pair4_falcon3_7b_same/hotpotqa/fairness_random/random_r0.60_0716_0028,nan,nan,,
pair4_falcon3_7b_same,hotpotqa,coverage,B-ReKV,8,,500,0.426,0.3392620719999996,0.03850331225403705,query_sketch_bf16_v1,bf16,/home/xay/KVMergeComm/snapshots/full_matched_budget_fairness_query_sketch/pair4_falcon3_7b_same/hotpotqa/coverage/cov_t0.95_s0.75_w8_0716_0030,0.9215321399999994,0.0,0.95,0.75
pair4_falcon3_7b_same,musique,fairness_rekv,ReKV,8,0.1,500,0.15,0.13222600600000006,0.0014023051741925273,query_sketch_bf16_v1,bf16,/home/xay/KVMergeComm/snapshots/full_matched_budget_fairness_query_sketch/pair4_falcon3_7b_same/musique/fairness_rekv/rekv_w8_r0.10_0716_0032,nan,nan,,
pair4_falcon3_7b_same,musique,fairness_rekv,ReKV,8,0.15,500,0.224,0.180302318,0.00103702598359796,query_sketch_bf16_v1,bf16,/home/xay/KVMergeComm/snapshots/full_matched_budget_fairness_query_sketch/pair4_falcon3_7b_same/musique/fairness_rekv/rekv_w8_r0.15_0716_0035,nan,nan,,
pair4_falcon3_7b_same,musique,fairness_rekv,ReKV,8,0.2,500,0.242,0.22864814800000036,0.00103728850035172,query_sketch_bf16_v1,bf16,/home/xay/KVMergeComm/snapshots/full_matched_budget_fairness_query_sketch/pair4_falcon3_7b_same/musique/fairness_rekv/rekv_w8_r0.20_0716_0038,nan,nan,,
pair4_falcon3_7b_same,musique,fairness_rekv,ReKV,8,0.25,500,0.274,0.27681837199999976,0.0011445435603501838,query_sketch_bf16_v1,bf16,/home/xay/KVMergeComm/snapshots/full_matched_budget_fairness_query_sketch/pair4_falcon3_7b_same/musique/fairness_rekv/rekv_w8_r0.25_0716_0040,nan,nan,,
pair4_falcon3_7b_same,musique,fairness_rekv,ReKV,8,0.3,500,0.3,0.3249809059999997,0.001003844777761821,query_sketch_bf16_v1,bf16,/home/xay/KVMergeComm/snapshots/full_matched_budget_fairness_query_sketch/pair4_falcon3_7b_same/musique/fairness_rekv/rekv_w8_r0.30_0716_0043,nan,nan,,
pair4_falcon3_7b_same,musique,fairness_rekv,ReKV,8,0.35,500,0.318,0.3731697440000001,0.0010305636386417777,query_sketch_bf16_v1,bf16,/home/xay/KVMergeComm/snapshots/full_matched_budget_fairness_query_sketch/pair4_falcon3_7b_same/musique/fairness_rekv/rekv_w8_r0.35_0716_0046,nan,nan,,
pair4_falcon3_7b_same,musique,fairness_rekv,ReKV,8,0.4,500,0.34,0.42146238399999947,0.0009564547872555883,query_sketch_bf16_v1,bf16,/home/xay/KVMergeComm/snapshots/full_matched_budget_fairness_query_sketch/pair4_falcon3_7b_same/musique/fairness_rekv/rekv_w8_r0.40_0716_0048,nan,nan,,
pair4_falcon3_7b_same,musique,fairness_rekv,ReKV,8,0.5,500,0.368,0.5178392219999988,0.0012200381514107642,query_sketch_bf16_v1,bf16,/home/xay/KVMergeComm/snapshots/full_matched_budget_fairness_query_sketch/pair4_falcon3_7b_same/musique/fairness_rekv/rekv_w8_r0.50_0716_0051,nan,nan,,
pair4_falcon3_7b_same,musique,fairness_rekv,ReKV,8,0.6,500,0.402,0.614252,0.0009564726341091015,query_sketch_bf16_v1,bf16,/home/xay/KVMergeComm/snapshots/full_matched_budget_fairness_query_sketch/pair4_falcon3_7b_same/musique/fairness_rekv/rekv_w8_r0.60_0716_0054,nan,nan,,
pair4_falcon3_7b_same,musique,fairness_evict,ValueNorm/Evict,,0.1,500,0.06,0.13222600600000006,0.0014023051741925273,query_agnostic_kv_v1,bf16,/home/xay/KVMergeComm/snapshots/full_matched_budget_fairness_query_sketch/pair4_falcon3_7b_same/musique/fairness_evict/evict_r0.10_0716_0056,nan,nan,,
pair4_falcon3_7b_same,musique,fairness_evict,ValueNorm/Evict,,0.15,500,0.118,0.180302318,0.00103702598359796,query_agnostic_kv_v1,bf16,/home/xay/KVMergeComm/snapshots/full_matched_budget_fairness_query_sketch/pair4_falcon3_7b_same/musique/fairness_evict/evict_r0.15_0716_0100,nan,nan,,
pair4_falcon3_7b_same,musique,fairness_evict,ValueNorm/Evict,,0.2,500,0.166,0.22864814800000036,0.00103728850035172,query_agnostic_kv_v1,bf16,/home/xay/KVMergeComm/snapshots/full_matched_budget_fairness_query_sketch/pair4_falcon3_7b_same/musique/fairness_evict/evict_r0.20_0716_0103,nan,nan,,
pair4_falcon3_7b_same,musique,fairness_evict,ValueNorm/Evict,,0.25,500,0.2,0.27681837199999976,0.0011445435603501838,query_agnostic_kv_v1,bf16,/home/xay/KVMergeComm/snapshots/full_matched_budget_fairness_query_sketch/pair4_falcon3_7b_same/musique/fairness_evict/evict_r0.25_0716_0106,nan,nan,,
pair4_falcon3_7b_same,musique,fairness_evict,ValueNorm/Evict,,0.3,500,0.23,0.3249809059999997,0.001003844777761821,query_agnostic_kv_v1,bf16,/home/xay/KVMergeComm/snapshots/full_matched_budget_fairness_query_sketch/pair4_falcon3_7b_same/musique/fairness_evict/evict_r0.30_0716_0109,nan,nan,,
pair4_falcon3_7b_same,musique,fairness_evict,ValueNorm/Evict,,0.35,500,0.27,0.3731697440000001,0.0010305636386417777,query_agnostic_kv_v1,bf16,/home/xay/KVMergeComm/snapshots/full_matched_budget_fairness_query_sketch/pair4_falcon3_7b_same/musique/fairness_evict/evict_r0.35_0716_0111,nan,nan,,
pair4_falcon3_7b_same,musique,fairness_evict,ValueNorm/Evict,,0.4,500,0.292,0.42146238399999947,0.0009564547872555883,query_agnostic_kv_v1,bf16,/home/xay/KVMergeComm/snapshots/full_matched_budget_fairness_query_sketch/pair4_falcon3_7b_same/musique/fairness_evict/evict_r0.40_0716_0114,nan,nan,,
pair4_falcon3_7b_same,musique,fairness_evict,ValueNorm/Evict,,0.5,500,0.314,0.5178392219999988,0.0012200381514107642,query_agnostic_kv_v1,bf16,/home/xay/KVMergeComm/snapshots/full_matched_budget_fairness_query_sketch/pair4_falcon3_7b_same/musique/fairness_evict/evict_r0.50_0716_0117,nan,nan,,
pair4_falcon3_7b_same,musique,fairness_evict,ValueNorm/Evict,,0.6,500,0.356,0.614252,0.0009564726341091015,query_agnostic_kv_v1,bf16,/home/xay/KVMergeComm/snapshots/full_matched_budget_fairness_query_sketch/pair4_falcon3_7b_same/musique/fairness_evict/evict_r0.60_0716_0119,nan,nan,,
pair4_falcon3_7b_same,musique,fairness_random,Random,,0.1,500,0.032,0.13222600600000006,0.0014023051741925273,query_agnostic_kv_v1,bf16,/home/xay/KVMergeComm/snapshots/full_matched_budget_fairness_query_sketch/pair4_falcon3_7b_same/musique/fairness_random/random_r0.10_0716_0122,nan,nan,,
pair4_falcon3_7b_same,musique,fairness_random,Random,,0.15,500,0.062,0.180302318,0.00103702598359796,query_agnostic_kv_v1,bf16,/home/xay/KVMergeComm/snapshots/full_matched_budget_fairness_query_sketch/pair4_falcon3_7b_same/musique/fairness_random/random_r0.15_0716_0126,nan,nan,,
pair4_falcon3_7b_same,musique,fairness_random,Random,,0.2,500,0.08,0.22864814800000036,0.00103728850035172,query_agnostic_kv_v1,bf16,/home/xay/KVMergeComm/snapshots/full_matched_budget_fairness_query_sketch/pair4_falcon3_7b_same/musique/fairness_random/random_r0.20_0716_0129,nan,nan,,
pair4_falcon3_7b_same,musique,fairness_random,Random,,0.25,500,0.116,0.27681837199999976,0.0011445435603501838,query_agnostic_kv_v1,bf16,/home/xay/KVMergeComm/snapshots/full_matched_budget_fairness_query_sketch/pair4_falcon3_7b_same/musique/fairness_random/random_r0.25_0716_0133,nan,nan,,
pair4_falcon3_7b_same,musique,fairness_random,Random,,0.3,500,0.154,0.3249809059999997,0.001003844777761821,query_agnostic_kv_v1,bf16,/home/xay/KVMergeComm/snapshots/full_matched_budget_fairness_query_sketch/pair4_falcon3_7b_same/musique/fairness_random/random_r0.30_0716_0136,nan,nan,,
pair4_falcon3_7b_same,musique,fairness_random,Random,,0.35,500,0.168,0.3731697440000001,0.0010305636386417777,query_agnostic_kv_v1,bf16,/home/xay/KVMergeComm/snapshots/full_matched_budget_fairness_query_sketch/pair4_falcon3_7b_same/musique/fairness_random/random_r0.35_0716_0139,nan,nan,,
pair4_falcon3_7b_same,musique,fairness_random,Random,,0.4,500,0.192,0.42146238399999947,0.0009564547872555883,query_agnostic_kv_v1,bf16,/home/xay/KVMergeComm/snapshots/full_matched_budget_fairness_query_sketch/pair4_falcon3_7b_same/musique/fairness_random/random_r0.40_0716_0142,nan,nan,,
pair4_falcon3_7b_same,musique,fairness_random,Random,,0.5,500,0.222,0.5178392219999988,0.0012200381514107642,query_agnostic_kv_v1,bf16,/home/xay/KVMergeComm/snapshots/full_matched_budget_fairness_query_sketch/pair4_falcon3_7b_same/musique/fairness_random/random_r0.50_0716_0145,nan,nan,,
pair4_falcon3_7b_same,musique,fairness_random,Random,,0.6,500,0.286,0.614252,0.0009564726341091015,query_agnostic_kv_v1,bf16,/home/xay/KVMergeComm/snapshots/full_matched_budget_fairness_query_sketch/pair4_falcon3_7b_same/musique/fairness_random/random_r0.60_0716_0148,nan,nan,,
pair4_falcon3_7b_same,musique,coverage,B-ReKV,8,,500,0.256,0.2592135399999999,0.036616492868875826,query_sketch_bf16_v1,bf16,/home/xay/KVMergeComm/snapshots/full_matched_budget_fairness_query_sketch/pair4_falcon3_7b_same/musique/coverage/cov_t0.95_s0.75_w8_0716_0151,0.9305564079999998,0.001333332,0.95,0.75
pair4_falcon3_7b_same,twowikimqa,fairness_rekv,ReKV,8,0.1,200,0.325,0.1321405749999999,5.773988088159859e-05,query_sketch_bf16_v1,bf16,/home/xay/KVMergeComm/snapshots/full_matched_budget_fairness_query_sketch/pair4_falcon3_7b_same/twowikimqa/fairness_rekv/rekv_w8_r0.10_0716_0154,nan,nan,,
pair4_falcon3_7b_same,twowikimqa,fairness_rekv,ReKV,8,0.15,200,0.345,0.18036071500000006,5.781415186421774e-05,query_sketch_bf16_v1,bf16,/home/xay/KVMergeComm/snapshots/full_matched_budget_fairness_query_sketch/pair4_falcon3_7b_same/twowikimqa/fairness_rekv/rekv_w8_r0.15_0716_0156,nan,nan,,
pair4_falcon3_7b_same,twowikimqa,fairness_rekv,ReKV,8,0.2,200,0.385,0.22857346500000023,5.5781147866338924e-05,query_sketch_bf16_v1,bf16,/home/xay/KVMergeComm/snapshots/full_matched_budget_fairness_query_sketch/pair4_falcon3_7b_same/twowikimqa/fairness_rekv/rekv_w8_r0.20_0716_0158,nan,nan,,
pair4_falcon3_7b_same,twowikimqa,fairness_rekv,ReKV,8,0.25,200,0.4,0.2767861550000003,5.954594505811813e-05,query_sketch_bf16_v1,bf16,/home/xay/KVMergeComm/snapshots/full_matched_budget_fairness_query_sketch/pair4_falcon3_7b_same/twowikimqa/fairness_rekv/rekv_w8_r0.25_0716_0201,nan,nan,,
pair4_falcon3_7b_same,twowikimqa,fairness_rekv,ReKV,8,0.3,200,0.38,0.3249991800000003,6.591686251498085e-05,query_sketch_bf16_v1,bf16,/home/xay/KVMergeComm/snapshots/full_matched_budget_fairness_query_sketch/pair4_falcon3_7b_same/twowikimqa/fairness_rekv/rekv_w8_r0.30_0716_0203,nan,nan,,
pair4_falcon3_7b_same,twowikimqa,fairness_rekv,ReKV,8,0.35,200,0.385,0.373205575,6.25139532163308e-05,query_sketch_bf16_v1,bf16,/home/xay/KVMergeComm/snapshots/full_matched_budget_fairness_query_sketch/pair4_falcon3_7b_same/twowikimqa/fairness_rekv/rekv_w8_r0.35_0716_0205,nan,nan,,
pair4_falcon3_7b_same,twowikimqa,fairness_rekv,ReKV,8,0.4,200,0.385,0.4214350200000004,5.641972640520433e-05,query_sketch_bf16_v1,bf16,/home/xay/KVMergeComm/snapshots/full_matched_budget_fairness_query_sketch/pair4_falcon3_7b_same/twowikimqa/fairness_rekv/rekv_w8_r0.40_0716_0207,nan,nan,,
pair4_falcon3_7b_same,twowikimqa,fairness_rekv,ReKV,8,0.5,200,0.415,0.5178589100000012,7.308088655660783e-05,query_sketch_bf16_v1,bf16,/home/xay/KVMergeComm/snapshots/full_matched_budget_fairness_query_sketch/pair4_falcon3_7b_same/twowikimqa/fairness_rekv/rekv_w8_r0.50_0716_0210,nan,nan,,
pair4_falcon3_7b_same,twowikimqa,fairness_rekv,ReKV,8,0.6,200,0.4,0.6142794250000003,5.6479323160988975e-05,query_sketch_bf16_v1,bf16,/home/xay/KVMergeComm/snapshots/full_matched_budget_fairness_query_sketch/pair4_falcon3_7b_same/twowikimqa/fairness_rekv/rekv_w8_r0.60_0716_0212,nan,nan,,
pair4_falcon3_7b_same,twowikimqa,fairness_evict,ValueNorm/Evict,,0.1,200,0.275,0.1321405749999999,5.773988088159859e-05,query_agnostic_kv_v1,bf16,/home/xay/KVMergeComm/snapshots/full_matched_budget_fairness_query_sketch/pair4_falcon3_7b_same/twowikimqa/fairness_evict/evict_r0.10_0716_0215,nan,nan,,
pair4_falcon3_7b_same,twowikimqa,fairness_evict,ValueNorm/Evict,,0.15,200,0.295,0.18036071500000006,5.781415186421774e-05,query_agnostic_kv_v1,bf16,/home/xay/KVMergeComm/snapshots/full_matched_budget_fairness_query_sketch/pair4_falcon3_7b_same/twowikimqa/fairness_evict/evict_r0.15_0716_0217,nan,nan,,
pair4_falcon3_7b_same,twowikimqa,fairness_evict,ValueNorm/Evict,,0.2,200,0.31,0.22857346500000023,5.5781147866338924e-05,query_agnostic_kv_v1,bf16,/home/xay/KVMergeComm/snapshots/full_matched_budget_fairness_query_sketch/pair4_falcon3_7b_same/twowikimqa/fairness_evict/evict_r0.20_0716_0219,nan,nan,,
pair4_falcon3_7b_same,twowikimqa,fairness_evict,ValueNorm/Evict,,0.25,200,0.295,0.2767861550000003,5.954594505811813e-05,query_agnostic_kv_v1,bf16,/home/xay/KVMergeComm/snapshots/full_matched_budget_fairness_query_sketch/pair4_falcon3_7b_same/twowikimqa/fairness_evict/evict_r0.25_0716_0221,nan,nan,,
pair4_falcon3_7b_same,twowikimqa,fairness_evict,ValueNorm/Evict,,0.3,200,0.285,0.3249991800000003,6.591686251498085e-05,query_agnostic_kv_v1,bf16,/home/xay/KVMergeComm/snapshots/full_matched_budget_fairness_query_sketch/pair4_falcon3_7b_same/twowikimqa/fairness_evict/evict_r0.30_0716_0223,nan,nan,,
pair4_falcon3_7b_same,twowikimqa,fairness_evict,ValueNorm/Evict,,0.35,200,0.27,0.373205575,6.25139532163308e-05,query_agnostic_kv_v1,bf16,/home/xay/KVMergeComm/snapshots/full_matched_budget_fairness_query_sketch/pair4_falcon3_7b_same/twowikimqa/fairness_evict/evict_r0.35_0716_0226,nan,nan,,
pair4_falcon3_7b_same,twowikimqa,fairness_evict,ValueNorm/Evict,,0.4,200,0.29,0.4214350200000004,5.641972640520433e-05,query_agnostic_kv_v1,bf16,/home/xay/KVMergeComm/snapshots/full_matched_budget_fairness_query_sketch/pair4_falcon3_7b_same/twowikimqa/fairness_evict/evict_r0.40_0716_0228,nan,nan,,
pair4_falcon3_7b_same,twowikimqa,fairness_evict,ValueNorm/Evict,,0.5,200,0.3,0.5178589100000012,7.308088655660783e-05,query_agnostic_kv_v1,bf16,/home/xay/KVMergeComm/snapshots/full_matched_budget_fairness_query_sketch/pair4_falcon3_7b_same/twowikimqa/fairness_evict/evict_r0.50_0716_0230,nan,nan,,
pair4_falcon3_7b_same,twowikimqa,fairness_evict,ValueNorm/Evict,,0.6,200,0.315,0.6142794250000003,5.6479323160988975e-05,query_agnostic_kv_v1,bf16,/home/xay/KVMergeComm/snapshots/full_matched_budget_fairness_query_sketch/pair4_falcon3_7b_same/twowikimqa/fairness_evict/evict_r0.60_0716_0232,nan,nan,,
pair4_falcon3_7b_same,twowikimqa,fairness_random,Random,,0.1,200,0.23,0.1321405749999999,5.773988088159859e-05,query_agnostic_kv_v1,bf16,/home/xay/KVMergeComm/snapshots/full_matched_budget_fairness_query_sketch/pair4_falcon3_7b_same/twowikimqa/fairness_random/random_r0.10_0716_0235,nan,nan,,
pair4_falcon3_7b_same,twowikimqa,fairness_random,Random,,0.15,200,0.235,0.18036071500000006,5.781415186421774e-05,query_agnostic_kv_v1,bf16,/home/xay/KVMergeComm/snapshots/full_matched_budget_fairness_query_sketch/pair4_falcon3_7b_same/twowikimqa/fairness_random/random_r0.15_0716_0237,nan,nan,,
pair4_falcon3_7b_same,twowikimqa,fairness_random,Random,,0.2,200,0.265,0.22857346500000023,5.5781147866338924e-05,query_agnostic_kv_v1,bf16,/home/xay/KVMergeComm/snapshots/full_matched_budget_fairness_query_sketch/pair4_falcon3_7b_same/twowikimqa/fairness_random/random_r0.20_0716_0239,nan,nan,,
pair4_falcon3_7b_same,twowikimqa,fairness_random,Random,,0.25,200,0.24,0.2767861550000003,5.954594505811813e-05,query_agnostic_kv_v1,bf16,/home/xay/KVMergeComm/snapshots/full_matched_budget_fairness_query_sketch/pair4_falcon3_7b_same/twowikimqa/fairness_random/random_r0.25_0716_0241,nan,nan,,
pair4_falcon3_7b_same,twowikimqa,fairness_random,Random,,0.3,200,0.28,0.3249991800000003,6.591686251498085e-05,query_agnostic_kv_v1,bf16,/home/xay/KVMergeComm/snapshots/full_matched_budget_fairness_query_sketch/pair4_falcon3_7b_same/twowikimqa/fairness_random/random_r0.30_0716_0244,nan,nan,,
pair4_falcon3_7b_same,twowikimqa,fairness_random,Random,,0.35,200,0.305,0.373205575,6.25139532163308e-05,query_agnostic_kv_v1,bf16,/home/xay/KVMergeComm/snapshots/full_matched_budget_fairness_query_sketch/pair4_falcon3_7b_same/twowikimqa/fairness_random/random_r0.35_0716_0246,nan,nan,,
pair4_falcon3_7b_same,twowikimqa,fairness_random,Random,,0.4,200,0.325,0.4214350200000004,5.641972640520433e-05,query_agnostic_kv_v1,bf16,/home/xay/KVMergeComm/snapshots/full_matched_budget_fairness_query_sketch/pair4_falcon3_7b_same/twowikimqa/fairness_random/random_r0.40_0716_0248,nan,nan,,
pair4_falcon3_7b_same,twowikimqa,fairness_random,Random,,0.5,200,0.32,0.5178589100000012,7.308088655660783e-05,query_agnostic_kv_v1,bf16,/home/xay/KVMergeComm/snapshots/full_matched_budget_fairness_query_sketch/pair4_falcon3_7b_same/twowikimqa/fairness_random/random_r0.50_0716_0251,nan,nan,,
pair4_falcon3_7b_same,twowikimqa,fairness_random,Random,,0.6,200,0.35,0.6142794250000003,5.6479323160988975e-05,query_agnostic_kv_v1,bf16,/home/xay/KVMergeComm/snapshots/full_matched_budget_fairness_query_sketch/pair4_falcon3_7b_same/twowikimqa/fairness_random/random_r0.60_0716_0253,nan,nan,,
pair4_falcon3_7b_same,twowikimqa,coverage,B-ReKV,8,,200,0.31,0.14895055500000004,0.011781195317220041,query_sketch_bf16_v1,bf16,/home/xay/KVMergeComm/snapshots/full_matched_budget_fairness_query_sketch/pair4_falcon3_7b_same/twowikimqa/coverage/cov_t0.95_s0.75_w8_0716_0255,0.9421300499999995,0.19333315000000012,0.95,0.75
pair4_falcon3_7b_same,tipsheets,fairness_rekv,ReKV,8,0.1,500,0.35,0.1576813900000001,0.015588663824895042,query_sketch_bf16_v1,bf16,/home/xay/KVMergeComm/snapshots/full_matched_budget_fairness_query_sketch/pair4_falcon3_7b_same/tipsheets/fairness_rekv/rekv_w8_r0.10_0717_0607,nan,nan,,
pair4_falcon3_7b_same,tipsheets,fairness_rekv,ReKV,8,0.15,500,0.39,0.1811381100000003,0.004572602413458132,query_sketch_bf16_v1,bf16,/home/xay/KVMergeComm/snapshots/full_matched_budget_fairness_query_sketch/pair4_falcon3_7b_same/tipsheets/fairness_rekv/rekv_w8_r0.15_0717_0609,nan,nan,,
pair4_falcon3_7b_same,tipsheets,fairness_rekv,ReKV,8,0.2,500,0.468,0.22853811800000018,0.0028533216757397825,query_sketch_bf16_v1,bf16,/home/xay/KVMergeComm/snapshots/full_matched_budget_fairness_query_sketch/pair4_falcon3_7b_same/tipsheets/fairness_rekv/rekv_w8_r0.20_0717_0611,nan,nan,,
pair4_falcon3_7b_same,tipsheets,fairness_rekv,ReKV,8,0.25,500,0.556,0.27699049800000053,0.0032134998653750592,query_sketch_bf16_v1,bf16,/home/xay/KVMergeComm/snapshots/full_matched_budget_fairness_query_sketch/pair4_falcon3_7b_same/tipsheets/fairness_rekv/rekv_w8_r0.25_0717_0612,nan,nan,,
pair4_falcon3_7b_same,tipsheets,fairness_rekv,ReKV,8,0.3,500,0.674,0.32501553399999955,0.0029376156863492866,query_sketch_bf16_v1,bf16,/home/xay/KVMergeComm/snapshots/full_matched_budget_fairness_query_sketch/pair4_falcon3_7b_same/tipsheets/fairness_rekv/rekv_w8_r0.30_0717_0613,nan,nan,,
pair4_falcon3_7b_same,tipsheets,fairness_rekv,ReKV,8,0.35,500,0.772,0.37298606199999956,0.0029855553432437273,query_sketch_bf16_v1,bf16,/home/xay/KVMergeComm/snapshots/full_matched_budget_fairness_query_sketch/pair4_falcon3_7b_same/tipsheets/fairness_rekv/rekv_w8_r0.35_0717_0614,nan,nan,,
pair4_falcon3_7b_same,tipsheets,fairness_rekv,ReKV,8,0.4,500,0.854,0.4215422819999993,0.0029542795320658417,query_sketch_bf16_v1,bf16,/home/xay/KVMergeComm/snapshots/full_matched_budget_fairness_query_sketch/pair4_falcon3_7b_same/tipsheets/fairness_rekv/rekv_w8_r0.40_0717_0616,nan,nan,,
pair4_falcon3_7b_same,tipsheets,fairness_rekv,ReKV,8,0.5,500,0.926,0.5177823699999989,0.0036502380273638053,query_sketch_bf16_v1,bf16,/home/xay/KVMergeComm/snapshots/full_matched_budget_fairness_query_sketch/pair4_falcon3_7b_same/tipsheets/fairness_rekv/rekv_w8_r0.50_0717_0617,nan,nan,,
pair4_falcon3_7b_same,tipsheets,fairness_rekv,ReKV,8,0.6,500,0.928,0.6141721279999994,0.0029544336262166057,query_sketch_bf16_v1,bf16,/home/xay/KVMergeComm/snapshots/full_matched_budget_fairness_query_sketch/pair4_falcon3_7b_same/tipsheets/fairness_rekv/rekv_w8_r0.60_0717_0618,nan,nan,,
pair4_falcon3_7b_same,tipsheets,fairness_evict,ValueNorm/Evict,,0.1,500,0.35,0.1576813900000001,0.015588663824895042,query_agnostic_kv_v1,bf16,/home/xay/KVMergeComm/snapshots/full_matched_budget_fairness_query_sketch/pair4_falcon3_7b_same/tipsheets/fairness_evict/evict_r0.10_0717_0620,nan,nan,,
pair4_falcon3_7b_same,tipsheets,fairness_evict,ValueNorm/Evict,,0.15,500,0.374,0.1811381100000003,0.004572602413458132,query_agnostic_kv_v1,bf16,/home/xay/KVMergeComm/snapshots/full_matched_budget_fairness_query_sketch/pair4_falcon3_7b_same/tipsheets/fairness_evict/evict_r0.15_0717_0621,nan,nan,,
pair4_falcon3_7b_same,tipsheets,fairness_evict,ValueNorm/Evict,,0.2,500,0.448,0.22853811800000018,0.0028533216757397825,query_agnostic_kv_v1,bf16,/home/xay/KVMergeComm/snapshots/full_matched_budget_fairness_query_sketch/pair4_falcon3_7b_same/tipsheets/fairness_evict/evict_r0.20_0717_0621,nan,nan,,
pair4_falcon3_7b_same,tipsheets,fairness_evict,ValueNorm/Evict,,0.25,500,0.572,0.27699049800000053,0.0032134998653750592,query_agnostic_kv_v1,bf16,/home/xay/KVMergeComm/snapshots/full_matched_budget_fairness_query_sketch/pair4_falcon3_7b_same/tipsheets/fairness_evict/evict_r0.25_0717_0622,nan,nan,,
pair4_falcon3_7b_same,tipsheets,fairness_evict,ValueNorm/Evict,,0.3,500,0.644,0.32501553399999955,0.0029376156863492866,query_agnostic_kv_v1,bf16,/home/xay/KVMergeComm/snapshots/full_matched_budget_fairness_query_sketch/pair4_falcon3_7b_same/tipsheets/fairness_evict/evict_r0.30_0717_0623,nan,nan,,
pair4_falcon3_7b_same,tipsheets,fairness_evict,ValueNorm/Evict,,0.35,500,0.724,0.37298606199999956,0.0029855553432437273,query_agnostic_kv_v1,bf16,/home/xay/KVMergeComm/snapshots/full_matched_budget_fairness_query_sketch/pair4_falcon3_7b_same/tipsheets/fairness_evict/evict_r0.35_0717_0624,nan,nan,,
pair4_falcon3_7b_same,tipsheets,fairness_evict,ValueNorm/Evict,,0.4,500,0.766,0.4215422819999993,0.0029542795320658417,query_agnostic_kv_v1,bf16,/home/xay/KVMergeComm/snapshots/full_matched_budget_fairness_query_sketch/pair4_falcon3_7b_same/tipsheets/fairness_evict/evict_r0.40_0717_0625,nan,nan,,
pair4_falcon3_7b_same,tipsheets,fairness_evict,ValueNorm/Evict,,0.5,500,0.818,0.5177823699999989,0.0036502380273638053,query_agnostic_kv_v1,bf16,/home/xay/KVMergeComm/snapshots/full_matched_budget_fairness_query_sketch/pair4_falcon3_7b_same/tipsheets/fairness_evict/evict_r0.50_0717_0626,nan,nan,,
pair4_falcon3_7b_same,tipsheets,fairness_evict,ValueNorm/Evict,,0.6,500,0.866,0.6141721279999994,0.0029544336262166057,query_agnostic_kv_v1,bf16,/home/xay/KVMergeComm/snapshots/full_matched_budget_fairness_query_sketch/pair4_falcon3_7b_same/tipsheets/fairness_evict/evict_r0.60_0717_0627,nan,nan,,
pair4_falcon3_7b_same,tipsheets,fairness_random,Random,,0.1,500,0.35,0.1576813900000001,0.015588663824895042,query_agnostic_kv_v1,bf16,/home/xay/KVMergeComm/snapshots/full_matched_budget_fairness_query_sketch/pair4_falcon3_7b_same/tipsheets/fairness_random/random_r0.10_0717_0628,nan,nan,,
pair4_falcon3_7b_same,tipsheets,fairness_random,Random,,0.15,500,0.384,0.1811381100000003,0.004572602413458132,query_agnostic_kv_v1,bf16,/home/xay/KVMergeComm/snapshots/full_matched_budget_fairness_query_sketch/pair4_falcon3_7b_same/tipsheets/fairness_random/random_r0.15_0717_0629,nan,nan,,
pair4_falcon3_7b_same,tipsheets,fairness_random,Random,,0.2,500,0.494,0.22853811800000018,0.0028533216757397825,query_agnostic_kv_v1,bf16,/home/xay/KVMergeComm/snapshots/full_matched_budget_fairness_query_sketch/pair4_falcon3_7b_same/tipsheets/fairness_random/random_r0.20_0717_0630,nan,nan,,
pair4_falcon3_7b_same,tipsheets,fairness_random,Random,,0.25,500,0.554,0.27699049800000053,0.0032134998653750592,query_agnostic_kv_v1,bf16,/home/xay/KVMergeComm/snapshots/full_matched_budget_fairness_query_sketch/pair4_falcon3_7b_same/tipsheets/fairness_random/random_r0.25_0717_0631,nan,nan,,
pair4_falcon3_7b_same,tipsheets,fairness_random,Random,,0.3,500,0.656,0.32501553399999955,0.0029376156863492866,query_agnostic_kv_v1,bf16,/home/xay/KVMergeComm/snapshots/full_matched_budget_fairness_query_sketch/pair4_falcon3_7b_same/tipsheets/fairness_random/random_r0.30_0717_0632,nan,nan,,
pair4_falcon3_7b_same,tipsheets,fairness_random,Random,,0.35,500,0.75,0.37298606199999956,0.0029855553432437273,query_agnostic_kv_v1,bf16,/home/xay/KVMergeComm/snapshots/full_matched_budget_fairness_query_sketch/pair4_falcon3_7b_same/tipsheets/fairness_random/random_r0.35_0717_0633,nan,nan,,
pair4_falcon3_7b_same,tipsheets,fairness_random,Random,,0.4,500,0.778,0.4215422819999993,0.0029542795320658417,query_agnostic_kv_v1,bf16,/home/xay/KVMergeComm/snapshots/full_matched_budget_fairness_query_sketch/pair4_falcon3_7b_same/tipsheets/fairness_random/random_r0.40_0717_0634,nan,nan,,
pair4_falcon3_7b_same,tipsheets,fairness_random,Random,,0.5,500,0.864,0.5177823699999989,0.0036502380273638053,query_agnostic_kv_v1,bf16,/home/xay/KVMergeComm/snapshots/full_matched_budget_fairness_query_sketch/pair4_falcon3_7b_same/tipsheets/fairness_random/random_r0.50_0717_0635,nan,nan,,
pair4_falcon3_7b_same,tipsheets,fairness_random,Random,,0.6,500,0.886,0.6141721279999994,0.0029544336262166057,query_agnostic_kv_v1,bf16,/home/xay/KVMergeComm/snapshots/full_matched_budget_fairness_query_sketch/pair4_falcon3_7b_same/tipsheets/fairness_random/random_r0.60_0717_0636,nan,nan,,
pair4_falcon3_7b_same,tipsheets,coverage,B-ReKV,8,,500,0.818,0.3280979540000002,0.01631613855759828,query_sketch_bf16_v1,bf16,/home/xay/KVMergeComm/snapshots/full_matched_budget_fairness_query_sketch/pair4_falcon3_7b_same/tipsheets/coverage/cov_t0.95_s0.75_w8_0717_0637,0.9205182219999998,0.0,0.95,0.75
pair4_falcon3_7b_same,qasper,fairness_rekv,ReKV,8,0.1,500,0.134,0.13213880399999978,7.03195795674367e-05,query_sketch_bf16_v1,bf16,/home/xay/KVMergeComm/snapshots/full_matched_budget_fairness_query_sketch/pair4_falcon3_7b_same/qasper/fairness_rekv/rekv_w8_r0.10_0717_0638,nan,nan,,
pair4_falcon3_7b_same,qasper,fairness_rekv,ReKV,8,0.15,500,0.18,0.18036504600000003,6.993913675260488e-05,query_sketch_bf16_v1,bf16,/home/xay/KVMergeComm/snapshots/full_matched_budget_fairness_query_sketch/pair4_falcon3_7b_same/qasper/fairness_rekv/rekv_w8_r0.15_0717_0645,nan,nan,,
pair4_falcon3_7b_same,qasper,fairness_rekv,ReKV,8,0.2,500,0.204,0.2285745480000003,6.649820839270134e-05,query_sketch_bf16_v1,bf16,/home/xay/KVMergeComm/snapshots/full_matched_budget_fairness_query_sketch/pair4_falcon3_7b_same/qasper/fairness_rekv/rekv_w8_r0.20_0717_0652,nan,nan,,
pair4_falcon3_7b_same,qasper,fairness_rekv,ReKV,8,0.25,500,0.2,0.27678483,8.241109316441029e-05,query_sketch_bf16_v1,bf16,/home/xay/KVMergeComm/snapshots/full_matched_budget_fairness_query_sketch/pair4_falcon3_7b_same/qasper/fairness_rekv/rekv_w8_r0.25_0717_0659,nan,nan,,
pair4_falcon3_7b_same,qasper,fairness_rekv,ReKV,8,0.3,500,0.21,0.3249925839999997,6.958340783039076e-05,query_sketch_bf16_v1,bf16,/home/xay/KVMergeComm/snapshots/full_matched_budget_fairness_query_sketch/pair4_falcon3_7b_same/qasper/fairness_rekv/rekv_w8_r0.30_0717_0707,nan,nan,,
pair4_falcon3_7b_same,qasper,fairness_rekv,ReKV,8,0.35,500,0.214,0.3732133659999997,7.273122924449041e-05,query_sketch_bf16_v1,bf16,/home/xay/KVMergeComm/snapshots/full_matched_budget_fairness_query_sketch/pair4_falcon3_7b_same/qasper/fairness_rekv/rekv_w8_r0.35_0717_0714,nan,nan,,
pair4_falcon3_7b_same,qasper,fairness_rekv,ReKV,8,0.4,500,0.216,0.42142704999999936,6.720995354641621e-05,query_sketch_bf16_v1,bf16,/home/xay/KVMergeComm/snapshots/full_matched_budget_fairness_query_sketch/pair4_falcon3_7b_same/qasper/fairness_rekv/rekv_w8_r0.40_0717_0722,nan,nan,,
pair4_falcon3_7b_same,qasper,fairness_rekv,ReKV,8,0.5,500,0.23,0.5178617619999987,7.652490757235545e-05,query_sketch_bf16_v1,bf16,/home/xay/KVMergeComm/snapshots/full_matched_budget_fairness_query_sketch/pair4_falcon3_7b_same/qasper/fairness_rekv/rekv_w8_r0.50_0717_0730,nan,nan,,
pair4_falcon3_7b_same,qasper,fairness_rekv,ReKV,8,0.6,500,0.238,0.6142873359999992,6.726062061989111e-05,query_sketch_bf16_v1,bf16,/home/xay/KVMergeComm/snapshots/full_matched_budget_fairness_query_sketch/pair4_falcon3_7b_same/qasper/fairness_rekv/rekv_w8_r0.60_0717_0739,nan,nan,,
pair4_falcon3_7b_same,qasper,fairness_evict,ValueNorm/Evict,,0.1,500,0.022,0.13213880399999978,7.03195795674367e-05,query_agnostic_kv_v1,bf16,/home/xay/KVMergeComm/snapshots/full_matched_budget_fairness_query_sketch/pair4_falcon3_7b_same/qasper/fairness_evict/evict_r0.10_0717_0748,nan,nan,,
pair4_falcon3_7b_same,qasper,fairness_evict,ValueNorm/Evict,,0.15,500,0.068,0.18036504600000003,6.993913675260488e-05,query_agnostic_kv_v1,bf16,/home/xay/KVMergeComm/snapshots/full_matched_budget_fairness_query_sketch/pair4_falcon3_7b_same/qasper/fairness_evict/evict_r0.15_0717_0755,nan,nan,,
pair4_falcon3_7b_same,qasper,fairness_evict,ValueNorm/Evict,,0.2,500,0.076,0.2285745480000003,6.649820839270134e-05,query_agnostic_kv_v1,bf16,/home/xay/KVMergeComm/snapshots/full_matched_budget_fairness_query_sketch/pair4_falcon3_7b_same/qasper/fairness_evict/evict_r0.20_0717_0802,nan,nan,,
pair4_falcon3_7b_same,qasper,fairness_evict,ValueNorm/Evict,,0.25,500,0.108,0.27678483,8.241109316441029e-05,query_agnostic_kv_v1,bf16,/home/xay/KVMergeComm/snapshots/full_matched_budget_fairness_query_sketch/pair4_falcon3_7b_same/qasper/fairness_evict/evict_r0.25_0717_0810,nan,nan,,
pair4_falcon3_7b_same,qasper,fairness_evict,ValueNorm/Evict,,0.3,500,0.128,0.3249925839999997,6.958340783039076e-05,query_agnostic_kv_v1,bf16,/home/xay/KVMergeComm/snapshots/full_matched_budget_fairness_query_sketch/pair4_falcon3_7b_same/qasper/fairness_evict/evict_r0.30_0717_0818,nan,nan,,
pair4_falcon3_7b_same,qasper,fairness_evict,ValueNorm/Evict,,0.35,500,0.152,0.3732133659999997,7.273122924449041e-05,query_agnostic_kv_v1,bf16,/home/xay/KVMergeComm/snapshots/full_matched_budget_fairness_query_sketch/pair4_falcon3_7b_same/qasper/fairness_evict/evict_r0.35_0717_0826,nan,nan,,
pair4_falcon3_7b_same,qasper,fairness_evict,ValueNorm/Evict,,0.4,500,0.154,0.42142704999999936,6.720995354641621e-05,query_agnostic_kv_v1,bf16,/home/xay/KVMergeComm/snapshots/full_matched_budget_fairness_query_sketch/pair4_falcon3_7b_same/qasper/fairness_evict/evict_r0.40_0717_0834,nan,nan,,
pair4_falcon3_7b_same,qasper,fairness_evict,ValueNorm/Evict,,0.5,500,0.194,0.5178617619999987,7.652490757235545e-05,query_agnostic_kv_v1,bf16,/home/xay/KVMergeComm/snapshots/full_matched_budget_fairness_query_sketch/pair4_falcon3_7b_same/qasper/fairness_evict/evict_r0.50_0717_0843,nan,nan,,
pair4_falcon3_7b_same,qasper,fairness_evict,ValueNorm/Evict,,0.6,500,0.222,0.6142873359999992,6.726062061989111e-05,query_agnostic_kv_v1,bf16,/home/xay/KVMergeComm/snapshots/full_matched_budget_fairness_query_sketch/pair4_falcon3_7b_same/qasper/fairness_evict/evict_r0.60_0717_0852,nan,nan,,
pair4_falcon3_7b_same,qasper,fairness_random,Random,,0.1,500,0.038,0.13213880399999978,7.03195795674367e-05,query_agnostic_kv_v1,bf16,/home/xay/KVMergeComm/snapshots/full_matched_budget_fairness_query_sketch/pair4_falcon3_7b_same/qasper/fairness_random/random_r0.10_0717_0900,nan,nan,,
pair4_falcon3_7b_same,qasper,fairness_random,Random,,0.15,500,0.06,0.18036504600000003,6.993913675260488e-05,query_agnostic_kv_v1,bf16,/home/xay/KVMergeComm/snapshots/full_matched_budget_fairness_query_sketch/pair4_falcon3_7b_same/qasper/fairness_random/random_r0.15_0717_0907,nan,nan,,
pair4_falcon3_7b_same,qasper,fairness_random,Random,,0.2,500,0.07,0.2285745480000003,6.649820839270134e-05,query_agnostic_kv_v1,bf16,/home/xay/KVMergeComm/snapshots/full_matched_budget_fairness_query_sketch/pair4_falcon3_7b_same/qasper/fairness_random/random_r0.20_0717_0915,nan,nan,,
pair4_falcon3_7b_same,qasper,fairness_random,Random,,0.25,500,0.102,0.27678483,8.241109316441029e-05,query_agnostic_kv_v1,bf16,/home/xay/KVMergeComm/snapshots/full_matched_budget_fairness_query_sketch/pair4_falcon3_7b_same/qasper/fairness_random/random_r0.25_0717_0922,nan,nan,,
pair4_falcon3_7b_same,qasper,fairness_random,Random,,0.3,500,0.104,0.3249925839999997,6.958340783039076e-05,query_agnostic_kv_v1,bf16,/home/xay/KVMergeComm/snapshots/full_matched_budget_fairness_query_sketch/pair4_falcon3_7b_same/qasper/fairness_random/random_r0.30_0717_0930,nan,nan,,
pair4_falcon3_7b_same,qasper,fairness_random,Random,,0.35,500,0.132,0.3732133659999997,7.273122924449041e-05,query_agnostic_kv_v1,bf16,/home/xay/KVMergeComm/snapshots/full_matched_budget_fairness_query_sketch/pair4_falcon3_7b_same/qasper/fairness_random/random_r0.35_0717_0938,nan,nan,,
pair4_falcon3_7b_same,qasper,fairness_random,Random,,0.4,500,0.144,0.42142704999999936,6.720995354641621e-05,query_agnostic_kv_v1,bf16,/home/xay/KVMergeComm/snapshots/full_matched_budget_fairness_query_sketch/pair4_falcon3_7b_same/qasper/fairness_random/random_r0.40_0717_0946,nan,nan,,
pair4_falcon3_7b_same,qasper,fairness_random,Random,,0.5,500,0.156,0.5178617619999987,7.652490757235545e-05,query_agnostic_kv_v1,bf16,/home/xay/KVMergeComm/snapshots/full_matched_budget_fairness_query_sketch/pair4_falcon3_7b_same/qasper/fairness_random/random_r0.50_0717_0954,nan,nan,,
pair4_falcon3_7b_same,qasper,fairness_random,Random,,0.6,500,0.194,0.6142873359999992,6.726062061989111e-05,query_agnostic_kv_v1,bf16,/home/xay/KVMergeComm/snapshots/full_matched_budget_fairness_query_sketch/pair4_falcon3_7b_same/qasper/fairness_random/random_r0.60_0717_1003,nan,nan,,
pair4_falcon3_7b_same,qasper,coverage,B-ReKV,8,,500,0.146,0.21430740199999987,0.019470979590478287,query_sketch_bf16_v1,bf16,/home/xay/KVMergeComm/snapshots/full_matched_budget_fairness_query_sketch/pair4_falcon3_7b_same/qasper/coverage/cov_t0.95_s0.75_w8_0717_1011,0.9362387539999989,0.0401481080000001,0.95,0.75
pair4_falcon3_7b_same,multifieldqa_en,fairness_rekv,ReKV,8,0.1,150,0.32666666666666666,0.13214869999999987,6.877828887181e-05,query_sketch_bf16_v1,bf16,/home/xay/KVMergeComm/snapshots/full_matched_budget_fairness_query_sketch/pair4_falcon3_7b_same/multifieldqa_en/fairness_rekv/rekv_w8_r0.10_0717_1019,nan,nan,,
pair4_falcon3_7b_same,multifieldqa_en,fairness_rekv,ReKV,8,0.15,150,0.32666666666666666,0.18035118000000006,6.201039856508996e-05,query_sketch_bf16_v1,bf16,/home/xay/KVMergeComm/snapshots/full_matched_budget_fairness_query_sketch/pair4_falcon3_7b_same/multifieldqa_en/fairness_rekv/rekv_w8_r0.15_0717_1021,nan,nan,,
pair4_falcon3_7b_same,multifieldqa_en,fairness_rekv,ReKV,8,0.2,150,0.36,0.22856761333333334,6.14387660087666e-05,query_sketch_bf16_v1,bf16,/home/xay/KVMergeComm/snapshots/full_matched_budget_fairness_query_sketch/pair4_falcon3_7b_same/multifieldqa_en/fairness_rekv/rekv_w8_r0.20_0717_1023,nan,nan,,
pair4_falcon3_7b_same,multifieldqa_en,fairness_rekv,ReKV,8,0.25,150,0.38666666666666666,0.2767900133333336,8.477478942291881e-05,query_sketch_bf16_v1,bf16,/home/xay/KVMergeComm/snapshots/full_matched_budget_fairness_query_sketch/pair4_falcon3_7b_same/multifieldqa_en/fairness_rekv/rekv_w8_r0.25_0717_1025,nan,nan,,
pair4_falcon3_7b_same,multifieldqa_en,fairness_rekv,ReKV,8,0.3,150,0.37333333333333335,0.32499668,4.964063068460264e-05,query_sketch_bf16_v1,bf16,/home/xay/KVMergeComm/snapshots/full_matched_budget_fairness_query_sketch/pair4_falcon3_7b_same/multifieldqa_en/fairness_rekv/rekv_w8_r0.30_0717_1028,nan,nan,,
pair4_falcon3_7b_same,multifieldqa_en,fairness_rekv,ReKV,8,0.35,150,0.4,0.37320561999999996,6.108028273999342e-05,query_sketch_bf16_v1,bf16,/home/xay/KVMergeComm/snapshots/full_matched_budget_fairness_query_sketch/pair4_falcon3_7b_same/multifieldqa_en/fairness_rekv/rekv_w8_r0.35_0717_1030,nan,nan,,
pair4_falcon3_7b_same,multifieldqa_en,fairness_rekv,ReKV,8,0.4,150,0.43333333333333335,0.4214238600000004,6.919334161239848e-05,query_sketch_bf16_v1,bf16,/home/xay/KVMergeComm/snapshots/full_matched_budget_fairness_query_sketch/pair4_falcon3_7b_same/multifieldqa_en/fairness_rekv/rekv_w8_r0.40_0717_1032,nan,nan,,
pair4_falcon3_7b_same,multifieldqa_en,fairness_rekv,ReKV,8,0.5,150,0.44666666666666666,0.5178525533333335,6.736672516869929e-05,query_sketch_bf16_v1,bf16,/home/xay/KVMergeComm/snapshots/full_matched_budget_fairness_query_sketch/pair4_falcon3_7b_same/multifieldqa_en/fairness_rekv/rekv_w8_r0.50_0717_1035,nan,nan,,
pair4_falcon3_7b_same,multifieldqa_en,fairness_rekv,ReKV,8,0.6,150,0.4533333333333333,0.6142905333333338,6.906981845226812e-05,query_sketch_bf16_v1,bf16,/home/xay/KVMergeComm/snapshots/full_matched_budget_fairness_query_sketch/pair4_falcon3_7b_same/multifieldqa_en/fairness_rekv/rekv_w8_r0.60_0717_1037,nan,nan,,
pair4_falcon3_7b_same,multifieldqa_en,fairness_evict,ValueNorm/Evict,,0.1,150,0.22666666666666666,0.13214869999999987,6.877828887181e-05,query_agnostic_kv_v1,bf16,/home/xay/KVMergeComm/snapshots/full_matched_budget_fairness_query_sketch/pair4_falcon3_7b_same/multifieldqa_en/fairness_evict/evict_r0.10_0717_1040,nan,nan,,
pair4_falcon3_7b_same,multifieldqa_en,fairness_evict,ValueNorm/Evict,,0.15,150,0.26666666666666666,0.18035118000000006,6.201039856508996e-05,query_agnostic_kv_v1,bf16,/home/xay/KVMergeComm/snapshots/full_matched_budget_fairness_query_sketch/pair4_falcon3_7b_same/multifieldqa_en/fairness_evict/evict_r0.15_0717_1042,nan,nan,,
pair4_falcon3_7b_same,multifieldqa_en,fairness_evict,ValueNorm/Evict,,0.2,150,0.2733333333333333,0.22856761333333334,6.14387660087666e-05,query_agnostic_kv_v1,bf16,/home/xay/KVMergeComm/snapshots/full_matched_budget_fairness_query_sketch/pair4_falcon3_7b_same/multifieldqa_en/fairness_evict/evict_r0.20_0717_1044,nan,nan,,
pair4_falcon3_7b_same,multifieldqa_en,fairness_evict,ValueNorm/Evict,,0.25,150,0.30666666666666664,0.2767900133333336,8.477478942291881e-05,query_agnostic_kv_v1,bf16,/home/xay/KVMergeComm/snapshots/full_matched_budget_fairness_query_sketch/pair4_falcon3_7b_same/multifieldqa_en/fairness_evict/evict_r0.25_0717_1047,nan,nan,,
pair4_falcon3_7b_same,multifieldqa_en,fairness_evict,ValueNorm/Evict,,0.3,150,0.3333333333333333,0.32499668,4.964063068460264e-05,query_agnostic_kv_v1,bf16,/home/xay/KVMergeComm/snapshots/full_matched_budget_fairness_query_sketch/pair4_falcon3_7b_same/multifieldqa_en/fairness_evict/evict_r0.30_0717_1049,nan,nan,,
pair4_falcon3_7b_same,multifieldqa_en,fairness_evict,ValueNorm/Evict,,0.35,150,0.36,0.37320561999999996,6.108028273999342e-05,query_agnostic_kv_v1,bf16,/home/xay/KVMergeComm/snapshots/full_matched_budget_fairness_query_sketch/pair4_falcon3_7b_same/multifieldqa_en/fairness_evict/evict_r0.35_0717_1051,nan,nan,,
pair4_falcon3_7b_same,multifieldqa_en,fairness_evict,ValueNorm/Evict,,0.4,150,0.38,0.4214238600000004,6.919334161239848e-05,query_agnostic_kv_v1,bf16,/home/xay/KVMergeComm/snapshots/full_matched_budget_fairness_query_sketch/pair4_falcon3_7b_same/multifieldqa_en/fairness_evict/evict_r0.40_0717_1054,nan,nan,,
pair4_falcon3_7b_same,multifieldqa_en,fairness_evict,ValueNorm/Evict,,0.5,150,0.38666666666666666,0.5178525533333335,6.736672516869929e-05,query_agnostic_kv_v1,bf16,/home/xay/KVMergeComm/snapshots/full_matched_budget_fairness_query_sketch/pair4_falcon3_7b_same/multifieldqa_en/fairness_evict/evict_r0.50_0717_1056,nan,nan,,
pair4_falcon3_7b_same,multifieldqa_en,fairness_evict,ValueNorm/Evict,,0.6,150,0.43333333333333335,0.6142905333333338,6.906981845226812e-05,query_agnostic_kv_v1,bf16,/home/xay/KVMergeComm/snapshots/full_matched_budget_fairness_query_sketch/pair4_falcon3_7b_same/multifieldqa_en/fairness_evict/evict_r0.60_0717_1058,nan,nan,,
pair4_falcon3_7b_same,multifieldqa_en,fairness_random,Random,,0.1,150,0.2,0.13214869999999987,6.877828887181e-05,query_agnostic_kv_v1,bf16,/home/xay/KVMergeComm/snapshots/full_matched_budget_fairness_query_sketch/pair4_falcon3_7b_same/multifieldqa_en/fairness_random/random_r0.10_0717_1101,nan,nan,,
pair4_falcon3_7b_same,multifieldqa_en,fairness_random,Random,,0.15,150,0.23333333333333334,0.18035118000000006,6.201039856508996e-05,query_agnostic_kv_v1,bf16,/home/xay/KVMergeComm/snapshots/full_matched_budget_fairness_query_sketch/pair4_falcon3_7b_same/multifieldqa_en/fairness_random/random_r0.15_0717_1103,nan,nan,,
pair4_falcon3_7b_same,multifieldqa_en,fairness_random,Random,,0.2,150,0.26,0.22856761333333334,6.14387660087666e-05,query_agnostic_kv_v1,bf16,/home/xay/KVMergeComm/snapshots/full_matched_budget_fairness_query_sketch/pair4_falcon3_7b_same/multifieldqa_en/fairness_random/random_r0.20_0717_1105,nan,nan,,
pair4_falcon3_7b_same,multifieldqa_en,fairness_random,Random,,0.25,150,0.3,0.2767900133333336,8.477478942291881e-05,query_agnostic_kv_v1,bf16,/home/xay/KVMergeComm/snapshots/full_matched_budget_fairness_query_sketch/pair4_falcon3_7b_same/multifieldqa_en/fairness_random/random_r0.25_0717_1108,nan,nan,,
pair4_falcon3_7b_same,multifieldqa_en,fairness_random,Random,,0.3,150,0.32666666666666666,0.32499668,4.964063068460264e-05,query_agnostic_kv_v1,bf16,/home/xay/KVMergeComm/snapshots/full_matched_budget_fairness_query_sketch/pair4_falcon3_7b_same/multifieldqa_en/fairness_random/random_r0.30_0717_1110,nan,nan,,
pair4_falcon3_7b_same,multifieldqa_en,fairness_random,Random,,0.35,150,0.32,0.37320561999999996,6.108028273999342e-05,query_agnostic_kv_v1,bf16,/home/xay/KVMergeComm/snapshots/full_matched_budget_fairness_query_sketch/pair4_falcon3_7b_same/multifieldqa_en/fairness_random/random_r0.35_0717_1113,nan,nan,,
pair4_falcon3_7b_same,multifieldqa_en,fairness_random,Random,,0.4,150,0.3,0.4214238600000004,6.919334161239848e-05,query_agnostic_kv_v1,bf16,/home/xay/KVMergeComm/snapshots/full_matched_budget_fairness_query_sketch/pair4_falcon3_7b_same/multifieldqa_en/fairness_random/random_r0.40_0717_1115,nan,nan,,
pair4_falcon3_7b_same,multifieldqa_en,fairness_random,Random,,0.5,150,0.3933333333333333,0.5178525533333335,6.736672516869929e-05,query_agnostic_kv_v1,bf16,/home/xay/KVMergeComm/snapshots/full_matched_budget_fairness_query_sketch/pair4_falcon3_7b_same/multifieldqa_en/fairness_random/random_r0.50_0717_1118,nan,nan,,
pair4_falcon3_7b_same,multifieldqa_en,fairness_random,Random,,0.6,150,0.4066666666666667,0.6142905333333338,6.906981845226812e-05,query_agnostic_kv_v1,bf16,/home/xay/KVMergeComm/snapshots/full_matched_budget_fairness_query_sketch/pair4_falcon3_7b_same/multifieldqa_en/fairness_random/random_r0.60_0717_1120,nan,nan,,
pair4_falcon3_7b_same,multifieldqa_en,coverage,B-ReKV,8,,150,0.26666666666666666,0.15248373333333334,0.019435547155761984,query_sketch_bf16_v1,bf16,/home/xay/KVMergeComm/snapshots/full_matched_budget_fairness_query_sketch/pair4_falcon3_7b_same/multifieldqa_en/coverage/cov_t0.95_s0.75_w8_0717_1123,0.9426707666666669,0.19012332000000012,0.95,0.75
pair4_falcon3_7b_same,tmath,fairness_rekv,ReKV,8,0.1,300,0.2874619933333333,0.1321553733333333,0.001422764197079237,query_sketch_bf16_v1,bf16,/home/xay/KVMergeComm/snapshots/full_matched_budget_fairness_query_sketch/pair4_falcon3_7b_same/tmath/fairness_rekv/rekv_w8_r0.10_0717_1125,nan,nan,,
pair4_falcon3_7b_same,tmath,fairness_rekv,ReKV,8,0.15,300,0.2893693566666667,0.1801975366666666,0.0015308439325444824,query_sketch_bf16_v1,bf16,/home/xay/KVMergeComm/snapshots/full_matched_budget_fairness_query_sketch/pair4_falcon3_7b_same/tmath/fairness_rekv/rekv_w8_r0.15_0717_1144,nan,nan,,
pair4_falcon3_7b_same,tmath,fairness_rekv,ReKV,8,0.2,300,0.2904246700000001,0.2285831666666668,0.0014215883688761559,query_sketch_bf16_v1,bf16,/home/xay/KVMergeComm/snapshots/full_matched_budget_fairness_query_sketch/pair4_falcon3_7b_same/tmath/fairness_rekv/rekv_w8_r0.20_0717_1203,nan,nan,,
pair4_falcon3_7b_same,tmath,fairness_rekv,ReKV,8,0.25,300,0.29250107666666686,0.2769568799999999,0.0014493770656831956,query_sketch_bf16_v1,bf16,/home/xay/KVMergeComm/snapshots/full_matched_budget_fairness_query_sketch/pair4_falcon3_7b_same/tmath/fairness_rekv/rekv_w8_r0.25_0717_1222,nan,nan,,
pair4_falcon3_7b_same,tmath,fairness_rekv,ReKV,8,0.3,300,0.29725668333333355,0.32510229333333335,0.0014194910579149694,query_sketch_bf16_v1,bf16,/home/xay/KVMergeComm/snapshots/full_matched_budget_fairness_query_sketch/pair4_falcon3_7b_same/tmath/fairness_rekv/rekv_w8_r0.30_0717_1241,nan,nan,,
pair4_falcon3_7b_same,tmath,fairness_rekv,ReKV,8,0.35,300,0.30242628333333355,0.3733167833333332,0.0014430546810257465,query_sketch_bf16_v1,bf16,/home/xay/KVMergeComm/snapshots/full_matched_budget_fairness_query_sketch/pair4_falcon3_7b_same/tmath/fairness_rekv/rekv_w8_r0.35_0717_1300,nan,nan,,
pair4_falcon3_7b_same,tmath,fairness_rekv,ReKV,8,0.4,300,0.3019597266666666,0.4214250200000005,0.0014810187647489354,query_sketch_bf16_v1,bf16,/home/xay/KVMergeComm/snapshots/full_matched_budget_fairness_query_sketch/pair4_falcon3_7b_same/tmath/fairness_rekv/rekv_w8_r0.40_0717_1320,nan,nan,,
pair4_falcon3_7b_same,tmath,fairness_rekv,ReKV,8,0.5,300,0.30255119666666663,0.5181497833333336,0.0018651021087263463,query_sketch_bf16_v1,bf16,/home/xay/KVMergeComm/snapshots/full_matched_budget_fairness_query_sketch/pair4_falcon3_7b_same/tmath/fairness_rekv/rekv_w8_r0.50_0717_1339,nan,nan,,
pair4_falcon3_7b_same,tmath,fairness_rekv,ReKV,8,0.6,300,0.30103693999999975,0.61428933,0.0014810818340311282,query_sketch_bf16_v1,bf16,/home/xay/KVMergeComm/snapshots/full_matched_budget_fairness_query_sketch/pair4_falcon3_7b_same/tmath/fairness_rekv/rekv_w8_r0.60_0717_1358,nan,nan,,
pair4_falcon3_7b_same,tmath,fairness_evict,ValueNorm/Evict,,0.1,300,0.29138950000000025,0.1321553733333333,0.001422764197079237,query_agnostic_kv_v1,bf16,/home/xay/KVMergeComm/snapshots/full_matched_budget_fairness_query_sketch/pair4_falcon3_7b_same/tmath/fairness_evict/evict_r0.10_0717_1417,nan,nan,,
pair4_falcon3_7b_same,tmath,fairness_evict,ValueNorm/Evict,,0.15,300,0.2873294266666667,0.1801975366666666,0.0015308439325444824,query_agnostic_kv_v1,bf16,/home/xay/KVMergeComm/snapshots/full_matched_budget_fairness_query_sketch/pair4_falcon3_7b_same/tmath/fairness_evict/evict_r0.15_0717_1436,nan,nan,,
pair4_falcon3_7b_same,tmath,fairness_evict,ValueNorm/Evict,,0.2,300,0.2919864800000002,0.2285831666666668,0.0014215883688761559,query_agnostic_kv_v1,bf16,/home/xay/KVMergeComm/snapshots/full_matched_budget_fairness_query_sketch/pair4_falcon3_7b_same/tmath/fairness_evict/evict_r0.20_0717_1455,nan,nan,,
pair4_falcon3_7b_same,tmath,fairness_evict,ValueNorm/Evict,,0.25,300,0.2904159633333333,0.2769568799999999,0.0014493770656831956,query_agnostic_kv_v1,bf16,/home/xay/KVMergeComm/snapshots/full_matched_budget_fairness_query_sketch/pair4_falcon3_7b_same/tmath/fairness_evict/evict_r0.25_0717_1514,nan,nan,,
pair4_falcon3_7b_same,tmath,fairness_evict,ValueNorm/Evict,,0.3,300,0.29046822666666666,0.32510229333333335,0.0014194910579149694,query_agnostic_kv_v1,bf16,/home/xay/KVMergeComm/snapshots/full_matched_budget_fairness_query_sketch/pair4_falcon3_7b_same/tmath/fairness_evict/evict_r0.30_0717_1532,nan,nan,,
pair4_falcon3_7b_same,tmath,fairness_evict,ValueNorm/Evict,,0.35,300,0.2965220933333334,0.3733167833333332,0.0014430546810257465,query_agnostic_kv_v1,bf16,/home/xay/KVMergeComm/snapshots/full_matched_budget_fairness_query_sketch/pair4_falcon3_7b_same/tmath/fairness_evict/evict_r0.35_0717_1551,nan,nan,,
pair4_falcon3_7b_same,tmath,fairness_evict,ValueNorm/Evict,,0.4,300,0.2908847366666667,0.4214250200000005,0.0014810187647489354,query_agnostic_kv_v1,bf16,/home/xay/KVMergeComm/snapshots/full_matched_budget_fairness_query_sketch/pair4_falcon3_7b_same/tmath/fairness_evict/evict_r0.40_0717_1610,nan,nan,,
pair4_falcon3_7b_same,tmath,fairness_evict,ValueNorm/Evict,,0.5,300,0.2964249033333333,0.5181497833333336,0.0018651021087263463,query_agnostic_kv_v1,bf16,/home/xay/KVMergeComm/snapshots/full_matched_budget_fairness_query_sketch/pair4_falcon3_7b_same/tmath/fairness_evict/evict_r0.50_0717_1629,nan,nan,,
pair4_falcon3_7b_same,tmath,fairness_evict,ValueNorm/Evict,,0.6,300,0.3022378533333334,0.61428933,0.0014810818340311282,query_agnostic_kv_v1,bf16,/home/xay/KVMergeComm/snapshots/full_matched_budget_fairness_query_sketch/pair4_falcon3_7b_same/tmath/fairness_evict/evict_r0.60_0717_1648,nan,nan,,
pair4_falcon3_7b_same,tmath,fairness_random,Random,,0.1,300,0.29003070333333353,0.1321553733333333,0.001422764197079237,query_agnostic_kv_v1,bf16,/home/xay/KVMergeComm/snapshots/full_matched_budget_fairness_query_sketch/pair4_falcon3_7b_same/tmath/fairness_random/random_r0.10_0717_1707,nan,nan,,
pair4_falcon3_7b_same,tmath,fairness_random,Random,,0.15,300,0.292883846666667,0.1801975366666666,0.0015308439325444824,query_agnostic_kv_v1,bf16,/home/xay/KVMergeComm/snapshots/full_matched_budget_fairness_query_sketch/pair4_falcon3_7b_same/tmath/fairness_random/random_r0.15_0717_1726,nan,nan,,
pair4_falcon3_7b_same,tmath,fairness_random,Random,,0.2,300,0.2936146833333335,0.2285831666666668,0.0014215883688761559,query_agnostic_kv_v1,bf16,/home/xay/KVMergeComm/snapshots/full_matched_budget_fairness_query_sketch/pair4_falcon3_7b_same/tmath/fairness_random/random_r0.20_0717_1745,nan,nan,,
pair4_falcon3_7b_same,tmath,fairness_random,Random,,0.25,300,0.29146548666666666,0.2769568799999999,0.0014493770656831956,query_agnostic_kv_v1,bf16,/home/xay/KVMergeComm/snapshots/full_matched_budget_fairness_query_sketch/pair4_falcon3_7b_same/tmath/fairness_random/random_r0.25_0717_1804,nan,nan,,
pair4_falcon3_7b_same,tmath,fairness_random,Random,,0.3,300,0.29239288999999985,0.32510229333333335,0.0014194910579149694,query_agnostic_kv_v1,bf16,/home/xay/KVMergeComm/snapshots/full_matched_budget_fairness_query_sketch/pair4_falcon3_7b_same/tmath/fairness_random/random_r0.30_0717_1822,nan,nan,,
pair4_falcon3_7b_same,tmath,fairness_random,Random,,0.35,300,0.29264620666666663,0.3733167833333332,0.0014430546810257465,query_agnostic_kv_v1,bf16,/home/xay/KVMergeComm/snapshots/full_matched_budget_fairness_query_sketch/pair4_falcon3_7b_same/tmath/fairness_random/random_r0.35_0717_1841,nan,nan,,
pair4_falcon3_7b_same,tmath,fairness_random,Random,,0.4,300,0.2933270099999998,0.4214250200000005,0.0014810187647489354,query_agnostic_kv_v1,bf16,/home/xay/KVMergeComm/snapshots/full_matched_budget_fairness_query_sketch/pair4_falcon3_7b_same/tmath/fairness_random/random_r0.40_0717_1900,nan,nan,,
pair4_falcon3_7b_same,tmath,fairness_random,Random,,0.5,300,0.29315871666666654,0.5181497833333336,0.0018651021087263463,query_agnostic_kv_v1,bf16,/home/xay/KVMergeComm/snapshots/full_matched_budget_fairness_query_sketch/pair4_falcon3_7b_same/tmath/fairness_random/random_r0.50_0717_1919,nan,nan,,
pair4_falcon3_7b_same,tmath,fairness_random,Random,,0.6,300,0.3034624799999998,0.61428933,0.0014810818340311282,query_agnostic_kv_v1,bf16,/home/xay/KVMergeComm/snapshots/full_matched_budget_fairness_query_sketch/pair4_falcon3_7b_same/tmath/fairness_random/random_r0.60_0717_1938,nan,nan,,
pair4_falcon3_7b_same,tmath,coverage,B-ReKV,8,,300,0.2966910866666668,0.2963569766666667,0.03018428592793586,query_sketch_bf16_v1,bf16,/home/xay/KVMergeComm/snapshots/full_matched_budget_fairness_query_sketch/pair4_falcon3_7b_same/tmath/coverage/cov_t0.95_s0.75_w8_0717_1957,0.9246389966666662,0.0016049366666666667,0.95,0.75
pair5_evolcodellama_toolace,countries,fairness_rekv,ReKV,8,0.1,200,0.005,0.20856508500000012,0.00828291617302881,query_sketch_bf16_v1,bf16,/home/xay/KVMergeComm/snapshots/full_matched_budget_fairness_query_sketch/pair5_evolcodellama_toolace/countries/fairness_rekv/rekv_w8_r0.10_0716_0257,nan,nan,,
pair5_evolcodellama_toolace,countries,fairness_rekv,ReKV,8,0.15,200,0.005,0.20871336500000012,0.007450543824323548,query_sketch_bf16_v1,bf16,/home/xay/KVMergeComm/snapshots/full_matched_budget_fairness_query_sketch/pair5_evolcodellama_toolace/countries/fairness_rekv/rekv_w8_r0.15_0716_0302,nan,nan,,
pair5_evolcodellama_toolace,countries,fairness_rekv,ReKV,8,0.2,200,0.065,0.2251524700000002,0.004318429613963131,query_sketch_bf16_v1,bf16,/home/xay/KVMergeComm/snapshots/full_matched_budget_fairness_query_sketch/pair5_evolcodellama_toolace/countries/fairness_rekv/rekv_w8_r0.20_0716_0303,nan,nan,,
pair5_evolcodellama_toolace,countries,fairness_rekv,ReKV,8,0.25,200,0.235,0.2736311349999994,0.0046418656898046815,query_sketch_bf16_v1,bf16,/home/xay/KVMergeComm/snapshots/full_matched_budget_fairness_query_sketch/pair5_evolcodellama_toolace/countries/fairness_rekv/rekv_w8_r0.25_0716_0304,nan,nan,,
pair5_evolcodellama_toolace,countries,fairness_rekv,ReKV,8,0.3,200,0.305,0.32352516999999986,0.004194313059525531,query_sketch_bf16_v1,bf16,/home/xay/KVMergeComm/snapshots/full_matched_budget_fairness_query_sketch/pair5_evolcodellama_toolace/countries/fairness_rekv/rekv_w8_r0.30_0716_0305,nan,nan,,
pair5_evolcodellama_toolace,countries,fairness_rekv,ReKV,8,0.35,200,0.44,0.36954349999999964,0.004070252915233862,query_sketch_bf16_v1,bf16,/home/xay/KVMergeComm/snapshots/full_matched_budget_fairness_query_sketch/pair5_evolcodellama_toolace/countries/fairness_rekv/rekv_w8_r0.35_0716_0306,nan,nan,,
pair5_evolcodellama_toolace,countries,fairness_rekv,ReKV,8,0.4,200,0.535,0.4190088500000003,0.004142787822494779,query_sketch_bf16_v1,bf16,/home/xay/KVMergeComm/snapshots/full_matched_budget_fairness_query_sketch/pair5_evolcodellama_toolace/countries/fairness_rekv/rekv_w8_r0.40_0716_0306,nan,nan,,
pair5_evolcodellama_toolace,countries,fairness_rekv,ReKV,8,0.5,200,0.595,0.516051925,0.005281976802684349,query_sketch_bf16_v1,bf16,/home/xay/KVMergeComm/snapshots/full_matched_budget_fairness_query_sketch/pair5_evolcodellama_toolace/countries/fairness_rekv/rekv_w8_r0.50_0716_0307,nan,nan,,
pair5_evolcodellama_toolace,countries,fairness_rekv,ReKV,8,0.6,200,0.59,0.6122411499999991,0.004142787822494778,query_sketch_bf16_v1,bf16,/home/xay/KVMergeComm/snapshots/full_matched_budget_fairness_query_sketch/pair5_evolcodellama_toolace/countries/fairness_rekv/rekv_w8_r0.60_0716_0308,nan,nan,,
pair5_evolcodellama_toolace,countries,fairness_evict,ValueNorm/Evict,,0.1,200,0.005,0.20856508500000012,0.00828291617302881,query_agnostic_kv_v1,bf16,/home/xay/KVMergeComm/snapshots/full_matched_budget_fairness_query_sketch/pair5_evolcodellama_toolace/countries/fairness_evict/evict_r0.10_0716_0309,nan,nan,,
pair5_evolcodellama_toolace,countries,fairness_evict,ValueNorm/Evict,,0.15,200,0.005,0.20871336500000012,0.007450543824323548,query_agnostic_kv_v1,bf16,/home/xay/KVMergeComm/snapshots/full_matched_budget_fairness_query_sketch/pair5_evolcodellama_toolace/countries/fairness_evict/evict_r0.15_0716_0310,nan,nan,,
pair5_evolcodellama_toolace,countries,fairness_evict,ValueNorm/Evict,,0.2,200,0.02,0.2251524700000002,0.004318429613963131,query_agnostic_kv_v1,bf16,/home/xay/KVMergeComm/snapshots/full_matched_budget_fairness_query_sketch/pair5_evolcodellama_toolace/countries/fairness_evict/evict_r0.20_0716_0310,nan,nan,,
pair5_evolcodellama_toolace,countries,fairness_evict,ValueNorm/Evict,,0.25,200,0.19,0.2736311349999994,0.0046418656898046815,query_agnostic_kv_v1,bf16,/home/xay/KVMergeComm/snapshots/full_matched_budget_fairness_query_sketch/pair5_evolcodellama_toolace/countries/fairness_evict/evict_r0.25_0716_0311,nan,nan,,
pair5_evolcodellama_toolace,countries,fairness_evict,ValueNorm/Evict,,0.3,200,0.27,0.32352516999999986,0.004194313059525531,query_agnostic_kv_v1,bf16,/home/xay/KVMergeComm/snapshots/full_matched_budget_fairness_query_sketch/pair5_evolcodellama_toolace/countries/fairness_evict/evict_r0.30_0716_0311,nan,nan,,
pair5_evolcodellama_toolace,countries,fairness_evict,ValueNorm/Evict,,0.35,200,0.355,0.36954349999999964,0.004070252915233862,query_agnostic_kv_v1,bf16,/home/xay/KVMergeComm/snapshots/full_matched_budget_fairness_query_sketch/pair5_evolcodellama_toolace/countries/fairness_evict/evict_r0.35_0716_0312,nan,nan,,
pair5_evolcodellama_toolace,countries,fairness_evict,ValueNorm/Evict,,0.4,200,0.505,0.4190088500000003,0.004142787822494779,query_agnostic_kv_v1,bf16,/home/xay/KVMergeComm/snapshots/full_matched_budget_fairness_query_sketch/pair5_evolcodellama_toolace/countries/fairness_evict/evict_r0.40_0716_0313,nan,nan,,
pair5_evolcodellama_toolace,countries,fairness_evict,ValueNorm/Evict,,0.5,200,0.56,0.516051925,0.005281976802684349,query_agnostic_kv_v1,bf16,/home/xay/KVMergeComm/snapshots/full_matched_budget_fairness_query_sketch/pair5_evolcodellama_toolace/countries/fairness_evict/evict_r0.50_0716_0313,nan,nan,,
pair5_evolcodellama_toolace,countries,fairness_evict,ValueNorm/Evict,,0.6,200,0.49,0.6122411499999991,0.004142787822494778,query_agnostic_kv_v1,bf16,/home/xay/KVMergeComm/snapshots/full_matched_budget_fairness_query_sketch/pair5_evolcodellama_toolace/countries/fairness_evict/evict_r0.60_0716_0314,nan,nan,,
pair5_evolcodellama_toolace,countries,fairness_random,Random,,0.1,200,0.005,0.20856508500000012,0.00828291617302881,query_agnostic_kv_v1,bf16,/home/xay/KVMergeComm/snapshots/full_matched_budget_fairness_query_sketch/pair5_evolcodellama_toolace/countries/fairness_random/random_r0.10_0716_0314,nan,nan,,
pair5_evolcodellama_toolace,countries,fairness_random,Random,,0.15,200,0.005,0.20871336500000012,0.007450543824323548,query_agnostic_kv_v1,bf16,/home/xay/KVMergeComm/snapshots/full_matched_budget_fairness_query_sketch/pair5_evolcodellama_toolace/countries/fairness_random/random_r0.15_0716_0315,nan,nan,,
pair5_evolcodellama_toolace,countries,fairness_random,Random,,0.2,200,0.01,0.2251524700000002,0.004318429613963131,query_agnostic_kv_v1,bf16,/home/xay/KVMergeComm/snapshots/full_matched_budget_fairness_query_sketch/pair5_evolcodellama_toolace/countries/fairness_random/random_r0.20_0716_0316,nan,nan,,
pair5_evolcodellama_toolace,countries,fairness_random,Random,,0.25,200,0.015,0.2736311349999994,0.0046418656898046815,query_agnostic_kv_v1,bf16,/home/xay/KVMergeComm/snapshots/full_matched_budget_fairness_query_sketch/pair5_evolcodellama_toolace/countries/fairness_random/random_r0.25_0716_0316,nan,nan,,
pair5_evolcodellama_toolace,countries,fairness_random,Random,,0.3,200,0.05,0.32352516999999986,0.004194313059525531,query_agnostic_kv_v1,bf16,/home/xay/KVMergeComm/snapshots/full_matched_budget_fairness_query_sketch/pair5_evolcodellama_toolace/countries/fairness_random/random_r0.30_0716_0317,nan,nan,,
pair5_evolcodellama_toolace,countries,fairness_random,Random,,0.35,200,0.095,0.36954349999999964,0.004070252915233862,query_agnostic_kv_v1,bf16,/home/xay/KVMergeComm/snapshots/full_matched_budget_fairness_query_sketch/pair5_evolcodellama_toolace/countries/fairness_random/random_r0.35_0716_0318,nan,nan,,
pair5_evolcodellama_toolace,countries,fairness_random,Random,,0.4,200,0.145,0.4190088500000003,0.004142787822494779,query_agnostic_kv_v1,bf16,/home/xay/KVMergeComm/snapshots/full_matched_budget_fairness_query_sketch/pair5_evolcodellama_toolace/countries/fairness_random/random_r0.40_0716_0318,nan,nan,,
pair5_evolcodellama_toolace,countries,fairness_random,Random,,0.5,200,0.34,0.516051925,0.005281976802684349,query_agnostic_kv_v1,bf16,/home/xay/KVMergeComm/snapshots/full_matched_budget_fairness_query_sketch/pair5_evolcodellama_toolace/countries/fairness_random/random_r0.50_0716_0319,nan,nan,,
pair5_evolcodellama_toolace,countries,fairness_random,Random,,0.6,200,0.405,0.6122411499999991,0.004142787822494778,query_agnostic_kv_v1,bf16,/home/xay/KVMergeComm/snapshots/full_matched_budget_fairness_query_sketch/pair5_evolcodellama_toolace/countries/fairness_random/random_r0.60_0716_0319,nan,nan,,
pair5_evolcodellama_toolace,countries,coverage,B-ReKV,8,,200,0.27,0.29510624999999996,0.005018644476290088,query_sketch_bf16_v1,bf16,/home/xay/KVMergeComm/snapshots/full_matched_budget_fairness_query_sketch/pair5_evolcodellama_toolace/countries/coverage/cov_t0.95_s0.75_w8_0716_0320,0.9163835299999998,0.0643547099999998,0.95,0.75
pair5_evolcodellama_toolace,hotpotqa,fairness_rekv,ReKV,8,0.1,500,0.07,0.131731468,0.007852367843298534,query_sketch_bf16_v1,bf16,/home/xay/KVMergeComm/snapshots/full_matched_budget_fairness_query_sketch/pair5_evolcodellama_toolace/hotpotqa/fairness_rekv/rekv_w8_r0.10_0716_0321,nan,nan,,
pair5_evolcodellama_toolace,hotpotqa,fairness_rekv,ReKV,8,0.15,500,0.26,0.17648963400000012,0.0021757624365736253,query_sketch_bf16_v1,bf16,/home/xay/KVMergeComm/snapshots/full_matched_budget_fairness_query_sketch/pair5_evolcodellama_toolace/hotpotqa/fairness_rekv/rekv_w8_r0.15_0716_0325,nan,nan,,
pair5_evolcodellama_toolace,hotpotqa,fairness_rekv,ReKV,8,0.2,500,0.392,0.22499850799999954,0.002044124704010761,query_sketch_bf16_v1,bf16,/home/xay/KVMergeComm/snapshots/full_matched_budget_fairness_query_sketch/pair5_evolcodellama_toolace/hotpotqa/fairness_rekv/rekv_w8_r0.20_0716_0328,nan,nan,,
pair5_evolcodellama_toolace,hotpotqa,fairness_rekv,ReKV,8,0.25,500,0.448,0.2736553139999998,0.0022039953726378817,query_sketch_bf16_v1,bf16,/home/xay/KVMergeComm/snapshots/full_matched_budget_fairness_query_sketch/pair5_evolcodellama_toolace/hotpotqa/fairness_rekv/rekv_w8_r0.25_0716_0331,nan,nan,,
pair5_evolcodellama_toolace,hotpotqa,fairness_rekv,ReKV,8,0.3,500,0.47,0.3219835499999998,0.002114029949825103,query_sketch_bf16_v1,bf16,/home/xay/KVMergeComm/snapshots/full_matched_budget_fairness_query_sketch/pair5_evolcodellama_toolace/hotpotqa/fairness_rekv/rekv_w8_r0.30_0716_0333,nan,nan,,
pair5_evolcodellama_toolace,hotpotqa,fairness_rekv,ReKV,8,0.35,500,0.522,0.3703660780000002,0.002187033183151188,query_sketch_bf16_v1,bf16,/home/xay/KVMergeComm/snapshots/full_matched_budget_fairness_query_sketch/pair5_evolcodellama_toolace/hotpotqa/fairness_rekv/rekv_w8_r0.35_0716_0336,nan,nan,,
pair5_evolcodellama_toolace,hotpotqa,fairness_rekv,ReKV,8,0.4,500,0.558,0.4186180339999993,0.0020998723266953253,query_sketch_bf16_v1,bf16,/home/xay/KVMergeComm/snapshots/full_matched_budget_fairness_query_sketch/pair5_evolcodellama_toolace/hotpotqa/fairness_rekv/rekv_w8_r0.40_0716_0338,nan,nan,,
pair5_evolcodellama_toolace,hotpotqa,fairness_rekv,ReKV,8,0.5,500,0.596,0.5157921900000002,0.0026760725098651738,query_sketch_bf16_v1,bf16,/home/xay/KVMergeComm/snapshots/full_matched_budget_fairness_query_sketch/pair5_evolcodellama_toolace/hotpotqa/fairness_rekv/rekv_w8_r0.50_0716_0340,nan,nan,,
pair5_evolcodellama_toolace,hotpotqa,fairness_rekv,ReKV,8,0.6,500,0.608,0.6126319660000008,0.002099872326695317,query_sketch_bf16_v1,bf16,/home/xay/KVMergeComm/snapshots/full_matched_budget_fairness_query_sketch/pair5_evolcodellama_toolace/hotpotqa/fairness_rekv/rekv_w8_r0.60_0716_0343,nan,nan,,
pair5_evolcodellama_toolace,hotpotqa,fairness_evict,ValueNorm/Evict,,0.1,500,0.05,0.131731468,0.007852367843298534,query_agnostic_kv_v1,bf16,/home/xay/KVMergeComm/snapshots/full_matched_budget_fairness_query_sketch/pair5_evolcodellama_toolace/hotpotqa/fairness_evict/evict_r0.10_0716_0345,nan,nan,,
pair5_evolcodellama_toolace,hotpotqa,fairness_evict,ValueNorm/Evict,,0.15,500,0.172,0.17648963400000012,0.0021757624365736253,query_agnostic_kv_v1,bf16,/home/xay/KVMergeComm/snapshots/full_matched_budget_fairness_query_sketch/pair5_evolcodellama_toolace/hotpotqa/fairness_evict/evict_r0.15_0716_0349,nan,nan,,
pair5_evolcodellama_toolace,hotpotqa,fairness_evict,ValueNorm/Evict,,0.2,500,0.266,0.22499850799999954,0.002044124704010761,query_agnostic_kv_v1,bf16,/home/xay/KVMergeComm/snapshots/full_matched_budget_fairness_query_sketch/pair5_evolcodellama_toolace/hotpotqa/fairness_evict/evict_r0.20_0716_0352,nan,nan,,
pair5_evolcodellama_toolace,hotpotqa,fairness_evict,ValueNorm/Evict,,0.25,500,0.302,0.2736553139999998,0.0022039953726378817,query_agnostic_kv_v1,bf16,/home/xay/KVMergeComm/snapshots/full_matched_budget_fairness_query_sketch/pair5_evolcodellama_toolace/hotpotqa/fairness_evict/evict_r0.25_0716_0355,nan,nan,,
pair5_evolcodellama_toolace,hotpotqa,fairness_evict,ValueNorm/Evict,,0.3,500,0.36,0.3219835499999998,0.002114029949825103,query_agnostic_kv_v1,bf16,/home/xay/KVMergeComm/snapshots/full_matched_budget_fairness_query_sketch/pair5_evolcodellama_toolace/hotpotqa/fairness_evict/evict_r0.30_0716_0357,nan,nan,,
pair5_evolcodellama_toolace,hotpotqa,fairness_evict,ValueNorm/Evict,,0.35,500,0.422,0.3703660780000002,0.002187033183151188,query_agnostic_kv_v1,bf16,/home/xay/KVMergeComm/snapshots/full_matched_budget_fairness_query_sketch/pair5_evolcodellama_toolace/hotpotqa/fairness_evict/evict_r0.35_0716_0400,nan,nan,,
pair5_evolcodellama_toolace,hotpotqa,fairness_evict,ValueNorm/Evict,,0.4,500,0.472,0.4186180339999993,0.0020998723266953253,query_agnostic_kv_v1,bf16,/home/xay/KVMergeComm/snapshots/full_matched_budget_fairness_query_sketch/pair5_evolcodellama_toolace/hotpotqa/fairness_evict/evict_r0.40_0716_0402,nan,nan,,
pair5_evolcodellama_toolace,hotpotqa,fairness_evict,ValueNorm/Evict,,0.5,500,0.536,0.5157921900000002,0.0026760725098651738,query_agnostic_kv_v1,bf16,/home/xay/KVMergeComm/snapshots/full_matched_budget_fairness_query_sketch/pair5_evolcodellama_toolace/hotpotqa/fairness_evict/evict_r0.50_0716_0404,nan,nan,,
pair5_evolcodellama_toolace,hotpotqa,fairness_evict,ValueNorm/Evict,,0.6,500,0.566,0.6126319660000008,0.002099872326695317,query_agnostic_kv_v1,bf16,/home/xay/KVMergeComm/snapshots/full_matched_budget_fairness_query_sketch/pair5_evolcodellama_toolace/hotpotqa/fairness_evict/evict_r0.60_0716_0406,nan,nan,,
pair5_evolcodellama_toolace,hotpotqa,fairness_random,Random,,0.1,500,0.032,0.131731468,0.007852367843298534,query_agnostic_kv_v1,bf16,/home/xay/KVMergeComm/snapshots/full_matched_budget_fairness_query_sketch/pair5_evolcodellama_toolace/hotpotqa/fairness_random/random_r0.10_0716_0408,nan,nan,,
pair5_evolcodellama_toolace,hotpotqa,fairness_random,Random,,0.15,500,0.05,0.17648963400000012,0.0021757624365736253,query_agnostic_kv_v1,bf16,/home/xay/KVMergeComm/snapshots/full_matched_budget_fairness_query_sketch/pair5_evolcodellama_toolace/hotpotqa/fairness_random/random_r0.15_0716_0412,nan,nan,,
pair5_evolcodellama_toolace,hotpotqa,fairness_random,Random,,0.2,500,0.086,0.22499850799999954,0.002044124704010761,query_agnostic_kv_v1,bf16,/home/xay/KVMergeComm/snapshots/full_matched_budget_fairness_query_sketch/pair5_evolcodellama_toolace/hotpotqa/fairness_random/random_r0.20_0716_0416,nan,nan,,
pair5_evolcodellama_toolace,hotpotqa,fairness_random,Random,,0.25,500,0.12,0.2736553139999998,0.0022039953726378817,query_agnostic_kv_v1,bf16,/home/xay/KVMergeComm/snapshots/full_matched_budget_fairness_query_sketch/pair5_evolcodellama_toolace/hotpotqa/fairness_random/random_r0.25_0716_0420,nan,nan,,
pair5_evolcodellama_toolace,hotpotqa,fairness_random,Random,,0.3,500,0.184,0.3219835499999998,0.002114029949825103,query_agnostic_kv_v1,bf16,/home/xay/KVMergeComm/snapshots/full_matched_budget_fairness_query_sketch/pair5_evolcodellama_toolace/hotpotqa/fairness_random/random_r0.30_0716_0424,nan,nan,,
pair5_evolcodellama_toolace,hotpotqa,fairness_random,Random,,0.35,500,0.244,0.3703660780000002,0.002187033183151188,query_agnostic_kv_v1,bf16,/home/xay/KVMergeComm/snapshots/full_matched_budget_fairness_query_sketch/pair5_evolcodellama_toolace/hotpotqa/fairness_random/random_r0.35_0716_0506,nan,nan,,
pair5_evolcodellama_toolace,hotpotqa,fairness_random,Random,,0.4,500,0.296,0.4186180339999993,0.0020998723266953253,query_agnostic_kv_v1,bf16,/home/xay/KVMergeComm/snapshots/full_matched_budget_fairness_query_sketch/pair5_evolcodellama_toolace/hotpotqa/fairness_random/random_r0.40_0716_0533,nan,nan,,
pair5_evolcodellama_toolace,hotpotqa,fairness_random,Random,,0.5,500,0.398,0.5157921900000002,0.0026760725098651738,query_agnostic_kv_v1,bf16,/home/xay/KVMergeComm/snapshots/full_matched_budget_fairness_query_sketch/pair5_evolcodellama_toolace/hotpotqa/fairness_random/random_r0.50_0716_0536,nan,nan,,
pair5_evolcodellama_toolace,hotpotqa,fairness_random,Random,,0.6,500,0.5,0.6126319660000008,0.002099872326695317,query_agnostic_kv_v1,bf16,/home/xay/KVMergeComm/snapshots/full_matched_budget_fairness_query_sketch/pair5_evolcodellama_toolace/hotpotqa/fairness_random/random_r0.60_0716_0539,nan,nan,,
pair5_evolcodellama_toolace,hotpotqa,coverage,B-ReKV,8,,500,0.41,0.28858004399999987,0.020178375640398677,query_sketch_bf16_v1,bf16,/home/xay/KVMergeComm/snapshots/full_matched_budget_fairness_query_sketch/pair5_evolcodellama_toolace/hotpotqa/coverage/cov_t0.95_s0.75_w8_0716_0541,0.925110018,0.009999979999999985,0.95,0.75
pair5_evolcodellama_toolace,musique,fairness_rekv,ReKV,8,0.1,500,0.114,0.12814802999999966,0.0009516197209424439,query_sketch_bf16_v1,bf16,/home/xay/KVMergeComm/snapshots/full_matched_budget_fairness_query_sketch/pair5_evolcodellama_toolace/musique/fairness_rekv/rekv_w8_r0.10_0716_0545,nan,nan,,
pair5_evolcodellama_toolace,musique,fairness_rekv,ReKV,8,0.15,500,0.18,0.17657937200000004,0.0009425887612111245,query_sketch_bf16_v1,bf16,/home/xay/KVMergeComm/snapshots/full_matched_budget_fairness_query_sketch/pair5_evolcodellama_toolace/musique/fairness_rekv/rekv_w8_r0.15_0716_0548,nan,nan,,
pair5_evolcodellama_toolace,musique,fairness_rekv,ReKV,8,0.2,500,0.21,0.2250570639999994,0.0009118798965848483,query_sketch_bf16_v1,bf16,/home/xay/KVMergeComm/snapshots/full_matched_budget_fairness_query_sketch/pair5_evolcodellama_toolace/musique/fairness_rekv/rekv_w8_r0.20_0716_0552,nan,nan,,
pair5_evolcodellama_toolace,musique,fairness_rekv,ReKV,8,0.25,500,0.254,0.2734137259999997,0.0010354463468468065,query_sketch_bf16_v1,bf16,/home/xay/KVMergeComm/snapshots/full_matched_budget_fairness_query_sketch/pair5_evolcodellama_toolace/musique/fairness_rekv/rekv_w8_r0.25_0716_0555,nan,nan,,
pair5_evolcodellama_toolace,musique,fairness_rekv,ReKV,8,0.3,500,0.28,0.32183868800000015,0.0009662537219417743,query_sketch_bf16_v1,bf16,/home/xay/KVMergeComm/snapshots/full_matched_budget_fairness_query_sketch/pair5_evolcodellama_toolace/musique/fairness_rekv/rekv_w8_r0.30_0716_0612,nan,nan,,
pair5_evolcodellama_toolace,musique,fairness_rekv,ReKV,8,0.35,500,0.266,0.3703794499999999,0.0009578666946446259,query_sketch_bf16_v1,bf16,/home/xay/KVMergeComm/snapshots/full_matched_budget_fairness_query_sketch/pair5_evolcodellama_toolace/musique/fairness_rekv/rekv_w8_r0.35_0716_0615,nan,nan,,
pair5_evolcodellama_toolace,musique,fairness_rekv,ReKV,8,0.4,500,0.294,0.4187544699999994,0.0009478268980977037,query_sketch_bf16_v1,bf16,/home/xay/KVMergeComm/snapshots/full_matched_budget_fairness_query_sketch/pair5_evolcodellama_toolace/musique/fairness_rekv/rekv_w8_r0.40_0716_0618,nan,nan,,
pair5_evolcodellama_toolace,musique,fairness_rekv,ReKV,8,0.5,500,0.31,0.515677124,0.001108104073586865,query_sketch_bf16_v1,bf16,/home/xay/KVMergeComm/snapshots/full_matched_budget_fairness_query_sketch/pair5_evolcodellama_toolace/musique/fairness_rekv/rekv_w8_r0.50_0716_0621,nan,nan,,
pair5_evolcodellama_toolace,musique,fairness_rekv,ReKV,8,0.6,500,0.338,0.6124955300000012,0.0009478268980976998,query_sketch_bf16_v1,bf16,/home/xay/KVMergeComm/snapshots/full_matched_budget_fairness_query_sketch/pair5_evolcodellama_toolace/musique/fairness_rekv/rekv_w8_r0.60_0716_0624,nan,nan,,
pair5_evolcodellama_toolace,musique,fairness_evict,ValueNorm/Evict,,0.1,500,0.05,0.12814802999999966,0.0009516197209424439,query_agnostic_kv_v1,bf16,/home/xay/KVMergeComm/snapshots/full_matched_budget_fairness_query_sketch/pair5_evolcodellama_toolace/musique/fairness_evict/evict_r0.10_0716_0627,nan,nan,,
pair5_evolcodellama_toolace,musique,fairness_evict,ValueNorm/Evict,,0.15,500,0.09,0.17657937200000004,0.0009425887612111245,query_agnostic_kv_v1,bf16,/home/xay/KVMergeComm/snapshots/full_matched_budget_fairness_query_sketch/pair5_evolcodellama_toolace/musique/fairness_evict/evict_r0.15_0716_0631,nan,nan,,
pair5_evolcodellama_toolace,musique,fairness_evict,ValueNorm/Evict,,0.2,500,0.11,0.2250570639999994,0.0009118798965848483,query_agnostic_kv_v1,bf16,/home/xay/KVMergeComm/snapshots/full_matched_budget_fairness_query_sketch/pair5_evolcodellama_toolace/musique/fairness_evict/evict_r0.20_0716_0634,nan,nan,,
pair5_evolcodellama_toolace,musique,fairness_evict,ValueNorm/Evict,,0.25,500,0.126,0.2734137259999997,0.0010354463468468065,query_agnostic_kv_v1,bf16,/home/xay/KVMergeComm/snapshots/full_matched_budget_fairness_query_sketch/pair5_evolcodellama_toolace/musique/fairness_evict/evict_r0.25_0716_0638,nan,nan,,
pair5_evolcodellama_toolace,musique,fairness_evict,ValueNorm/Evict,,0.3,500,0.164,0.32183868800000015,0.0009662537219417743,query_agnostic_kv_v1,bf16,/home/xay/KVMergeComm/snapshots/full_matched_budget_fairness_query_sketch/pair5_evolcodellama_toolace/musique/fairness_evict/evict_r0.30_0716_0641,nan,nan,,
pair5_evolcodellama_toolace,musique,fairness_evict,ValueNorm/Evict,,0.35,500,0.19,0.3703794499999999,0.0009578666946446259,query_agnostic_kv_v1,bf16,/home/xay/KVMergeComm/snapshots/full_matched_budget_fairness_query_sketch/pair5_evolcodellama_toolace/musique/fairness_evict/evict_r0.35_0716_0647,nan,nan,,
pair5_evolcodellama_toolace,musique,fairness_evict,ValueNorm/Evict,,0.4,500,0.194,0.4187544699999994,0.0009478268980977037,query_agnostic_kv_v1,bf16,/home/xay/KVMergeComm/snapshots/full_matched_budget_fairness_query_sketch/pair5_evolcodellama_toolace/musique/fairness_evict/evict_r0.40_0716_0650,nan,nan,,
pair5_evolcodellama_toolace,musique,fairness_evict,ValueNorm/Evict,,0.5,500,0.27,0.515677124,0.001108104073586865,query_agnostic_kv_v1,bf16,/home/xay/KVMergeComm/snapshots/full_matched_budget_fairness_query_sketch/pair5_evolcodellama_toolace/musique/fairness_evict/evict_r0.50_0716_0653,nan,nan,,
pair5_evolcodellama_toolace,musique,fairness_evict,ValueNorm/Evict,,0.6,500,0.31,0.6124955300000012,0.0009478268980976998,query_agnostic_kv_v1,bf16,/home/xay/KVMergeComm/snapshots/full_matched_budget_fairness_query_sketch/pair5_evolcodellama_toolace/musique/fairness_evict/evict_r0.60_0716_0656,nan,nan,,
pair5_evolcodellama_toolace,musique,fairness_random,Random,,0.1,500,0.014,0.12814802999999966,0.0009516197209424439,query_agnostic_kv_v1,bf16,/home/xay/KVMergeComm/snapshots/full_matched_budget_fairness_query_sketch/pair5_evolcodellama_toolace/musique/fairness_random/random_r0.10_0716_0701,nan,nan,,
pair5_evolcodellama_toolace,musique,fairness_random,Random,,0.15,500,0.024,0.17657937200000004,0.0009425887612111245,query_agnostic_kv_v1,bf16,/home/xay/KVMergeComm/snapshots/full_matched_budget_fairness_query_sketch/pair5_evolcodellama_toolace/musique/fairness_random/random_r0.15_0716_0707,nan,nan,,
pair5_evolcodellama_toolace,musique,fairness_random,Random,,0.2,500,0.036,0.2250570639999994,0.0009118798965848483,query_agnostic_kv_v1,bf16,/home/xay/KVMergeComm/snapshots/full_matched_budget_fairness_query_sketch/pair5_evolcodellama_toolace/musique/fairness_random/random_r0.20_0716_0711,nan,nan,,
pair5_evolcodellama_toolace,musique,fairness_random,Random,,0.25,500,0.062,0.2734137259999997,0.0010354463468468065,query_agnostic_kv_v1,bf16,/home/xay/KVMergeComm/snapshots/full_matched_budget_fairness_query_sketch/pair5_evolcodellama_toolace/musique/fairness_random/random_r0.25_0716_0715,nan,nan,,
pair5_evolcodellama_toolace,musique,fairness_random,Random,,0.3,500,0.098,0.32183868800000015,0.0009662537219417743,query_agnostic_kv_v1,bf16,/home/xay/KVMergeComm/snapshots/full_matched_budget_fairness_query_sketch/pair5_evolcodellama_toolace/musique/fairness_random/random_r0.30_0716_0719,nan,nan,,
pair5_evolcodellama_toolace,musique,fairness_random,Random,,0.35,500,0.11,0.3703794499999999,0.0009578666946446259,query_agnostic_kv_v1,bf16,/home/xay/KVMergeComm/snapshots/full_matched_budget_fairness_query_sketch/pair5_evolcodellama_toolace/musique/fairness_random/random_r0.35_0716_0723,nan,nan,,
pair5_evolcodellama_toolace,musique,fairness_random,Random,,0.4,500,0.144,0.4187544699999994,0.0009478268980977037,query_agnostic_kv_v1,bf16,/home/xay/KVMergeComm/snapshots/full_matched_budget_fairness_query_sketch/pair5_evolcodellama_toolace/musique/fairness_random/random_r0.40_0716_0727,nan,nan,,
pair5_evolcodellama_toolace,musique,fairness_random,Random,,0.5,500,0.182,0.515677124,0.001108104073586865,query_agnostic_kv_v1,bf16,/home/xay/KVMergeComm/snapshots/full_matched_budget_fairness_query_sketch/pair5_evolcodellama_toolace/musique/fairness_random/random_r0.50_0716_0730,nan,nan,,
pair5_evolcodellama_toolace,musique,fairness_random,Random,,0.6,500,0.226,0.6124955300000012,0.0009478268980976998,query_agnostic_kv_v1,bf16,/home/xay/KVMergeComm/snapshots/full_matched_budget_fairness_query_sketch/pair5_evolcodellama_toolace/musique/fairness_random/random_r0.60_0716_0734,nan,nan,,
pair5_evolcodellama_toolace,musique,coverage,B-ReKV,8,,500,0.25,0.3020290919999999,0.024900072996318308,query_sketch_bf16_v1,bf16,/home/xay/KVMergeComm/snapshots/full_matched_budget_fairness_query_sketch/pair5_evolcodellama_toolace/musique/coverage/cov_t0.95_s0.75_w8_0716_0737,0.9284500559999993,0.0024516079999999992,0.95,0.75
pair5_evolcodellama_toolace,twowikimqa,fairness_rekv,ReKV,8,0.1,200,0.305,0.12813062500000003,6.234701376672487e-05,query_sketch_bf16_v1,bf16,/home/xay/KVMergeComm/snapshots/full_matched_budget_fairness_query_sketch/pair5_evolcodellama_toolace/twowikimqa/fairness_rekv/rekv_w8_r0.10_0716_0740,nan,nan,,
pair5_evolcodellama_toolace,twowikimqa,fairness_rekv,ReKV,8,0.15,200,0.36,0.17656473500000003,7.055013381921867e-05,query_sketch_bf16_v1,bf16,/home/xay/KVMergeComm/snapshots/full_matched_budget_fairness_query_sketch/pair5_evolcodellama_toolace/twowikimqa/fairness_rekv/rekv_w8_r0.15_0716_0742,nan,nan,,
pair5_evolcodellama_toolace,twowikimqa,fairness_rekv,ReKV,8,0.2,200,0.35,0.2249944400000001,6.593080276903025e-05,query_sketch_bf16_v1,bf16,/home/xay/KVMergeComm/snapshots/full_matched_budget_fairness_query_sketch/pair5_evolcodellama_toolace/twowikimqa/fairness_rekv/rekv_w8_r0.20_0716_0745,nan,nan,,
pair5_evolcodellama_toolace,twowikimqa,fairness_rekv,ReKV,8,0.25,200,0.34,0.2734358549999996,6.459307471786327e-05,query_sketch_bf16_v1,bf16,/home/xay/KVMergeComm/snapshots/full_matched_budget_fairness_query_sketch/pair5_evolcodellama_toolace/twowikimqa/fairness_rekv/rekv_w8_r0.25_0716_0747,nan,nan,,
pair5_evolcodellama_toolace,twowikimqa,fairness_rekv,ReKV,8,0.3,200,0.33,0.32187672000000006,5.251390435640713e-05,query_sketch_bf16_v1,bf16,/home/xay/KVMergeComm/snapshots/full_matched_budget_fairness_query_sketch/pair5_evolcodellama_toolace/twowikimqa/fairness_rekv/rekv_w8_r0.30_0716_0750,nan,nan,,
pair5_evolcodellama_toolace,twowikimqa,fairness_rekv,ReKV,8,0.35,200,0.36,0.3703149049999999,5.402610549888653e-05,query_sketch_bf16_v1,bf16,/home/xay/KVMergeComm/snapshots/full_matched_budget_fairness_query_sketch/pair5_evolcodellama_toolace/twowikimqa/fairness_rekv/rekv_w8_r0.35_0716_0752,nan,nan,,
pair5_evolcodellama_toolace,twowikimqa,fairness_rekv,ReKV,8,0.4,200,0.35,0.4187554450000002,5.786943348312912e-05,query_sketch_bf16_v1,bf16,/home/xay/KVMergeComm/snapshots/full_matched_budget_fairness_query_sketch/pair5_evolcodellama_toolace/twowikimqa/fairness_rekv/rekv_w8_r0.40_0716_0755,nan,nan,,
pair5_evolcodellama_toolace,twowikimqa,fairness_rekv,ReKV,8,0.5,200,0.35,0.5156160900000001,8.001339021104892e-05,query_sketch_bf16_v1,bf16,/home/xay/KVMergeComm/snapshots/full_matched_budget_fairness_query_sketch/pair5_evolcodellama_toolace/twowikimqa/fairness_rekv/rekv_w8_r0.50_0716_0757,nan,nan,,
pair5_evolcodellama_toolace,twowikimqa,fairness_rekv,ReKV,8,0.6,200,0.39,0.6124945549999999,5.78694334831337e-05,query_sketch_bf16_v1,bf16,/home/xay/KVMergeComm/snapshots/full_matched_budget_fairness_query_sketch/pair5_evolcodellama_toolace/twowikimqa/fairness_rekv/rekv_w8_r0.60_0716_0800,nan,nan,,
pair5_evolcodellama_toolace,twowikimqa,fairness_evict,ValueNorm/Evict,,0.1,200,0.135,0.12813062500000003,6.234701376672487e-05,query_agnostic_kv_v1,bf16,/home/xay/KVMergeComm/snapshots/full_matched_budget_fairness_query_sketch/pair5_evolcodellama_toolace/twowikimqa/fairness_evict/evict_r0.10_0716_0802,nan,nan,,
pair5_evolcodellama_toolace,twowikimqa,fairness_evict,ValueNorm/Evict,,0.15,200,0.2,0.17656473500000003,7.055013381921867e-05,query_agnostic_kv_v1,bf16,/home/xay/KVMergeComm/snapshots/full_matched_budget_fairness_query_sketch/pair5_evolcodellama_toolace/twowikimqa/fairness_evict/evict_r0.15_0716_0805,nan,nan,,
pair5_evolcodellama_toolace,twowikimqa,fairness_evict,ValueNorm/Evict,,0.2,200,0.24,0.2249944400000001,6.593080276903025e-05,query_agnostic_kv_v1,bf16,/home/xay/KVMergeComm/snapshots/full_matched_budget_fairness_query_sketch/pair5_evolcodellama_toolace/twowikimqa/fairness_evict/evict_r0.20_0716_0807,nan,nan,,
pair5_evolcodellama_toolace,twowikimqa,fairness_evict,ValueNorm/Evict,,0.25,200,0.255,0.2734358549999996,6.459307471786327e-05,query_agnostic_kv_v1,bf16,/home/xay/KVMergeComm/snapshots/full_matched_budget_fairness_query_sketch/pair5_evolcodellama_toolace/twowikimqa/fairness_evict/evict_r0.25_0716_0810,nan,nan,,
pair5_evolcodellama_toolace,twowikimqa,fairness_evict,ValueNorm/Evict,,0.3,200,0.285,0.32187672000000006,5.251390435640713e-05,query_agnostic_kv_v1,bf16,/home/xay/KVMergeComm/snapshots/full_matched_budget_fairness_query_sketch/pair5_evolcodellama_toolace/twowikimqa/fairness_evict/evict_r0.30_0716_0812,nan,nan,,
pair5_evolcodellama_toolace,twowikimqa,fairness_evict,ValueNorm/Evict,,0.35,200,0.28,0.3703149049999999,5.402610549888653e-05,query_agnostic_kv_v1,bf16,/home/xay/KVMergeComm/snapshots/full_matched_budget_fairness_query_sketch/pair5_evolcodellama_toolace/twowikimqa/fairness_evict/evict_r0.35_0716_0815,nan,nan,,
pair5_evolcodellama_toolace,twowikimqa,fairness_evict,ValueNorm/Evict,,0.4,200,0.325,0.4187554450000002,5.786943348312912e-05,query_agnostic_kv_v1,bf16,/home/xay/KVMergeComm/snapshots/full_matched_budget_fairness_query_sketch/pair5_evolcodellama_toolace/twowikimqa/fairness_evict/evict_r0.40_0716_0817,nan,nan,,
pair5_evolcodellama_toolace,twowikimqa,fairness_evict,ValueNorm/Evict,,0.5,200,0.38,0.5156160900000001,8.001339021104892e-05,query_agnostic_kv_v1,bf16,/home/xay/KVMergeComm/snapshots/full_matched_budget_fairness_query_sketch/pair5_evolcodellama_toolace/twowikimqa/fairness_evict/evict_r0.50_0716_0819,nan,nan,,
pair5_evolcodellama_toolace,twowikimqa,fairness_evict,ValueNorm/Evict,,0.6,200,0.37,0.6124945549999999,5.78694334831337e-05,query_agnostic_kv_v1,bf16,/home/xay/KVMergeComm/snapshots/full_matched_budget_fairness_query_sketch/pair5_evolcodellama_toolace/twowikimqa/fairness_evict/evict_r0.60_0716_0822,nan,nan,,
pair5_evolcodellama_toolace,twowikimqa,fairness_random,Random,,0.1,200,0.095,0.12813062500000003,6.234701376672487e-05,query_agnostic_kv_v1,bf16,/home/xay/KVMergeComm/snapshots/full_matched_budget_fairness_query_sketch/pair5_evolcodellama_toolace/twowikimqa/fairness_random/random_r0.10_0716_0824,nan,nan,,
pair5_evolcodellama_toolace,twowikimqa,fairness_random,Random,,0.15,200,0.14,0.17656473500000003,7.055013381921867e-05,query_agnostic_kv_v1,bf16,/home/xay/KVMergeComm/snapshots/full_matched_budget_fairness_query_sketch/pair5_evolcodellama_toolace/twowikimqa/fairness_random/random_r0.15_0716_0827,nan,nan,,
pair5_evolcodellama_toolace,twowikimqa,fairness_random,Random,,0.2,200,0.17,0.2249944400000001,6.593080276903025e-05,query_agnostic_kv_v1,bf16,/home/xay/KVMergeComm/snapshots/full_matched_budget_fairness_query_sketch/pair5_evolcodellama_toolace/twowikimqa/fairness_random/random_r0.20_0716_0829,nan,nan,,
pair5_evolcodellama_toolace,twowikimqa,fairness_random,Random,,0.25,200,0.2,0.2734358549999996,6.459307471786327e-05,query_agnostic_kv_v1,bf16,/home/xay/KVMergeComm/snapshots/full_matched_budget_fairness_query_sketch/pair5_evolcodellama_toolace/twowikimqa/fairness_random/random_r0.25_0716_0832,nan,nan,,
pair5_evolcodellama_toolace,twowikimqa,fairness_random,Random,,0.3,200,0.23,0.32187672000000006,5.251390435640713e-05,query_agnostic_kv_v1,bf16,/home/xay/KVMergeComm/snapshots/full_matched_budget_fairness_query_sketch/pair5_evolcodellama_toolace/twowikimqa/fairness_random/random_r0.30_0716_0834,nan,nan,,
pair5_evolcodellama_toolace,twowikimqa,fairness_random,Random,,0.35,200,0.24,0.3703149049999999,5.402610549888653e-05,query_agnostic_kv_v1,bf16,/home/xay/KVMergeComm/snapshots/full_matched_budget_fairness_query_sketch/pair5_evolcodellama_toolace/twowikimqa/fairness_random/random_r0.35_0716_0837,nan,nan,,
pair5_evolcodellama_toolace,twowikimqa,fairness_random,Random,,0.4,200,0.245,0.4187554450000002,5.786943348312912e-05,query_agnostic_kv_v1,bf16,/home/xay/KVMergeComm/snapshots/full_matched_budget_fairness_query_sketch/pair5_evolcodellama_toolace/twowikimqa/fairness_random/random_r0.40_0716_0839,nan,nan,,
pair5_evolcodellama_toolace,twowikimqa,fairness_random,Random,,0.5,200,0.31,0.5156160900000001,8.001339021104892e-05,query_agnostic_kv_v1,bf16,/home/xay/KVMergeComm/snapshots/full_matched_budget_fairness_query_sketch/pair5_evolcodellama_toolace/twowikimqa/fairness_random/random_r0.50_0716_0842,nan,nan,,
pair5_evolcodellama_toolace,twowikimqa,fairness_random,Random,,0.6,200,0.32,0.6124945549999999,5.78694334831337e-05,query_agnostic_kv_v1,bf16,/home/xay/KVMergeComm/snapshots/full_matched_budget_fairness_query_sketch/pair5_evolcodellama_toolace/twowikimqa/fairness_random/random_r0.60_0716_0844,nan,nan,,
pair5_evolcodellama_toolace,twowikimqa,coverage,B-ReKV,8,,200,0.335,0.37488859999999996,0.022202395326431687,query_sketch_bf16_v1,bf16,/home/xay/KVMergeComm/snapshots/full_matched_budget_fairness_query_sketch/pair5_evolcodellama_toolace/twowikimqa/coverage/cov_t0.95_s0.75_w8_0716_0847,0.9214334099999999,0.0,0.95,0.75
pair5_evolcodellama_toolace,tipsheets,fairness_rekv,ReKV,8,0.1,500,0.434,0.13297973200000016,0.006700082917874136,query_sketch_bf16_v1,bf16,/home/xay/KVMergeComm/snapshots/full_matched_budget_fairness_query_sketch/pair5_evolcodellama_toolace/tipsheets/fairness_rekv/rekv_w8_r0.10_0717_2017,nan,nan,,
pair5_evolcodellama_toolace,tipsheets,fairness_rekv,ReKV,8,0.15,500,0.466,0.17641095999999995,0.002419793467064178,query_sketch_bf16_v1,bf16,/home/xay/KVMergeComm/snapshots/full_matched_budget_fairness_query_sketch/pair5_evolcodellama_toolace/tipsheets/fairness_rekv/rekv_w8_r0.15_0717_2019,nan,nan,,
pair5_evolcodellama_toolace,tipsheets,fairness_rekv,ReKV,8,0.2,500,0.53,0.225098272,0.0023369363296490676,query_sketch_bf16_v1,bf16,/home/xay/KVMergeComm/snapshots/full_matched_budget_fairness_query_sketch/pair5_evolcodellama_toolace/tipsheets/fairness_rekv/rekv_w8_r0.20_0717_2021,nan,nan,,
pair5_evolcodellama_toolace,tipsheets,fairness_rekv,ReKV,8,0.25,500,0.646,0.2734495499999996,0.0025942190857423044,query_sketch_bf16_v1,bf16,/home/xay/KVMergeComm/snapshots/full_matched_budget_fairness_query_sketch/pair5_evolcodellama_toolace/tipsheets/fairness_rekv/rekv_w8_r0.25_0717_2022,nan,nan,,
pair5_evolcodellama_toolace,tipsheets,fairness_rekv,ReKV,8,0.3,500,0.776,0.321858474,0.0025164399100646006,query_sketch_bf16_v1,bf16,/home/xay/KVMergeComm/snapshots/full_matched_budget_fairness_query_sketch/pair5_evolcodellama_toolace/tipsheets/fairness_rekv/rekv_w8_r0.30_0717_2024,nan,nan,,
pair5_evolcodellama_toolace,tipsheets,fairness_rekv,ReKV,8,0.35,500,0.868,0.3702170620000003,0.0023834253440999146,query_sketch_bf16_v1,bf16,/home/xay/KVMergeComm/snapshots/full_matched_budget_fairness_query_sketch/pair5_evolcodellama_toolace/tipsheets/fairness_rekv/rekv_w8_r0.35_0717_2025,nan,nan,,
pair5_evolcodellama_toolace,tipsheets,fairness_rekv,ReKV,8,0.4,500,0.914,0.4187819659999998,0.002379786941854517,query_sketch_bf16_v1,bf16,/home/xay/KVMergeComm/snapshots/full_matched_budget_fairness_query_sketch/pair5_evolcodellama_toolace/tipsheets/fairness_rekv/rekv_w8_r0.40_0717_2027,nan,nan,,
pair5_evolcodellama_toolace,tipsheets,fairness_rekv,ReKV,8,0.5,500,0.908,0.5155891199999998,0.002970699759268758,query_sketch_bf16_v1,bf16,/home/xay/KVMergeComm/snapshots/full_matched_budget_fairness_query_sketch/pair5_evolcodellama_toolace/tipsheets/fairness_rekv/rekv_w8_r0.50_0717_2028,nan,nan,,
pair5_evolcodellama_toolace,tipsheets,fairness_rekv,ReKV,8,0.6,500,0.916,0.6124680340000002,0.0023797869418545037,query_sketch_bf16_v1,bf16,/home/xay/KVMergeComm/snapshots/full_matched_budget_fairness_query_sketch/pair5_evolcodellama_toolace/tipsheets/fairness_rekv/rekv_w8_r0.60_0717_2030,nan,nan,,
pair5_evolcodellama_toolace,tipsheets,fairness_evict,ValueNorm/Evict,,0.1,500,0.442,0.13297973200000016,0.006700082917874136,query_agnostic_kv_v1,bf16,/home/xay/KVMergeComm/snapshots/full_matched_budget_fairness_query_sketch/pair5_evolcodellama_toolace/tipsheets/fairness_evict/evict_r0.10_0717_2031,nan,nan,,
pair5_evolcodellama_toolace,tipsheets,fairness_evict,ValueNorm/Evict,,0.15,500,0.522,0.17641095999999995,0.002419793467064178,query_agnostic_kv_v1,bf16,/home/xay/KVMergeComm/snapshots/full_matched_budget_fairness_query_sketch/pair5_evolcodellama_toolace/tipsheets/fairness_evict/evict_r0.15_0717_2032,nan,nan,,
pair5_evolcodellama_toolace,tipsheets,fairness_evict,ValueNorm/Evict,,0.2,500,0.562,0.225098272,0.0023369363296490676,query_agnostic_kv_v1,bf16,/home/xay/KVMergeComm/snapshots/full_matched_budget_fairness_query_sketch/pair5_evolcodellama_toolace/tipsheets/fairness_evict/evict_r0.20_0717_2033,nan,nan,,
pair5_evolcodellama_toolace,tipsheets,fairness_evict,ValueNorm/Evict,,0.25,500,0.604,0.2734495499999996,0.0025942190857423044,query_agnostic_kv_v1,bf16,/home/xay/KVMergeComm/snapshots/full_matched_budget_fairness_query_sketch/pair5_evolcodellama_toolace/tipsheets/fairness_evict/evict_r0.25_0717_2034,nan,nan,,
pair5_evolcodellama_toolace,tipsheets,fairness_evict,ValueNorm/Evict,,0.3,500,0.688,0.321858474,0.0025164399100646006,query_agnostic_kv_v1,bf16,/home/xay/KVMergeComm/snapshots/full_matched_budget_fairness_query_sketch/pair5_evolcodellama_toolace/tipsheets/fairness_evict/evict_r0.30_0717_2036,nan,nan,,
pair5_evolcodellama_toolace,tipsheets,fairness_evict,ValueNorm/Evict,,0.35,500,0.746,0.3702170620000003,0.0023834253440999146,query_agnostic_kv_v1,bf16,/home/xay/KVMergeComm/snapshots/full_matched_budget_fairness_query_sketch/pair5_evolcodellama_toolace/tipsheets/fairness_evict/evict_r0.35_0717_2037,nan,nan,,
pair5_evolcodellama_toolace,tipsheets,fairness_evict,ValueNorm/Evict,,0.4,500,0.772,0.4187819659999998,0.002379786941854517,query_agnostic_kv_v1,bf16,/home/xay/KVMergeComm/snapshots/full_matched_budget_fairness_query_sketch/pair5_evolcodellama_toolace/tipsheets/fairness_evict/evict_r0.40_0717_2038,nan,nan,,
pair5_evolcodellama_toolace,tipsheets,fairness_evict,ValueNorm/Evict,,0.5,500,0.798,0.5155891199999998,0.002970699759268758,query_agnostic_kv_v1,bf16,/home/xay/KVMergeComm/snapshots/full_matched_budget_fairness_query_sketch/pair5_evolcodellama_toolace/tipsheets/fairness_evict/evict_r0.50_0717_2039,nan,nan,,
pair5_evolcodellama_toolace,tipsheets,fairness_evict,ValueNorm/Evict,,0.6,500,0.824,0.6124680340000002,0.0023797869418545037,query_agnostic_kv_v1,bf16,/home/xay/KVMergeComm/snapshots/full_matched_budget_fairness_query_sketch/pair5_evolcodellama_toolace/tipsheets/fairness_evict/evict_r0.60_0717_2040,nan,nan,,
pair5_evolcodellama_toolace,tipsheets,fairness_random,Random,,0.1,500,0.438,0.13297973200000016,0.006700082917874136,query_agnostic_kv_v1,bf16,/home/xay/KVMergeComm/snapshots/full_matched_budget_fairness_query_sketch/pair5_evolcodellama_toolace/tipsheets/fairness_random/random_r0.10_0717_2041,nan,nan,,
pair5_evolcodellama_toolace,tipsheets,fairness_random,Random,,0.15,500,0.484,0.17641095999999995,0.002419793467064178,query_agnostic_kv_v1,bf16,/home/xay/KVMergeComm/snapshots/full_matched_budget_fairness_query_sketch/pair5_evolcodellama_toolace/tipsheets/fairness_random/random_r0.15_0717_2042,nan,nan,,
pair5_evolcodellama_toolace,tipsheets,fairness_random,Random,,0.2,500,0.56,0.225098272,0.0023369363296490676,query_agnostic_kv_v1,bf16,/home/xay/KVMergeComm/snapshots/full_matched_budget_fairness_query_sketch/pair5_evolcodellama_toolace/tipsheets/fairness_random/random_r0.20_0717_2043,nan,nan,,
pair5_evolcodellama_toolace,tipsheets,fairness_random,Random,,0.25,500,0.59,0.2734495499999996,0.0025942190857423044,query_agnostic_kv_v1,bf16,/home/xay/KVMergeComm/snapshots/full_matched_budget_fairness_query_sketch/pair5_evolcodellama_toolace/tipsheets/fairness_random/random_r0.25_0717_2044,nan,nan,,
pair5_evolcodellama_toolace,tipsheets,fairness_random,Random,,0.3,500,0.622,0.321858474,0.0025164399100646006,query_agnostic_kv_v1,bf16,/home/xay/KVMergeComm/snapshots/full_matched_budget_fairness_query_sketch/pair5_evolcodellama_toolace/tipsheets/fairness_random/random_r0.30_0717_2045,nan,nan,,
pair5_evolcodellama_toolace,tipsheets,fairness_random,Random,,0.35,500,0.676,0.3702170620000003,0.0023834253440999146,query_agnostic_kv_v1,bf16,/home/xay/KVMergeComm/snapshots/full_matched_budget_fairness_query_sketch/pair5_evolcodellama_toolace/tipsheets/fairness_random/random_r0.35_0717_2046,nan,nan,,
pair5_evolcodellama_toolace,tipsheets,fairness_random,Random,,0.4,500,0.724,0.4187819659999998,0.002379786941854517,query_agnostic_kv_v1,bf16,/home/xay/KVMergeComm/snapshots/full_matched_budget_fairness_query_sketch/pair5_evolcodellama_toolace/tipsheets/fairness_random/random_r0.40_0717_2047,nan,nan,,
pair5_evolcodellama_toolace,tipsheets,fairness_random,Random,,0.5,500,0.784,0.5155891199999998,0.002970699759268758,query_agnostic_kv_v1,bf16,/home/xay/KVMergeComm/snapshots/full_matched_budget_fairness_query_sketch/pair5_evolcodellama_toolace/tipsheets/fairness_random/random_r0.50_0717_2049,nan,nan,,
pair5_evolcodellama_toolace,tipsheets,fairness_random,Random,,0.6,500,0.824,0.6124680340000002,0.0023797869418545037,query_agnostic_kv_v1,bf16,/home/xay/KVMergeComm/snapshots/full_matched_budget_fairness_query_sketch/pair5_evolcodellama_toolace/tipsheets/fairness_random/random_r0.60_0717_2050,nan,nan,,
pair5_evolcodellama_toolace,tipsheets,coverage,B-ReKV,8,,500,0.824,0.28952167600000006,0.007090793345144895,query_sketch_bf16_v1,bf16,/home/xay/KVMergeComm/snapshots/full_matched_budget_fairness_query_sketch/pair5_evolcodellama_toolace/tipsheets/coverage/cov_t0.95_s0.75_w8_0717_2051,0.9261946539999999,0.0322580000000002,0.95,0.75
pair5_evolcodellama_toolace,qasper,fairness_rekv,ReKV,8,0.1,500,0.1,0.12812297399999986,7.547706206388536e-05,query_sketch_bf16_v1,bf16,/home/xay/KVMergeComm/snapshots/full_matched_budget_fairness_query_sketch/pair5_evolcodellama_toolace/qasper/fairness_rekv/rekv_w8_r0.10_0717_2052,nan,nan,,
pair5_evolcodellama_toolace,qasper,fairness_rekv,ReKV,8,0.15,500,0.126,0.17656631200000011,7.184928179591669e-05,query_sketch_bf16_v1,bf16,/home/xay/KVMergeComm/snapshots/full_matched_budget_fairness_query_sketch/pair5_evolcodellama_toolace/qasper/fairness_rekv/rekv_w8_r0.15_0717_2059,nan,nan,,
pair5_evolcodellama_toolace,qasper,fairness_rekv,ReKV,8,0.2,500,0.15,0.22499488399999942,7.394290805278598e-05,query_sketch_bf16_v1,bf16,/home/xay/KVMergeComm/snapshots/full_matched_budget_fairness_query_sketch/pair5_evolcodellama_toolace/qasper/fairness_rekv/rekv_w8_r0.20_0717_2106,nan,nan,,
pair5_evolcodellama_toolace,qasper,fairness_rekv,ReKV,8,0.25,500,0.17,0.2734257499999997,6.717708703155066e-05,query_sketch_bf16_v1,bf16,/home/xay/KVMergeComm/snapshots/full_matched_budget_fairness_query_sketch/pair5_evolcodellama_toolace/qasper/fairness_rekv/rekv_w8_r0.25_0717_2112,nan,nan,,
pair5_evolcodellama_toolace,qasper,fairness_rekv,ReKV,8,0.3,500,0.186,0.3218737000000005,7.428765247752014e-05,query_sketch_bf16_v1,bf16,/home/xay/KVMergeComm/snapshots/full_matched_budget_fairness_query_sketch/pair5_evolcodellama_toolace/qasper/fairness_rekv/rekv_w8_r0.30_0717_2119,nan,nan,,
pair5_evolcodellama_toolace,qasper,fairness_rekv,ReKV,8,0.35,500,0.2,0.3703066080000003,6.916825015611846e-05,query_sketch_bf16_v1,bf16,/home/xay/KVMergeComm/snapshots/full_matched_budget_fairness_query_sketch/pair5_evolcodellama_toolace/qasper/fairness_rekv/rekv_w8_r0.35_0717_2127,nan,nan,,
pair5_evolcodellama_toolace,qasper,fairness_rekv,ReKV,8,0.4,500,0.228,0.418747311999999,6.600754994164549e-05,query_sketch_bf16_v1,bf16,/home/xay/KVMergeComm/snapshots/full_matched_budget_fairness_query_sketch/pair5_evolcodellama_toolace/qasper/fairness_rekv/rekv_w8_r0.40_0717_2134,nan,nan,,
pair5_evolcodellama_toolace,qasper,fairness_rekv,ReKV,8,0.5,500,0.226,0.5156114960000001,9.772306574785112e-05,query_sketch_bf16_v1,bf16,/home/xay/KVMergeComm/snapshots/full_matched_budget_fairness_query_sketch/pair5_evolcodellama_toolace/qasper/fairness_rekv/rekv_w8_r0.50_0717_2141,nan,nan,,
pair5_evolcodellama_toolace,qasper,fairness_rekv,ReKV,8,0.6,500,0.24,0.612502688000002,6.60075499416414e-05,query_sketch_bf16_v1,bf16,/home/xay/KVMergeComm/snapshots/full_matched_budget_fairness_query_sketch/pair5_evolcodellama_toolace/qasper/fairness_rekv/rekv_w8_r0.60_0717_2149,nan,nan,,
pair5_evolcodellama_toolace,qasper,fairness_evict,ValueNorm/Evict,,0.1,500,0.026,0.12812297399999986,7.547706206388536e-05,query_agnostic_kv_v1,bf16,/home/xay/KVMergeComm/snapshots/full_matched_budget_fairness_query_sketch/pair5_evolcodellama_toolace/qasper/fairness_evict/evict_r0.10_0717_2157,nan,nan,,
pair5_evolcodellama_toolace,qasper,fairness_evict,ValueNorm/Evict,,0.15,500,0.056,0.17656631200000011,7.184928179591669e-05,query_agnostic_kv_v1,bf16,/home/xay/KVMergeComm/snapshots/full_matched_budget_fairness_query_sketch/pair5_evolcodellama_toolace/qasper/fairness_evict/evict_r0.15_0717_2205,nan,nan,,
pair5_evolcodellama_toolace,qasper,fairness_evict,ValueNorm/Evict,,0.2,500,0.088,0.22499488399999942,7.394290805278598e-05,query_agnostic_kv_v1,bf16,/home/xay/KVMergeComm/snapshots/full_matched_budget_fairness_query_sketch/pair5_evolcodellama_toolace/qasper/fairness_evict/evict_r0.20_0717_2213,nan,nan,,
pair5_evolcodellama_toolace,qasper,fairness_evict,ValueNorm/Evict,,0.25,500,0.118,0.2734257499999997,6.717708703155066e-05,query_agnostic_kv_v1,bf16,/home/xay/KVMergeComm/snapshots/full_matched_budget_fairness_query_sketch/pair5_evolcodellama_toolace/qasper/fairness_evict/evict_r0.25_0717_2220,nan,nan,,
pair5_evolcodellama_toolace,qasper,fairness_evict,ValueNorm/Evict,,0.3,500,0.146,0.3218737000000005,7.428765247752014e-05,query_agnostic_kv_v1,bf16,/home/xay/KVMergeComm/snapshots/full_matched_budget_fairness_query_sketch/pair5_evolcodellama_toolace/qasper/fairness_evict/evict_r0.30_0717_2228,nan,nan,,
pair5_evolcodellama_toolace,qasper,fairness_evict,ValueNorm/Evict,,0.35,500,0.16,0.3703066080000003,6.916825015611846e-05,query_agnostic_kv_v1,bf16,/home/xay/KVMergeComm/snapshots/full_matched_budget_fairness_query_sketch/pair5_evolcodellama_toolace/qasper/fairness_evict/evict_r0.35_0717_2235,nan,nan,,
pair5_evolcodellama_toolace,qasper,fairness_evict,ValueNorm/Evict,,0.4,500,0.19,0.418747311999999,6.600754994164549e-05,query_agnostic_kv_v1,bf16,/home/xay/KVMergeComm/snapshots/full_matched_budget_fairness_query_sketch/pair5_evolcodellama_toolace/qasper/fairness_evict/evict_r0.40_0717_2243,nan,nan,,
pair5_evolcodellama_toolace,qasper,fairness_evict,ValueNorm/Evict,,0.5,500,0.214,0.5156114960000001,9.772306574785112e-05,query_agnostic_kv_v1,bf16,/home/xay/KVMergeComm/snapshots/full_matched_budget_fairness_query_sketch/pair5_evolcodellama_toolace/qasper/fairness_evict/evict_r0.50_0717_2250,nan,nan,,
pair5_evolcodellama_toolace,qasper,fairness_evict,ValueNorm/Evict,,0.6,500,0.216,0.612502688000002,6.60075499416414e-05,query_agnostic_kv_v1,bf16,/home/xay/KVMergeComm/snapshots/full_matched_budget_fairness_query_sketch/pair5_evolcodellama_toolace/qasper/fairness_evict/evict_r0.60_0717_2258,nan,nan,,
pair5_evolcodellama_toolace,qasper,fairness_random,Random,,0.1,500,0.032,0.12812297399999986,7.547706206388536e-05,query_agnostic_kv_v1,bf16,/home/xay/KVMergeComm/snapshots/full_matched_budget_fairness_query_sketch/pair5_evolcodellama_toolace/qasper/fairness_random/random_r0.10_0717_2306,nan,nan,,
pair5_evolcodellama_toolace,qasper,fairness_random,Random,,0.15,500,0.046,0.17656631200000011,7.184928179591669e-05,query_agnostic_kv_v1,bf16,/home/xay/KVMergeComm/snapshots/full_matched_budget_fairness_query_sketch/pair5_evolcodellama_toolace/qasper/fairness_random/random_r0.15_0717_2314,nan,nan,,
pair5_evolcodellama_toolace,qasper,fairness_random,Random,,0.2,500,0.072,0.22499488399999942,7.394290805278598e-05,query_agnostic_kv_v1,bf16,/home/xay/KVMergeComm/snapshots/full_matched_budget_fairness_query_sketch/pair5_evolcodellama_toolace/qasper/fairness_random/random_r0.20_0717_2323,nan,nan,,
pair5_evolcodellama_toolace,qasper,fairness_random,Random,,0.25,500,0.102,0.2734257499999997,6.717708703155066e-05,query_agnostic_kv_v1,bf16,/home/xay/KVMergeComm/snapshots/full_matched_budget_fairness_query_sketch/pair5_evolcodellama_toolace/qasper/fairness_random/random_r0.25_0717_2331,nan,nan,,
pair5_evolcodellama_toolace,qasper,fairness_random,Random,,0.3,500,0.098,0.3218737000000005,7.428765247752014e-05,query_agnostic_kv_v1,bf16,/home/xay/KVMergeComm/snapshots/full_matched_budget_fairness_query_sketch/pair5_evolcodellama_toolace/qasper/fairness_random/random_r0.30_0717_2339,nan,nan,,
pair5_evolcodellama_toolace,qasper,fairness_random,Random,,0.35,500,0.114,0.3703066080000003,6.916825015611846e-05,query_agnostic_kv_v1,bf16,/home/xay/KVMergeComm/snapshots/full_matched_budget_fairness_query_sketch/pair5_evolcodellama_toolace/qasper/fairness_random/random_r0.35_0717_2347,nan,nan,,
pair5_evolcodellama_toolace,qasper,fairness_random,Random,,0.4,500,0.148,0.418747311999999,6.600754994164549e-05,query_agnostic_kv_v1,bf16,/home/xay/KVMergeComm/snapshots/full_matched_budget_fairness_query_sketch/pair5_evolcodellama_toolace/qasper/fairness_random/random_r0.40_0717_2355,nan,nan,,
pair5_evolcodellama_toolace,qasper,fairness_random,Random,,0.5,500,0.174,0.5156114960000001,9.772306574785112e-05,query_agnostic_kv_v1,bf16,/home/xay/KVMergeComm/snapshots/full_matched_budget_fairness_query_sketch/pair5_evolcodellama_toolace/qasper/fairness_random/random_r0.50_0718_0003,nan,nan,,
pair5_evolcodellama_toolace,qasper,fairness_random,Random,,0.6,500,0.216,0.612502688000002,6.60075499416414e-05,query_agnostic_kv_v1,bf16,/home/xay/KVMergeComm/snapshots/full_matched_budget_fairness_query_sketch/pair5_evolcodellama_toolace/qasper/fairness_random/random_r0.60_0718_0011,nan,nan,,
pair5_evolcodellama_toolace,qasper,coverage,B-ReKV,8,,500,0.222,0.38363950800000024,0.02072262969347185,query_sketch_bf16_v1,bf16,/home/xay/KVMergeComm/snapshots/full_matched_budget_fairness_query_sketch/pair5_evolcodellama_toolace/qasper/coverage/cov_t0.95_s0.75_w8_0718_0019,0.9201466699999999,0.0,0.95,0.75
pair5_evolcodellama_toolace,multifieldqa_en,fairness_rekv,ReKV,8,0.1,150,0.42,0.12812200666666673,7.330844066023852e-05,query_sketch_bf16_v1,bf16,/home/xay/KVMergeComm/snapshots/full_matched_budget_fairness_query_sketch/pair5_evolcodellama_toolace/multifieldqa_en/fairness_rekv/rekv_w8_r0.10_0718_0026,nan,nan,,
pair5_evolcodellama_toolace,multifieldqa_en,fairness_rekv,ReKV,8,0.15,150,0.44666666666666666,0.1765471733333333,6.068443479507745e-05,query_sketch_bf16_v1,bf16,/home/xay/KVMergeComm/snapshots/full_matched_budget_fairness_query_sketch/pair5_evolcodellama_toolace/multifieldqa_en/fairness_rekv/rekv_w8_r0.15_0718_0029,nan,nan,,
pair5_evolcodellama_toolace,multifieldqa_en,fairness_rekv,ReKV,8,0.2,150,0.44,0.22501072666666677,6.158465518223637e-05,query_sketch_bf16_v1,bf16,/home/xay/KVMergeComm/snapshots/full_matched_budget_fairness_query_sketch/pair5_evolcodellama_toolace/multifieldqa_en/fairness_rekv/rekv_w8_r0.20_0718_0031,nan,nan,,
pair5_evolcodellama_toolace,multifieldqa_en,fairness_rekv,ReKV,8,0.25,150,0.46,0.2734403933333333,8.347276987713588e-05,query_sketch_bf16_v1,bf16,/home/xay/KVMergeComm/snapshots/full_matched_budget_fairness_query_sketch/pair5_evolcodellama_toolace/multifieldqa_en/fairness_rekv/rekv_w8_r0.25_0718_0033,nan,nan,,
pair5_evolcodellama_toolace,multifieldqa_en,fairness_rekv,ReKV,8,0.3,150,0.49333333333333335,0.3218667266666666,7.346486140528555e-05,query_sketch_bf16_v1,bf16,/home/xay/KVMergeComm/snapshots/full_matched_budget_fairness_query_sketch/pair5_evolcodellama_toolace/multifieldqa_en/fairness_rekv/rekv_w8_r0.30_0718_0036,nan,nan,,
pair5_evolcodellama_toolace,multifieldqa_en,fairness_rekv,ReKV,8,0.35,150,0.52,0.37030424666666656,5.7438375108661466e-05,query_sketch_bf16_v1,bf16,/home/xay/KVMergeComm/snapshots/full_matched_budget_fairness_query_sketch/pair5_evolcodellama_toolace/multifieldqa_en/fairness_rekv/rekv_w8_r0.35_0718_0038,nan,nan,,
pair5_evolcodellama_toolace,multifieldqa_en,fairness_rekv,ReKV,8,0.4,150,0.56,0.41876210666666697,7.581991616192154e-05,query_sketch_bf16_v1,bf16,/home/xay/KVMergeComm/snapshots/full_matched_budget_fairness_query_sketch/pair5_evolcodellama_toolace/multifieldqa_en/fairness_rekv/rekv_w8_r0.40_0718_0041,nan,nan,,
pair5_evolcodellama_toolace,multifieldqa_en,fairness_rekv,ReKV,8,0.5,150,0.5733333333333334,0.515613286666667,9.367911363316524e-05,query_sketch_bf16_v1,bf16,/home/xay/KVMergeComm/snapshots/full_matched_budget_fairness_query_sketch/pair5_evolcodellama_toolace/multifieldqa_en/fairness_rekv/rekv_w8_r0.50_0718_0044,nan,nan,,
pair5_evolcodellama_toolace,multifieldqa_en,fairness_rekv,ReKV,8,0.6,150,0.5466666666666666,0.612487893333333,7.58199161619205e-05,query_sketch_bf16_v1,bf16,/home/xay/KVMergeComm/snapshots/full_matched_budget_fairness_query_sketch/pair5_evolcodellama_toolace/multifieldqa_en/fairness_rekv/rekv_w8_r0.60_0718_0046,nan,nan,,
pair5_evolcodellama_toolace,multifieldqa_en,fairness_evict,ValueNorm/Evict,,0.1,150,0.22,0.12812200666666673,7.330844066023852e-05,query_agnostic_kv_v1,bf16,/home/xay/KVMergeComm/snapshots/full_matched_budget_fairness_query_sketch/pair5_evolcodellama_toolace/multifieldqa_en/fairness_evict/evict_r0.10_0718_0049,nan,nan,,
pair5_evolcodellama_toolace,multifieldqa_en,fairness_evict,ValueNorm/Evict,,0.15,150,0.26,0.1765471733333333,6.068443479507745e-05,query_agnostic_kv_v1,bf16,/home/xay/KVMergeComm/snapshots/full_matched_budget_fairness_query_sketch/pair5_evolcodellama_toolace/multifieldqa_en/fairness_evict/evict_r0.15_0718_0051,nan,nan,,
pair5_evolcodellama_toolace,multifieldqa_en,fairness_evict,ValueNorm/Evict,,0.2,150,0.3,0.22501072666666677,6.158465518223637e-05,query_agnostic_kv_v1,bf16,/home/xay/KVMergeComm/snapshots/full_matched_budget_fairness_query_sketch/pair5_evolcodellama_toolace/multifieldqa_en/fairness_evict/evict_r0.20_0718_0053,nan,nan,,
pair5_evolcodellama_toolace,multifieldqa_en,fairness_evict,ValueNorm/Evict,,0.25,150,0.31333333333333335,0.2734403933333333,8.347276987713588e-05,query_agnostic_kv_v1,bf16,/home/xay/KVMergeComm/snapshots/full_matched_budget_fairness_query_sketch/pair5_evolcodellama_toolace/multifieldqa_en/fairness_evict/evict_r0.25_0718_0056,nan,nan,,
pair5_evolcodellama_toolace,multifieldqa_en,fairness_evict,ValueNorm/Evict,,0.3,150,0.35333333333333333,0.3218667266666666,7.346486140528555e-05,query_agnostic_kv_v1,bf16,/home/xay/KVMergeComm/snapshots/full_matched_budget_fairness_query_sketch/pair5_evolcodellama_toolace/multifieldqa_en/fairness_evict/evict_r0.30_0718_0058,nan,nan,,
pair5_evolcodellama_toolace,multifieldqa_en,fairness_evict,ValueNorm/Evict,,0.35,150,0.32666666666666666,0.37030424666666656,5.7438375108661466e-05,query_agnostic_kv_v1,bf16,/home/xay/KVMergeComm/snapshots/full_matched_budget_fairness_query_sketch/pair5_evolcodellama_toolace/multifieldqa_en/fairness_evict/evict_r0.35_0718_0100,nan,nan,,
pair5_evolcodellama_toolace,multifieldqa_en,fairness_evict,ValueNorm/Evict,,0.4,150,0.3466666666666667,0.41876210666666697,7.581991616192154e-05,query_agnostic_kv_v1,bf16,/home/xay/KVMergeComm/snapshots/full_matched_budget_fairness_query_sketch/pair5_evolcodellama_toolace/multifieldqa_en/fairness_evict/evict_r0.40_0718_0103,nan,nan,,
pair5_evolcodellama_toolace,multifieldqa_en,fairness_evict,ValueNorm/Evict,,0.5,150,0.43333333333333335,0.515613286666667,9.367911363316524e-05,query_agnostic_kv_v1,bf16,/home/xay/KVMergeComm/snapshots/full_matched_budget_fairness_query_sketch/pair5_evolcodellama_toolace/multifieldqa_en/fairness_evict/evict_r0.50_0718_0105,nan,nan,,
pair5_evolcodellama_toolace,multifieldqa_en,fairness_evict,ValueNorm/Evict,,0.6,150,0.5,0.612487893333333,7.58199161619205e-05,query_agnostic_kv_v1,bf16,/home/xay/KVMergeComm/snapshots/full_matched_budget_fairness_query_sketch/pair5_evolcodellama_toolace/multifieldqa_en/fairness_evict/evict_r0.60_0718_0107,nan,nan,,
pair5_evolcodellama_toolace,multifieldqa_en,fairness_random,Random,,0.1,150,0.26,0.12812200666666673,7.330844066023852e-05,query_agnostic_kv_v1,bf16,/home/xay/KVMergeComm/snapshots/full_matched_budget_fairness_query_sketch/pair5_evolcodellama_toolace/multifieldqa_en/fairness_random/random_r0.10_0718_0110,nan,nan,,
pair5_evolcodellama_toolace,multifieldqa_en,fairness_random,Random,,0.15,150,0.31333333333333335,0.1765471733333333,6.068443479507745e-05,query_agnostic_kv_v1,bf16,/home/xay/KVMergeComm/snapshots/full_matched_budget_fairness_query_sketch/pair5_evolcodellama_toolace/multifieldqa_en/fairness_random/random_r0.15_0718_0112,nan,nan,,
pair5_evolcodellama_toolace,multifieldqa_en,fairness_random,Random,,0.2,150,0.35333333333333333,0.22501072666666677,6.158465518223637e-05,query_agnostic_kv_v1,bf16,/home/xay/KVMergeComm/snapshots/full_matched_budget_fairness_query_sketch/pair5_evolcodellama_toolace/multifieldqa_en/fairness_random/random_r0.20_0718_0115,nan,nan,,
pair5_evolcodellama_toolace,multifieldqa_en,fairness_random,Random,,0.25,150,0.37333333333333335,0.2734403933333333,8.347276987713588e-05,query_agnostic_kv_v1,bf16,/home/xay/KVMergeComm/snapshots/full_matched_budget_fairness_query_sketch/pair5_evolcodellama_toolace/multifieldqa_en/fairness_random/random_r0.25_0718_0117,nan,nan,,
pair5_evolcodellama_toolace,multifieldqa_en,fairness_random,Random,,0.3,150,0.38666666666666666,0.3218667266666666,7.346486140528555e-05,query_agnostic_kv_v1,bf16,/home/xay/KVMergeComm/snapshots/full_matched_budget_fairness_query_sketch/pair5_evolcodellama_toolace/multifieldqa_en/fairness_random/random_r0.30_0718_0120,nan,nan,,
pair5_evolcodellama_toolace,multifieldqa_en,fairness_random,Random,,0.35,150,0.44,0.37030424666666656,5.7438375108661466e-05,query_agnostic_kv_v1,bf16,/home/xay/KVMergeComm/snapshots/full_matched_budget_fairness_query_sketch/pair5_evolcodellama_toolace/multifieldqa_en/fairness_random/random_r0.35_0718_0122,nan,nan,,
pair5_evolcodellama_toolace,multifieldqa_en,fairness_random,Random,,0.4,150,0.4666666666666667,0.41876210666666697,7.581991616192154e-05,query_agnostic_kv_v1,bf16,/home/xay/KVMergeComm/snapshots/full_matched_budget_fairness_query_sketch/pair5_evolcodellama_toolace/multifieldqa_en/fairness_random/random_r0.40_0718_0125,nan,nan,,
pair5_evolcodellama_toolace,multifieldqa_en,fairness_random,Random,,0.5,150,0.4866666666666667,0.515613286666667,9.367911363316524e-05,query_agnostic_kv_v1,bf16,/home/xay/KVMergeComm/snapshots/full_matched_budget_fairness_query_sketch/pair5_evolcodellama_toolace/multifieldqa_en/fairness_random/random_r0.50_0718_0127,nan,nan,,
pair5_evolcodellama_toolace,multifieldqa_en,fairness_random,Random,,0.6,150,0.5333333333333333,0.612487893333333,7.58199161619205e-05,query_agnostic_kv_v1,bf16,/home/xay/KVMergeComm/snapshots/full_matched_budget_fairness_query_sketch/pair5_evolcodellama_toolace/multifieldqa_en/fairness_random/random_r0.60_0718_0130,nan,nan,,
pair5_evolcodellama_toolace,multifieldqa_en,coverage,B-ReKV,8,,150,0.54,0.35942132666666665,0.03141259514961336,query_sketch_bf16_v1,bf16,/home/xay/KVMergeComm/snapshots/full_matched_budget_fairness_query_sketch/pair5_evolcodellama_toolace/multifieldqa_en/coverage/cov_t0.95_s0.75_w8_0718_0132,0.92253586,0.0,0.95,0.75
pair5_evolcodellama_toolace,tmath,fairness_rekv,ReKV,8,0.1,300,0.3294182099999999,0.12817670000000014,0.0013900662372033593,query_sketch_bf16_v1,bf16,/home/xay/KVMergeComm/snapshots/full_matched_budget_fairness_query_sketch/pair5_evolcodellama_toolace/tmath/fairness_rekv/rekv_w8_r0.10_0718_0135,nan,nan,,
pair5_evolcodellama_toolace,tmath,fairness_rekv,ReKV,8,0.15,300,0.33632202333333344,0.1766056833333333,0.0013989350523372207,query_sketch_bf16_v1,bf16,/home/xay/KVMergeComm/snapshots/full_matched_budget_fairness_query_sketch/pair5_evolcodellama_toolace/tmath/fairness_rekv/rekv_w8_r0.15_0718_0156,nan,nan,,
pair5_evolcodellama_toolace,tmath,fairness_rekv,ReKV,8,0.2,300,0.3412714266666666,0.2249636600000001,0.0013000646077591003,query_sketch_bf16_v1,bf16,/home/xay/KVMergeComm/snapshots/full_matched_budget_fairness_query_sketch/pair5_evolcodellama_toolace/tmath/fairness_rekv/rekv_w8_r0.20_0718_0217,nan,nan,,
pair5_evolcodellama_toolace,tmath,fairness_rekv,ReKV,8,0.25,300,0.3531969699999999,0.273445753333333,0.0014781702280972228,query_sketch_bf16_v1,bf16,/home/xay/KVMergeComm/snapshots/full_matched_budget_fairness_query_sketch/pair5_evolcodellama_toolace/tmath/fairness_rekv/rekv_w8_r0.25_0718_0237,nan,nan,,
pair5_evolcodellama_toolace,tmath,fairness_rekv,ReKV,8,0.3,300,0.35506708666666675,0.321835726666667,0.0013759696995218464,query_sketch_bf16_v1,bf16,/home/xay/KVMergeComm/snapshots/full_matched_budget_fairness_query_sketch/pair5_evolcodellama_toolace/tmath/fairness_rekv/rekv_w8_r0.30_0718_0258,nan,nan,,
pair5_evolcodellama_toolace,tmath,fairness_rekv,ReKV,8,0.35,300,0.35879823666666644,0.3702063333333333,0.0013176878867084403,query_sketch_bf16_v1,bf16,/home/xay/KVMergeComm/snapshots/full_matched_budget_fairness_query_sketch/pair5_evolcodellama_toolace/tmath/fairness_rekv/rekv_w8_r0.35_0718_0319,nan,nan,,
pair5_evolcodellama_toolace,tmath,fairness_rekv,ReKV,8,0.4,300,0.3651682333333335,0.4187397933333335,0.001347156940882083,query_sketch_bf16_v1,bf16,/home/xay/KVMergeComm/snapshots/full_matched_budget_fairness_query_sketch/pair5_evolcodellama_toolace/tmath/fairness_rekv/rekv_w8_r0.40_0718_0341,nan,nan,,
pair5_evolcodellama_toolace,tmath,fairness_rekv,ReKV,8,0.5,300,0.36450155999999995,0.5156143666666663,0.001634117971272478,query_sketch_bf16_v1,bf16,/home/xay/KVMergeComm/snapshots/full_matched_budget_fairness_query_sketch/pair5_evolcodellama_toolace/tmath/fairness_rekv/rekv_w8_r0.50_0718_0403,nan,nan,,
pair5_evolcodellama_toolace,tmath,fairness_rekv,ReKV,8,0.6,300,0.3709790066666667,0.612510206666667,0.0013471569408820808,query_sketch_bf16_v1,bf16,/home/xay/KVMergeComm/snapshots/full_matched_budget_fairness_query_sketch/pair5_evolcodellama_toolace/tmath/fairness_rekv/rekv_w8_r0.60_0718_0424,nan,nan,,
pair5_evolcodellama_toolace,tmath,fairness_evict,ValueNorm/Evict,,0.1,300,0.3278164666666667,0.12817670000000014,0.0013900662372033593,query_agnostic_kv_v1,bf16,/home/xay/KVMergeComm/snapshots/full_matched_budget_fairness_query_sketch/pair5_evolcodellama_toolace/tmath/fairness_evict/evict_r0.10_0718_0446,nan,nan,,
pair5_evolcodellama_toolace,tmath,fairness_evict,ValueNorm/Evict,,0.15,300,0.3335434199999998,0.1766056833333333,0.0013989350523372207,query_agnostic_kv_v1,bf16,/home/xay/KVMergeComm/snapshots/full_matched_budget_fairness_query_sketch/pair5_evolcodellama_toolace/tmath/fairness_evict/evict_r0.15_0718_0506,nan,nan,,
pair5_evolcodellama_toolace,tmath,fairness_evict,ValueNorm/Evict,,0.2,300,0.33396915333333294,0.2249636600000001,0.0013000646077591003,query_agnostic_kv_v1,bf16,/home/xay/KVMergeComm/snapshots/full_matched_budget_fairness_query_sketch/pair5_evolcodellama_toolace/tmath/fairness_evict/evict_r0.20_0718_0525,nan,nan,,
pair5_evolcodellama_toolace,tmath,fairness_evict,ValueNorm/Evict,,0.25,300,0.3381380566666662,0.273445753333333,0.0014781702280972228,query_agnostic_kv_v1,bf16,/home/xay/KVMergeComm/snapshots/full_matched_budget_fairness_query_sketch/pair5_evolcodellama_toolace/tmath/fairness_evict/evict_r0.25_0718_0544,nan,nan,,
pair5_evolcodellama_toolace,tmath,fairness_evict,ValueNorm/Evict,,0.3,300,0.33888943333333316,0.321835726666667,0.0013759696995218464,query_agnostic_kv_v1,bf16,/home/xay/KVMergeComm/snapshots/full_matched_budget_fairness_query_sketch/pair5_evolcodellama_toolace/tmath/fairness_evict/evict_r0.30_0718_0603,nan,nan,,
pair5_evolcodellama_toolace,tmath,fairness_evict,ValueNorm/Evict,,0.35,300,0.3418551699999999,0.3702063333333333,0.0013176878867084403,query_agnostic_kv_v1,bf16,/home/xay/KVMergeComm/snapshots/full_matched_budget_fairness_query_sketch/pair5_evolcodellama_toolace/tmath/fairness_evict/evict_r0.35_0718_0623,nan,nan,,
pair5_evolcodellama_toolace,tmath,fairness_evict,ValueNorm/Evict,,0.4,300,0.3527522766666669,0.4187397933333335,0.001347156940882083,query_agnostic_kv_v1,bf16,/home/xay/KVMergeComm/snapshots/full_matched_budget_fairness_query_sketch/pair5_evolcodellama_toolace/tmath/fairness_evict/evict_r0.40_0718_0643,nan,nan,,
pair5_evolcodellama_toolace,tmath,fairness_evict,ValueNorm/Evict,,0.5,300,0.36334930999999987,0.5156143666666663,0.001634117971272478,query_agnostic_kv_v1,bf16,/home/xay/KVMergeComm/snapshots/full_matched_budget_fairness_query_sketch/pair5_evolcodellama_toolace/tmath/fairness_evict/evict_r0.50_0718_0703,nan,nan,,
pair5_evolcodellama_toolace,tmath,fairness_evict,ValueNorm/Evict,,0.6,300,0.3674550366666666,0.612510206666667,0.0013471569408820808,query_agnostic_kv_v1,bf16,/home/xay/KVMergeComm/snapshots/full_matched_budget_fairness_query_sketch/pair5_evolcodellama_toolace/tmath/fairness_evict/evict_r0.60_0718_0723,nan,nan,,
pair5_evolcodellama_toolace,tmath,fairness_random,Random,,0.1,300,0.3263575733333334,0.12817670000000014,0.0013900662372033593,query_agnostic_kv_v1,bf16,/home/xay/KVMergeComm/snapshots/full_matched_budget_fairness_query_sketch/pair5_evolcodellama_toolace/tmath/fairness_random/random_r0.10_0718_0744,nan,nan,,
pair5_evolcodellama_toolace,tmath,fairness_random,Random,,0.15,300,0.3307784866666667,0.1766056833333333,0.0013989350523372207,query_agnostic_kv_v1,bf16,/home/xay/KVMergeComm/snapshots/full_matched_budget_fairness_query_sketch/pair5_evolcodellama_toolace/tmath/fairness_random/random_r0.15_0718_0802,nan,nan,,
pair5_evolcodellama_toolace,tmath,fairness_random,Random,,0.2,300,0.3300574699999999,0.2249636600000001,0.0013000646077591003,query_agnostic_kv_v1,bf16,/home/xay/KVMergeComm/snapshots/full_matched_budget_fairness_query_sketch/pair5_evolcodellama_toolace/tmath/fairness_random/random_r0.20_0718_0821,nan,nan,,
pair5_evolcodellama_toolace,tmath,fairness_random,Random,,0.25,300,0.33544051666666663,0.273445753333333,0.0014781702280972228,query_agnostic_kv_v1,bf16,/home/xay/KVMergeComm/snapshots/full_matched_budget_fairness_query_sketch/pair5_evolcodellama_toolace/tmath/fairness_random/random_r0.25_0718_0840,nan,nan,,
pair5_evolcodellama_toolace,tmath,fairness_random,Random,,0.3,300,0.33936378333333334,0.321835726666667,0.0013759696995218464,query_agnostic_kv_v1,bf16,/home/xay/KVMergeComm/snapshots/full_matched_budget_fairness_query_sketch/pair5_evolcodellama_toolace/tmath/fairness_random/random_r0.30_0718_0900,nan,nan,,
pair5_evolcodellama_toolace,tmath,fairness_random,Random,,0.35,300,0.33952575999999984,0.3702063333333333,0.0013176878867084403,query_agnostic_kv_v1,bf16,/home/xay/KVMergeComm/snapshots/full_matched_budget_fairness_query_sketch/pair5_evolcodellama_toolace/tmath/fairness_random/random_r0.35_0718_0919,nan,nan,,
pair5_evolcodellama_toolace,tmath,fairness_random,Random,,0.4,300,0.34345936999999993,0.4187397933333335,0.001347156940882083,query_agnostic_kv_v1,bf16,/home/xay/KVMergeComm/snapshots/full_matched_budget_fairness_query_sketch/pair5_evolcodellama_toolace/tmath/fairness_random/random_r0.40_0718_0939,nan,nan,,
pair5_evolcodellama_toolace,tmath,fairness_random,Random,,0.5,300,0.3547353500000001,0.5156143666666663,0.001634117971272478,query_agnostic_kv_v1,bf16,/home/xay/KVMergeComm/snapshots/full_matched_budget_fairness_query_sketch/pair5_evolcodellama_toolace/tmath/fairness_random/random_r0.50_0718_0959,nan,nan,,
pair5_evolcodellama_toolace,tmath,fairness_random,Random,,0.6,300,0.36560777333333355,0.612510206666667,0.0013471569408820808,query_agnostic_kv_v1,bf16,/home/xay/KVMergeComm/snapshots/full_matched_budget_fairness_query_sketch/pair5_evolcodellama_toolace/tmath/fairness_random/random_r0.60_0718_1019,nan,nan,,
pair5_evolcodellama_toolace,tmath,coverage,B-ReKV,8,,300,0.3561504766666666,0.2803039199999999,0.02102194935384726,query_sketch_bf16_v1,bf16,/home/xay/KVMergeComm/snapshots/full_matched_budget_fairness_query_sketch/pair5_evolcodellama_toolace/tmath/coverage/cov_t0.95_s0.75_w8_0718_1040,0.9277398933333336,0.00860213333333333,0.95,0.75
pair6_llama32_abliterated_deepseek3b,countries,fairness_rekv,ReKV,8,0.1,200,0.36,0.3215809450000002,0.0204318537846511,query_sketch_bf16_v1,bf16,/home/xay/KVMergeComm/snapshots/full_matched_budget_fairness_query_sketch/pair6_llama32_abliterated_deepseek3b/countries/fairness_rekv/rekv_w8_r0.10_0716_0849,nan,nan,,
pair6_llama32_abliterated_deepseek3b,countries,fairness_rekv,ReKV,8,0.15,200,0.36,0.3215809450000002,0.0204318537846511,query_sketch_bf16_v1,bf16,/home/xay/KVMergeComm/snapshots/full_matched_budget_fairness_query_sketch/pair6_llama32_abliterated_deepseek3b/countries/fairness_rekv/rekv_w8_r0.15_0716_0852,nan,nan,,
pair6_llama32_abliterated_deepseek3b,countries,fairness_rekv,ReKV,8,0.2,200,0.365,0.32177908500000013,0.01935435642253256,query_sketch_bf16_v1,bf16,/home/xay/KVMergeComm/snapshots/full_matched_budget_fairness_query_sketch/pair6_llama32_abliterated_deepseek3b/countries/fairness_rekv/rekv_w8_r0.20_0716_0852,nan,nan,,
pair6_llama32_abliterated_deepseek3b,countries,fairness_rekv,ReKV,8,0.25,200,0.365,0.32216630500000015,0.01812229271583391,query_sketch_bf16_v1,bf16,/home/xay/KVMergeComm/snapshots/full_matched_budget_fairness_query_sketch/pair6_llama32_abliterated_deepseek3b/countries/fairness_rekv/rekv_w8_r0.25_0716_0853,nan,nan,,
pair6_llama32_abliterated_deepseek3b,countries,fairness_rekv,ReKV,8,0.3,200,0.385,0.3308946349999999,0.009239150790980042,query_sketch_bf16_v1,bf16,/home/xay/KVMergeComm/snapshots/full_matched_budget_fairness_query_sketch/pair6_llama32_abliterated_deepseek3b/countries/fairness_rekv/rekv_w8_r0.30_0716_0853,nan,nan,,
pair6_llama32_abliterated_deepseek3b,countries,fairness_rekv,ReKV,8,0.35,200,0.45,0.3726409050000001,0.006345494257568843,query_sketch_bf16_v1,bf16,/home/xay/KVMergeComm/snapshots/full_matched_budget_fairness_query_sketch/pair6_llama32_abliterated_deepseek3b/countries/fairness_rekv/rekv_w8_r0.35_0716_0854,nan,nan,,
pair6_llama32_abliterated_deepseek3b,countries,fairness_rekv,ReKV,8,0.4,200,0.51,0.4218785650000004,0.006657976215201279,query_sketch_bf16_v1,bf16,/home/xay/KVMergeComm/snapshots/full_matched_budget_fairness_query_sketch/pair6_llama32_abliterated_deepseek3b/countries/fairness_rekv/rekv_w8_r0.40_0716_0855,nan,nan,,
pair6_llama32_abliterated_deepseek3b,countries,fairness_rekv,ReKV,8,0.5,200,0.545,0.5173858350000009,0.008386861888660873,query_sketch_bf16_v1,bf16,/home/xay/KVMergeComm/snapshots/full_matched_budget_fairness_query_sketch/pair6_llama32_abliterated_deepseek3b/countries/fairness_rekv/rekv_w8_r0.50_0716_0855,nan,nan,,
pair6_llama32_abliterated_deepseek3b,countries,fairness_rekv,ReKV,8,0.6,200,0.545,0.6138358500000007,0.006657837523546948,query_sketch_bf16_v1,bf16,/home/xay/KVMergeComm/snapshots/full_matched_budget_fairness_query_sketch/pair6_llama32_abliterated_deepseek3b/countries/fairness_rekv/rekv_w8_r0.60_0716_0856,nan,nan,,
pair6_llama32_abliterated_deepseek3b,countries,fairness_evict,ValueNorm/Evict,,0.1,200,0.36,0.3215809450000002,0.0204318537846511,query_agnostic_kv_v1,bf16,/home/xay/KVMergeComm/snapshots/full_matched_budget_fairness_query_sketch/pair6_llama32_abliterated_deepseek3b/countries/fairness_evict/evict_r0.10_0716_0856,nan,nan,,
pair6_llama32_abliterated_deepseek3b,countries,fairness_evict,ValueNorm/Evict,,0.15,200,0.36,0.3215809450000002,0.0204318537846511,query_agnostic_kv_v1,bf16,/home/xay/KVMergeComm/snapshots/full_matched_budget_fairness_query_sketch/pair6_llama32_abliterated_deepseek3b/countries/fairness_evict/evict_r0.15_0716_0857,nan,nan,,
pair6_llama32_abliterated_deepseek3b,countries,fairness_evict,ValueNorm/Evict,,0.2,200,0.36,0.32177908500000013,0.01935435642253256,query_agnostic_kv_v1,bf16,/home/xay/KVMergeComm/snapshots/full_matched_budget_fairness_query_sketch/pair6_llama32_abliterated_deepseek3b/countries/fairness_evict/evict_r0.20_0716_0857,nan,nan,,
pair6_llama32_abliterated_deepseek3b,countries,fairness_evict,ValueNorm/Evict,,0.25,200,0.36,0.32216630500000015,0.01812229271583391,query_agnostic_kv_v1,bf16,/home/xay/KVMergeComm/snapshots/full_matched_budget_fairness_query_sketch/pair6_llama32_abliterated_deepseek3b/countries/fairness_evict/evict_r0.25_0716_0858,nan,nan,,
pair6_llama32_abliterated_deepseek3b,countries,fairness_evict,ValueNorm/Evict,,0.3,200,0.36,0.3308946349999999,0.009239150790980042,query_agnostic_kv_v1,bf16,/home/xay/KVMergeComm/snapshots/full_matched_budget_fairness_query_sketch/pair6_llama32_abliterated_deepseek3b/countries/fairness_evict/evict_r0.30_0716_0858,nan,nan,,
pair6_llama32_abliterated_deepseek3b,countries,fairness_evict,ValueNorm/Evict,,0.35,200,0.385,0.3726409050000001,0.006345494257568843,query_agnostic_kv_v1,bf16,/home/xay/KVMergeComm/snapshots/full_matched_budget_fairness_query_sketch/pair6_llama32_abliterated_deepseek3b/countries/fairness_evict/evict_r0.35_0716_0858,nan,nan,,
pair6_llama32_abliterated_deepseek3b,countries,fairness_evict,ValueNorm/Evict,,0.4,200,0.455,0.4218785650000004,0.006657976215201279,query_agnostic_kv_v1,bf16,/home/xay/KVMergeComm/snapshots/full_matched_budget_fairness_query_sketch/pair6_llama32_abliterated_deepseek3b/countries/fairness_evict/evict_r0.40_0716_0859,nan,nan,,
pair6_llama32_abliterated_deepseek3b,countries,fairness_evict,ValueNorm/Evict,,0.5,200,0.55,0.5173858350000009,0.008386861888660873,query_agnostic_kv_v1,bf16,/home/xay/KVMergeComm/snapshots/full_matched_budget_fairness_query_sketch/pair6_llama32_abliterated_deepseek3b/countries/fairness_evict/evict_r0.50_0716_0859,nan,nan,,
pair6_llama32_abliterated_deepseek3b,countries,fairness_evict,ValueNorm/Evict,,0.6,200,0.54,0.6138358500000007,0.006657837523546948,query_agnostic_kv_v1,bf16,/home/xay/KVMergeComm/snapshots/full_matched_budget_fairness_query_sketch/pair6_llama32_abliterated_deepseek3b/countries/fairness_evict/evict_r0.60_0716_0900,nan,nan,,
pair6_llama32_abliterated_deepseek3b,countries,fairness_random,Random,,0.1,200,0.36,0.3215809450000002,0.0204318537846511,query_agnostic_kv_v1,bf16,/home/xay/KVMergeComm/snapshots/full_matched_budget_fairness_query_sketch/pair6_llama32_abliterated_deepseek3b/countries/fairness_random/random_r0.10_0716_0900,nan,nan,,
pair6_llama32_abliterated_deepseek3b,countries,fairness_random,Random,,0.15,200,0.36,0.3215809450000002,0.0204318537846511,query_agnostic_kv_v1,bf16,/home/xay/KVMergeComm/snapshots/full_matched_budget_fairness_query_sketch/pair6_llama32_abliterated_deepseek3b/countries/fairness_random/random_r0.15_0716_0901,nan,nan,,
pair6_llama32_abliterated_deepseek3b,countries,fairness_random,Random,,0.2,200,0.365,0.32177908500000013,0.01935435642253256,query_agnostic_kv_v1,bf16,/home/xay/KVMergeComm/snapshots/full_matched_budget_fairness_query_sketch/pair6_llama32_abliterated_deepseek3b/countries/fairness_random/random_r0.20_0716_0901,nan,nan,,
pair6_llama32_abliterated_deepseek3b,countries,fairness_random,Random,,0.25,200,0.365,0.32216630500000015,0.01812229271583391,query_agnostic_kv_v1,bf16,/home/xay/KVMergeComm/snapshots/full_matched_budget_fairness_query_sketch/pair6_llama32_abliterated_deepseek3b/countries/fairness_random/random_r0.25_0716_0901,nan,nan,,
pair6_llama32_abliterated_deepseek3b,countries,fairness_random,Random,,0.3,200,0.375,0.3308946349999999,0.009239150790980042,query_agnostic_kv_v1,bf16,/home/xay/KVMergeComm/snapshots/full_matched_budget_fairness_query_sketch/pair6_llama32_abliterated_deepseek3b/countries/fairness_random/random_r0.30_0716_0902,nan,nan,,
pair6_llama32_abliterated_deepseek3b,countries,fairness_random,Random,,0.35,200,0.39,0.3726409050000001,0.006345494257568843,query_agnostic_kv_v1,bf16,/home/xay/KVMergeComm/snapshots/full_matched_budget_fairness_query_sketch/pair6_llama32_abliterated_deepseek3b/countries/fairness_random/random_r0.35_0716_0902,nan,nan,,
pair6_llama32_abliterated_deepseek3b,countries,fairness_random,Random,,0.4,200,0.445,0.4218785650000004,0.006657976215201279,query_agnostic_kv_v1,bf16,/home/xay/KVMergeComm/snapshots/full_matched_budget_fairness_query_sketch/pair6_llama32_abliterated_deepseek3b/countries/fairness_random/random_r0.40_0716_0903,nan,nan,,
pair6_llama32_abliterated_deepseek3b,countries,fairness_random,Random,,0.5,200,0.505,0.5173858350000009,0.008386861888660873,query_agnostic_kv_v1,bf16,/home/xay/KVMergeComm/snapshots/full_matched_budget_fairness_query_sketch/pair6_llama32_abliterated_deepseek3b/countries/fairness_random/random_r0.50_0716_0903,nan,nan,,
pair6_llama32_abliterated_deepseek3b,countries,fairness_random,Random,,0.6,200,0.55,0.6138358500000007,0.006657837523546948,query_agnostic_kv_v1,bf16,/home/xay/KVMergeComm/snapshots/full_matched_budget_fairness_query_sketch/pair6_llama32_abliterated_deepseek3b/countries/fairness_random/random_r0.60_0716_0904,nan,nan,,
pair6_llama32_abliterated_deepseek3b,countries,coverage,B-ReKV,8,,200,0.515,0.35294440500000007,0.01396523996670351,query_sketch_bf16_v1,bf16,/home/xay/KVMergeComm/snapshots/full_matched_budget_fairness_query_sketch/pair6_llama32_abliterated_deepseek3b/countries/coverage/cov_t0.95_s0.75_w8_0716_0904,0.9300599749999996,0.29444415000000046,0.95,0.75
pair6_llama32_abliterated_deepseek3b,hotpotqa,fairness_rekv,ReKV,8,0.1,500,0.262,0.149806254,0.021726441104045993,query_sketch_bf16_v1,bf16,/home/xay/KVMergeComm/snapshots/full_matched_budget_fairness_query_sketch/pair6_llama32_abliterated_deepseek3b/hotpotqa/fairness_rekv/rekv_w8_r0.10_0716_0905,nan,nan,,
pair6_llama32_abliterated_deepseek3b,hotpotqa,fairness_rekv,ReKV,8,0.15,500,0.412,0.18209368400000003,0.00690152251595404,query_sketch_bf16_v1,bf16,/home/xay/KVMergeComm/snapshots/full_matched_budget_fairness_query_sketch/pair6_llama32_abliterated_deepseek3b/hotpotqa/fairness_rekv/rekv_w8_r0.15_0716_0906,nan,nan,,
pair6_llama32_abliterated_deepseek3b,hotpotqa,fairness_rekv,ReKV,8,0.2,500,0.508,0.22860956400000024,0.0026806934865892603,query_sketch_bf16_v1,bf16,/home/xay/KVMergeComm/snapshots/full_matched_budget_fairness_query_sketch/pair6_llama32_abliterated_deepseek3b/hotpotqa/fairness_rekv/rekv_w8_r0.20_0716_0908,nan,nan,,
pair6_llama32_abliterated_deepseek3b,hotpotqa,fairness_rekv,ReKV,8,0.25,500,0.554,0.2769025219999998,0.0029265059253961475,query_sketch_bf16_v1,bf16,/home/xay/KVMergeComm/snapshots/full_matched_budget_fairness_query_sketch/pair6_llama32_abliterated_deepseek3b/hotpotqa/fairness_rekv/rekv_w8_r0.25_0716_0909,nan,nan,,
pair6_llama32_abliterated_deepseek3b,hotpotqa,fairness_rekv,ReKV,8,0.3,500,0.608,0.32493556200000007,0.002774005600625314,query_sketch_bf16_v1,bf16,/home/xay/KVMergeComm/snapshots/full_matched_budget_fairness_query_sketch/pair6_llama32_abliterated_deepseek3b/hotpotqa/fairness_rekv/rekv_w8_r0.30_0716_0910,nan,nan,,
pair6_llama32_abliterated_deepseek3b,hotpotqa,fairness_rekv,ReKV,8,0.35,500,0.632,0.3731065719999994,0.002488577722108344,query_sketch_bf16_v1,bf16,/home/xay/KVMergeComm/snapshots/full_matched_budget_fairness_query_sketch/pair6_llama32_abliterated_deepseek3b/hotpotqa/fairness_rekv/rekv_w8_r0.35_0716_0912,nan,nan,,
pair6_llama32_abliterated_deepseek3b,hotpotqa,fairness_rekv,ReKV,8,0.4,500,0.658,0.4212702799999994,0.0026408626068420205,query_sketch_bf16_v1,bf16,/home/xay/KVMergeComm/snapshots/full_matched_budget_fairness_query_sketch/pair6_llama32_abliterated_deepseek3b/hotpotqa/fairness_rekv/rekv_w8_r0.40_0716_0913,nan,nan,,
pair6_llama32_abliterated_deepseek3b,hotpotqa,fairness_rekv,ReKV,8,0.5,500,0.692,0.5179280559999988,0.0032051639272375693,query_sketch_bf16_v1,bf16,/home/xay/KVMergeComm/snapshots/full_matched_budget_fairness_query_sketch/pair6_llama32_abliterated_deepseek3b/hotpotqa/fairness_rekv/rekv_w8_r0.50_0716_0914,nan,nan,,
pair6_llama32_abliterated_deepseek3b,hotpotqa,fairness_rekv,ReKV,8,0.6,500,0.696,0.6144441159999993,0.0026409665957113655,query_sketch_bf16_v1,bf16,/home/xay/KVMergeComm/snapshots/full_matched_budget_fairness_query_sketch/pair6_llama32_abliterated_deepseek3b/hotpotqa/fairness_rekv/rekv_w8_r0.60_0716_0916,nan,nan,,
pair6_llama32_abliterated_deepseek3b,hotpotqa,fairness_evict,ValueNorm/Evict,,0.1,500,0.234,0.149806254,0.021726441104045993,query_agnostic_kv_v1,bf16,/home/xay/KVMergeComm/snapshots/full_matched_budget_fairness_query_sketch/pair6_llama32_abliterated_deepseek3b/hotpotqa/fairness_evict/evict_r0.10_0716_0917,nan,nan,,
pair6_llama32_abliterated_deepseek3b,hotpotqa,fairness_evict,ValueNorm/Evict,,0.15,500,0.29,0.18209368400000003,0.00690152251595404,query_agnostic_kv_v1,bf16,/home/xay/KVMergeComm/snapshots/full_matched_budget_fairness_query_sketch/pair6_llama32_abliterated_deepseek3b/hotpotqa/fairness_evict/evict_r0.15_0716_0918,nan,nan,,
pair6_llama32_abliterated_deepseek3b,hotpotqa,fairness_evict,ValueNorm/Evict,,0.2,500,0.378,0.22860956400000024,0.0026806934865892603,query_agnostic_kv_v1,bf16,/home/xay/KVMergeComm/snapshots/full_matched_budget_fairness_query_sketch/pair6_llama32_abliterated_deepseek3b/hotpotqa/fairness_evict/evict_r0.20_0716_0920,nan,nan,,
pair6_llama32_abliterated_deepseek3b,hotpotqa,fairness_evict,ValueNorm/Evict,,0.25,500,0.474,0.2769025219999998,0.0029265059253961475,query_agnostic_kv_v1,bf16,/home/xay/KVMergeComm/snapshots/full_matched_budget_fairness_query_sketch/pair6_llama32_abliterated_deepseek3b/hotpotqa/fairness_evict/evict_r0.25_0716_0921,nan,nan,,
pair6_llama32_abliterated_deepseek3b,hotpotqa,fairness_evict,ValueNorm/Evict,,0.3,500,0.506,0.32493556200000007,0.002774005600625314,query_agnostic_kv_v1,bf16,/home/xay/KVMergeComm/snapshots/full_matched_budget_fairness_query_sketch/pair6_llama32_abliterated_deepseek3b/hotpotqa/fairness_evict/evict_r0.30_0716_0922,nan,nan,,
pair6_llama32_abliterated_deepseek3b,hotpotqa,fairness_evict,ValueNorm/Evict,,0.35,500,0.574,0.3731065719999994,0.002488577722108344,query_agnostic_kv_v1,bf16,/home/xay/KVMergeComm/snapshots/full_matched_budget_fairness_query_sketch/pair6_llama32_abliterated_deepseek3b/hotpotqa/fairness_evict/evict_r0.35_0716_0923,nan,nan,,
pair6_llama32_abliterated_deepseek3b,hotpotqa,fairness_evict,ValueNorm/Evict,,0.4,500,0.612,0.4212702799999994,0.0026408626068420205,query_agnostic_kv_v1,bf16,/home/xay/KVMergeComm/snapshots/full_matched_budget_fairness_query_sketch/pair6_llama32_abliterated_deepseek3b/hotpotqa/fairness_evict/evict_r0.40_0716_0924,nan,nan,,
pair6_llama32_abliterated_deepseek3b,hotpotqa,fairness_evict,ValueNorm/Evict,,0.5,500,0.636,0.5179280559999988,0.0032051639272375693,query_agnostic_kv_v1,bf16,/home/xay/KVMergeComm/snapshots/full_matched_budget_fairness_query_sketch/pair6_llama32_abliterated_deepseek3b/hotpotqa/fairness_evict/evict_r0.50_0716_0925,nan,nan,,
pair6_llama32_abliterated_deepseek3b,hotpotqa,fairness_evict,ValueNorm/Evict,,0.6,500,0.67,0.6144441159999993,0.0026409665957113655,query_agnostic_kv_v1,bf16,/home/xay/KVMergeComm/snapshots/full_matched_budget_fairness_query_sketch/pair6_llama32_abliterated_deepseek3b/hotpotqa/fairness_evict/evict_r0.60_0716_0926,nan,nan,,
pair6_llama32_abliterated_deepseek3b,hotpotqa,fairness_random,Random,,0.1,500,0.226,0.149806254,0.021726441104045993,query_agnostic_kv_v1,bf16,/home/xay/KVMergeComm/snapshots/full_matched_budget_fairness_query_sketch/pair6_llama32_abliterated_deepseek3b/hotpotqa/fairness_random/random_r0.10_0716_0927,nan,nan,,
pair6_llama32_abliterated_deepseek3b,hotpotqa,fairness_random,Random,,0.15,500,0.254,0.18209368400000003,0.00690152251595404,query_agnostic_kv_v1,bf16,/home/xay/KVMergeComm/snapshots/full_matched_budget_fairness_query_sketch/pair6_llama32_abliterated_deepseek3b/hotpotqa/fairness_random/random_r0.15_0716_0928,nan,nan,,
pair6_llama32_abliterated_deepseek3b,hotpotqa,fairness_random,Random,,0.2,500,0.318,0.22860956400000024,0.0026806934865892603,query_agnostic_kv_v1,bf16,/home/xay/KVMergeComm/snapshots/full_matched_budget_fairness_query_sketch/pair6_llama32_abliterated_deepseek3b/hotpotqa/fairness_random/random_r0.20_0716_0930,nan,nan,,
pair6_llama32_abliterated_deepseek3b,hotpotqa,fairness_random,Random,,0.25,500,0.354,0.2769025219999998,0.0029265059253961475,query_agnostic_kv_v1,bf16,/home/xay/KVMergeComm/snapshots/full_matched_budget_fairness_query_sketch/pair6_llama32_abliterated_deepseek3b/hotpotqa/fairness_random/random_r0.25_0716_0931,nan,nan,,
pair6_llama32_abliterated_deepseek3b,hotpotqa,fairness_random,Random,,0.3,500,0.414,0.32493556200000007,0.002774005600625314,query_agnostic_kv_v1,bf16,/home/xay/KVMergeComm/snapshots/full_matched_budget_fairness_query_sketch/pair6_llama32_abliterated_deepseek3b/hotpotqa/fairness_random/random_r0.30_0716_0932,nan,nan,,
pair6_llama32_abliterated_deepseek3b,hotpotqa,fairness_random,Random,,0.35,500,0.464,0.3731065719999994,0.002488577722108344,query_agnostic_kv_v1,bf16,/home/xay/KVMergeComm/snapshots/full_matched_budget_fairness_query_sketch/pair6_llama32_abliterated_deepseek3b/hotpotqa/fairness_random/random_r0.35_0716_0933,nan,nan,,
pair6_llama32_abliterated_deepseek3b,hotpotqa,fairness_random,Random,,0.4,500,0.514,0.4212702799999994,0.0026408626068420205,query_agnostic_kv_v1,bf16,/home/xay/KVMergeComm/snapshots/full_matched_budget_fairness_query_sketch/pair6_llama32_abliterated_deepseek3b/hotpotqa/fairness_random/random_r0.40_0716_0934,nan,nan,,
pair6_llama32_abliterated_deepseek3b,hotpotqa,fairness_random,Random,,0.5,500,0.566,0.5179280559999988,0.0032051639272375693,query_agnostic_kv_v1,bf16,/home/xay/KVMergeComm/snapshots/full_matched_budget_fairness_query_sketch/pair6_llama32_abliterated_deepseek3b/hotpotqa/fairness_random/random_r0.50_0716_0935,nan,nan,,
pair6_llama32_abliterated_deepseek3b,hotpotqa,fairness_random,Random,,0.6,500,0.612,0.6144441159999993,0.0026409665957113655,query_agnostic_kv_v1,bf16,/home/xay/KVMergeComm/snapshots/full_matched_budget_fairness_query_sketch/pair6_llama32_abliterated_deepseek3b/hotpotqa/fairness_random/random_r0.60_0716_0936,nan,nan,,
pair6_llama32_abliterated_deepseek3b,hotpotqa,coverage,B-ReKV,8,,500,0.484,0.2530156239999998,0.02114237616917223,query_sketch_bf16_v1,bf16,/home/xay/KVMergeComm/snapshots/full_matched_budget_fairness_query_sketch/pair6_llama32_abliterated_deepseek3b/hotpotqa/coverage/cov_t0.95_s0.75_w8_0716_0937,0.9317492080000012,0.07399992600000033,0.95,0.75
pair6_llama32_abliterated_deepseek3b,musique,fairness_rekv,ReKV,8,0.1,500,0.164,0.13225140400000002,0.0017261498008730614,query_sketch_bf16_v1,bf16,/home/xay/KVMergeComm/snapshots/full_matched_budget_fairness_query_sketch/pair6_llama32_abliterated_deepseek3b/musique/fairness_rekv/rekv_w8_r0.10_0716_0939,nan,nan,,
pair6_llama32_abliterated_deepseek3b,musique,fairness_rekv,ReKV,8,0.15,500,0.242,0.180358564,0.0010400221642389254,query_sketch_bf16_v1,bf16,/home/xay/KVMergeComm/snapshots/full_matched_budget_fairness_query_sketch/pair6_llama32_abliterated_deepseek3b/musique/fairness_rekv/rekv_w8_r0.15_0716_0940,nan,nan,,
pair6_llama32_abliterated_deepseek3b,musique,fairness_rekv,ReKV,8,0.2,500,0.28,0.22863367000000023,0.0010134812309613931,query_sketch_bf16_v1,bf16,/home/xay/KVMergeComm/snapshots/full_matched_budget_fairness_query_sketch/pair6_llama32_abliterated_deepseek3b/musique/fairness_rekv/rekv_w8_r0.20_0716_0942,nan,nan,,
pair6_llama32_abliterated_deepseek3b,musique,fairness_rekv,ReKV,8,0.25,500,0.296,0.27676854799999984,0.0011224344479192324,query_sketch_bf16_v1,bf16,/home/xay/KVMergeComm/snapshots/full_matched_budget_fairness_query_sketch/pair6_llama32_abliterated_deepseek3b/musique/fairness_rekv/rekv_w8_r0.25_0716_0944,nan,nan,,
pair6_llama32_abliterated_deepseek3b,musique,fairness_rekv,ReKV,8,0.3,500,0.342,0.32497517400000014,0.0010478534809595856,query_sketch_bf16_v1,bf16,/home/xay/KVMergeComm/snapshots/full_matched_budget_fairness_query_sketch/pair6_llama32_abliterated_deepseek3b/musique/fairness_rekv/rekv_w8_r0.30_0716_0945,nan,nan,,
pair6_llama32_abliterated_deepseek3b,musique,fairness_rekv,ReKV,8,0.35,500,0.332,0.3732741360000001,0.0010246594768952187,query_sketch_bf16_v1,bf16,/home/xay/KVMergeComm/snapshots/full_matched_budget_fairness_query_sketch/pair6_llama32_abliterated_deepseek3b/musique/fairness_rekv/rekv_w8_r0.35_0716_0946,nan,nan,,
pair6_llama32_abliterated_deepseek3b,musique,fairness_rekv,ReKV,8,0.4,500,0.346,0.4214295919999995,0.0010587228237698208,query_sketch_bf16_v1,bf16,/home/xay/KVMergeComm/snapshots/full_matched_budget_fairness_query_sketch/pair6_llama32_abliterated_deepseek3b/musique/fairness_rekv/rekv_w8_r0.40_0716_0948,nan,nan,,
pair6_llama32_abliterated_deepseek3b,musique,fairness_rekv,ReKV,8,0.5,500,0.37,0.5178189439999988,0.0013538949412298493,query_sketch_bf16_v1,bf16,/home/xay/KVMergeComm/snapshots/full_matched_budget_fairness_query_sketch/pair6_llama32_abliterated_deepseek3b/musique/fairness_rekv/rekv_w8_r0.50_0716_0949,nan,nan,,
pair6_llama32_abliterated_deepseek3b,musique,fairness_rekv,ReKV,8,0.6,500,0.404,0.6142847919999999,0.0010587328895424045,query_sketch_bf16_v1,bf16,/home/xay/KVMergeComm/snapshots/full_matched_budget_fairness_query_sketch/pair6_llama32_abliterated_deepseek3b/musique/fairness_rekv/rekv_w8_r0.60_0716_0951,nan,nan,,
pair6_llama32_abliterated_deepseek3b,musique,fairness_evict,ValueNorm/Evict,,0.1,500,0.07,0.13225140400000002,0.0017261498008730614,query_agnostic_kv_v1,bf16,/home/xay/KVMergeComm/snapshots/full_matched_budget_fairness_query_sketch/pair6_llama32_abliterated_deepseek3b/musique/fairness_evict/evict_r0.10_0716_0952,nan,nan,,
pair6_llama32_abliterated_deepseek3b,musique,fairness_evict,ValueNorm/Evict,,0.15,500,0.118,0.180358564,0.0010400221642389254,query_agnostic_kv_v1,bf16,/home/xay/KVMergeComm/snapshots/full_matched_budget_fairness_query_sketch/pair6_llama32_abliterated_deepseek3b/musique/fairness_evict/evict_r0.15_0716_0954,nan,nan,,
pair6_llama32_abliterated_deepseek3b,musique,fairness_evict,ValueNorm/Evict,,0.2,500,0.19,0.22863367000000023,0.0010134812309613931,query_agnostic_kv_v1,bf16,/home/xay/KVMergeComm/snapshots/full_matched_budget_fairness_query_sketch/pair6_llama32_abliterated_deepseek3b/musique/fairness_evict/evict_r0.20_0716_0956,nan,nan,,
pair6_llama32_abliterated_deepseek3b,musique,fairness_evict,ValueNorm/Evict,,0.25,500,0.216,0.27676854799999984,0.0011224344479192324,query_agnostic_kv_v1,bf16,/home/xay/KVMergeComm/snapshots/full_matched_budget_fairness_query_sketch/pair6_llama32_abliterated_deepseek3b/musique/fairness_evict/evict_r0.25_0716_0957,nan,nan,,
pair6_llama32_abliterated_deepseek3b,musique,fairness_evict,ValueNorm/Evict,,0.3,500,0.24,0.32497517400000014,0.0010478534809595856,query_agnostic_kv_v1,bf16,/home/xay/KVMergeComm/snapshots/full_matched_budget_fairness_query_sketch/pair6_llama32_abliterated_deepseek3b/musique/fairness_evict/evict_r0.30_0716_0959,nan,nan,,
pair6_llama32_abliterated_deepseek3b,musique,fairness_evict,ValueNorm/Evict,,0.35,500,0.286,0.3732741360000001,0.0010246594768952187,query_agnostic_kv_v1,bf16,/home/xay/KVMergeComm/snapshots/full_matched_budget_fairness_query_sketch/pair6_llama32_abliterated_deepseek3b/musique/fairness_evict/evict_r0.35_0716_1000,nan,nan,,
pair6_llama32_abliterated_deepseek3b,musique,fairness_evict,ValueNorm/Evict,,0.4,500,0.32,0.4214295919999995,0.0010587228237698208,query_agnostic_kv_v1,bf16,/home/xay/KVMergeComm/snapshots/full_matched_budget_fairness_query_sketch/pair6_llama32_abliterated_deepseek3b/musique/fairness_evict/evict_r0.40_0716_1001,nan,nan,,
pair6_llama32_abliterated_deepseek3b,musique,fairness_evict,ValueNorm/Evict,,0.5,500,0.352,0.5178189439999988,0.0013538949412298493,query_agnostic_kv_v1,bf16,/home/xay/KVMergeComm/snapshots/full_matched_budget_fairness_query_sketch/pair6_llama32_abliterated_deepseek3b/musique/fairness_evict/evict_r0.50_0716_1002,nan,nan,,
pair6_llama32_abliterated_deepseek3b,musique,fairness_evict,ValueNorm/Evict,,0.6,500,0.398,0.6142847919999999,0.0010587328895424045,query_agnostic_kv_v1,bf16,/home/xay/KVMergeComm/snapshots/full_matched_budget_fairness_query_sketch/pair6_llama32_abliterated_deepseek3b/musique/fairness_evict/evict_r0.60_0716_1003,nan,nan,,
pair6_llama32_abliterated_deepseek3b,musique,fairness_random,Random,,0.1,500,0.072,0.13225140400000002,0.0017261498008730614,query_agnostic_kv_v1,bf16,/home/xay/KVMergeComm/snapshots/full_matched_budget_fairness_query_sketch/pair6_llama32_abliterated_deepseek3b/musique/fairness_random/random_r0.10_0716_1005,nan,nan,,
pair6_llama32_abliterated_deepseek3b,musique,fairness_random,Random,,0.15,500,0.104,0.180358564,0.0010400221642389254,query_agnostic_kv_v1,bf16,/home/xay/KVMergeComm/snapshots/full_matched_budget_fairness_query_sketch/pair6_llama32_abliterated_deepseek3b/musique/fairness_random/random_r0.15_0716_1006,nan,nan,,
pair6_llama32_abliterated_deepseek3b,musique,fairness_random,Random,,0.2,500,0.128,0.22863367000000023,0.0010134812309613931,query_agnostic_kv_v1,bf16,/home/xay/KVMergeComm/snapshots/full_matched_budget_fairness_query_sketch/pair6_llama32_abliterated_deepseek3b/musique/fairness_random/random_r0.20_0716_1008,nan,nan,,
pair6_llama32_abliterated_deepseek3b,musique,fairness_random,Random,,0.25,500,0.156,0.27676854799999984,0.0011224344479192324,query_agnostic_kv_v1,bf16,/home/xay/KVMergeComm/snapshots/full_matched_budget_fairness_query_sketch/pair6_llama32_abliterated_deepseek3b/musique/fairness_random/random_r0.25_0716_1010,nan,nan,,
pair6_llama32_abliterated_deepseek3b,musique,fairness_random,Random,,0.3,500,0.182,0.32497517400000014,0.0010478534809595856,query_agnostic_kv_v1,bf16,/home/xay/KVMergeComm/snapshots/full_matched_budget_fairness_query_sketch/pair6_llama32_abliterated_deepseek3b/musique/fairness_random/random_r0.30_0716_1011,nan,nan,,
pair6_llama32_abliterated_deepseek3b,musique,fairness_random,Random,,0.35,500,0.21,0.3732741360000001,0.0010246594768952187,query_agnostic_kv_v1,bf16,/home/xay/KVMergeComm/snapshots/full_matched_budget_fairness_query_sketch/pair6_llama32_abliterated_deepseek3b/musique/fairness_random/random_r0.35_0716_1013,nan,nan,,
pair6_llama32_abliterated_deepseek3b,musique,fairness_random,Random,,0.4,500,0.248,0.4214295919999995,0.0010587228237698208,query_agnostic_kv_v1,bf16,/home/xay/KVMergeComm/snapshots/full_matched_budget_fairness_query_sketch/pair6_llama32_abliterated_deepseek3b/musique/fairness_random/random_r0.40_0716_1014,nan,nan,,
pair6_llama32_abliterated_deepseek3b,musique,fairness_random,Random,,0.5,500,0.272,0.5178189439999988,0.0013538949412298493,query_agnostic_kv_v1,bf16,/home/xay/KVMergeComm/snapshots/full_matched_budget_fairness_query_sketch/pair6_llama32_abliterated_deepseek3b/musique/fairness_random/random_r0.50_0716_1016,nan,nan,,
pair6_llama32_abliterated_deepseek3b,musique,fairness_random,Random,,0.6,500,0.316,0.6142847919999999,0.0010587328895424045,query_agnostic_kv_v1,bf16,/home/xay/KVMergeComm/snapshots/full_matched_budget_fairness_query_sketch/pair6_llama32_abliterated_deepseek3b/musique/fairness_random/random_r0.60_0716_1017,nan,nan,,
pair6_llama32_abliterated_deepseek3b,musique,coverage,B-ReKV,8,,500,0.314,0.2518589280000003,0.025891424458066244,query_sketch_bf16_v1,bf16,/home/xay/KVMergeComm/snapshots/full_matched_budget_fairness_query_sketch/pair6_llama32_abliterated_deepseek3b/musique/coverage/cov_t0.95_s0.75_w8_0716_1018,0.9346794940000004,0.03740737000000009,0.95,0.75
pair6_llama32_abliterated_deepseek3b,twowikimqa,fairness_rekv,ReKV,8,0.1,200,0.375,0.13213893000000004,6.245002102183995e-05,query_sketch_bf16_v1,bf16,/home/xay/KVMergeComm/snapshots/full_matched_budget_fairness_query_sketch/pair6_llama32_abliterated_deepseek3b/twowikimqa/fairness_rekv/rekv_w8_r0.10_0716_1020,nan,nan,,
pair6_llama32_abliterated_deepseek3b,twowikimqa,fairness_rekv,ReKV,8,0.15,200,0.395,0.18036076500000014,6.108754550708695e-05,query_sketch_bf16_v1,bf16,/home/xay/KVMergeComm/snapshots/full_matched_budget_fairness_query_sketch/pair6_llama32_abliterated_deepseek3b/twowikimqa/fairness_rekv/rekv_w8_r0.15_0716_1021,nan,nan,,
pair6_llama32_abliterated_deepseek3b,twowikimqa,fairness_rekv,ReKV,8,0.2,200,0.395,0.228565715,6.651817128088252e-05,query_sketch_bf16_v1,bf16,/home/xay/KVMergeComm/snapshots/full_matched_budget_fairness_query_sketch/pair6_llama32_abliterated_deepseek3b/twowikimqa/fairness_rekv/rekv_w8_r0.20_0716_1022,nan,nan,,
pair6_llama32_abliterated_deepseek3b,twowikimqa,fairness_rekv,ReKV,8,0.25,200,0.39,0.27678668000000034,5.757056059511985e-05,query_sketch_bf16_v1,bf16,/home/xay/KVMergeComm/snapshots/full_matched_budget_fairness_query_sketch/pair6_llama32_abliterated_deepseek3b/twowikimqa/fairness_rekv/rekv_w8_r0.25_0716_1024,nan,nan,,
pair6_llama32_abliterated_deepseek3b,twowikimqa,fairness_rekv,ReKV,8,0.3,200,0.39,0.3250022550000002,7.384637030372593e-05,query_sketch_bf16_v1,bf16,/home/xay/KVMergeComm/snapshots/full_matched_budget_fairness_query_sketch/pair6_llama32_abliterated_deepseek3b/twowikimqa/fairness_rekv/rekv_w8_r0.30_0716_1025,nan,nan,,
pair6_llama32_abliterated_deepseek3b,twowikimqa,fairness_rekv,ReKV,8,0.35,200,0.395,0.3732073549999997,5.29852446986775e-05,query_sketch_bf16_v1,bf16,/home/xay/KVMergeComm/snapshots/full_matched_budget_fairness_query_sketch/pair6_llama32_abliterated_deepseek3b/twowikimqa/fairness_rekv/rekv_w8_r0.35_0716_1027,nan,nan,,
pair6_llama32_abliterated_deepseek3b,twowikimqa,fairness_rekv,ReKV,8,0.4,200,0.4,0.4214341600000004,5.813970697929241e-05,query_sketch_bf16_v1,bf16,/home/xay/KVMergeComm/snapshots/full_matched_budget_fairness_query_sketch/pair6_llama32_abliterated_deepseek3b/twowikimqa/fairness_rekv/rekv_w8_r0.40_0716_1028,nan,nan,,
pair6_llama32_abliterated_deepseek3b,twowikimqa,fairness_rekv,ReKV,8,0.5,200,0.415,0.5178631600000013,7.32714674324092e-05,query_sketch_bf16_v1,bf16,/home/xay/KVMergeComm/snapshots/full_matched_budget_fairness_query_sketch/pair6_llama32_abliterated_deepseek3b/twowikimqa/fairness_rekv/rekv_w8_r0.50_0716_1029,nan,nan,,
pair6_llama32_abliterated_deepseek3b,twowikimqa,fairness_rekv,ReKV,8,0.6,200,0.41,0.6142802600000005,5.817943479585839e-05,query_sketch_bf16_v1,bf16,/home/xay/KVMergeComm/snapshots/full_matched_budget_fairness_query_sketch/pair6_llama32_abliterated_deepseek3b/twowikimqa/fairness_rekv/rekv_w8_r0.60_0716_1031,nan,nan,,
pair6_llama32_abliterated_deepseek3b,twowikimqa,fairness_evict,ValueNorm/Evict,,0.1,200,0.24,0.13213893000000004,6.245002102183995e-05,query_agnostic_kv_v1,bf16,/home/xay/KVMergeComm/snapshots/full_matched_budget_fairness_query_sketch/pair6_llama32_abliterated_deepseek3b/twowikimqa/fairness_evict/evict_r0.10_0716_1032,nan,nan,,
pair6_llama32_abliterated_deepseek3b,twowikimqa,fairness_evict,ValueNorm/Evict,,0.15,200,0.24,0.18036076500000014,6.108754550708695e-05,query_agnostic_kv_v1,bf16,/home/xay/KVMergeComm/snapshots/full_matched_budget_fairness_query_sketch/pair6_llama32_abliterated_deepseek3b/twowikimqa/fairness_evict/evict_r0.15_0716_1034,nan,nan,,
pair6_llama32_abliterated_deepseek3b,twowikimqa,fairness_evict,ValueNorm/Evict,,0.2,200,0.24,0.228565715,6.651817128088252e-05,query_agnostic_kv_v1,bf16,/home/xay/KVMergeComm/snapshots/full_matched_budget_fairness_query_sketch/pair6_llama32_abliterated_deepseek3b/twowikimqa/fairness_evict/evict_r0.20_0716_1035,nan,nan,,
pair6_llama32_abliterated_deepseek3b,twowikimqa,fairness_evict,ValueNorm/Evict,,0.25,200,0.25,0.27678668000000034,5.757056059511985e-05,query_agnostic_kv_v1,bf16,/home/xay/KVMergeComm/snapshots/full_matched_budget_fairness_query_sketch/pair6_llama32_abliterated_deepseek3b/twowikimqa/fairness_evict/evict_r0.25_0716_1036,nan,nan,,
pair6_llama32_abliterated_deepseek3b,twowikimqa,fairness_evict,ValueNorm/Evict,,0.3,200,0.3,0.3250022550000002,7.384637030372593e-05,query_agnostic_kv_v1,bf16,/home/xay/KVMergeComm/snapshots/full_matched_budget_fairness_query_sketch/pair6_llama32_abliterated_deepseek3b/twowikimqa/fairness_evict/evict_r0.30_0716_1038,nan,nan,,
pair6_llama32_abliterated_deepseek3b,twowikimqa,fairness_evict,ValueNorm/Evict,,0.35,200,0.31,0.3732073549999997,5.29852446986775e-05,query_agnostic_kv_v1,bf16,/home/xay/KVMergeComm/snapshots/full_matched_budget_fairness_query_sketch/pair6_llama32_abliterated_deepseek3b/twowikimqa/fairness_evict/evict_r0.35_0716_1039,nan,nan,,
pair6_llama32_abliterated_deepseek3b,twowikimqa,fairness_evict,ValueNorm/Evict,,0.4,200,0.33,0.4214341600000004,5.813970697929241e-05,query_agnostic_kv_v1,bf16,/home/xay/KVMergeComm/snapshots/full_matched_budget_fairness_query_sketch/pair6_llama32_abliterated_deepseek3b/twowikimqa/fairness_evict/evict_r0.40_0716_1040,nan,nan,,
pair6_llama32_abliterated_deepseek3b,twowikimqa,fairness_evict,ValueNorm/Evict,,0.5,200,0.33,0.5178631600000013,7.32714674324092e-05,query_agnostic_kv_v1,bf16,/home/xay/KVMergeComm/snapshots/full_matched_budget_fairness_query_sketch/pair6_llama32_abliterated_deepseek3b/twowikimqa/fairness_evict/evict_r0.50_0716_1042,nan,nan,,
pair6_llama32_abliterated_deepseek3b,twowikimqa,fairness_evict,ValueNorm/Evict,,0.6,200,0.395,0.6142802600000005,5.817943479585839e-05,query_agnostic_kv_v1,bf16,/home/xay/KVMergeComm/snapshots/full_matched_budget_fairness_query_sketch/pair6_llama32_abliterated_deepseek3b/twowikimqa/fairness_evict/evict_r0.60_0716_1043,nan,nan,,
pair6_llama32_abliterated_deepseek3b,twowikimqa,fairness_random,Random,,0.1,200,0.255,0.13213893000000004,6.245002102183995e-05,query_agnostic_kv_v1,bf16,/home/xay/KVMergeComm/snapshots/full_matched_budget_fairness_query_sketch/pair6_llama32_abliterated_deepseek3b/twowikimqa/fairness_random/random_r0.10_0716_1044,nan,nan,,
pair6_llama32_abliterated_deepseek3b,twowikimqa,fairness_random,Random,,0.15,200,0.295,0.18036076500000014,6.108754550708695e-05,query_agnostic_kv_v1,bf16,/home/xay/KVMergeComm/snapshots/full_matched_budget_fairness_query_sketch/pair6_llama32_abliterated_deepseek3b/twowikimqa/fairness_random/random_r0.15_0716_1045,nan,nan,,
pair6_llama32_abliterated_deepseek3b,twowikimqa,fairness_random,Random,,0.2,200,0.275,0.228565715,6.651817128088252e-05,query_agnostic_kv_v1,bf16,/home/xay/KVMergeComm/snapshots/full_matched_budget_fairness_query_sketch/pair6_llama32_abliterated_deepseek3b/twowikimqa/fairness_random/random_r0.20_0716_1047,nan,nan,,
pair6_llama32_abliterated_deepseek3b,twowikimqa,fairness_random,Random,,0.25,200,0.29,0.27678668000000034,5.757056059511985e-05,query_agnostic_kv_v1,bf16,/home/xay/KVMergeComm/snapshots/full_matched_budget_fairness_query_sketch/pair6_llama32_abliterated_deepseek3b/twowikimqa/fairness_random/random_r0.25_0716_1048,nan,nan,,
pair6_llama32_abliterated_deepseek3b,twowikimqa,fairness_random,Random,,0.3,200,0.295,0.3250022550000002,7.384637030372593e-05,query_agnostic_kv_v1,bf16,/home/xay/KVMergeComm/snapshots/full_matched_budget_fairness_query_sketch/pair6_llama32_abliterated_deepseek3b/twowikimqa/fairness_random/random_r0.30_0716_1049,nan,nan,,
pair6_llama32_abliterated_deepseek3b,twowikimqa,fairness_random,Random,,0.35,200,0.31,0.3732073549999997,5.29852446986775e-05,query_agnostic_kv_v1,bf16,/home/xay/KVMergeComm/snapshots/full_matched_budget_fairness_query_sketch/pair6_llama32_abliterated_deepseek3b/twowikimqa/fairness_random/random_r0.35_0716_1051,nan,nan,,
pair6_llama32_abliterated_deepseek3b,twowikimqa,fairness_random,Random,,0.4,200,0.35,0.4214341600000004,5.813970697929241e-05,query_agnostic_kv_v1,bf16,/home/xay/KVMergeComm/snapshots/full_matched_budget_fairness_query_sketch/pair6_llama32_abliterated_deepseek3b/twowikimqa/fairness_random/random_r0.40_0716_1052,nan,nan,,
pair6_llama32_abliterated_deepseek3b,twowikimqa,fairness_random,Random,,0.5,200,0.365,0.5178631600000013,7.32714674324092e-05,query_agnostic_kv_v1,bf16,/home/xay/KVMergeComm/snapshots/full_matched_budget_fairness_query_sketch/pair6_llama32_abliterated_deepseek3b/twowikimqa/fairness_random/random_r0.50_0716_1053,nan,nan,,
pair6_llama32_abliterated_deepseek3b,twowikimqa,fairness_random,Random,,0.6,200,0.39,0.6142802600000005,5.817943479585839e-05,query_agnostic_kv_v1,bf16,/home/xay/KVMergeComm/snapshots/full_matched_budget_fairness_query_sketch/pair6_llama32_abliterated_deepseek3b/twowikimqa/fairness_random/random_r0.60_0716_1054,nan,nan,,
pair6_llama32_abliterated_deepseek3b,twowikimqa,coverage,B-ReKV,8,,200,0.395,0.39988733500000007,0.03379931785495198,query_sketch_bf16_v1,bf16,/home/xay/KVMergeComm/snapshots/full_matched_budget_fairness_query_sketch/pair6_llama32_abliterated_deepseek3b/twowikimqa/coverage/cov_t0.95_s0.75_w8_0716_1056,0.9199440599999993,0.0,0.95,0.75
pair6_llama32_abliterated_deepseek3b,tipsheets,fairness_rekv,ReKV,8,0.1,500,0.354,0.16289150800000002,0.013867288226450294,query_sketch_bf16_v1,bf16,/home/xay/KVMergeComm/snapshots/full_matched_budget_fairness_query_sketch/pair6_llama32_abliterated_deepseek3b/tipsheets/fairness_rekv/rekv_w8_r0.10_0718_1101,nan,nan,,
pair6_llama32_abliterated_deepseek3b,tipsheets,fairness_rekv,ReKV,8,0.15,500,0.354,0.18161019600000033,0.0046834714478888794,query_sketch_bf16_v1,bf16,/home/xay/KVMergeComm/snapshots/full_matched_budget_fairness_query_sketch/pair6_llama32_abliterated_deepseek3b/tipsheets/fairness_rekv/rekv_w8_r0.15_0718_1103,nan,nan,,
pair6_llama32_abliterated_deepseek3b,tipsheets,fairness_rekv,ReKV,8,0.2,500,0.396,0.22869410200000034,0.0029833807314477204,query_sketch_bf16_v1,bf16,/home/xay/KVMergeComm/snapshots/full_matched_budget_fairness_query_sketch/pair6_llama32_abliterated_deepseek3b/tipsheets/fairness_rekv/rekv_w8_r0.20_0718_1104,nan,nan,,
pair6_llama32_abliterated_deepseek3b,tipsheets,fairness_rekv,ReKV,8,0.25,500,0.428,0.276563514,0.0032359886648568744,query_sketch_bf16_v1,bf16,/home/xay/KVMergeComm/snapshots/full_matched_budget_fairness_query_sketch/pair6_llama32_abliterated_deepseek3b/tipsheets/fairness_rekv/rekv_w8_r0.25_0718_1106,nan,nan,,
pair6_llama32_abliterated_deepseek3b,tipsheets,fairness_rekv,ReKV,8,0.3,500,0.448,0.32497093200000027,0.003015223633247288,query_sketch_bf16_v1,bf16,/home/xay/KVMergeComm/snapshots/full_matched_budget_fairness_query_sketch/pair6_llama32_abliterated_deepseek3b/tipsheets/fairness_rekv/rekv_w8_r0.30_0718_1107,nan,nan,,
pair6_llama32_abliterated_deepseek3b,tipsheets,fairness_rekv,ReKV,8,0.35,500,0.49,0.37284914599999947,0.0031615288672160635,query_sketch_bf16_v1,bf16,/home/xay/KVMergeComm/snapshots/full_matched_budget_fairness_query_sketch/pair6_llama32_abliterated_deepseek3b/tipsheets/fairness_rekv/rekv_w8_r0.35_0718_1108,nan,nan,,
pair6_llama32_abliterated_deepseek3b,tipsheets,fairness_rekv,ReKV,8,0.4,500,0.544,0.42146563399999887,0.003033397212588997,query_sketch_bf16_v1,bf16,/home/xay/KVMergeComm/snapshots/full_matched_budget_fairness_query_sketch/pair6_llama32_abliterated_deepseek3b/tipsheets/fairness_rekv/rekv_w8_r0.40_0718_1109,nan,nan,,
pair6_llama32_abliterated_deepseek3b,tipsheets,fairness_rekv,ReKV,8,0.5,500,0.614,0.5177405059999988,0.00375101212606726,query_sketch_bf16_v1,bf16,/home/xay/KVMergeComm/snapshots/full_matched_budget_fairness_query_sketch/pair6_llama32_abliterated_deepseek3b/tipsheets/fairness_rekv/rekv_w8_r0.50_0718_1110,nan,nan,,
pair6_llama32_abliterated_deepseek3b,tipsheets,fairness_rekv,ReKV,8,0.6,500,0.694,0.6142487740000001,0.00303356135852827,query_sketch_bf16_v1,bf16,/home/xay/KVMergeComm/snapshots/full_matched_budget_fairness_query_sketch/pair6_llama32_abliterated_deepseek3b/tipsheets/fairness_rekv/rekv_w8_r0.60_0718_1112,nan,nan,,
pair6_llama32_abliterated_deepseek3b,tipsheets,fairness_evict,ValueNorm/Evict,,0.1,500,0.354,0.16289150800000002,0.013867288226450294,query_agnostic_kv_v1,bf16,/home/xay/KVMergeComm/snapshots/full_matched_budget_fairness_query_sketch/pair6_llama32_abliterated_deepseek3b/tipsheets/fairness_evict/evict_r0.10_0718_1113,nan,nan,,
pair6_llama32_abliterated_deepseek3b,tipsheets,fairness_evict,ValueNorm/Evict,,0.15,500,0.37,0.18161019600000033,0.0046834714478888794,query_agnostic_kv_v1,bf16,/home/xay/KVMergeComm/snapshots/full_matched_budget_fairness_query_sketch/pair6_llama32_abliterated_deepseek3b/tipsheets/fairness_evict/evict_r0.15_0718_1114,nan,nan,,
pair6_llama32_abliterated_deepseek3b,tipsheets,fairness_evict,ValueNorm/Evict,,0.2,500,0.366,0.22869410200000034,0.0029833807314477204,query_agnostic_kv_v1,bf16,/home/xay/KVMergeComm/snapshots/full_matched_budget_fairness_query_sketch/pair6_llama32_abliterated_deepseek3b/tipsheets/fairness_evict/evict_r0.20_0718_1114,nan,nan,,
pair6_llama32_abliterated_deepseek3b,tipsheets,fairness_evict,ValueNorm/Evict,,0.25,500,0.43,0.276563514,0.0032359886648568744,query_agnostic_kv_v1,bf16,/home/xay/KVMergeComm/snapshots/full_matched_budget_fairness_query_sketch/pair6_llama32_abliterated_deepseek3b/tipsheets/fairness_evict/evict_r0.25_0718_1115,nan,nan,,
pair6_llama32_abliterated_deepseek3b,tipsheets,fairness_evict,ValueNorm/Evict,,0.3,500,0.452,0.32497093200000027,0.003015223633247288,query_agnostic_kv_v1,bf16,/home/xay/KVMergeComm/snapshots/full_matched_budget_fairness_query_sketch/pair6_llama32_abliterated_deepseek3b/tipsheets/fairness_evict/evict_r0.30_0718_1116,nan,nan,,
pair6_llama32_abliterated_deepseek3b,tipsheets,fairness_evict,ValueNorm/Evict,,0.35,500,0.46,0.37284914599999947,0.0031615288672160635,query_agnostic_kv_v1,bf16,/home/xay/KVMergeComm/snapshots/full_matched_budget_fairness_query_sketch/pair6_llama32_abliterated_deepseek3b/tipsheets/fairness_evict/evict_r0.35_0718_1117,nan,nan,,
pair6_llama32_abliterated_deepseek3b,tipsheets,fairness_evict,ValueNorm/Evict,,0.4,500,0.488,0.42146563399999887,0.003033397212588997,query_agnostic_kv_v1,bf16,/home/xay/KVMergeComm/snapshots/full_matched_budget_fairness_query_sketch/pair6_llama32_abliterated_deepseek3b/tipsheets/fairness_evict/evict_r0.40_0718_1118,nan,nan,,
pair6_llama32_abliterated_deepseek3b,tipsheets,fairness_evict,ValueNorm/Evict,,0.5,500,0.542,0.5177405059999988,0.00375101212606726,query_agnostic_kv_v1,bf16,/home/xay/KVMergeComm/snapshots/full_matched_budget_fairness_query_sketch/pair6_llama32_abliterated_deepseek3b/tipsheets/fairness_evict/evict_r0.50_0718_1119,nan,nan,,
pair6_llama32_abliterated_deepseek3b,tipsheets,fairness_evict,ValueNorm/Evict,,0.6,500,0.634,0.6142487740000001,0.00303356135852827,query_agnostic_kv_v1,bf16,/home/xay/KVMergeComm/snapshots/full_matched_budget_fairness_query_sketch/pair6_llama32_abliterated_deepseek3b/tipsheets/fairness_evict/evict_r0.60_0718_1120,nan,nan,,
pair6_llama32_abliterated_deepseek3b,tipsheets,fairness_random,Random,,0.1,500,0.354,0.16289150800000002,0.013867288226450294,query_agnostic_kv_v1,bf16,/home/xay/KVMergeComm/snapshots/full_matched_budget_fairness_query_sketch/pair6_llama32_abliterated_deepseek3b/tipsheets/fairness_random/random_r0.10_0718_1120,nan,nan,,
pair6_llama32_abliterated_deepseek3b,tipsheets,fairness_random,Random,,0.15,500,0.368,0.18161019600000033,0.0046834714478888794,query_agnostic_kv_v1,bf16,/home/xay/KVMergeComm/snapshots/full_matched_budget_fairness_query_sketch/pair6_llama32_abliterated_deepseek3b/tipsheets/fairness_random/random_r0.15_0718_1121,nan,nan,,
pair6_llama32_abliterated_deepseek3b,tipsheets,fairness_random,Random,,0.2,500,0.374,0.22869410200000034,0.0029833807314477204,query_agnostic_kv_v1,bf16,/home/xay/KVMergeComm/snapshots/full_matched_budget_fairness_query_sketch/pair6_llama32_abliterated_deepseek3b/tipsheets/fairness_random/random_r0.20_0718_1122,nan,nan,,
pair6_llama32_abliterated_deepseek3b,tipsheets,fairness_random,Random,,0.25,500,0.384,0.276563514,0.0032359886648568744,query_agnostic_kv_v1,bf16,/home/xay/KVMergeComm/snapshots/full_matched_budget_fairness_query_sketch/pair6_llama32_abliterated_deepseek3b/tipsheets/fairness_random/random_r0.25_0718_1123,nan,nan,,
pair6_llama32_abliterated_deepseek3b,tipsheets,fairness_random,Random,,0.3,500,0.396,0.32497093200000027,0.003015223633247288,query_agnostic_kv_v1,bf16,/home/xay/KVMergeComm/snapshots/full_matched_budget_fairness_query_sketch/pair6_llama32_abliterated_deepseek3b/tipsheets/fairness_random/random_r0.30_0718_1124,nan,nan,,
pair6_llama32_abliterated_deepseek3b,tipsheets,fairness_random,Random,,0.35,500,0.41,0.37284914599999947,0.0031615288672160635,query_agnostic_kv_v1,bf16,/home/xay/KVMergeComm/snapshots/full_matched_budget_fairness_query_sketch/pair6_llama32_abliterated_deepseek3b/tipsheets/fairness_random/random_r0.35_0718_1125,nan,nan,,
pair6_llama32_abliterated_deepseek3b,tipsheets,fairness_random,Random,,0.4,500,0.418,0.42146563399999887,0.003033397212588997,query_agnostic_kv_v1,bf16,/home/xay/KVMergeComm/snapshots/full_matched_budget_fairness_query_sketch/pair6_llama32_abliterated_deepseek3b/tipsheets/fairness_random/random_r0.40_0718_1125,nan,nan,,
pair6_llama32_abliterated_deepseek3b,tipsheets,fairness_random,Random,,0.5,500,0.49,0.5177405059999988,0.00375101212606726,query_agnostic_kv_v1,bf16,/home/xay/KVMergeComm/snapshots/full_matched_budget_fairness_query_sketch/pair6_llama32_abliterated_deepseek3b/tipsheets/fairness_random/random_r0.50_0718_1126,nan,nan,,
pair6_llama32_abliterated_deepseek3b,tipsheets,fairness_random,Random,,0.6,500,0.57,0.6142487740000001,0.00303356135852827,query_agnostic_kv_v1,bf16,/home/xay/KVMergeComm/snapshots/full_matched_budget_fairness_query_sketch/pair6_llama32_abliterated_deepseek3b/tipsheets/fairness_random/random_r0.60_0718_1127,nan,nan,,
pair6_llama32_abliterated_deepseek3b,tipsheets,coverage,B-ReKV,8,,500,0.43,0.23698031599999972,0.008533472850717455,query_sketch_bf16_v1,bf16,/home/xay/KVMergeComm/snapshots/full_matched_budget_fairness_query_sketch/pair6_llama32_abliterated_deepseek3b/tipsheets/coverage/cov_t0.95_s0.75_w8_0718_1128,0.9266592459999998,0.04999995000000013,0.95,0.75
pair6_llama32_abliterated_deepseek3b,qasper,fairness_rekv,ReKV,8,0.1,500,0.17,0.13214531799999982,7.375475852315999e-05,query_sketch_bf16_v1,bf16,/home/xay/KVMergeComm/snapshots/full_matched_budget_fairness_query_sketch/pair6_llama32_abliterated_deepseek3b/qasper/fairness_rekv/rekv_w8_r0.10_0718_1129,nan,nan,,
pair6_llama32_abliterated_deepseek3b,qasper,fairness_rekv,ReKV,8,0.15,500,0.224,0.18034547400000012,7.224297487533075e-05,query_sketch_bf16_v1,bf16,/home/xay/KVMergeComm/snapshots/full_matched_budget_fairness_query_sketch/pair6_llama32_abliterated_deepseek3b/qasper/fairness_rekv/rekv_w8_r0.15_0718_1133,nan,nan,,
pair6_llama32_abliterated_deepseek3b,qasper,fairness_rekv,ReKV,8,0.2,500,0.246,0.22856622600000026,7.421767613514826e-05,query_sketch_bf16_v1,bf16,/home/xay/KVMergeComm/snapshots/full_matched_budget_fairness_query_sketch/pair6_llama32_abliterated_deepseek3b/qasper/fairness_rekv/rekv_w8_r0.20_0718_1136,nan,nan,,
pair6_llama32_abliterated_deepseek3b,qasper,fairness_rekv,ReKV,8,0.25,500,0.264,0.276799692,7.25272468736982e-05,query_sketch_bf16_v1,bf16,/home/xay/KVMergeComm/snapshots/full_matched_budget_fairness_query_sketch/pair6_llama32_abliterated_deepseek3b/qasper/fairness_rekv/rekv_w8_r0.25_0718_1139,nan,nan,,
pair6_llama32_abliterated_deepseek3b,qasper,fairness_rekv,ReKV,8,0.3,500,0.284,0.3250061139999996,7.724443286617778e-05,query_sketch_bf16_v1,bf16,/home/xay/KVMergeComm/snapshots/full_matched_budget_fairness_query_sketch/pair6_llama32_abliterated_deepseek3b/qasper/fairness_rekv/rekv_w8_r0.30_0718_1142,nan,nan,,
pair6_llama32_abliterated_deepseek3b,qasper,fairness_rekv,ReKV,8,0.35,500,0.294,0.3732115859999999,6.938523781362e-05,query_sketch_bf16_v1,bf16,/home/xay/KVMergeComm/snapshots/full_matched_budget_fairness_query_sketch/pair6_llama32_abliterated_deepseek3b/qasper/fairness_rekv/rekv_w8_r0.35_0718_1145,nan,nan,,
pair6_llama32_abliterated_deepseek3b,qasper,fairness_rekv,ReKV,8,0.4,500,0.3,0.421425987999999,6.621356604697493e-05,query_sketch_bf16_v1,bf16,/home/xay/KVMergeComm/snapshots/full_matched_budget_fairness_query_sketch/pair6_llama32_abliterated_deepseek3b/qasper/fairness_rekv/rekv_w8_r0.40_0718_1149,nan,nan,,
pair6_llama32_abliterated_deepseek3b,qasper,fairness_rekv,ReKV,8,0.5,500,0.308,0.5178685359999988,8.000160759907826e-05,query_sketch_bf16_v1,bf16,/home/xay/KVMergeComm/snapshots/full_matched_budget_fairness_query_sketch/pair6_llama32_abliterated_deepseek3b/qasper/fairness_rekv/rekv_w8_r0.50_0718_1152,nan,nan,,
pair6_llama32_abliterated_deepseek3b,qasper,fairness_rekv,ReKV,8,0.6,500,0.302,0.614288486,6.623312961741724e-05,query_sketch_bf16_v1,bf16,/home/xay/KVMergeComm/snapshots/full_matched_budget_fairness_query_sketch/pair6_llama32_abliterated_deepseek3b/qasper/fairness_rekv/rekv_w8_r0.60_0718_1155,nan,nan,,
pair6_llama32_abliterated_deepseek3b,qasper,fairness_evict,ValueNorm/Evict,,0.1,500,0.106,0.13214531799999982,7.375475852315999e-05,query_agnostic_kv_v1,bf16,/home/xay/KVMergeComm/snapshots/full_matched_budget_fairness_query_sketch/pair6_llama32_abliterated_deepseek3b/qasper/fairness_evict/evict_r0.10_0718_1158,nan,nan,,
pair6_llama32_abliterated_deepseek3b,qasper,fairness_evict,ValueNorm/Evict,,0.15,500,0.136,0.18034547400000012,7.224297487533075e-05,query_agnostic_kv_v1,bf16,/home/xay/KVMergeComm/snapshots/full_matched_budget_fairness_query_sketch/pair6_llama32_abliterated_deepseek3b/qasper/fairness_evict/evict_r0.15_0718_1201,nan,nan,,
pair6_llama32_abliterated_deepseek3b,qasper,fairness_evict,ValueNorm/Evict,,0.2,500,0.156,0.22856622600000026,7.421767613514826e-05,query_agnostic_kv_v1,bf16,/home/xay/KVMergeComm/snapshots/full_matched_budget_fairness_query_sketch/pair6_llama32_abliterated_deepseek3b/qasper/fairness_evict/evict_r0.20_0718_1204,nan,nan,,
pair6_llama32_abliterated_deepseek3b,qasper,fairness_evict,ValueNorm/Evict,,0.25,500,0.188,0.276799692,7.25272468736982e-05,query_agnostic_kv_v1,bf16,/home/xay/KVMergeComm/snapshots/full_matched_budget_fairness_query_sketch/pair6_llama32_abliterated_deepseek3b/qasper/fairness_evict/evict_r0.25_0718_1207,nan,nan,,
pair6_llama32_abliterated_deepseek3b,qasper,fairness_evict,ValueNorm/Evict,,0.3,500,0.214,0.3250061139999996,7.724443286617778e-05,query_agnostic_kv_v1,bf16,/home/xay/KVMergeComm/snapshots/full_matched_budget_fairness_query_sketch/pair6_llama32_abliterated_deepseek3b/qasper/fairness_evict/evict_r0.30_0718_1210,nan,nan,,
pair6_llama32_abliterated_deepseek3b,qasper,fairness_evict,ValueNorm/Evict,,0.35,500,0.224,0.3732115859999999,6.938523781362e-05,query_agnostic_kv_v1,bf16,/home/xay/KVMergeComm/snapshots/full_matched_budget_fairness_query_sketch/pair6_llama32_abliterated_deepseek3b/qasper/fairness_evict/evict_r0.35_0718_1213,nan,nan,,
pair6_llama32_abliterated_deepseek3b,qasper,fairness_evict,ValueNorm/Evict,,0.4,500,0.25,0.421425987999999,6.621356604697493e-05,query_agnostic_kv_v1,bf16,/home/xay/KVMergeComm/snapshots/full_matched_budget_fairness_query_sketch/pair6_llama32_abliterated_deepseek3b/qasper/fairness_evict/evict_r0.40_0718_1216,nan,nan,,
pair6_llama32_abliterated_deepseek3b,qasper,fairness_evict,ValueNorm/Evict,,0.5,500,0.274,0.5178685359999988,8.000160759907826e-05,query_agnostic_kv_v1,bf16,/home/xay/KVMergeComm/snapshots/full_matched_budget_fairness_query_sketch/pair6_llama32_abliterated_deepseek3b/qasper/fairness_evict/evict_r0.50_0718_1219,nan,nan,,
pair6_llama32_abliterated_deepseek3b,qasper,fairness_evict,ValueNorm/Evict,,0.6,500,0.29,0.614288486,6.623312961741724e-05,query_agnostic_kv_v1,bf16,/home/xay/KVMergeComm/snapshots/full_matched_budget_fairness_query_sketch/pair6_llama32_abliterated_deepseek3b/qasper/fairness_evict/evict_r0.60_0718_1222,nan,nan,,
pair6_llama32_abliterated_deepseek3b,qasper,fairness_random,Random,,0.1,500,0.122,0.13214531799999982,7.375475852315999e-05,query_agnostic_kv_v1,bf16,/home/xay/KVMergeComm/snapshots/full_matched_budget_fairness_query_sketch/pair6_llama32_abliterated_deepseek3b/qasper/fairness_random/random_r0.10_0718_1225,nan,nan,,
pair6_llama32_abliterated_deepseek3b,qasper,fairness_random,Random,,0.15,500,0.154,0.18034547400000012,7.224297487533075e-05,query_agnostic_kv_v1,bf16,/home/xay/KVMergeComm/snapshots/full_matched_budget_fairness_query_sketch/pair6_llama32_abliterated_deepseek3b/qasper/fairness_random/random_r0.15_0718_1228,nan,nan,,
pair6_llama32_abliterated_deepseek3b,qasper,fairness_random,Random,,0.2,500,0.178,0.22856622600000026,7.421767613514826e-05,query_agnostic_kv_v1,bf16,/home/xay/KVMergeComm/snapshots/full_matched_budget_fairness_query_sketch/pair6_llama32_abliterated_deepseek3b/qasper/fairness_random/random_r0.20_0718_1231,nan,nan,,
pair6_llama32_abliterated_deepseek3b,qasper,fairness_random,Random,,0.25,500,0.194,0.276799692,7.25272468736982e-05,query_agnostic_kv_v1,bf16,/home/xay/KVMergeComm/snapshots/full_matched_budget_fairness_query_sketch/pair6_llama32_abliterated_deepseek3b/qasper/fairness_random/random_r0.25_0718_1234,nan,nan,,
pair6_llama32_abliterated_deepseek3b,qasper,fairness_random,Random,,0.3,500,0.228,0.3250061139999996,7.724443286617778e-05,query_agnostic_kv_v1,bf16,/home/xay/KVMergeComm/snapshots/full_matched_budget_fairness_query_sketch/pair6_llama32_abliterated_deepseek3b/qasper/fairness_random/random_r0.30_0718_1237,nan,nan,,
pair6_llama32_abliterated_deepseek3b,qasper,fairness_random,Random,,0.35,500,0.262,0.3732115859999999,6.938523781362e-05,query_agnostic_kv_v1,bf16,/home/xay/KVMergeComm/snapshots/full_matched_budget_fairness_query_sketch/pair6_llama32_abliterated_deepseek3b/qasper/fairness_random/random_r0.35_0718_1240,nan,nan,,
pair6_llama32_abliterated_deepseek3b,qasper,fairness_random,Random,,0.4,500,0.252,0.421425987999999,6.621356604697493e-05,query_agnostic_kv_v1,bf16,/home/xay/KVMergeComm/snapshots/full_matched_budget_fairness_query_sketch/pair6_llama32_abliterated_deepseek3b/qasper/fairness_random/random_r0.40_0718_1244,nan,nan,,
pair6_llama32_abliterated_deepseek3b,qasper,fairness_random,Random,,0.5,500,0.272,0.5178685359999988,8.000160759907826e-05,query_agnostic_kv_v1,bf16,/home/xay/KVMergeComm/snapshots/full_matched_budget_fairness_query_sketch/pair6_llama32_abliterated_deepseek3b/qasper/fairness_random/random_r0.50_0718_1247,nan,nan,,
pair6_llama32_abliterated_deepseek3b,qasper,fairness_random,Random,,0.6,500,0.296,0.614288486,6.623312961741724e-05,query_agnostic_kv_v1,bf16,/home/xay/KVMergeComm/snapshots/full_matched_budget_fairness_query_sketch/pair6_llama32_abliterated_deepseek3b/qasper/fairness_random/random_r0.60_0718_1250,nan,nan,,
pair6_llama32_abliterated_deepseek3b,qasper,coverage,B-ReKV,8,,500,0.302,0.40393804800000005,0.028693096003921857,query_sketch_bf16_v1,bf16,/home/xay/KVMergeComm/snapshots/full_matched_budget_fairness_query_sketch/pair6_llama32_abliterated_deepseek3b/qasper/coverage/cov_t0.95_s0.75_w8_0718_1253,0.9191971279999995,0.0,0.95,0.75
pair6_llama32_abliterated_deepseek3b,multifieldqa_en,fairness_rekv,ReKV,8,0.1,150,0.32666666666666666,0.13214341333333327,6.771993120768727e-05,query_sketch_bf16_v1,bf16,/home/xay/KVMergeComm/snapshots/full_matched_budget_fairness_query_sketch/pair6_llama32_abliterated_deepseek3b/multifieldqa_en/fairness_rekv/rekv_w8_r0.10_0718_1256,nan,nan,,
pair6_llama32_abliterated_deepseek3b,multifieldqa_en,fairness_rekv,ReKV,8,0.15,150,0.38666666666666666,0.18034635999999996,8.569669317702027e-05,query_sketch_bf16_v1,bf16,/home/xay/KVMergeComm/snapshots/full_matched_budget_fairness_query_sketch/pair6_llama32_abliterated_deepseek3b/multifieldqa_en/fairness_rekv/rekv_w8_r0.15_0718_1258,nan,nan,,
pair6_llama32_abliterated_deepseek3b,multifieldqa_en,fairness_rekv,ReKV,8,0.2,150,0.44,0.22858213333333324,6.187697977760696e-05,query_sketch_bf16_v1,bf16,/home/xay/KVMergeComm/snapshots/full_matched_budget_fairness_query_sketch/pair6_llama32_abliterated_deepseek3b/multifieldqa_en/fairness_rekv/rekv_w8_r0.20_0718_1259,nan,nan,,
pair6_llama32_abliterated_deepseek3b,multifieldqa_en,fairness_rekv,ReKV,8,0.25,150,0.4866666666666667,0.2767810533333337,6.666905006925252e-05,query_sketch_bf16_v1,bf16,/home/xay/KVMergeComm/snapshots/full_matched_budget_fairness_query_sketch/pair6_llama32_abliterated_deepseek3b/multifieldqa_en/fairness_rekv/rekv_w8_r0.25_0718_1300,nan,nan,,
pair6_llama32_abliterated_deepseek3b,multifieldqa_en,fairness_rekv,ReKV,8,0.3,150,0.54,0.32499991999999994,6.182107978707452e-05,query_sketch_bf16_v1,bf16,/home/xay/KVMergeComm/snapshots/full_matched_budget_fairness_query_sketch/pair6_llama32_abliterated_deepseek3b/multifieldqa_en/fairness_rekv/rekv_w8_r0.30_0718_1302,nan,nan,,
pair6_llama32_abliterated_deepseek3b,multifieldqa_en,fairness_rekv,ReKV,8,0.35,150,0.5133333333333333,0.3731993199999999,8.212229544645858e-05,query_sketch_bf16_v1,bf16,/home/xay/KVMergeComm/snapshots/full_matched_budget_fairness_query_sketch/pair6_llama32_abliterated_deepseek3b/multifieldqa_en/fairness_rekv/rekv_w8_r0.35_0718_1303,nan,nan,,
pair6_llama32_abliterated_deepseek3b,multifieldqa_en,fairness_rekv,ReKV,8,0.4,150,0.49333333333333335,0.42144092000000033,7.632925147590642e-05,query_sketch_bf16_v1,bf16,/home/xay/KVMergeComm/snapshots/full_matched_budget_fairness_query_sketch/pair6_llama32_abliterated_deepseek3b/multifieldqa_en/fairness_rekv/rekv_w8_r0.40_0718_1305,nan,nan,,
pair6_llama32_abliterated_deepseek3b,multifieldqa_en,fairness_rekv,ReKV,8,0.5,150,0.4866666666666667,0.5178368000000004,7.219018505858206e-05,query_sketch_bf16_v1,bf16,/home/xay/KVMergeComm/snapshots/full_matched_budget_fairness_query_sketch/pair6_llama32_abliterated_deepseek3b/multifieldqa_en/fairness_rekv/rekv_w8_r0.50_0718_1306,nan,nan,,
pair6_llama32_abliterated_deepseek3b,multifieldqa_en,fairness_rekv,ReKV,8,0.6,150,0.49333333333333335,0.6142735466666672,7.640659399727322e-05,query_sketch_bf16_v1,bf16,/home/xay/KVMergeComm/snapshots/full_matched_budget_fairness_query_sketch/pair6_llama32_abliterated_deepseek3b/multifieldqa_en/fairness_rekv/rekv_w8_r0.60_0718_1308,nan,nan,,
pair6_llama32_abliterated_deepseek3b,multifieldqa_en,fairness_evict,ValueNorm/Evict,,0.1,150,0.13333333333333333,0.13214341333333327,6.771993120768727e-05,query_agnostic_kv_v1,bf16,/home/xay/KVMergeComm/snapshots/full_matched_budget_fairness_query_sketch/pair6_llama32_abliterated_deepseek3b/multifieldqa_en/fairness_evict/evict_r0.10_0718_1309,nan,nan,,
pair6_llama32_abliterated_deepseek3b,multifieldqa_en,fairness_evict,ValueNorm/Evict,,0.15,150,0.18666666666666668,0.18034635999999996,8.569669317702027e-05,query_agnostic_kv_v1,bf16,/home/xay/KVMergeComm/snapshots/full_matched_budget_fairness_query_sketch/pair6_llama32_abliterated_deepseek3b/multifieldqa_en/fairness_evict/evict_r0.15_0718_1310,nan,nan,,
pair6_llama32_abliterated_deepseek3b,multifieldqa_en,fairness_evict,ValueNorm/Evict,,0.2,150,0.23333333333333334,0.22858213333333324,6.187697977760696e-05,query_agnostic_kv_v1,bf16,/home/xay/KVMergeComm/snapshots/full_matched_budget_fairness_query_sketch/pair6_llama32_abliterated_deepseek3b/multifieldqa_en/fairness_evict/evict_r0.20_0718_1312,nan,nan,,
pair6_llama32_abliterated_deepseek3b,multifieldqa_en,fairness_evict,ValueNorm/Evict,,0.25,150,0.31333333333333335,0.2767810533333337,6.666905006925252e-05,query_agnostic_kv_v1,bf16,/home/xay/KVMergeComm/snapshots/full_matched_budget_fairness_query_sketch/pair6_llama32_abliterated_deepseek3b/multifieldqa_en/fairness_evict/evict_r0.25_0718_1313,nan,nan,,
pair6_llama32_abliterated_deepseek3b,multifieldqa_en,fairness_evict,ValueNorm/Evict,,0.3,150,0.3333333333333333,0.32499991999999994,6.182107978707452e-05,query_agnostic_kv_v1,bf16,/home/xay/KVMergeComm/snapshots/full_matched_budget_fairness_query_sketch/pair6_llama32_abliterated_deepseek3b/multifieldqa_en/fairness_evict/evict_r0.30_0718_1314,nan,nan,,
pair6_llama32_abliterated_deepseek3b,multifieldqa_en,fairness_evict,ValueNorm/Evict,,0.35,150,0.36666666666666664,0.3731993199999999,8.212229544645858e-05,query_agnostic_kv_v1,bf16,/home/xay/KVMergeComm/snapshots/full_matched_budget_fairness_query_sketch/pair6_llama32_abliterated_deepseek3b/multifieldqa_en/fairness_evict/evict_r0.35_0718_1316,nan,nan,,
pair6_llama32_abliterated_deepseek3b,multifieldqa_en,fairness_evict,ValueNorm/Evict,,0.4,150,0.4266666666666667,0.42144092000000033,7.632925147590642e-05,query_agnostic_kv_v1,bf16,/home/xay/KVMergeComm/snapshots/full_matched_budget_fairness_query_sketch/pair6_llama32_abliterated_deepseek3b/multifieldqa_en/fairness_evict/evict_r0.40_0718_1317,nan,nan,,
pair6_llama32_abliterated_deepseek3b,multifieldqa_en,fairness_evict,ValueNorm/Evict,,0.5,150,0.5,0.5178368000000004,7.219018505858206e-05,query_agnostic_kv_v1,bf16,/home/xay/KVMergeComm/snapshots/full_matched_budget_fairness_query_sketch/pair6_llama32_abliterated_deepseek3b/multifieldqa_en/fairness_evict/evict_r0.50_0718_1318,nan,nan,,
pair6_llama32_abliterated_deepseek3b,multifieldqa_en,fairness_evict,ValueNorm/Evict,,0.6,150,0.46,0.6142735466666672,7.640659399727322e-05,query_agnostic_kv_v1,bf16,/home/xay/KVMergeComm/snapshots/full_matched_budget_fairness_query_sketch/pair6_llama32_abliterated_deepseek3b/multifieldqa_en/fairness_evict/evict_r0.60_0718_1320,nan,nan,,
pair6_llama32_abliterated_deepseek3b,multifieldqa_en,fairness_random,Random,,0.1,150,0.15333333333333332,0.13214341333333327,6.771993120768727e-05,query_agnostic_kv_v1,bf16,/home/xay/KVMergeComm/snapshots/full_matched_budget_fairness_query_sketch/pair6_llama32_abliterated_deepseek3b/multifieldqa_en/fairness_random/random_r0.10_0718_1321,nan,nan,,
pair6_llama32_abliterated_deepseek3b,multifieldqa_en,fairness_random,Random,,0.15,150,0.20666666666666667,0.18034635999999996,8.569669317702027e-05,query_agnostic_kv_v1,bf16,/home/xay/KVMergeComm/snapshots/full_matched_budget_fairness_query_sketch/pair6_llama32_abliterated_deepseek3b/multifieldqa_en/fairness_random/random_r0.15_0718_1322,nan,nan,,
pair6_llama32_abliterated_deepseek3b,multifieldqa_en,fairness_random,Random,,0.2,150,0.24,0.22858213333333324,6.187697977760696e-05,query_agnostic_kv_v1,bf16,/home/xay/KVMergeComm/snapshots/full_matched_budget_fairness_query_sketch/pair6_llama32_abliterated_deepseek3b/multifieldqa_en/fairness_random/random_r0.20_0718_1324,nan,nan,,
pair6_llama32_abliterated_deepseek3b,multifieldqa_en,fairness_random,Random,,0.25,150,0.3,0.2767810533333337,6.666905006925252e-05,query_agnostic_kv_v1,bf16,/home/xay/KVMergeComm/snapshots/full_matched_budget_fairness_query_sketch/pair6_llama32_abliterated_deepseek3b/multifieldqa_en/fairness_random/random_r0.25_0718_1325,nan,nan,,
pair6_llama32_abliterated_deepseek3b,multifieldqa_en,fairness_random,Random,,0.3,150,0.32666666666666666,0.32499991999999994,6.182107978707452e-05,query_agnostic_kv_v1,bf16,/home/xay/KVMergeComm/snapshots/full_matched_budget_fairness_query_sketch/pair6_llama32_abliterated_deepseek3b/multifieldqa_en/fairness_random/random_r0.30_0718_1326,nan,nan,,
pair6_llama32_abliterated_deepseek3b,multifieldqa_en,fairness_random,Random,,0.35,150,0.4066666666666667,0.3731993199999999,8.212229544645858e-05,query_agnostic_kv_v1,bf16,/home/xay/KVMergeComm/snapshots/full_matched_budget_fairness_query_sketch/pair6_llama32_abliterated_deepseek3b/multifieldqa_en/fairness_random/random_r0.35_0718_1328,nan,nan,,
pair6_llama32_abliterated_deepseek3b,multifieldqa_en,fairness_random,Random,,0.4,150,0.4,0.42144092000000033,7.632925147590642e-05,query_agnostic_kv_v1,bf16,/home/xay/KVMergeComm/snapshots/full_matched_budget_fairness_query_sketch/pair6_llama32_abliterated_deepseek3b/multifieldqa_en/fairness_random/random_r0.40_0718_1329,nan,nan,,
pair6_llama32_abliterated_deepseek3b,multifieldqa_en,fairness_random,Random,,0.5,150,0.42,0.5178368000000004,7.219018505858206e-05,query_agnostic_kv_v1,bf16,/home/xay/KVMergeComm/snapshots/full_matched_budget_fairness_query_sketch/pair6_llama32_abliterated_deepseek3b/multifieldqa_en/fairness_random/random_r0.50_0718_1330,nan,nan,,
pair6_llama32_abliterated_deepseek3b,multifieldqa_en,fairness_random,Random,,0.6,150,0.47333333333333333,0.6142735466666672,7.640659399727322e-05,query_agnostic_kv_v1,bf16,/home/xay/KVMergeComm/snapshots/full_matched_budget_fairness_query_sketch/pair6_llama32_abliterated_deepseek3b/multifieldqa_en/fairness_random/random_r0.60_0718_1332,nan,nan,,
pair6_llama32_abliterated_deepseek3b,multifieldqa_en,coverage,B-ReKV,8,,150,0.5066666666666667,0.3948470466666666,0.046600019018537,query_sketch_bf16_v1,bf16,/home/xay/KVMergeComm/snapshots/full_matched_budget_fairness_query_sketch/pair6_llama32_abliterated_deepseek3b/multifieldqa_en/coverage/cov_t0.95_s0.75_w8_0718_1333,0.9201137666666663,0.00074074,0.95,0.75
pair6_llama32_abliterated_deepseek3b,tmath,fairness_rekv,ReKV,8,0.1,300,0.323341326666667,0.13220997000000004,0.0017719745054391783,query_sketch_bf16_v1,bf16,/home/xay/KVMergeComm/snapshots/full_matched_budget_fairness_query_sketch/pair6_llama32_abliterated_deepseek3b/tmath/fairness_rekv/rekv_w8_r0.10_0718_1334,nan,nan,,
pair6_llama32_abliterated_deepseek3b,tmath,fairness_rekv,ReKV,8,0.15,300,0.3228903366666668,0.1803623733333335,0.0015471327479420574,query_sketch_bf16_v1,bf16,/home/xay/KVMergeComm/snapshots/full_matched_budget_fairness_query_sketch/pair6_llama32_abliterated_deepseek3b/tmath/fairness_rekv/rekv_w8_r0.15_0718_1354,nan,nan,,
pair6_llama32_abliterated_deepseek3b,tmath,fairness_rekv,ReKV,8,0.2,300,0.3201200533333334,0.228527876666667,0.0014854403741447679,query_sketch_bf16_v1,bf16,/home/xay/KVMergeComm/snapshots/full_matched_budget_fairness_query_sketch/pair6_llama32_abliterated_deepseek3b/tmath/fairness_rekv/rekv_w8_r0.20_0718_1413,nan,nan,,
pair6_llama32_abliterated_deepseek3b,tmath,fairness_rekv,ReKV,8,0.25,300,0.3268197599999998,0.27683306666666685,0.0016362789896577968,query_sketch_bf16_v1,bf16,/home/xay/KVMergeComm/snapshots/full_matched_budget_fairness_query_sketch/pair6_llama32_abliterated_deepseek3b/tmath/fairness_rekv/rekv_w8_r0.25_0718_1431,nan,nan,,
pair6_llama32_abliterated_deepseek3b,tmath,fairness_rekv,ReKV,8,0.3,300,0.32681761000000004,0.32504884000000045,0.0015717974142484535,query_sketch_bf16_v1,bf16,/home/xay/KVMergeComm/snapshots/full_matched_budget_fairness_query_sketch/pair6_llama32_abliterated_deepseek3b/tmath/fairness_rekv/rekv_w8_r0.30_0718_1451,nan,nan,,
pair6_llama32_abliterated_deepseek3b,tmath,fairness_rekv,ReKV,8,0.35,300,0.3273080133333332,0.37309173999999995,0.0015818890888316234,query_sketch_bf16_v1,bf16,/home/xay/KVMergeComm/snapshots/full_matched_budget_fairness_query_sketch/pair6_llama32_abliterated_deepseek3b/tmath/fairness_rekv/rekv_w8_r0.35_0718_1510,nan,nan,,
pair6_llama32_abliterated_deepseek3b,tmath,fairness_rekv,ReKV,8,0.4,300,0.32713399333333304,0.4214177800000008,0.0015440393659095135,query_sketch_bf16_v1,bf16,/home/xay/KVMergeComm/snapshots/full_matched_budget_fairness_query_sketch/pair6_llama32_abliterated_deepseek3b/tmath/fairness_rekv/rekv_w8_r0.40_0718_1528,nan,nan,,
pair6_llama32_abliterated_deepseek3b,tmath,fairness_rekv,ReKV,8,0.5,300,0.3321383466666668,0.5177777933333336,0.0019435467279094285,query_sketch_bf16_v1,bf16,/home/xay/KVMergeComm/snapshots/full_matched_budget_fairness_query_sketch/pair6_llama32_abliterated_deepseek3b/tmath/fairness_rekv/rekv_w8_r0.50_0718_1548,nan,nan,,
pair6_llama32_abliterated_deepseek3b,tmath,fairness_rekv,ReKV,8,0.6,300,0.3379325466666664,0.614296603333333,0.0015441309510429474,query_sketch_bf16_v1,bf16,/home/xay/KVMergeComm/snapshots/full_matched_budget_fairness_query_sketch/pair6_llama32_abliterated_deepseek3b/tmath/fairness_rekv/rekv_w8_r0.60_0718_1607,nan,nan,,
pair6_llama32_abliterated_deepseek3b,tmath,fairness_evict,ValueNorm/Evict,,0.1,300,0.32277027,0.13220997000000004,0.0017719745054391783,query_agnostic_kv_v1,bf16,/home/xay/KVMergeComm/snapshots/full_matched_budget_fairness_query_sketch/pair6_llama32_abliterated_deepseek3b/tmath/fairness_evict/evict_r0.10_0718_1626,nan,nan,,
pair6_llama32_abliterated_deepseek3b,tmath,fairness_evict,ValueNorm/Evict,,0.15,300,0.32067196666666675,0.1803623733333335,0.0015471327479420574,query_agnostic_kv_v1,bf16,/home/xay/KVMergeComm/snapshots/full_matched_budget_fairness_query_sketch/pair6_llama32_abliterated_deepseek3b/tmath/fairness_evict/evict_r0.15_0718_1645,nan,nan,,
pair6_llama32_abliterated_deepseek3b,tmath,fairness_evict,ValueNorm/Evict,,0.2,300,0.32943468333333326,0.228527876666667,0.0014854403741447679,query_agnostic_kv_v1,bf16,/home/xay/KVMergeComm/snapshots/full_matched_budget_fairness_query_sketch/pair6_llama32_abliterated_deepseek3b/tmath/fairness_evict/evict_r0.20_0718_1703,nan,nan,,
pair6_llama32_abliterated_deepseek3b,tmath,fairness_evict,ValueNorm/Evict,,0.25,300,0.3291826833333334,0.27683306666666685,0.0016362789896577968,query_agnostic_kv_v1,bf16,/home/xay/KVMergeComm/snapshots/full_matched_budget_fairness_query_sketch/pair6_llama32_abliterated_deepseek3b/tmath/fairness_evict/evict_r0.25_0718_1722,nan,nan,,
pair6_llama32_abliterated_deepseek3b,tmath,fairness_evict,ValueNorm/Evict,,0.3,300,0.3290313000000002,0.32504884000000045,0.0015717974142484535,query_agnostic_kv_v1,bf16,/home/xay/KVMergeComm/snapshots/full_matched_budget_fairness_query_sketch/pair6_llama32_abliterated_deepseek3b/tmath/fairness_evict/evict_r0.30_0718_1740,nan,nan,,
pair6_llama32_abliterated_deepseek3b,tmath,fairness_evict,ValueNorm/Evict,,0.35,300,0.32679272666666653,0.37309173999999995,0.0015818890888316234,query_agnostic_kv_v1,bf16,/home/xay/KVMergeComm/snapshots/full_matched_budget_fairness_query_sketch/pair6_llama32_abliterated_deepseek3b/tmath/fairness_evict/evict_r0.35_0718_1759,nan,nan,,
pair7_qwen25_uncensored_bespoke,countries,fairness_rekv,ReKV,8,0.1,200,0.03,0.22949586499999974,0.009887443504366279,query_sketch_bf16_v1,bf16,/home/xay/KVMergeComm/snapshots/full_matched_budget_fairness_query_sketch/pair7_qwen25_uncensored_bespoke/countries/fairness_rekv/rekv_w8_r0.10_0716_1057,nan,nan,,
pair7_qwen25_uncensored_bespoke,countries,fairness_rekv,ReKV,8,0.15,200,0.03,0.22959955499999973,0.009244249545815035,query_sketch_bf16_v1,bf16,/home/xay/KVMergeComm/snapshots/full_matched_budget_fairness_query_sketch/pair7_qwen25_uncensored_bespoke/countries/fairness_rekv/rekv_w8_r0.15_0716_1101,nan,nan,,
pair7_qwen25_uncensored_bespoke,countries,fairness_rekv,ReKV,8,0.2,200,0.045,0.23221948499999978,0.0053551658204576595,query_sketch_bf16_v1,bf16,/home/xay/KVMergeComm/snapshots/full_matched_budget_fairness_query_sketch/pair7_qwen25_uncensored_bespoke/countries/fairness_rekv/rekv_w8_r0.20_0716_1102,nan,nan,,
pair7_qwen25_uncensored_bespoke,countries,fairness_rekv,ReKV,8,0.25,200,0.155,0.27529073500000073,0.004818237968425468,query_sketch_bf16_v1,bf16,/home/xay/KVMergeComm/snapshots/full_matched_budget_fairness_query_sketch/pair7_qwen25_uncensored_bespoke/countries/fairness_rekv/rekv_w8_r0.25_0716_1103,nan,nan,,
pair7_qwen25_uncensored_bespoke,countries,fairness_rekv,ReKV,8,0.3,200,0.305,0.3248705900000003,0.004487215782564559,query_sketch_bf16_v1,bf16,/home/xay/KVMergeComm/snapshots/full_matched_budget_fairness_query_sketch/pair7_qwen25_uncensored_bespoke/countries/fairness_rekv/rekv_w8_r0.30_0716_1103,nan,nan,,
pair7_qwen25_uncensored_bespoke,countries,fairness_rekv,ReKV,8,0.35,200,0.35,0.37341961999999973,0.0042777956383184225,query_sketch_bf16_v1,bf16,/home/xay/KVMergeComm/snapshots/full_matched_budget_fairness_query_sketch/pair7_qwen25_uncensored_bespoke/countries/fairness_rekv/rekv_w8_r0.35_0716_1104,nan,nan,,
pair7_qwen25_uncensored_bespoke,countries,fairness_rekv,ReKV,8,0.4,200,0.46,0.42165488500000037,0.004439460551883945,query_sketch_bf16_v1,bf16,/home/xay/KVMergeComm/snapshots/full_matched_budget_fairness_query_sketch/pair7_qwen25_uncensored_bespoke/countries/fairness_rekv/rekv_w8_r0.40_0716_1105,nan,nan,,
pair7_qwen25_uncensored_bespoke,countries,fairness_rekv,ReKV,8,0.5,200,0.5,0.5167529750000006,0.006138199570248255,query_sketch_bf16_v1,bf16,/home/xay/KVMergeComm/snapshots/full_matched_budget_fairness_query_sketch/pair7_qwen25_uncensored_bespoke/countries/fairness_rekv/rekv_w8_r0.50_0716_1106,nan,nan,,
pair7_qwen25_uncensored_bespoke,countries,fairness_rekv,ReKV,8,0.6,200,0.495,0.6140593000000003,0.004439463701822446,query_sketch_bf16_v1,bf16,/home/xay/KVMergeComm/snapshots/full_matched_budget_fairness_query_sketch/pair7_qwen25_uncensored_bespoke/countries/fairness_rekv/rekv_w8_r0.60_0716_1106,nan,nan,,
pair7_qwen25_uncensored_bespoke,countries,fairness_evict,ValueNorm/Evict,,0.1,200,0.03,0.22949586499999974,0.009887443504366279,query_agnostic_kv_v1,bf16,/home/xay/KVMergeComm/snapshots/full_matched_budget_fairness_query_sketch/pair7_qwen25_uncensored_bespoke/countries/fairness_evict/evict_r0.10_0716_1107,nan,nan,,
pair7_qwen25_uncensored_bespoke,countries,fairness_evict,ValueNorm/Evict,,0.15,200,0.03,0.22959955499999973,0.009244249545815035,query_agnostic_kv_v1,bf16,/home/xay/KVMergeComm/snapshots/full_matched_budget_fairness_query_sketch/pair7_qwen25_uncensored_bespoke/countries/fairness_evict/evict_r0.15_0716_1108,nan,nan,,
pair7_qwen25_uncensored_bespoke,countries,fairness_evict,ValueNorm/Evict,,0.2,200,0.03,0.23221948499999978,0.0053551658204576595,query_agnostic_kv_v1,bf16,/home/xay/KVMergeComm/snapshots/full_matched_budget_fairness_query_sketch/pair7_qwen25_uncensored_bespoke/countries/fairness_evict/evict_r0.20_0716_1109,nan,nan,,
pair7_qwen25_uncensored_bespoke,countries,fairness_evict,ValueNorm/Evict,,0.25,200,0.01,0.27529073500000073,0.004818237968425468,query_agnostic_kv_v1,bf16,/home/xay/KVMergeComm/snapshots/full_matched_budget_fairness_query_sketch/pair7_qwen25_uncensored_bespoke/countries/fairness_evict/evict_r0.25_0716_1110,nan,nan,,
pair7_qwen25_uncensored_bespoke,countries,fairness_evict,ValueNorm/Evict,,0.3,200,0.015,0.3248705900000003,0.004487215782564559,query_agnostic_kv_v1,bf16,/home/xay/KVMergeComm/snapshots/full_matched_budget_fairness_query_sketch/pair7_qwen25_uncensored_bespoke/countries/fairness_evict/evict_r0.30_0716_1111,nan,nan,,
pair7_qwen25_uncensored_bespoke,countries,fairness_evict,ValueNorm/Evict,,0.35,200,0.005,0.37341961999999973,0.0042777956383184225,query_agnostic_kv_v1,bf16,/home/xay/KVMergeComm/snapshots/full_matched_budget_fairness_query_sketch/pair7_qwen25_uncensored_bespoke/countries/fairness_evict/evict_r0.35_0716_1112,nan,nan,,
pair7_qwen25_uncensored_bespoke,countries,fairness_evict,ValueNorm/Evict,,0.4,200,0.005,0.42165488500000037,0.004439460551883945,query_agnostic_kv_v1,bf16,/home/xay/KVMergeComm/snapshots/full_matched_budget_fairness_query_sketch/pair7_qwen25_uncensored_bespoke/countries/fairness_evict/evict_r0.40_0716_1112,nan,nan,,
pair7_qwen25_uncensored_bespoke,countries,fairness_evict,ValueNorm/Evict,,0.5,200,0.045,0.5167529750000006,0.006138199570248255,query_agnostic_kv_v1,bf16,/home/xay/KVMergeComm/snapshots/full_matched_budget_fairness_query_sketch/pair7_qwen25_uncensored_bespoke/countries/fairness_evict/evict_r0.50_0716_1113,nan,nan,,
pair7_qwen25_uncensored_bespoke,countries,fairness_evict,ValueNorm/Evict,,0.6,200,0.24,0.6140593000000003,0.004439463701822446,query_agnostic_kv_v1,bf16,/home/xay/KVMergeComm/snapshots/full_matched_budget_fairness_query_sketch/pair7_qwen25_uncensored_bespoke/countries/fairness_evict/evict_r0.60_0716_1114,nan,nan,,
pair7_qwen25_uncensored_bespoke,countries,fairness_random,Random,,0.1,200,0.03,0.22949586499999974,0.009887443504366279,query_agnostic_kv_v1,bf16,/home/xay/KVMergeComm/snapshots/full_matched_budget_fairness_query_sketch/pair7_qwen25_uncensored_bespoke/countries/fairness_random/random_r0.10_0716_1114,nan,nan,,
pair7_qwen25_uncensored_bespoke,countries,fairness_random,Random,,0.15,200,0.03,0.22959955499999973,0.009244249545815035,query_agnostic_kv_v1,bf16,/home/xay/KVMergeComm/snapshots/full_matched_budget_fairness_query_sketch/pair7_qwen25_uncensored_bespoke/countries/fairness_random/random_r0.15_0716_1115,nan,nan,,
pair7_qwen25_uncensored_bespoke,countries,fairness_random,Random,,0.2,200,0.035,0.23221948499999978,0.0053551658204576595,query_agnostic_kv_v1,bf16,/home/xay/KVMergeComm/snapshots/full_matched_budget_fairness_query_sketch/pair7_qwen25_uncensored_bespoke/countries/fairness_random/random_r0.20_0716_1116,nan,nan,,
pair7_qwen25_uncensored_bespoke,countries,fairness_random,Random,,0.25,200,0.055,0.27529073500000073,0.004818237968425468,query_agnostic_kv_v1,bf16,/home/xay/KVMergeComm/snapshots/full_matched_budget_fairness_query_sketch/pair7_qwen25_uncensored_bespoke/countries/fairness_random/random_r0.25_0716_1116,nan,nan,,
pair7_qwen25_uncensored_bespoke,countries,fairness_random,Random,,0.3,200,0.06,0.3248705900000003,0.004487215782564559,query_agnostic_kv_v1,bf16,/home/xay/KVMergeComm/snapshots/full_matched_budget_fairness_query_sketch/pair7_qwen25_uncensored_bespoke/countries/fairness_random/random_r0.30_0716_1117,nan,nan,,
pair7_qwen25_uncensored_bespoke,countries,fairness_random,Random,,0.35,200,0.09,0.37341961999999973,0.0042777956383184225,query_agnostic_kv_v1,bf16,/home/xay/KVMergeComm/snapshots/full_matched_budget_fairness_query_sketch/pair7_qwen25_uncensored_bespoke/countries/fairness_random/random_r0.35_0716_1118,nan,nan,,
pair7_qwen25_uncensored_bespoke,countries,fairness_random,Random,,0.4,200,0.1,0.42165488500000037,0.004439460551883945,query_agnostic_kv_v1,bf16,/home/xay/KVMergeComm/snapshots/full_matched_budget_fairness_query_sketch/pair7_qwen25_uncensored_bespoke/countries/fairness_random/random_r0.40_0716_1120,nan,nan,,
pair7_qwen25_uncensored_bespoke,countries,fairness_random,Random,,0.5,200,0.2,0.5167529750000006,0.006138199570248255,query_agnostic_kv_v1,bf16,/home/xay/KVMergeComm/snapshots/full_matched_budget_fairness_query_sketch/pair7_qwen25_uncensored_bespoke/countries/fairness_random/random_r0.50_0716_1120,nan,nan,,
pair7_qwen25_uncensored_bespoke,countries,fairness_random,Random,,0.6,200,0.235,0.6140593000000003,0.004439463701822446,query_agnostic_kv_v1,bf16,/home/xay/KVMergeComm/snapshots/full_matched_budget_fairness_query_sketch/pair7_qwen25_uncensored_bespoke/countries/fairness_random/random_r0.60_0716_1121,nan,nan,,
pair7_qwen25_uncensored_bespoke,countries,coverage,B-ReKV,8,,200,0.485,0.4008138700000001,0.005065725143476127,query_sketch_bf16_v1,bf16,/home/xay/KVMergeComm/snapshots/full_matched_budget_fairness_query_sketch/pair7_qwen25_uncensored_bespoke/countries/coverage/cov_t0.95_s0.75_w8_0716_1122,0.8852591949999998,0.0,0.95,0.75
pair7_qwen25_uncensored_bespoke,hotpotqa,fairness_rekv,ReKV,8,0.1,500,0.126,0.13678763599999996,0.009398356141572401,query_sketch_bf16_v1,bf16,/home/xay/KVMergeComm/snapshots/full_matched_budget_fairness_query_sketch/pair7_qwen25_uncensored_bespoke/hotpotqa/fairness_rekv/rekv_w8_r0.10_0716_1123,nan,nan,,
pair7_qwen25_uncensored_bespoke,hotpotqa,fairness_rekv,ReKV,8,0.15,500,0.24,0.1803403420000003,0.002180146299864677,query_sketch_bf16_v1,bf16,/home/xay/KVMergeComm/snapshots/full_matched_budget_fairness_query_sketch/pair7_qwen25_uncensored_bespoke/hotpotqa/fairness_rekv/rekv_w8_r0.15_0716_1130,nan,nan,,
pair7_qwen25_uncensored_bespoke,hotpotqa,fairness_rekv,ReKV,8,0.2,500,0.258,0.22861084199999998,0.002134472837405815,query_sketch_bf16_v1,bf16,/home/xay/KVMergeComm/snapshots/full_matched_budget_fairness_query_sketch/pair7_qwen25_uncensored_bespoke/hotpotqa/fairness_rekv/rekv_w8_r0.20_0716_1135,nan,nan,,
pair7_qwen25_uncensored_bespoke,hotpotqa,fairness_rekv,ReKV,8,0.25,500,0.276,0.2767363120000001,0.0022847026886242358,query_sketch_bf16_v1,bf16,/home/xay/KVMergeComm/snapshots/full_matched_budget_fairness_query_sketch/pair7_qwen25_uncensored_bespoke/hotpotqa/fairness_rekv/rekv_w8_r0.25_0716_1140,nan,nan,,
pair7_qwen25_uncensored_bespoke,hotpotqa,fairness_rekv,ReKV,8,0.3,500,0.342,0.32497537999999954,0.0022209709064132887,query_sketch_bf16_v1,bf16,/home/xay/KVMergeComm/snapshots/full_matched_budget_fairness_query_sketch/pair7_qwen25_uncensored_bespoke/hotpotqa/fairness_rekv/rekv_w8_r0.30_0716_1146,nan,nan,,
pair7_qwen25_uncensored_bespoke,hotpotqa,fairness_rekv,ReKV,8,0.35,500,0.378,0.37304878599999963,0.0021403121689522594,query_sketch_bf16_v1,bf16,/home/xay/KVMergeComm/snapshots/full_matched_budget_fairness_query_sketch/pair7_qwen25_uncensored_bespoke/hotpotqa/fairness_rekv/rekv_w8_r0.35_0716_1151,nan,nan,,
pair7_qwen25_uncensored_bespoke,hotpotqa,fairness_rekv,ReKV,8,0.4,500,0.404,0.4213672659999994,0.0021388989196361855,query_sketch_bf16_v1,bf16,/home/xay/KVMergeComm/snapshots/full_matched_budget_fairness_query_sketch/pair7_qwen25_uncensored_bespoke/hotpotqa/fairness_rekv/rekv_w8_r0.40_0716_1156,nan,nan,,
pair7_qwen25_uncensored_bespoke,hotpotqa,fairness_rekv,ReKV,8,0.5,500,0.442,0.5178959979999985,0.00264355544689298,query_sketch_bf16_v1,bf16,/home/xay/KVMergeComm/snapshots/full_matched_budget_fairness_query_sketch/pair7_qwen25_uncensored_bespoke/hotpotqa/fairness_rekv/rekv_w8_r0.50_0716_1201,nan,nan,,
pair7_qwen25_uncensored_bespoke,hotpotqa,fairness_rekv,ReKV,8,0.6,500,0.466,0.6143471200000005,0.0021390065796756622,query_sketch_bf16_v1,bf16,/home/xay/KVMergeComm/snapshots/full_matched_budget_fairness_query_sketch/pair7_qwen25_uncensored_bespoke/hotpotqa/fairness_rekv/rekv_w8_r0.60_0716_1206,nan,nan,,
pair7_qwen25_uncensored_bespoke,hotpotqa,fairness_evict,ValueNorm/Evict,,0.1,500,0.022,0.13678763599999996,0.009398356141572401,query_agnostic_kv_v1,bf16,/home/xay/KVMergeComm/snapshots/full_matched_budget_fairness_query_sketch/pair7_qwen25_uncensored_bespoke/hotpotqa/fairness_evict/evict_r0.10_0716_1211,nan,nan,,
pair7_qwen25_uncensored_bespoke,hotpotqa,fairness_evict,ValueNorm/Evict,,0.15,500,0.036,0.1803403420000003,0.002180146299864677,query_agnostic_kv_v1,bf16,/home/xay/KVMergeComm/snapshots/full_matched_budget_fairness_query_sketch/pair7_qwen25_uncensored_bespoke/hotpotqa/fairness_evict/evict_r0.15_0716_1220,nan,nan,,
pair7_qwen25_uncensored_bespoke,hotpotqa,fairness_evict,ValueNorm/Evict,,0.2,500,0.052,0.22861084199999998,0.002134472837405815,query_agnostic_kv_v1,bf16,/home/xay/KVMergeComm/snapshots/full_matched_budget_fairness_query_sketch/pair7_qwen25_uncensored_bespoke/hotpotqa/fairness_evict/evict_r0.20_0716_1229,nan,nan,,
pair7_qwen25_uncensored_bespoke,hotpotqa,fairness_evict,ValueNorm/Evict,,0.25,500,0.094,0.2767363120000001,0.0022847026886242358,query_agnostic_kv_v1,bf16,/home/xay/KVMergeComm/snapshots/full_matched_budget_fairness_query_sketch/pair7_qwen25_uncensored_bespoke/hotpotqa/fairness_evict/evict_r0.25_0716_1237,nan,nan,,
pair7_qwen25_uncensored_bespoke,hotpotqa,fairness_evict,ValueNorm/Evict,,0.3,500,0.114,0.32497537999999954,0.0022209709064132887,query_agnostic_kv_v1,bf16,/home/xay/KVMergeComm/snapshots/full_matched_budget_fairness_query_sketch/pair7_qwen25_uncensored_bespoke/hotpotqa/fairness_evict/evict_r0.30_0716_1246,nan,nan,,
pair7_qwen25_uncensored_bespoke,hotpotqa,fairness_evict,ValueNorm/Evict,,0.35,500,0.15,0.37304878599999963,0.0021403121689522594,query_agnostic_kv_v1,bf16,/home/xay/KVMergeComm/snapshots/full_matched_budget_fairness_query_sketch/pair7_qwen25_uncensored_bespoke/hotpotqa/fairness_evict/evict_r0.35_0716_1254,nan,nan,,
pair7_qwen25_uncensored_bespoke,hotpotqa,fairness_evict,ValueNorm/Evict,,0.4,500,0.226,0.4213672659999994,0.0021388989196361855,query_agnostic_kv_v1,bf16,/home/xay/KVMergeComm/snapshots/full_matched_budget_fairness_query_sketch/pair7_qwen25_uncensored_bespoke/hotpotqa/fairness_evict/evict_r0.40_0716_1302,nan,nan,,
pair7_qwen25_uncensored_bespoke,hotpotqa,fairness_evict,ValueNorm/Evict,,0.5,500,0.39,0.5178959979999985,0.00264355544689298,query_agnostic_kv_v1,bf16,/home/xay/KVMergeComm/snapshots/full_matched_budget_fairness_query_sketch/pair7_qwen25_uncensored_bespoke/hotpotqa/fairness_evict/evict_r0.50_0716_1309,nan,nan,,
pair7_qwen25_uncensored_bespoke,hotpotqa,fairness_evict,ValueNorm/Evict,,0.6,500,0.454,0.6143471200000005,0.0021390065796756622,query_agnostic_kv_v1,bf16,/home/xay/KVMergeComm/snapshots/full_matched_budget_fairness_query_sketch/pair7_qwen25_uncensored_bespoke/hotpotqa/fairness_evict/evict_r0.60_0716_1314,nan,nan,,
pair7_qwen25_uncensored_bespoke,hotpotqa,fairness_random,Random,,0.1,500,0.028,0.13678763599999996,0.009398356141572401,query_agnostic_kv_v1,bf16,/home/xay/KVMergeComm/snapshots/full_matched_budget_fairness_query_sketch/pair7_qwen25_uncensored_bespoke/hotpotqa/fairness_random/random_r0.10_0716_1319,nan,nan,,
pair7_qwen25_uncensored_bespoke,hotpotqa,fairness_random,Random,,0.15,500,0.046,0.1803403420000003,0.002180146299864677,query_agnostic_kv_v1,bf16,/home/xay/KVMergeComm/snapshots/full_matched_budget_fairness_query_sketch/pair7_qwen25_uncensored_bespoke/hotpotqa/fairness_random/random_r0.15_0716_1328,nan,nan,,
pair7_qwen25_uncensored_bespoke,hotpotqa,fairness_random,Random,,0.2,500,0.06,0.22861084199999998,0.002134472837405815,query_agnostic_kv_v1,bf16,/home/xay/KVMergeComm/snapshots/full_matched_budget_fairness_query_sketch/pair7_qwen25_uncensored_bespoke/hotpotqa/fairness_random/random_r0.20_0716_1337,nan,nan,,
pair7_qwen25_uncensored_bespoke,hotpotqa,fairness_random,Random,,0.25,500,0.096,0.2767363120000001,0.0022847026886242358,query_agnostic_kv_v1,bf16,/home/xay/KVMergeComm/snapshots/full_matched_budget_fairness_query_sketch/pair7_qwen25_uncensored_bespoke/hotpotqa/fairness_random/random_r0.25_0716_1345,nan,nan,,
pair7_qwen25_uncensored_bespoke,hotpotqa,fairness_random,Random,,0.3,500,0.104,0.32497537999999954,0.0022209709064132887,query_agnostic_kv_v1,bf16,/home/xay/KVMergeComm/snapshots/full_matched_budget_fairness_query_sketch/pair7_qwen25_uncensored_bespoke/hotpotqa/fairness_random/random_r0.30_0716_1354,nan,nan,,
pair7_qwen25_uncensored_bespoke,hotpotqa,fairness_random,Random,,0.35,500,0.138,0.37304878599999963,0.0021403121689522594,query_agnostic_kv_v1,bf16,/home/xay/KVMergeComm/snapshots/full_matched_budget_fairness_query_sketch/pair7_qwen25_uncensored_bespoke/hotpotqa/fairness_random/random_r0.35_0716_1402,nan,nan,,
pair7_qwen25_uncensored_bespoke,hotpotqa,fairness_random,Random,,0.4,500,0.17,0.4213672659999994,0.0021388989196361855,query_agnostic_kv_v1,bf16,/home/xay/KVMergeComm/snapshots/full_matched_budget_fairness_query_sketch/pair7_qwen25_uncensored_bespoke/hotpotqa/fairness_random/random_r0.40_0716_1409,nan,nan,,
pair7_qwen25_uncensored_bespoke,hotpotqa,fairness_random,Random,,0.5,500,0.224,0.5178959979999985,0.00264355544689298,query_agnostic_kv_v1,bf16,/home/xay/KVMergeComm/snapshots/full_matched_budget_fairness_query_sketch/pair7_qwen25_uncensored_bespoke/hotpotqa/fairness_random/random_r0.50_0716_1417,nan,nan,,
pair7_qwen25_uncensored_bespoke,hotpotqa,fairness_random,Random,,0.6,500,0.328,0.6143471200000005,0.0021390065796756622,query_agnostic_kv_v1,bf16,/home/xay/KVMergeComm/snapshots/full_matched_budget_fairness_query_sketch/pair7_qwen25_uncensored_bespoke/hotpotqa/fairness_random/random_r0.60_0716_1424,nan,nan,,
pair7_qwen25_uncensored_bespoke,hotpotqa,coverage,B-ReKV,8,,500,0.352,0.38534502800000026,0.023992531114114233,query_sketch_bf16_v1,bf16,/home/xay/KVMergeComm/snapshots/full_matched_budget_fairness_query_sketch/pair7_qwen25_uncensored_bespoke/hotpotqa/coverage/cov_t0.95_s0.75_w8_0716_1430,0.908793426,0.0,0.95,0.75
pair7_qwen25_uncensored_bespoke,musique,fairness_rekv,ReKV,8,0.1,500,0.118,0.13213113199999996,0.0008716513906773393,query_sketch_bf16_v1,bf16,/home/xay/KVMergeComm/snapshots/full_matched_budget_fairness_query_sketch/pair7_qwen25_uncensored_bespoke/musique/fairness_rekv/rekv_w8_r0.10_0716_1435,nan,nan,,
pair7_qwen25_uncensored_bespoke,musique,fairness_rekv,ReKV,8,0.15,500,0.168,0.1804071920000002,0.0009797307997690152,query_sketch_bf16_v1,bf16,/home/xay/KVMergeComm/snapshots/full_matched_budget_fairness_query_sketch/pair7_qwen25_uncensored_bespoke/musique/fairness_rekv/rekv_w8_r0.15_0716_1441,nan,nan,,
pair7_qwen25_uncensored_bespoke,musique,fairness_rekv,ReKV,8,0.2,500,0.182,0.2285975440000001,0.0009176172201901937,query_sketch_bf16_v1,bf16,/home/xay/KVMergeComm/snapshots/full_matched_budget_fairness_query_sketch/pair7_qwen25_uncensored_bespoke/musique/fairness_rekv/rekv_w8_r0.20_0716_1447,nan,nan,,
pair7_qwen25_uncensored_bespoke,musique,fairness_rekv,ReKV,8,0.25,500,0.22,0.2767344580000001,0.0010228757039089822,query_sketch_bf16_v1,bf16,/home/xay/KVMergeComm/snapshots/full_matched_budget_fairness_query_sketch/pair7_qwen25_uncensored_bespoke/musique/fairness_rekv/rekv_w8_r0.25_0716_1454,nan,nan,,
pair7_qwen25_uncensored_bespoke,musique,fairness_rekv,ReKV,8,0.3,500,0.226,0.32493689399999987,0.0009091382267811581,query_sketch_bf16_v1,bf16,/home/xay/KVMergeComm/snapshots/full_matched_budget_fairness_query_sketch/pair7_qwen25_uncensored_bespoke/musique/fairness_rekv/rekv_w8_r0.30_0716_1500,nan,nan,,
pair7_qwen25_uncensored_bespoke,musique,fairness_rekv,ReKV,8,0.35,500,0.268,0.37316090999999973,0.0009344390137622046,query_sketch_bf16_v1,bf16,/home/xay/KVMergeComm/snapshots/full_matched_budget_fairness_query_sketch/pair7_qwen25_uncensored_bespoke/musique/fairness_rekv/rekv_w8_r0.35_0716_1506,nan,nan,,
pair7_qwen25_uncensored_bespoke,musique,fairness_rekv,ReKV,8,0.4,500,0.286,0.42143143199999955,0.0008810282077104914,query_sketch_bf16_v1,bf16,/home/xay/KVMergeComm/snapshots/full_matched_budget_fairness_query_sketch/pair7_qwen25_uncensored_bespoke/musique/fairness_rekv/rekv_w8_r0.40_0716_1512,nan,nan,,
pair7_qwen25_uncensored_bespoke,musique,fairness_rekv,ReKV,8,0.5,500,0.3,0.5178289699999992,0.0010917118588095152,query_sketch_bf16_v1,bf16,/home/xay/KVMergeComm/snapshots/full_matched_budget_fairness_query_sketch/pair7_qwen25_uncensored_bespoke/musique/fairness_rekv/rekv_w8_r0.50_0716_1518,nan,nan,,
pair7_qwen25_uncensored_bespoke,musique,fairness_rekv,ReKV,8,0.6,500,0.332,0.6142829579999993,0.0008810126826157855,query_sketch_bf16_v1,bf16,/home/xay/KVMergeComm/snapshots/full_matched_budget_fairness_query_sketch/pair7_qwen25_uncensored_bespoke/musique/fairness_rekv/rekv_w8_r0.60_0716_1524,nan,nan,,
pair7_qwen25_uncensored_bespoke,musique,fairness_evict,ValueNorm/Evict,,0.1,500,0.038,0.13213113199999996,0.0008716513906773393,query_agnostic_kv_v1,bf16,/home/xay/KVMergeComm/snapshots/full_matched_budget_fairness_query_sketch/pair7_qwen25_uncensored_bespoke/musique/fairness_evict/evict_r0.10_0716_1530,nan,nan,,
pair7_qwen25_uncensored_bespoke,musique,fairness_evict,ValueNorm/Evict,,0.15,500,0.056,0.1804071920000002,0.0009797307997690152,query_agnostic_kv_v1,bf16,/home/xay/KVMergeComm/snapshots/full_matched_budget_fairness_query_sketch/pair7_qwen25_uncensored_bespoke/musique/fairness_evict/evict_r0.15_0716_1538,nan,nan,,
pair7_qwen25_uncensored_bespoke,musique,fairness_evict,ValueNorm/Evict,,0.2,500,0.078,0.2285975440000001,0.0009176172201901937,query_agnostic_kv_v1,bf16,/home/xay/KVMergeComm/snapshots/full_matched_budget_fairness_query_sketch/pair7_qwen25_uncensored_bespoke/musique/fairness_evict/evict_r0.20_0716_1546,nan,nan,,
pair7_qwen25_uncensored_bespoke,musique,fairness_evict,ValueNorm/Evict,,0.25,500,0.116,0.2767344580000001,0.0010228757039089822,query_agnostic_kv_v1,bf16,/home/xay/KVMergeComm/snapshots/full_matched_budget_fairness_query_sketch/pair7_qwen25_uncensored_bespoke/musique/fairness_evict/evict_r0.25_0716_1554,nan,nan,,
pair7_qwen25_uncensored_bespoke,musique,fairness_evict,ValueNorm/Evict,,0.3,500,0.142,0.32493689399999987,0.0009091382267811581,query_agnostic_kv_v1,bf16,/home/xay/KVMergeComm/snapshots/full_matched_budget_fairness_query_sketch/pair7_qwen25_uncensored_bespoke/musique/fairness_evict/evict_r0.30_0716_1601,nan,nan,,
pair7_qwen25_uncensored_bespoke,musique,fairness_evict,ValueNorm/Evict,,0.35,500,0.172,0.37316090999999973,0.0009344390137622046,query_agnostic_kv_v1,bf16,/home/xay/KVMergeComm/snapshots/full_matched_budget_fairness_query_sketch/pair7_qwen25_uncensored_bespoke/musique/fairness_evict/evict_r0.35_0716_1608,nan,nan,,
pair7_qwen25_uncensored_bespoke,musique,fairness_evict,ValueNorm/Evict,,0.4,500,0.212,0.42143143199999955,0.0008810282077104914,query_agnostic_kv_v1,bf16,/home/xay/KVMergeComm/snapshots/full_matched_budget_fairness_query_sketch/pair7_qwen25_uncensored_bespoke/musique/fairness_evict/evict_r0.40_0716_1615,nan,nan,,
pair7_qwen25_uncensored_bespoke,musique,fairness_evict,ValueNorm/Evict,,0.5,500,0.3,0.5178289699999992,0.0010917118588095152,query_agnostic_kv_v1,bf16,/home/xay/KVMergeComm/snapshots/full_matched_budget_fairness_query_sketch/pair7_qwen25_uncensored_bespoke/musique/fairness_evict/evict_r0.50_0716_1622,nan,nan,,
pair7_qwen25_uncensored_bespoke,musique,fairness_evict,ValueNorm/Evict,,0.6,500,0.334,0.6142829579999993,0.0008810126826157855,query_agnostic_kv_v1,bf16,/home/xay/KVMergeComm/snapshots/full_matched_budget_fairness_query_sketch/pair7_qwen25_uncensored_bespoke/musique/fairness_evict/evict_r0.60_0716_1627,nan,nan,,
pair7_qwen25_uncensored_bespoke,musique,fairness_random,Random,,0.1,500,0.026,0.13213113199999996,0.0008716513906773393,query_agnostic_kv_v1,bf16,/home/xay/KVMergeComm/snapshots/full_matched_budget_fairness_query_sketch/pair7_qwen25_uncensored_bespoke/musique/fairness_random/random_r0.10_0716_1632,nan,nan,,
pair7_qwen25_uncensored_bespoke,musique,fairness_random,Random,,0.15,500,0.038,0.1804071920000002,0.0009797307997690152,query_agnostic_kv_v1,bf16,/home/xay/KVMergeComm/snapshots/full_matched_budget_fairness_query_sketch/pair7_qwen25_uncensored_bespoke/musique/fairness_random/random_r0.15_0716_1641,nan,nan,,
pair7_qwen25_uncensored_bespoke,musique,fairness_random,Random,,0.2,500,0.048,0.2285975440000001,0.0009176172201901937,query_agnostic_kv_v1,bf16,/home/xay/KVMergeComm/snapshots/full_matched_budget_fairness_query_sketch/pair7_qwen25_uncensored_bespoke/musique/fairness_random/random_r0.20_0716_1649,nan,nan,,
pair7_qwen25_uncensored_bespoke,musique,fairness_random,Random,,0.25,500,0.058,0.2767344580000001,0.0010228757039089822,query_agnostic_kv_v1,bf16,/home/xay/KVMergeComm/snapshots/full_matched_budget_fairness_query_sketch/pair7_qwen25_uncensored_bespoke/musique/fairness_random/random_r0.25_0716_1658,nan,nan,,
pair7_qwen25_uncensored_bespoke,musique,fairness_random,Random,,0.3,500,0.092,0.32493689399999987,0.0009091382267811581,query_agnostic_kv_v1,bf16,/home/xay/KVMergeComm/snapshots/full_matched_budget_fairness_query_sketch/pair7_qwen25_uncensored_bespoke/musique/fairness_random/random_r0.30_0716_1706,nan,nan,,
pair7_qwen25_uncensored_bespoke,musique,fairness_random,Random,,0.35,500,0.098,0.37316090999999973,0.0009344390137622046,query_agnostic_kv_v1,bf16,/home/xay/KVMergeComm/snapshots/full_matched_budget_fairness_query_sketch/pair7_qwen25_uncensored_bespoke/musique/fairness_random/random_r0.35_0716_1714,nan,nan,,
pair7_qwen25_uncensored_bespoke,musique,fairness_random,Random,,0.4,500,0.106,0.42143143199999955,0.0008810282077104914,query_agnostic_kv_v1,bf16,/home/xay/KVMergeComm/snapshots/full_matched_budget_fairness_query_sketch/pair7_qwen25_uncensored_bespoke/musique/fairness_random/random_r0.40_0716_1722,nan,nan,,
pair7_qwen25_uncensored_bespoke,musique,fairness_random,Random,,0.5,500,0.154,0.5178289699999992,0.0010917118588095152,query_agnostic_kv_v1,bf16,/home/xay/KVMergeComm/snapshots/full_matched_budget_fairness_query_sketch/pair7_qwen25_uncensored_bespoke/musique/fairness_random/random_r0.50_0716_1730,nan,nan,,
pair7_qwen25_uncensored_bespoke,musique,fairness_random,Random,,0.6,500,0.18,0.6142829579999993,0.0008810126826157855,query_agnostic_kv_v1,bf16,/home/xay/KVMergeComm/snapshots/full_matched_budget_fairness_query_sketch/pair7_qwen25_uncensored_bespoke/musique/fairness_random/random_r0.60_0716_1738,nan,nan,,
pair7_qwen25_uncensored_bespoke,musique,coverage,B-ReKV,8,,500,0.224,0.34411705199999976,0.030376142178898266,query_sketch_bf16_v1,bf16,/home/xay/KVMergeComm/snapshots/full_matched_budget_fairness_query_sketch/pair7_qwen25_uncensored_bespoke/musique/coverage/cov_t0.95_s0.75_w8_0716_1745,0.9182915980000005,0.0,0.95,0.75
pair7_qwen25_uncensored_bespoke,twowikimqa,fairness_rekv,ReKV,8,0.1,200,0.13,0.13213621500000003,5.827718185210338e-05,query_sketch_bf16_v1,bf16,/home/xay/KVMergeComm/snapshots/full_matched_budget_fairness_query_sketch/pair7_qwen25_uncensored_bespoke/twowikimqa/fairness_rekv/rekv_w8_r0.10_0716_1752,nan,nan,,
pair7_qwen25_uncensored_bespoke,twowikimqa,fairness_rekv,ReKV,8,0.15,200,0.14,0.18035814499999997,6.44569427006241e-05,query_sketch_bf16_v1,bf16,/home/xay/KVMergeComm/snapshots/full_matched_budget_fairness_query_sketch/pair7_qwen25_uncensored_bespoke/twowikimqa/fairness_rekv/rekv_w8_r0.15_0716_1756,nan,nan,,
pair7_qwen25_uncensored_bespoke,twowikimqa,fairness_rekv,ReKV,8,0.2,200,0.15,0.22857790000000008,5.569984166771904e-05,query_sketch_bf16_v1,bf16,/home/xay/KVMergeComm/snapshots/full_matched_budget_fairness_query_sketch/pair7_qwen25_uncensored_bespoke/twowikimqa/fairness_rekv/rekv_w8_r0.20_0716_1800,nan,nan,,
pair7_qwen25_uncensored_bespoke,twowikimqa,fairness_rekv,ReKV,8,0.25,200,0.16,0.2767895300000001,6.933335902267557e-05,query_sketch_bf16_v1,bf16,/home/xay/KVMergeComm/snapshots/full_matched_budget_fairness_query_sketch/pair7_qwen25_uncensored_bespoke/twowikimqa/fairness_rekv/rekv_w8_r0.25_0716_1804,nan,nan,,
pair7_qwen25_uncensored_bespoke,twowikimqa,fairness_rekv,ReKV,8,0.3,200,0.155,0.32500169000000023,5.252416433600833e-05,query_sketch_bf16_v1,bf16,/home/xay/KVMergeComm/snapshots/full_matched_budget_fairness_query_sketch/pair7_qwen25_uncensored_bespoke/twowikimqa/fairness_rekv/rekv_w8_r0.30_0716_1807,nan,nan,,
pair7_qwen25_uncensored_bespoke,twowikimqa,fairness_rekv,ReKV,8,0.35,200,0.18,0.3732110300000002,5.5146120197748846e-05,query_sketch_bf16_v1,bf16,/home/xay/KVMergeComm/snapshots/full_matched_budget_fairness_query_sketch/pair7_qwen25_uncensored_bespoke/twowikimqa/fairness_rekv/rekv_w8_r0.35_0716_1812,nan,nan,,
pair7_qwen25_uncensored_bespoke,twowikimqa,fairness_rekv,ReKV,8,0.4,200,0.175,0.42144011500000056,6.284824008201821e-05,query_sketch_bf16_v1,bf16,/home/xay/KVMergeComm/snapshots/full_matched_budget_fairness_query_sketch/pair7_qwen25_uncensored_bespoke/twowikimqa/fairness_rekv/rekv_w8_r0.40_0716_1815,nan,nan,,
pair7_qwen25_uncensored_bespoke,twowikimqa,fairness_rekv,ReKV,8,0.5,200,0.21,0.5178581100000009,6.936733406420946e-05,query_sketch_bf16_v1,bf16,/home/xay/KVMergeComm/snapshots/full_matched_budget_fairness_query_sketch/pair7_qwen25_uncensored_bespoke/twowikimqa/fairness_rekv/rekv_w8_r0.50_0716_1820,nan,nan,,
pair7_qwen25_uncensored_bespoke,twowikimqa,fairness_rekv,ReKV,8,0.6,200,0.175,0.6142742800000004,6.288740516703832e-05,query_sketch_bf16_v1,bf16,/home/xay/KVMergeComm/snapshots/full_matched_budget_fairness_query_sketch/pair7_qwen25_uncensored_bespoke/twowikimqa/fairness_rekv/rekv_w8_r0.60_0716_1824,nan,nan,,
pair7_qwen25_uncensored_bespoke,twowikimqa,fairness_evict,ValueNorm/Evict,,0.1,200,0.02,0.13213621500000003,5.827718185210338e-05,query_agnostic_kv_v1,bf16,/home/xay/KVMergeComm/snapshots/full_matched_budget_fairness_query_sketch/pair7_qwen25_uncensored_bespoke/twowikimqa/fairness_evict/evict_r0.10_0716_1828,nan,nan,,
pair7_qwen25_uncensored_bespoke,twowikimqa,fairness_evict,ValueNorm/Evict,,0.15,200,0.025,0.18035814499999997,6.44569427006241e-05,query_agnostic_kv_v1,bf16,/home/xay/KVMergeComm/snapshots/full_matched_budget_fairness_query_sketch/pair7_qwen25_uncensored_bespoke/twowikimqa/fairness_evict/evict_r0.15_0716_1832,nan,nan,,
pair7_qwen25_uncensored_bespoke,twowikimqa,fairness_evict,ValueNorm/Evict,,0.2,200,0.03,0.22857790000000008,5.569984166771904e-05,query_agnostic_kv_v1,bf16,/home/xay/KVMergeComm/snapshots/full_matched_budget_fairness_query_sketch/pair7_qwen25_uncensored_bespoke/twowikimqa/fairness_evict/evict_r0.20_0716_1837,nan,nan,,
pair7_qwen25_uncensored_bespoke,twowikimqa,fairness_evict,ValueNorm/Evict,,0.25,200,0.02,0.2767895300000001,6.933335902267557e-05,query_agnostic_kv_v1,bf16,/home/xay/KVMergeComm/snapshots/full_matched_budget_fairness_query_sketch/pair7_qwen25_uncensored_bespoke/twowikimqa/fairness_evict/evict_r0.25_0716_1841,nan,nan,,
pair7_qwen25_uncensored_bespoke,twowikimqa,fairness_evict,ValueNorm/Evict,,0.3,200,0.045,0.32500169000000023,5.252416433600833e-05,query_agnostic_kv_v1,bf16,/home/xay/KVMergeComm/snapshots/full_matched_budget_fairness_query_sketch/pair7_qwen25_uncensored_bespoke/twowikimqa/fairness_evict/evict_r0.30_0716_1846,nan,nan,,
pair7_qwen25_uncensored_bespoke,twowikimqa,fairness_evict,ValueNorm/Evict,,0.35,200,0.06,0.3732110300000002,5.5146120197748846e-05,query_agnostic_kv_v1,bf16,/home/xay/KVMergeComm/snapshots/full_matched_budget_fairness_query_sketch/pair7_qwen25_uncensored_bespoke/twowikimqa/fairness_evict/evict_r0.35_0716_1850,nan,nan,,
pair7_qwen25_uncensored_bespoke,twowikimqa,fairness_evict,ValueNorm/Evict,,0.4,200,0.1,0.42144011500000056,6.284824008201821e-05,query_agnostic_kv_v1,bf16,/home/xay/KVMergeComm/snapshots/full_matched_budget_fairness_query_sketch/pair7_qwen25_uncensored_bespoke/twowikimqa/fairness_evict/evict_r0.40_0716_1855,nan,nan,,
pair7_qwen25_uncensored_bespoke,twowikimqa,fairness_evict,ValueNorm/Evict,,0.5,200,0.155,0.5178581100000009,6.936733406420946e-05,query_agnostic_kv_v1,bf16,/home/xay/KVMergeComm/snapshots/full_matched_budget_fairness_query_sketch/pair7_qwen25_uncensored_bespoke/twowikimqa/fairness_evict/evict_r0.50_0716_1859,nan,nan,,
pair7_qwen25_uncensored_bespoke,twowikimqa,fairness_evict,ValueNorm/Evict,,0.6,200,0.13,0.6142742800000004,6.288740516703832e-05,query_agnostic_kv_v1,bf16,/home/xay/KVMergeComm/snapshots/full_matched_budget_fairness_query_sketch/pair7_qwen25_uncensored_bespoke/twowikimqa/fairness_evict/evict_r0.60_0716_1903,nan,nan,,
pair7_qwen25_uncensored_bespoke,twowikimqa,fairness_random,Random,,0.1,200,0.02,0.13213621500000003,5.827718185210338e-05,query_agnostic_kv_v1,bf16,/home/xay/KVMergeComm/snapshots/full_matched_budget_fairness_query_sketch/pair7_qwen25_uncensored_bespoke/twowikimqa/fairness_random/random_r0.10_0716_1908,nan,nan,,
pair7_qwen25_uncensored_bespoke,twowikimqa,fairness_random,Random,,0.15,200,0.02,0.18035814499999997,6.44569427006241e-05,query_agnostic_kv_v1,bf16,/home/xay/KVMergeComm/snapshots/full_matched_budget_fairness_query_sketch/pair7_qwen25_uncensored_bespoke/twowikimqa/fairness_random/random_r0.15_0716_1912,nan,nan,,
pair7_qwen25_uncensored_bespoke,twowikimqa,fairness_random,Random,,0.2,200,0.025,0.22857790000000008,5.569984166771904e-05,query_agnostic_kv_v1,bf16,/home/xay/KVMergeComm/snapshots/full_matched_budget_fairness_query_sketch/pair7_qwen25_uncensored_bespoke/twowikimqa/fairness_random/random_r0.20_0716_1916,nan,nan,,
pair7_qwen25_uncensored_bespoke,twowikimqa,fairness_random,Random,,0.25,200,0.04,0.2767895300000001,6.933335902267557e-05,query_agnostic_kv_v1,bf16,/home/xay/KVMergeComm/snapshots/full_matched_budget_fairness_query_sketch/pair7_qwen25_uncensored_bespoke/twowikimqa/fairness_random/random_r0.25_0716_1921,nan,nan,,
pair7_qwen25_uncensored_bespoke,twowikimqa,fairness_random,Random,,0.3,200,0.04,0.32500169000000023,5.252416433600833e-05,query_agnostic_kv_v1,bf16,/home/xay/KVMergeComm/snapshots/full_matched_budget_fairness_query_sketch/pair7_qwen25_uncensored_bespoke/twowikimqa/fairness_random/random_r0.30_0716_1926,nan,nan,,
pair7_qwen25_uncensored_bespoke,twowikimqa,fairness_random,Random,,0.35,200,0.045,0.3732110300000002,5.5146120197748846e-05,query_agnostic_kv_v1,bf16,/home/xay/KVMergeComm/snapshots/full_matched_budget_fairness_query_sketch/pair7_qwen25_uncensored_bespoke/twowikimqa/fairness_random/random_r0.35_0716_1930,nan,nan,,
pair7_qwen25_uncensored_bespoke,twowikimqa,fairness_random,Random,,0.4,200,0.04,0.42144011500000056,6.284824008201821e-05,query_agnostic_kv_v1,bf16,/home/xay/KVMergeComm/snapshots/full_matched_budget_fairness_query_sketch/pair7_qwen25_uncensored_bespoke/twowikimqa/fairness_random/random_r0.40_0716_1935,nan,nan,,
pair7_qwen25_uncensored_bespoke,twowikimqa,fairness_random,Random,,0.5,200,0.06,0.5178581100000009,6.936733406420946e-05,query_agnostic_kv_v1,bf16,/home/xay/KVMergeComm/snapshots/full_matched_budget_fairness_query_sketch/pair7_qwen25_uncensored_bespoke/twowikimqa/fairness_random/random_r0.50_0716_1940,nan,nan,,
pair7_qwen25_uncensored_bespoke,twowikimqa,fairness_random,Random,,0.6,200,0.07,0.6142742800000004,6.288740516703832e-05,query_agnostic_kv_v1,bf16,/home/xay/KVMergeComm/snapshots/full_matched_budget_fairness_query_sketch/pair7_qwen25_uncensored_bespoke/twowikimqa/fairness_random/random_r0.60_0716_1945,nan,nan,,
pair7_qwen25_uncensored_bespoke,twowikimqa,coverage,B-ReKV,8,,200,0.17,0.3416963749999999,0.028833932819397747,query_sketch_bf16_v1,bf16,/home/xay/KVMergeComm/snapshots/full_matched_budget_fairness_query_sketch/pair7_qwen25_uncensored_bespoke/twowikimqa/coverage/cov_t0.95_s0.75_w8_0716_1949,0.9202676200000002,0.0,0.95,0.75
